[dgx13:75884:0:75884] Caught signal 11 (Segmentation fault: address not mapped to object at address 0x450)
==== backtrace (tid:  75884) ====
 0  /opt/conda/envs/gdf/lib/libucs.so.0(ucs_handle_error+0x2fd) [0x7f838190ac1d]
 1  /opt/conda/envs/gdf/lib/libucs.so.0(+0x2de11) [0x7f838190ae11]
 2  /opt/conda/envs/gdf/lib/libucs.so.0(+0x2dfda) [0x7f838190afda]
 3  /usr/lib/x86_64-linux-gnu/libpthread.so.0(+0x14420) [0x7f83cbbde420]
 4  /opt/conda/envs/gdf/lib/libucp.so.0(ucp_mem_type_unpack+0x14) [0x7f838198e2d4]
 5  /opt/conda/envs/gdf/lib/libucp.so.0(ucp_rndv_data_handler+0x605) [0x7f83819b8495]
 6  /opt/conda/envs/gdf/lib/./libuct.so.0(+0x21a06) [0x7f83818c1a06]
 7  /opt/conda/envs/gdf/lib/./libuct.so.0(+0x24ae8) [0x7f83818c4ae8]
 8  /opt/conda/envs/gdf/lib/libucs.so.0(ucs_event_set_wait+0xb1) [0x7f8381914411]
 9  /opt/conda/envs/gdf/lib/./libuct.so.0(uct_tcp_iface_progress+0x7d) [0x7f83818c3bbd]
10  /opt/conda/envs/gdf/lib/libucp.so.0(ucp_worker_progress+0x5a) [0x7f838198af1a]
11  /opt/conda/envs/gdf/lib/python3.10/site-packages/ucp/_libs/ucx_api.cpython-310-x86_64-linux-gnu.so(+0x31dca) [0x7f8381a4adca]
12  /opt/conda/envs/gdf/bin/python(_PyEval_EvalFrameDefault+0x2c3e) [0x55b3f26336de]
13  /opt/conda/envs/gdf/bin/python(_PyFunction_Vectorcall+0x6c) [0x55b3f2640b7c]
14  /opt/conda/envs/gdf/bin/python(_PyEval_EvalFrameDefault+0x6fd) [0x55b3f263119d]
15  /opt/conda/envs/gdf/bin/python(+0x1d62c9) [0x55b3f26db2c9]
16  /opt/conda/envs/gdf/lib/python3.10/lib-dynload/_asyncio.cpython-310-x86_64-linux-gnu.so(+0x7782) [0x7f83abc42782]
17  /opt/conda/envs/gdf/bin/python(_PyObject_MakeTpCall+0x2d3) [0x55b3f2639a03]
18  /opt/conda/envs/gdf/bin/python(+0xf745f) [0x55b3f25fc45f]
19  /opt/conda/envs/gdf/bin/python(+0x1331b3) [0x55b3f26381b3]
20  /opt/conda/envs/gdf/bin/python(_PyEval_EvalFrameDefault+0x593b) [0x55b3f26363db]
21  /opt/conda/envs/gdf/bin/python(_PyFunction_Vectorcall+0x6c) [0x55b3f2640b7c]
22  /opt/conda/envs/gdf/bin/python(_PyEval_EvalFrameDefault+0x6fd) [0x55b3f263119d]
23  /opt/conda/envs/gdf/bin/python(_PyFunction_Vectorcall+0x6c) [0x55b3f2640b7c]
24  /opt/conda/envs/gdf/bin/python(_PyEval_EvalFrameDefault+0x6fd) [0x55b3f263119d]
25  /opt/conda/envs/gdf/bin/python(_PyFunction_Vectorcall+0x6c) [0x55b3f2640b7c]
26  /opt/conda/envs/gdf/bin/python(_PyEval_EvalFrameDefault+0x6fd) [0x55b3f263119d]
27  /opt/conda/envs/gdf/bin/python(_PyFunction_Vectorcall+0x6c) [0x55b3f2640b7c]
28  /opt/conda/envs/gdf/bin/python(_PyEval_EvalFrameDefault+0x6fd) [0x55b3f263119d]
29  /opt/conda/envs/gdf/bin/python(_PyFunction_Vectorcall+0x6c) [0x55b3f2640b7c]
30  /opt/conda/envs/gdf/bin/python(_PyEval_EvalFrameDefault+0x1341) [0x55b3f2631de1]
31  /opt/conda/envs/gdf/bin/python(+0x146fb2) [0x55b3f264bfb2]
32  /opt/conda/envs/gdf/bin/python(PyObject_Call+0xbc) [0x55b3f264c94c]
33  /opt/conda/envs/gdf/bin/python(+0x1ff72d) [0x55b3f270472d]
34  /opt/conda/envs/gdf/bin/python(_PyObject_MakeTpCall+0x2d3) [0x55b3f2639a03]
35  /opt/conda/envs/gdf/bin/python(_PyEval_EvalFrameDefault+0x2c3e) [0x55b3f26336de]
36  /opt/conda/envs/gdf/bin/python(+0x147108) [0x55b3f264c108]
37  /opt/conda/envs/gdf/bin/python(_PyEval_EvalFrameDefault+0x2c3e) [0x55b3f26336de]
38  /opt/conda/envs/gdf/bin/python(_PyFunction_Vectorcall+0x6c) [0x55b3f2640b7c]
39  /opt/conda/envs/gdf/bin/python(_PyEval_EvalFrameDefault+0x6fd) [0x55b3f263119d]
40  /opt/conda/envs/gdf/bin/python(_PyFunction_Vectorcall+0x6c) [0x55b3f2640b7c]
41  /opt/conda/envs/gdf/bin/python(_PyEval_EvalFrameDefault+0x6fd) [0x55b3f263119d]
42  /opt/conda/envs/gdf/bin/python(_PyFunction_Vectorcall+0x6c) [0x55b3f2640b7c]
43  /opt/conda/envs/gdf/bin/python(_PyEval_EvalFrameDefault+0x309) [0x55b3f2630da9]
44  /opt/conda/envs/gdf/bin/python(_PyFunction_Vectorcall+0x6c) [0x55b3f2640b7c]
45  /opt/conda/envs/gdf/bin/python(_PyEval_EvalFrameDefault+0x1341) [0x55b3f2631de1]
46  /opt/conda/envs/gdf/bin/python(+0x1cca8c) [0x55b3f26d1a8c]
47  /opt/conda/envs/gdf/bin/python(PyEval_EvalCode+0x87) [0x55b3f26d19d7]
48  /opt/conda/envs/gdf/bin/python(+0x1fceba) [0x55b3f2701eba]
49  /opt/conda/envs/gdf/bin/python(+0x1f8343) [0x55b3f26fd343]
50  /opt/conda/envs/gdf/bin/python(PyRun_StringFlags+0x7d) [0x55b3f26f5add]
51  /opt/conda/envs/gdf/bin/python(PyRun_SimpleStringFlags+0x3c) [0x55b3f26f591c]
52  /opt/conda/envs/gdf/bin/python(Py_RunMain+0x3ba) [0x55b3f26f4b1a]
53  /opt/conda/envs/gdf/bin/python(Py_BytesMain+0x37) [0x55b3f26c5117]
54  /usr/lib/x86_64-linux-gnu/libc.so.6(__libc_start_main+0xf3) [0x7f83cb8a2083]
55  /opt/conda/envs/gdf/bin/python(+0x1c002e) [0x55b3f26c502e]
=================================
[dgx13:75892:0:75892] Caught signal 11 (Segmentation fault: address not mapped to object at address 0x450)
==== backtrace (tid:  75892) ====
 0  /opt/conda/envs/gdf/lib/libucs.so.0(ucs_handle_error+0x2fd) [0x7efd51a9cc1d]
 1  /opt/conda/envs/gdf/lib/libucs.so.0(+0x2de11) [0x7efd51a9ce11]
 2  /opt/conda/envs/gdf/lib/libucs.so.0(+0x2dfda) [0x7efd51a9cfda]
 3  /usr/lib/x86_64-linux-gnu/libpthread.so.0(+0x14420) [0x7efd9dd52420]
 4  /opt/conda/envs/gdf/lib/libucp.so.0(ucp_mem_type_unpack+0x14) [0x7efd51b202d4]
 5  /opt/conda/envs/gdf/lib/libucp.so.0(ucp_rndv_data_handler+0x605) [0x7efd51b4a495]
 6  /opt/conda/envs/gdf/lib/./libuct.so.0(+0x21a06) [0x7efd51a53a06]
 7  /opt/conda/envs/gdf/lib/./libuct.so.0(+0x24ae8) [0x7efd51a56ae8]
 8  /opt/conda/envs/gdf/lib/libucs.so.0(ucs_event_set_wait+0xb1) [0x7efd51aa6411]
 9  /opt/conda/envs/gdf/lib/./libuct.so.0(uct_tcp_iface_progress+0x7d) [0x7efd51a55bbd]
10  /opt/conda/envs/gdf/lib/libucp.so.0(ucp_worker_progress+0x5a) [0x7efd51b1cf1a]
11  /opt/conda/envs/gdf/lib/python3.10/site-packages/ucp/_libs/ucx_api.cpython-310-x86_64-linux-gnu.so(+0x31dca) [0x7efd51bdcdca]
12  /opt/conda/envs/gdf/bin/python(_PyEval_EvalFrameDefault+0x2c3e) [0x55eadf2316de]
13  /opt/conda/envs/gdf/bin/python(_PyFunction_Vectorcall+0x6c) [0x55eadf23eb7c]
14  /opt/conda/envs/gdf/bin/python(_PyEval_EvalFrameDefault+0x6fd) [0x55eadf22f19d]
15  /opt/conda/envs/gdf/bin/python(+0x147234) [0x55eadf24a234]
16  /opt/conda/envs/gdf/bin/python(+0x252f7c) [0x55eadf355f7c]
17  /opt/conda/envs/gdf/bin/python(+0xf745f) [0x55eadf1fa45f]
18  /opt/conda/envs/gdf/bin/python(+0x1331b3) [0x55eadf2361b3]
19  /opt/conda/envs/gdf/bin/python(_PyEval_EvalFrameDefault+0x593b) [0x55eadf2343db]
20  /opt/conda/envs/gdf/bin/python(_PyFunction_Vectorcall+0x6c) [0x55eadf23eb7c]
21  /opt/conda/envs/gdf/bin/python(_PyEval_EvalFrameDefault+0x6fd) [0x55eadf22f19d]
22  /opt/conda/envs/gdf/bin/python(_PyFunction_Vectorcall+0x6c) [0x55eadf23eb7c]
23  /opt/conda/envs/gdf/bin/python(_PyEval_EvalFrameDefault+0x6fd) [0x55eadf22f19d]
24  /opt/conda/envs/gdf/bin/python(_PyFunction_Vectorcall+0x6c) [0x55eadf23eb7c]
25  /opt/conda/envs/gdf/bin/python(_PyEval_EvalFrameDefault+0x6fd) [0x55eadf22f19d]
26  /opt/conda/envs/gdf/bin/python(_PyFunction_Vectorcall+0x6c) [0x55eadf23eb7c]
27  /opt/conda/envs/gdf/bin/python(_PyEval_EvalFrameDefault+0x6fd) [0x55eadf22f19d]
28  /opt/conda/envs/gdf/bin/python(_PyFunction_Vectorcall+0x6c) [0x55eadf23eb7c]
29  /opt/conda/envs/gdf/bin/python(_PyEval_EvalFrameDefault+0x1341) [0x55eadf22fde1]
30  /opt/conda/envs/gdf/bin/python(+0x146fb2) [0x55eadf249fb2]
31  /opt/conda/envs/gdf/bin/python(PyObject_Call+0xbc) [0x55eadf24a94c]
32  /opt/conda/envs/gdf/bin/python(+0x1ff72d) [0x55eadf30272d]
33  /opt/conda/envs/gdf/bin/python(_PyObject_MakeTpCall+0x2d3) [0x55eadf237a03]
34  /opt/conda/envs/gdf/bin/python(_PyEval_EvalFrameDefault+0x2c3e) [0x55eadf2316de]
35  /opt/conda/envs/gdf/bin/python(+0x147108) [0x55eadf24a108]
36  /opt/conda/envs/gdf/bin/python(_PyEval_EvalFrameDefault+0x2c3e) [0x55eadf2316de]
37  /opt/conda/envs/gdf/bin/python(_PyFunction_Vectorcall+0x6c) [0x55eadf23eb7c]
38  /opt/conda/envs/gdf/bin/python(_PyEval_EvalFrameDefault+0x6fd) [0x55eadf22f19d]
39  /opt/conda/envs/gdf/bin/python(_PyFunction_Vectorcall+0x6c) [0x55eadf23eb7c]
40  /opt/conda/envs/gdf/bin/python(_PyEval_EvalFrameDefault+0x6fd) [0x55eadf22f19d]
41  /opt/conda/envs/gdf/bin/python(_PyFunction_Vectorcall+0x6c) [0x55eadf23eb7c]
42  /opt/conda/envs/gdf/bin/python(_PyEval_EvalFrameDefault+0x309) [0x55eadf22eda9]
43  /opt/conda/envs/gdf/bin/python(_PyFunction_Vectorcall+0x6c) [0x55eadf23eb7c]
44  /opt/conda/envs/gdf/bin/python(_PyEval_EvalFrameDefault+0x1341) [0x55eadf22fde1]
45  /opt/conda/envs/gdf/bin/python(+0x1cca8c) [0x55eadf2cfa8c]
46  /opt/conda/envs/gdf/bin/python(PyEval_EvalCode+0x87) [0x55eadf2cf9d7]
47  /opt/conda/envs/gdf/bin/python(+0x1fceba) [0x55eadf2ffeba]
48  /opt/conda/envs/gdf/bin/python(+0x1f8343) [0x55eadf2fb343]
49  /opt/conda/envs/gdf/bin/python(PyRun_StringFlags+0x7d) [0x55eadf2f3add]
50  /opt/conda/envs/gdf/bin/python(PyRun_SimpleStringFlags+0x3c) [0x55eadf2f391c]
51  /opt/conda/envs/gdf/bin/python(Py_RunMain+0x3ba) [0x55eadf2f2b1a]
52  /opt/conda/envs/gdf/bin/python(Py_BytesMain+0x37) [0x55eadf2c3117]
53  /usr/lib/x86_64-linux-gnu/libc.so.6(__libc_start_main+0xf3) [0x7efd9da16083]
54  /opt/conda/envs/gdf/bin/python(+0x1c002e) [0x55eadf2c302e]
=================================
[dgx13:75871:0:75871] Caught signal 11 (Segmentation fault: address not mapped to object at address 0x450)
==== backtrace (tid:  75871) ====
 0  /opt/conda/envs/gdf/lib/libucs.so.0(ucs_handle_error+0x2fd) [0x7f646dac5c1d]
 1  /opt/conda/envs/gdf/lib/libucs.so.0(+0x2de11) [0x7f646dac5e11]
 2  /opt/conda/envs/gdf/lib/libucs.so.0(+0x2dfda) [0x7f646dac5fda]
 3  /usr/lib/x86_64-linux-gnu/libpthread.so.0(+0x14420) [0x7f64b9d79420]
 4  /opt/conda/envs/gdf/lib/libucp.so.0(ucp_mem_type_unpack+0x14) [0x7f646db492d4]
 5  /opt/conda/envs/gdf/lib/libucp.so.0(ucp_rndv_data_handler+0x605) [0x7f646db73495]
 6  /opt/conda/envs/gdf/lib/./libuct.so.0(+0x21a06) [0x7f646da7ca06]
 7  /opt/conda/envs/gdf/lib/./libuct.so.0(+0x24ae8) [0x7f646da7fae8]
 8  /opt/conda/envs/gdf/lib/libucs.so.0(ucs_event_set_wait+0xb1) [0x7f646dacf411]
 9  /opt/conda/envs/gdf/lib/./libuct.so.0(uct_tcp_iface_progress+0x7d) [0x7f646da7ebbd]
10  /opt/conda/envs/gdf/lib/libucp.so.0(ucp_worker_progress+0x5a) [0x7f646db45f1a]
11  /opt/conda/envs/gdf/lib/python3.10/site-packages/ucp/_libs/ucx_api.cpython-310-x86_64-linux-gnu.so(+0x31dca) [0x7f646dc05dca]
12  /opt/conda/envs/gdf/bin/python(_PyEval_EvalFrameDefault+0x2c3e) [0x55db53f976de]
13  /opt/conda/envs/gdf/bin/python(_PyFunction_Vectorcall+0x6c) [0x55db53fa4b7c]
14  /opt/conda/envs/gdf/bin/python(_PyEval_EvalFrameDefault+0x6fd) [0x55db53f9519d]
15  /opt/conda/envs/gdf/bin/python(+0x147234) [0x55db53fb0234]
16  /opt/conda/envs/gdf/bin/python(+0x252f7c) [0x55db540bbf7c]
17  /opt/conda/envs/gdf/bin/python(+0xf745f) [0x55db53f6045f]
18  /opt/conda/envs/gdf/bin/python(+0x1331b3) [0x55db53f9c1b3]
19  /opt/conda/envs/gdf/bin/python(_PyEval_EvalFrameDefault+0x593b) [0x55db53f9a3db]
20  /opt/conda/envs/gdf/bin/python(_PyFunction_Vectorcall+0x6c) [0x55db53fa4b7c]
21  /opt/conda/envs/gdf/bin/python(_PyEval_EvalFrameDefault+0x6fd) [0x55db53f9519d]
22  /opt/conda/envs/gdf/bin/python(_PyFunction_Vectorcall+0x6c) [0x55db53fa4b7c]
23  /opt/conda/envs/gdf/bin/python(_PyEval_EvalFrameDefault+0x6fd) [0x55db53f9519d]
24  /opt/conda/envs/gdf/bin/python(_PyFunction_Vectorcall+0x6c) [0x55db53fa4b7c]
25  /opt/conda/envs/gdf/bin/python(_PyEval_EvalFrameDefault+0x6fd) [0x55db53f9519d]
26  /opt/conda/envs/gdf/bin/python(_PyFunction_Vectorcall+0x6c) [0x55db53fa4b7c]
27  /opt/conda/envs/gdf/bin/python(_PyEval_EvalFrameDefault+0x6fd) [0x55db53f9519d]
28  /opt/conda/envs/gdf/bin/python(_PyFunction_Vectorcall+0x6c) [0x55db53fa4b7c]
29  /opt/conda/envs/gdf/bin/python(_PyEval_EvalFrameDefault+0x1341) [0x55db53f95de1]
30  /opt/conda/envs/gdf/bin/python(+0x146fb2) [0x55db53faffb2]
31  /opt/conda/envs/gdf/bin/python(PyObject_Call+0xbc) [0x55db53fb094c]
32  /opt/conda/envs/gdf/bin/python(+0x1ff72d) [0x55db5406872d]
33  /opt/conda/envs/gdf/bin/python(_PyObject_MakeTpCall+0x2d3) [0x55db53f9da03]
34  /opt/conda/envs/gdf/bin/python(_PyEval_EvalFrameDefault+0x2c3e) [0x55db53f976de]
35  /opt/conda/envs/gdf/bin/python(+0x147108) [0x55db53fb0108]
36  /opt/conda/envs/gdf/bin/python(_PyEval_EvalFrameDefault+0x2c3e) [0x55db53f976de]
37  /opt/conda/envs/gdf/bin/python(_PyFunction_Vectorcall+0x6c) [0x55db53fa4b7c]
38  /opt/conda/envs/gdf/bin/python(_PyEval_EvalFrameDefault+0x6fd) [0x55db53f9519d]
39  /opt/conda/envs/gdf/bin/python(_PyFunction_Vectorcall+0x6c) [0x55db53fa4b7c]
40  /opt/conda/envs/gdf/bin/python(_PyEval_EvalFrameDefault+0x6fd) [0x55db53f9519d]
41  /opt/conda/envs/gdf/bin/python(_PyFunction_Vectorcall+0x6c) [0x55db53fa4b7c]
42  /opt/conda/envs/gdf/bin/python(_PyEval_EvalFrameDefault+0x309) [0x55db53f94da9]
43  /opt/conda/envs/gdf/bin/python(_PyFunction_Vectorcall+0x6c) [0x55db53fa4b7c]
44  /opt/conda/envs/gdf/bin/python(_PyEval_EvalFrameDefault+0x1341) [0x55db53f95de1]
45  /opt/conda/envs/gdf/bin/python(+0x1cca8c) [0x55db54035a8c]
46  /opt/conda/envs/gdf/bin/python(PyEval_EvalCode+0x87) [0x55db540359d7]
47  /opt/conda/envs/gdf/bin/python(+0x1fceba) [0x55db54065eba]
48  /opt/conda/envs/gdf/bin/python(+0x1f8343) [0x55db54061343]
49  /opt/conda/envs/gdf/bin/python(PyRun_StringFlags+0x7d) [0x55db54059add]
50  /opt/conda/envs/gdf/bin/python(PyRun_SimpleStringFlags+0x3c) [0x55db5405991c]
51  /opt/conda/envs/gdf/bin/python(Py_RunMain+0x3ba) [0x55db54058b1a]
52  /opt/conda/envs/gdf/bin/python(Py_BytesMain+0x37) [0x55db54029117]
53  /usr/lib/x86_64-linux-gnu/libc.so.6(__libc_start_main+0xf3) [0x7f64b9a3d083]
54  /opt/conda/envs/gdf/bin/python(+0x1c002e) [0x55db5402902e]
=================================
2025-01-13 07:08:15,679 - distributed.worker - ERROR - Worker stream died during communication: ucx://127.0.0.1:34897
Traceback (most recent call last):
  File "/opt/conda/envs/gdf/lib/python3.10/site-packages/distributed/comm/ucx.py", line 351, in read
    await self.ep.recv(msg)
  File "/opt/conda/envs/gdf/lib/python3.10/site-packages/ucp/core.py", line 737, in recv
    ret = await comm.tag_recv(self._ep, buffer, nbytes, tag, name=log)
ucp._libs.exceptions.UCXCanceled: <[Recv #003] ep: 0x7f8b4039d1c0, tag: 0x13a21fe23d04b85c, nbytes: 16, type: <class 'numpy.ndarray'>>: 

During handling of the above exception, another exception occurred:

Traceback (most recent call last):
  File "/opt/conda/envs/gdf/lib/python3.10/site-packages/distributed/worker.py", line 2075, in gather_dep
    response = await get_data_from_worker(
  File "/opt/conda/envs/gdf/lib/python3.10/site-packages/distributed/worker.py", line 2881, in get_data_from_worker
    response = await send_recv(
  File "/opt/conda/envs/gdf/lib/python3.10/site-packages/distributed/core.py", line 1018, in send_recv
    response = await comm.read(deserializers=deserializers)
  File "/opt/conda/envs/gdf/lib/python3.10/site-packages/distributed/utils.py", line 805, in wrapper
    return await func(*args, **kwargs)
  File "/opt/conda/envs/gdf/lib/python3.10/site-packages/distributed/comm/ucx.py", line 369, in read
    raise CommClosedError(
distributed.comm.core.CommClosedError: Connection closed by writer.
Inner exception: UCXCanceled("<[Recv #003] ep: 0x7f8b4039d1c0, tag: 0x13a21fe23d04b85c, nbytes: 16, type: <class 'numpy.ndarray'>>: ")
2025-01-13 07:08:15,680 - distributed.scheduler - WARNING - Removing worker 'ucx://127.0.0.1:34897' caused the cluster to lose already computed task(s), which will be recomputed elsewhere: {('split-taskshuffle-42c82307b2f5928bce72459b455e28a0', 6, 7), ('split-taskshuffle-42c82307b2f5928bce72459b455e28a0', 1, 7), ('split-taskshuffle-42c82307b2f5928bce72459b455e28a0', 3, 7), ('split-taskshuffle-42c82307b2f5928bce72459b455e28a0', 4, 7), ('split-taskshuffle-42c82307b2f5928bce72459b455e28a0', 5, 7), ('split-taskshuffle-42c82307b2f5928bce72459b455e28a0', 0, 7), ('generate_chunk-_to_string_dtype-a0180b72cbed01de5a9fb7d9b0e1ee1a', 7), ('split-taskshuffle-42c82307b2f5928bce72459b455e28a0', 7, 7), ('split-taskshuffle-42c82307b2f5928bce72459b455e28a0', 2, 7)} (stimulus_id='handle-worker-cleanup-1736752095.6806521')
2025-01-13 07:08:15,680 - distributed.worker - ERROR - failed during get data with ucx://127.0.0.1:35395 -> ucx://127.0.0.1:34897
Traceback (most recent call last):
  File "/opt/conda/envs/gdf/lib/python3.10/site-packages/distributed/comm/ucx.py", line 335, in write
    await self.ep.send(each_frame)
  File "/opt/conda/envs/gdf/lib/python3.10/site-packages/ucp/core.py", line 662, in send
    return await comm.tag_send(self._ep, buffer, nbytes, tag, name=log)
ucp._libs.exceptions.UCXError: <[Send #007] ep: 0x7f8b4039d140, tag: 0xa465e9a86dcfc86d, nbytes: 100000000, type: <class 'cudf.core.buffer.buffer.Buffer'>>: Connection reset by remote peer

During handling of the above exception, another exception occurred:

Traceback (most recent call last):
  File "/opt/conda/envs/gdf/lib/python3.10/site-packages/distributed/worker.py", line 1796, in get_data
    compressed = await comm.write(msg, serializers=serializers)
  File "/opt/conda/envs/gdf/lib/python3.10/site-packages/distributed/utils.py", line 805, in wrapper
    return await func(*args, **kwargs)
  File "/opt/conda/envs/gdf/lib/python3.10/site-packages/distributed/comm/ucx.py", line 339, in write
    raise CommClosedError("While writing, the connection was closed")
distributed.comm.core.CommClosedError: While writing, the connection was closed
2025-01-13 07:08:15,689 - distributed.worker - ERROR - Worker stream died during communication: ucx://127.0.0.1:43079
Traceback (most recent call last):
  File "/opt/conda/envs/gdf/lib/python3.10/site-packages/distributed/comm/ucx.py", line 393, in read
    await self.ep.recv(each_frame)
  File "/opt/conda/envs/gdf/lib/python3.10/site-packages/ucp/core.py", line 737, in recv
    ret = await comm.tag_recv(self._ep, buffer, nbytes, tag, name=log)
ucp._libs.exceptions.UCXCanceled: <[Recv #008] ep: 0x7f8b4039d180, tag: 0x9d19a4944c980091, nbytes: 100000000, type: <class 'rmm.pylibrmm.device_buffer.DeviceBuffer'>>: 

During handling of the above exception, another exception occurred:

Traceback (most recent call last):
  File "/opt/conda/envs/gdf/lib/python3.10/site-packages/distributed/worker.py", line 2075, in gather_dep
    response = await get_data_from_worker(
  File "/opt/conda/envs/gdf/lib/python3.10/site-packages/distributed/worker.py", line 2881, in get_data_from_worker
    response = await send_recv(
  File "/opt/conda/envs/gdf/lib/python3.10/site-packages/distributed/core.py", line 1018, in send_recv
    response = await comm.read(deserializers=deserializers)
  File "/opt/conda/envs/gdf/lib/python3.10/site-packages/distributed/utils.py", line 805, in wrapper
    return await func(*args, **kwargs)
  File "/opt/conda/envs/gdf/lib/python3.10/site-packages/distributed/comm/ucx.py", line 399, in read
    raise CommClosedError(
distributed.comm.core.CommClosedError: Connection closed by writer.
Inner exception: UCXCanceled("<[Recv #008] ep: 0x7f8b4039d180, tag: 0x9d19a4944c980091, nbytes: 100000000, type: <class 'rmm.pylibrmm.device_buffer.DeviceBuffer'>>: ")
2025-01-13 07:08:15,691 - distributed.scheduler - WARNING - Removing worker 'ucx://127.0.0.1:43079' caused the cluster to lose already computed task(s), which will be recomputed elsewhere: {('generate_chunk-_to_string_dtype-a0180b72cbed01de5a9fb7d9b0e1ee1a', 3), ('split-taskshuffle-42c82307b2f5928bce72459b455e28a0', 1, 1), ('split-taskshuffle-42c82307b2f5928bce72459b455e28a0', 4, 1), ('split-taskshuffle-42c82307b2f5928bce72459b455e28a0', 5, 1), ('split-taskshuffle-42c82307b2f5928bce72459b455e28a0', 0, 1), ('split-taskshuffle-42c82307b2f5928bce72459b455e28a0', 6, 1), ('split-taskshuffle-42c82307b2f5928bce72459b455e28a0', 3, 1), ('split-taskshuffle-42c82307b2f5928bce72459b455e28a0', 7, 1), ('split-taskshuffle-42c82307b2f5928bce72459b455e28a0', 2, 1)} (stimulus_id='handle-worker-cleanup-1736752095.6917973')
2025-01-13 07:08:15,732 - distributed.worker - ERROR - failed during get data with ucx://127.0.0.1:35385 -> ucx://127.0.0.1:34897
Traceback (most recent call last):
  File "/opt/conda/envs/gdf/lib/python3.10/site-packages/distributed/comm/ucx.py", line 335, in write
    await self.ep.send(each_frame)
  File "/opt/conda/envs/gdf/lib/python3.10/site-packages/ucp/core.py", line 662, in send
    return await comm.tag_send(self._ep, buffer, nbytes, tag, name=log)
ucp._libs.exceptions.UCXError: <[Send #007] ep: 0x7f7c99210300, tag: 0x7075344e05f0aee9, nbytes: 100000000, type: <class 'cudf.core.buffer.buffer.Buffer'>>: Connection reset by remote peer

During handling of the above exception, another exception occurred:

Traceback (most recent call last):
  File "/opt/conda/envs/gdf/lib/python3.10/site-packages/distributed/worker.py", line 1796, in get_data
    compressed = await comm.write(msg, serializers=serializers)
  File "/opt/conda/envs/gdf/lib/python3.10/site-packages/distributed/utils.py", line 805, in wrapper
    return await func(*args, **kwargs)
  File "/opt/conda/envs/gdf/lib/python3.10/site-packages/distributed/comm/ucx.py", line 339, in write
    raise CommClosedError("While writing, the connection was closed")
distributed.comm.core.CommClosedError: While writing, the connection was closed
[dgx13:75867:0:75867] Caught signal 11 (Segmentation fault: address not mapped to object at address 0x450)
==== backtrace (tid:  75867) ====
 0  /opt/conda/envs/gdf/lib/libucs.so.0(ucs_handle_error+0x2fd) [0x7f7c99cf9c1d]
 1  /opt/conda/envs/gdf/lib/libucs.so.0(+0x2de11) [0x7f7c99cf9e11]
 2  /opt/conda/envs/gdf/lib/libucs.so.0(+0x2dfda) [0x7f7c99cf9fda]
 3  /usr/lib/x86_64-linux-gnu/libpthread.so.0(+0x14420) [0x7f7ce5fff420]
 4  /opt/conda/envs/gdf/lib/libucp.so.0(ucp_mem_type_unpack+0x14) [0x7f7c99d7d2d4]
 5  /opt/conda/envs/gdf/lib/libucp.so.0(ucp_rndv_data_handler+0x605) [0x7f7c99da7495]
 6  /opt/conda/envs/gdf/lib/./libuct.so.0(+0x21a06) [0x7f7cac039a06]
 7  /opt/conda/envs/gdf/lib/./libuct.so.0(+0x24ae8) [0x7f7cac03cae8]
 8  /opt/conda/envs/gdf/lib/libucs.so.0(ucs_event_set_wait+0xb1) [0x7f7c99d03411]
 9  /opt/conda/envs/gdf/lib/./libuct.so.0(uct_tcp_iface_progress+0x7d) [0x7f7cac03bbbd]
10  /opt/conda/envs/gdf/lib/libucp.so.0(ucp_worker_progress+0x5a) [0x7f7c99d79f1a]
11  /opt/conda/envs/gdf/lib/python3.10/site-packages/ucp/_libs/ucx_api.cpython-310-x86_64-linux-gnu.so(+0x31dca) [0x7f7c99e39dca]
12  /opt/conda/envs/gdf/bin/python(_PyEval_EvalFrameDefault+0x2c3e) [0x55e57a3a96de]
13  /opt/conda/envs/gdf/bin/python(_PyFunction_Vectorcall+0x6c) [0x55e57a3b6b7c]
14  /opt/conda/envs/gdf/bin/python(_PyEval_EvalFrameDefault+0x6fd) [0x55e57a3a719d]
15  /opt/conda/envs/gdf/bin/python(+0x1d62c9) [0x55e57a4512c9]
16  /opt/conda/envs/gdf/lib/python3.10/lib-dynload/_asyncio.cpython-310-x86_64-linux-gnu.so(+0x7782) [0x7f7cc6065782]
17  /opt/conda/envs/gdf/bin/python(_PyObject_MakeTpCall+0x2d3) [0x55e57a3afa03]
18  /opt/conda/envs/gdf/bin/python(+0xf745f) [0x55e57a37245f]
19  /opt/conda/envs/gdf/bin/python(+0x1331b3) [0x55e57a3ae1b3]
20  /opt/conda/envs/gdf/bin/python(_PyEval_EvalFrameDefault+0x593b) [0x55e57a3ac3db]
21  /opt/conda/envs/gdf/bin/python(_PyFunction_Vectorcall+0x6c) [0x55e57a3b6b7c]
22  /opt/conda/envs/gdf/bin/python(_PyEval_EvalFrameDefault+0x6fd) [0x55e57a3a719d]
23  /opt/conda/envs/gdf/bin/python(_PyFunction_Vectorcall+0x6c) [0x55e57a3b6b7c]
24  /opt/conda/envs/gdf/bin/python(_PyEval_EvalFrameDefault+0x6fd) [0x55e57a3a719d]
25  /opt/conda/envs/gdf/bin/python(_PyFunction_Vectorcall+0x6c) [0x55e57a3b6b7c]
26  /opt/conda/envs/gdf/bin/python(_PyEval_EvalFrameDefault+0x6fd) [0x55e57a3a719d]
27  /opt/conda/envs/gdf/bin/python(_PyFunction_Vectorcall+0x6c) [0x55e57a3b6b7c]
28  /opt/conda/envs/gdf/bin/python(_PyEval_EvalFrameDefault+0x6fd) [0x55e57a3a719d]
29  /opt/conda/envs/gdf/bin/python(_PyFunction_Vectorcall+0x6c) [0x55e57a3b6b7c]
30  /opt/conda/envs/gdf/bin/python(_PyEval_EvalFrameDefault+0x1341) [0x55e57a3a7de1]
31  /opt/conda/envs/gdf/bin/python(+0x146fb2) [0x55e57a3c1fb2]
32  /opt/conda/envs/gdf/bin/python(PyObject_Call+0xbc) [0x55e57a3c294c]
33  /opt/conda/envs/gdf/bin/python(+0x1ff72d) [0x55e57a47a72d]
34  /opt/conda/envs/gdf/bin/python(_PyObject_MakeTpCall+0x2d3) [0x55e57a3afa03]
35  /opt/conda/envs/gdf/bin/python(_PyEval_EvalFrameDefault+0x2c3e) [0x55e57a3a96de]
36  /opt/conda/envs/gdf/bin/python(+0x147108) [0x55e57a3c2108]
37  /opt/conda/envs/gdf/bin/python(_PyEval_EvalFrameDefault+0x2c3e) [0x55e57a3a96de]
38  /opt/conda/envs/gdf/bin/python(_PyFunction_Vectorcall+0x6c) [0x55e57a3b6b7c]
39  /opt/conda/envs/gdf/bin/python(_PyEval_EvalFrameDefault+0x6fd) [0x55e57a3a719d]
40  /opt/conda/envs/gdf/bin/python(_PyFunction_Vectorcall+0x6c) [0x55e57a3b6b7c]
41  /opt/conda/envs/gdf/bin/python(_PyEval_EvalFrameDefault+0x6fd) [0x55e57a3a719d]
42  /opt/conda/envs/gdf/bin/python(_PyFunction_Vectorcall+0x6c) [0x55e57a3b6b7c]
43  /opt/conda/envs/gdf/bin/python(_PyEval_EvalFrameDefault+0x309) [0x55e57a3a6da9]
44  /opt/conda/envs/gdf/bin/python(_PyFunction_Vectorcall+0x6c) [0x55e57a3b6b7c]
45  /opt/conda/envs/gdf/bin/python(_PyEval_EvalFrameDefault+0x1341) [0x55e57a3a7de1]
46  /opt/conda/envs/gdf/bin/python(+0x1cca8c) [0x55e57a447a8c]
47  /opt/conda/envs/gdf/bin/python(PyEval_EvalCode+0x87) [0x55e57a4479d7]
48  /opt/conda/envs/gdf/bin/python(+0x1fceba) [0x55e57a477eba]
49  /opt/conda/envs/gdf/bin/python(+0x1f8343) [0x55e57a473343]
50  /opt/conda/envs/gdf/bin/python(PyRun_StringFlags+0x7d) [0x55e57a46badd]
51  /opt/conda/envs/gdf/bin/python(PyRun_SimpleStringFlags+0x3c) [0x55e57a46b91c]
52  /opt/conda/envs/gdf/bin/python(Py_RunMain+0x3ba) [0x55e57a46ab1a]
53  /opt/conda/envs/gdf/bin/python(Py_BytesMain+0x37) [0x55e57a43b117]
54  /usr/lib/x86_64-linux-gnu/libc.so.6(__libc_start_main+0xf3) [0x7f7ce5cc3083]
55  /opt/conda/envs/gdf/bin/python(+0x1c002e) [0x55e57a43b02e]
=================================
2025-01-13 07:08:15,743 - distributed.worker - ERROR - failed during get data with ucx://127.0.0.1:44555 -> ucx://127.0.0.1:34897
Traceback (most recent call last):
  File "/opt/conda/envs/gdf/lib/python3.10/site-packages/distributed/comm/ucx.py", line 335, in write
    await self.ep.send(each_frame)
  File "/opt/conda/envs/gdf/lib/python3.10/site-packages/ucp/core.py", line 662, in send
    return await comm.tag_send(self._ep, buffer, nbytes, tag, name=log)
ucp._libs.exceptions.UCXError: <[Send #007] ep: 0x7f9c443f8180, tag: 0x43619bd1b37a9638, nbytes: 100000000, type: <class 'cudf.core.buffer.buffer.Buffer'>>: Connection reset by remote peer

During handling of the above exception, another exception occurred:

Traceback (most recent call last):
  File "/opt/conda/envs/gdf/lib/python3.10/site-packages/distributed/worker.py", line 1796, in get_data
    compressed = await comm.write(msg, serializers=serializers)
  File "/opt/conda/envs/gdf/lib/python3.10/site-packages/distributed/utils.py", line 805, in wrapper
    return await func(*args, **kwargs)
  File "/opt/conda/envs/gdf/lib/python3.10/site-packages/distributed/comm/ucx.py", line 339, in write
    raise CommClosedError("While writing, the connection was closed")
distributed.comm.core.CommClosedError: While writing, the connection was closed
2025-01-13 07:08:15,746 - distributed.worker - ERROR - Worker stream died during communication: ucx://127.0.0.1:43079
Traceback (most recent call last):
  File "/opt/conda/envs/gdf/lib/python3.10/site-packages/distributed/comm/ucx.py", line 393, in read
    await self.ep.recv(each_frame)
  File "/opt/conda/envs/gdf/lib/python3.10/site-packages/ucp/core.py", line 737, in recv
    ret = await comm.tag_recv(self._ep, buffer, nbytes, tag, name=log)
ucp._libs.exceptions.UCXCanceled: <[Recv #008] ep: 0x7f9c443f8280, tag: 0x4c11e44095689786, nbytes: 100000000, type: <class 'rmm.pylibrmm.device_buffer.DeviceBuffer'>>: 

During handling of the above exception, another exception occurred:

Traceback (most recent call last):
  File "/opt/conda/envs/gdf/lib/python3.10/site-packages/distributed/worker.py", line 2075, in gather_dep
    response = await get_data_from_worker(
  File "/opt/conda/envs/gdf/lib/python3.10/site-packages/distributed/worker.py", line 2881, in get_data_from_worker
    response = await send_recv(
  File "/opt/conda/envs/gdf/lib/python3.10/site-packages/distributed/core.py", line 1018, in send_recv
    response = await comm.read(deserializers=deserializers)
  File "/opt/conda/envs/gdf/lib/python3.10/site-packages/distributed/utils.py", line 805, in wrapper
    return await func(*args, **kwargs)
  File "/opt/conda/envs/gdf/lib/python3.10/site-packages/distributed/comm/ucx.py", line 399, in read
    raise CommClosedError(
distributed.comm.core.CommClosedError: Connection closed by writer.
Inner exception: UCXCanceled("<[Recv #008] ep: 0x7f9c443f8280, tag: 0x4c11e44095689786, nbytes: 100000000, type: <class 'rmm.pylibrmm.device_buffer.DeviceBuffer'>>: ")
2025-01-13 07:08:15,746 - distributed.worker - ERROR - Worker stream died during communication: ucx://127.0.0.1:34897
Traceback (most recent call last):
  File "/opt/conda/envs/gdf/lib/python3.10/site-packages/distributed/comm/ucx.py", line 351, in read
    await self.ep.recv(msg)
  File "/opt/conda/envs/gdf/lib/python3.10/site-packages/ucp/core.py", line 737, in recv
    ret = await comm.tag_recv(self._ep, buffer, nbytes, tag, name=log)
ucp._libs.exceptions.UCXCanceled: <[Recv #003] ep: 0x7f9c443f8200, tag: 0xd041141efc0ad776, nbytes: 16, type: <class 'numpy.ndarray'>>: 

During handling of the above exception, another exception occurred:

Traceback (most recent call last):
  File "/opt/conda/envs/gdf/lib/python3.10/site-packages/distributed/worker.py", line 2075, in gather_dep
    response = await get_data_from_worker(
  File "/opt/conda/envs/gdf/lib/python3.10/site-packages/distributed/worker.py", line 2881, in get_data_from_worker
    response = await send_recv(
  File "/opt/conda/envs/gdf/lib/python3.10/site-packages/distributed/core.py", line 1018, in send_recv
    response = await comm.read(deserializers=deserializers)
  File "/opt/conda/envs/gdf/lib/python3.10/site-packages/distributed/utils.py", line 805, in wrapper
    return await func(*args, **kwargs)
  File "/opt/conda/envs/gdf/lib/python3.10/site-packages/distributed/comm/ucx.py", line 369, in read
    raise CommClosedError(
distributed.comm.core.CommClosedError: Connection closed by writer.
Inner exception: UCXCanceled("<[Recv #003] ep: 0x7f9c443f8200, tag: 0xd041141efc0ad776, nbytes: 16, type: <class 'numpy.ndarray'>>: ")
Task exception was never retrieved
future: <Task finished name='Task-442' coro=<_listener_handler_coroutine() done, defined at /opt/conda/envs/gdf/lib/python3.10/site-packages/ucp/core.py:140> exception=UCXError('<stream_recv>: Connection reset by remote peer')>
Traceback (most recent call last):
  File "/opt/conda/envs/gdf/lib/python3.10/site-packages/ucp/core.py", line 155, in _listener_handler_coroutine
    peer_info = await exchange_peer_info(
  File "/opt/conda/envs/gdf/lib/python3.10/site-packages/ucp/core.py", line 55, in exchange_peer_info
    await asyncio.wait_for(
  File "/opt/conda/envs/gdf/lib/python3.10/asyncio/tasks.py", line 445, in wait_for
    return fut.result()
ucp._libs.exceptions.UCXError: <stream_recv>: Connection reset by remote peer
2025-01-13 07:08:15,804 - distributed.worker - ERROR - Worker stream died during communication: ucx://127.0.0.1:43079
Traceback (most recent call last):
  File "/opt/conda/envs/gdf/lib/python3.10/site-packages/distributed/comm/ucx.py", line 351, in read
    await self.ep.recv(msg)
  File "/opt/conda/envs/gdf/lib/python3.10/site-packages/ucp/core.py", line 737, in recv
    ret = await comm.tag_recv(self._ep, buffer, nbytes, tag, name=log)
ucp._libs.exceptions.UCXCanceled: <[Recv #003] ep: 0x7efec0442180, tag: 0xa77d7f7572d2a37e, nbytes: 16, type: <class 'numpy.ndarray'>>: 

During handling of the above exception, another exception occurred:

Traceback (most recent call last):
  File "/opt/conda/envs/gdf/lib/python3.10/site-packages/distributed/worker.py", line 2075, in gather_dep
    response = await get_data_from_worker(
  File "/opt/conda/envs/gdf/lib/python3.10/site-packages/distributed/worker.py", line 2881, in get_data_from_worker
    response = await send_recv(
  File "/opt/conda/envs/gdf/lib/python3.10/site-packages/distributed/core.py", line 1018, in send_recv
    response = await comm.read(deserializers=deserializers)
  File "/opt/conda/envs/gdf/lib/python3.10/site-packages/distributed/utils.py", line 805, in wrapper
    return await func(*args, **kwargs)
  File "/opt/conda/envs/gdf/lib/python3.10/site-packages/distributed/comm/ucx.py", line 369, in read
    raise CommClosedError(
distributed.comm.core.CommClosedError: Connection closed by writer.
Inner exception: UCXCanceled("<[Recv #003] ep: 0x7efec0442180, tag: 0xa77d7f7572d2a37e, nbytes: 16, type: <class 'numpy.ndarray'>>: ")
2025-01-13 07:08:15,809 - distributed.worker - ERROR - Worker stream died during communication: ucx://127.0.0.1:41495
Traceback (most recent call last):
  File "/opt/conda/envs/gdf/lib/python3.10/site-packages/distributed/comm/ucx.py", line 393, in read
    await self.ep.recv(each_frame)
  File "/opt/conda/envs/gdf/lib/python3.10/site-packages/ucp/core.py", line 737, in recv
    ret = await comm.tag_recv(self._ep, buffer, nbytes, tag, name=log)
ucp._libs.exceptions.UCXError: <[Recv #007] ep: 0x7f9c443f82c0, tag: 0x71122eafa5671543, nbytes: 100000000, type: <class 'rmm.pylibrmm.device_buffer.DeviceBuffer'>>: Connection reset by remote peer

During handling of the above exception, another exception occurred:

Traceback (most recent call last):
  File "/opt/conda/envs/gdf/lib/python3.10/site-packages/distributed/worker.py", line 2075, in gather_dep
    response = await get_data_from_worker(
  File "/opt/conda/envs/gdf/lib/python3.10/site-packages/distributed/worker.py", line 2881, in get_data_from_worker
    response = await send_recv(
  File "/opt/conda/envs/gdf/lib/python3.10/site-packages/distributed/core.py", line 1018, in send_recv
    response = await comm.read(deserializers=deserializers)
  File "/opt/conda/envs/gdf/lib/python3.10/site-packages/distributed/utils.py", line 805, in wrapper
    return await func(*args, **kwargs)
  File "/opt/conda/envs/gdf/lib/python3.10/site-packages/distributed/comm/ucx.py", line 399, in read
    raise CommClosedError(
distributed.comm.core.CommClosedError: Connection closed by writer.
Inner exception: UCXError("<[Recv #007] ep: 0x7f9c443f82c0, tag: 0x71122eafa5671543, nbytes: 100000000, type: <class 'rmm.pylibrmm.device_buffer.DeviceBuffer'>>: Connection reset by remote peer")
2025-01-13 07:08:15,813 - distributed.worker - ERROR - Worker stream died during communication: ucx://127.0.0.1:41495
Traceback (most recent call last):
  File "/opt/conda/envs/gdf/lib/python3.10/site-packages/distributed/comm/ucx.py", line 393, in read
    await self.ep.recv(each_frame)
  File "/opt/conda/envs/gdf/lib/python3.10/site-packages/ucp/core.py", line 737, in recv
    ret = await comm.tag_recv(self._ep, buffer, nbytes, tag, name=log)
ucp._libs.exceptions.UCXCanceled: <[Recv #008] ep: 0x7f8b4039d280, tag: 0xe0ddb0c4e077076b, nbytes: 100000000, type: <class 'rmm.pylibrmm.device_buffer.DeviceBuffer'>>: 

During handling of the above exception, another exception occurred:

Traceback (most recent call last):
  File "/opt/conda/envs/gdf/lib/python3.10/site-packages/distributed/worker.py", line 2075, in gather_dep
    response = await get_data_from_worker(
  File "/opt/conda/envs/gdf/lib/python3.10/site-packages/distributed/worker.py", line 2881, in get_data_from_worker
    response = await send_recv(
  File "/opt/conda/envs/gdf/lib/python3.10/site-packages/distributed/core.py", line 1018, in send_recv
    response = await comm.read(deserializers=deserializers)
  File "/opt/conda/envs/gdf/lib/python3.10/site-packages/distributed/utils.py", line 805, in wrapper
    return await func(*args, **kwargs)
  File "/opt/conda/envs/gdf/lib/python3.10/site-packages/distributed/comm/ucx.py", line 399, in read
    raise CommClosedError(
distributed.comm.core.CommClosedError: Connection closed by writer.
Inner exception: UCXCanceled("<[Recv #008] ep: 0x7f8b4039d280, tag: 0xe0ddb0c4e077076b, nbytes: 100000000, type: <class 'rmm.pylibrmm.device_buffer.DeviceBuffer'>>: ")
2025-01-13 07:08:15,828 - distributed.worker - ERROR - failed during get data with ucx://127.0.0.1:46283 -> ucx://127.0.0.1:41495
Traceback (most recent call last):
  File "/opt/conda/envs/gdf/lib/python3.10/site-packages/distributed/comm/ucx.py", line 335, in write
    await self.ep.send(each_frame)
  File "/opt/conda/envs/gdf/lib/python3.10/site-packages/ucp/core.py", line 662, in send
    return await comm.tag_send(self._ep, buffer, nbytes, tag, name=log)
ucp._libs.exceptions.UCXError: <[Send #007] ep: 0x7efec0442300, tag: 0x23a99064840b7285, nbytes: 100000000, type: <class 'cudf.core.buffer.buffer.Buffer'>>: Connection reset by remote peer

During handling of the above exception, another exception occurred:

Traceback (most recent call last):
  File "/opt/conda/envs/gdf/lib/python3.10/site-packages/distributed/worker.py", line 1796, in get_data
    compressed = await comm.write(msg, serializers=serializers)
  File "/opt/conda/envs/gdf/lib/python3.10/site-packages/distributed/utils.py", line 805, in wrapper
    return await func(*args, **kwargs)
  File "/opt/conda/envs/gdf/lib/python3.10/site-packages/distributed/comm/ucx.py", line 339, in write
    raise CommClosedError("While writing, the connection was closed")
distributed.comm.core.CommClosedError: While writing, the connection was closed
2025-01-13 07:08:15,834 - distributed.scheduler - WARNING - Removing worker 'ucx://127.0.0.1:41495' caused the cluster to lose already computed task(s), which will be recomputed elsewhere: {('split-taskshuffle-42c82307b2f5928bce72459b455e28a0', 7, 6), ('split-taskshuffle-42c82307b2f5928bce72459b455e28a0', 2, 6), ('split-taskshuffle-42c82307b2f5928bce72459b455e28a0', 4, 6), ('split-taskshuffle-42c82307b2f5928bce72459b455e28a0', 3, 6), ('split-taskshuffle-42c82307b2f5928bce72459b455e28a0', 1, 6), ('generate_chunk-_to_string_dtype-a0180b72cbed01de5a9fb7d9b0e1ee1a', 4), ('split-taskshuffle-42c82307b2f5928bce72459b455e28a0', 5, 6), ('split-taskshuffle-42c82307b2f5928bce72459b455e28a0', 6, 6)} (stimulus_id='handle-worker-cleanup-1736752095.8338923')
2025-01-13 07:08:15,829 - distributed.worker - ERROR - Worker stream died during communication: ucx://127.0.0.1:41495
Traceback (most recent call last):
  File "/opt/conda/envs/gdf/lib/python3.10/site-packages/distributed/comm/ucx.py", line 393, in read
    await self.ep.recv(each_frame)
  File "/opt/conda/envs/gdf/lib/python3.10/site-packages/ucp/core.py", line 737, in recv
    ret = await comm.tag_recv(self._ep, buffer, nbytes, tag, name=log)
ucp._libs.exceptions.UCXError: <[Recv #007] ep: 0x7efec04421c0, tag: 0x8d68ad931e632aa0, nbytes: 100000000, type: <class 'rmm.pylibrmm.device_buffer.DeviceBuffer'>>: Connection reset by remote peer

During handling of the above exception, another exception occurred:

Traceback (most recent call last):
  File "/opt/conda/envs/gdf/lib/python3.10/site-packages/distributed/worker.py", line 2075, in gather_dep
    response = await get_data_from_worker(
  File "/opt/conda/envs/gdf/lib/python3.10/site-packages/distributed/worker.py", line 2881, in get_data_from_worker
    response = await send_recv(
  File "/opt/conda/envs/gdf/lib/python3.10/site-packages/distributed/core.py", line 1018, in send_recv
    response = await comm.read(deserializers=deserializers)
  File "/opt/conda/envs/gdf/lib/python3.10/site-packages/distributed/utils.py", line 805, in wrapper
    return await func(*args, **kwargs)
  File "/opt/conda/envs/gdf/lib/python3.10/site-packages/distributed/comm/ucx.py", line 399, in read
    raise CommClosedError(
distributed.comm.core.CommClosedError: Connection closed by writer.
Inner exception: UCXError("<[Recv #007] ep: 0x7efec04421c0, tag: 0x8d68ad931e632aa0, nbytes: 100000000, type: <class 'rmm.pylibrmm.device_buffer.DeviceBuffer'>>: Connection reset by remote peer")
2025-01-13 07:08:15,841 - distributed.worker - ERROR - Worker stream died during communication: ucx://127.0.0.1:34897
Traceback (most recent call last):
  File "/opt/conda/envs/gdf/lib/python3.10/site-packages/distributed/comm/ucx.py", line 351, in read
    await self.ep.recv(msg)
  File "/opt/conda/envs/gdf/lib/python3.10/site-packages/ucp/core.py", line 737, in recv
    ret = await comm.tag_recv(self._ep, buffer, nbytes, tag, name=log)
asyncio.exceptions.CancelledError

During handling of the above exception, another exception occurred:

Traceback (most recent call last):
  File "/opt/conda/envs/gdf/lib/python3.10/site-packages/distributed/worker.py", line 2075, in gather_dep
    response = await get_data_from_worker(
  File "/opt/conda/envs/gdf/lib/python3.10/site-packages/distributed/worker.py", line 2878, in get_data_from_worker
    comm = await rpc.connect(worker)
  File "/opt/conda/envs/gdf/lib/python3.10/site-packages/distributed/core.py", line 1539, in connect
    return connect_attempt.result()
  File "/opt/conda/envs/gdf/lib/python3.10/site-packages/distributed/core.py", line 1429, in _connect
    comm = await connect(
  File "/opt/conda/envs/gdf/lib/python3.10/site-packages/distributed/comm/core.py", line 377, in connect
    handshake = await comm.read()
  File "/opt/conda/envs/gdf/lib/python3.10/site-packages/distributed/utils.py", line 805, in wrapper
    return await func(*args, **kwargs)
  File "/opt/conda/envs/gdf/lib/python3.10/site-packages/distributed/comm/ucx.py", line 369, in read
    raise CommClosedError(
distributed.comm.core.CommClosedError: Connection closed by writer.
Inner exception: CancelledError()
[dgx13:75880:0:75880] Caught signal 11 (Segmentation fault: address not mapped to object at address 0x450)
2025-01-13 07:08:15,850 - distributed.nanny - WARNING - Restarting worker
==== backtrace (tid:  75880) ====
 0  /opt/conda/envs/gdf/lib/libucs.so.0(ucs_handle_error+0x2fd) [0x7f1b80263c1d]
 1  /opt/conda/envs/gdf/lib/libucs.so.0(+0x2de11) [0x7f1b80263e11]
 2  /opt/conda/envs/gdf/lib/libucs.so.0(+0x2dfda) [0x7f1b80263fda]
 3  /usr/lib/x86_64-linux-gnu/libpthread.so.0(+0x14420) [0x7f1bba40a420]
 4  /opt/conda/envs/gdf/lib/libucp.so.0(ucp_mem_type_unpack+0x14) [0x7f1b802e72d4]
 5  /opt/conda/envs/gdf/lib/libucp.so.0(ucp_rndv_data_handler+0x605) [0x7f1b80311495]
 6  /opt/conda/envs/gdf/lib/./libuct.so.0(+0x21a06) [0x7f1b8021aa06]
 7  /opt/conda/envs/gdf/lib/./libuct.so.0(+0x24ae8) [0x7f1b8021dae8]
 8  /opt/conda/envs/gdf/lib/libucs.so.0(ucs_event_set_wait+0xb1) [0x7f1b8026d411]
 9  /opt/conda/envs/gdf/lib/./libuct.so.0(uct_tcp_iface_progress+0x7d) [0x7f1b8021cbbd]
10  /opt/conda/envs/gdf/lib/libucp.so.0(ucp_worker_progress+0x5a) [0x7f1b802e3f1a]
11  /opt/conda/envs/gdf/lib/python3.10/site-packages/ucp/_libs/ucx_api.cpython-310-x86_64-linux-gnu.so(+0x31dca) [0x7f1b803a3dca]
12  /opt/conda/envs/gdf/bin/python(_PyEval_EvalFrameDefault+0x2c3e) [0x55f9b42356de]
13  /opt/conda/envs/gdf/bin/python(_PyFunction_Vectorcall+0x6c) [0x55f9b4242b7c]
14  /opt/conda/envs/gdf/bin/python(_PyEval_EvalFrameDefault+0x6fd) [0x55f9b423319d]
15  /opt/conda/envs/gdf/bin/python(+0x1d62c9) [0x55f9b42dd2c9]
16  /opt/conda/envs/gdf/lib/python3.10/lib-dynload/_asyncio.cpython-310-x86_64-linux-gnu.so(+0x7782) [0x7f1b9a465782]
17  /opt/conda/envs/gdf/bin/python(_PyObject_MakeTpCall+0x2d3) [0x55f9b423ba03]
18  /opt/conda/envs/gdf/bin/python(+0xf745f) [0x55f9b41fe45f]
19  /opt/conda/envs/gdf/bin/python(+0x1331b3) [0x55f9b423a1b3]
20  /opt/conda/envs/gdf/bin/python(_PyEval_EvalFrameDefault+0x593b) [0x55f9b42383db]
21  /opt/conda/envs/gdf/bin/python(_PyFunction_Vectorcall+0x6c) [0x55f9b4242b7c]
22  /opt/conda/envs/gdf/bin/python(_PyEval_EvalFrameDefault+0x6fd) [0x55f9b423319d]
23  /opt/conda/envs/gdf/bin/python(_PyFunction_Vectorcall+0x6c) [0x55f9b4242b7c]
24  /opt/conda/envs/gdf/bin/python(_PyEval_EvalFrameDefault+0x6fd) [0x55f9b423319d]
25  /opt/conda/envs/gdf/bin/python(_PyFunction_Vectorcall+0x6c) [0x55f9b4242b7c]
26  /opt/conda/envs/gdf/bin/python(_PyEval_EvalFrameDefault+0x6fd) [0x55f9b423319d]
27  /opt/conda/envs/gdf/bin/python(_PyFunction_Vectorcall+0x6c) [0x55f9b4242b7c]
28  /opt/conda/envs/gdf/bin/python(_PyEval_EvalFrameDefault+0x6fd) [0x55f9b423319d]
29  /opt/conda/envs/gdf/bin/python(_PyFunction_Vectorcall+0x6c) [0x55f9b4242b7c]
30  /opt/conda/envs/gdf/bin/python(_PyEval_EvalFrameDefault+0x1341) [0x55f9b4233de1]
31  /opt/conda/envs/gdf/bin/python(+0x146fb2) [0x55f9b424dfb2]
32  /opt/conda/envs/gdf/bin/python(PyObject_Call+0xbc) [0x55f9b424e94c]
33  /opt/conda/envs/gdf/bin/python(+0x1ff72d) [0x55f9b430672d]
34  /opt/conda/envs/gdf/bin/python(_PyObject_MakeTpCall+0x2d3) [0x55f9b423ba03]
35  /opt/conda/envs/gdf/bin/python(_PyEval_EvalFrameDefault+0x2c3e) [0x55f9b42356de]
36  /opt/conda/envs/gdf/bin/python(+0x147108) [0x55f9b424e108]
37  /opt/conda/envs/gdf/bin/python(_PyEval_EvalFrameDefault+0x2c3e) [0x55f9b42356de]
38  /opt/conda/envs/gdf/bin/python(_PyFunction_Vectorcall+0x6c) [0x55f9b4242b7c]
39  /opt/conda/envs/gdf/bin/python(_PyEval_EvalFrameDefault+0x6fd) [0x55f9b423319d]
40  /opt/conda/envs/gdf/bin/python(_PyFunction_Vectorcall+0x6c) [0x55f9b4242b7c]
41  /opt/conda/envs/gdf/bin/python(_PyEval_EvalFrameDefault+0x6fd) [0x55f9b423319d]
42  /opt/conda/envs/gdf/bin/python(_PyFunction_Vectorcall+0x6c) [0x55f9b4242b7c]
43  /opt/conda/envs/gdf/bin/python(_PyEval_EvalFrameDefault+0x309) [0x55f9b4232da9]
44  /opt/conda/envs/gdf/bin/python(_PyFunction_Vectorcall+0x6c) [0x55f9b4242b7c]
45  /opt/conda/envs/gdf/bin/python(_PyEval_EvalFrameDefault+0x1341) [0x55f9b4233de1]
46  /opt/conda/envs/gdf/bin/python(+0x1cca8c) [0x55f9b42d3a8c]
47  /opt/conda/envs/gdf/bin/python(PyEval_EvalCode+0x87) [0x55f9b42d39d7]
48  /opt/conda/envs/gdf/bin/python(+0x1fceba) [0x55f9b4303eba]
49  /opt/conda/envs/gdf/bin/python(+0x1f8343) [0x55f9b42ff343]
50  /opt/conda/envs/gdf/bin/python(PyRun_StringFlags+0x7d) [0x55f9b42f7add]
51  /opt/conda/envs/gdf/bin/python(PyRun_SimpleStringFlags+0x3c) [0x55f9b42f791c]
52  /opt/conda/envs/gdf/bin/python(Py_RunMain+0x3ba) [0x55f9b42f6b1a]
53  /opt/conda/envs/gdf/bin/python(Py_BytesMain+0x37) [0x55f9b42c7117]
54  /usr/lib/x86_64-linux-gnu/libc.so.6(__libc_start_main+0xf3) [0x7f1bba0ce083]
55  /opt/conda/envs/gdf/bin/python(+0x1c002e) [0x55f9b42c702e]
=================================
2025-01-13 07:08:15,852 - distributed.nanny - WARNING - Restarting worker
2025-01-13 07:08:15,925 - distributed.nanny - WARNING - Restarting worker
2025-01-13 07:08:15,954 - distributed.worker - ERROR - failed during get data with ucx://127.0.0.1:44555 -> ucx://127.0.0.1:35385
Traceback (most recent call last):
  File "/opt/conda/envs/gdf/lib/python3.10/site-packages/distributed/comm/ucx.py", line 335, in write
    await self.ep.send(each_frame)
  File "/opt/conda/envs/gdf/lib/python3.10/site-packages/ucp/core.py", line 662, in send
    return await comm.tag_send(self._ep, buffer, nbytes, tag, name=log)
ucp._libs.exceptions.UCXError: <[Send #007] ep: 0x7f9c443f8100, tag: 0x1a586c33355bb4e6, nbytes: 100000000, type: <class 'cudf.core.buffer.buffer.Buffer'>>: Connection reset by remote peer

During handling of the above exception, another exception occurred:

Traceback (most recent call last):
  File "/opt/conda/envs/gdf/lib/python3.10/site-packages/distributed/worker.py", line 1796, in get_data
    compressed = await comm.write(msg, serializers=serializers)
  File "/opt/conda/envs/gdf/lib/python3.10/site-packages/distributed/utils.py", line 805, in wrapper
    return await func(*args, **kwargs)
  File "/opt/conda/envs/gdf/lib/python3.10/site-packages/distributed/comm/ucx.py", line 339, in write
    raise CommClosedError("While writing, the connection was closed")
distributed.comm.core.CommClosedError: While writing, the connection was closed
2025-01-13 07:08:15,955 - distributed.scheduler - WARNING - Removing worker 'ucx://127.0.0.1:35385' caused the cluster to lose already computed task(s), which will be recomputed elsewhere: {('split-taskshuffle-42c82307b2f5928bce72459b455e28a0', 3, 2), ('split-taskshuffle-42c82307b2f5928bce72459b455e28a0', 4, 2), ('generate_chunk-_to_string_dtype-a0180b72cbed01de5a9fb7d9b0e1ee1a', 6), ('split-taskshuffle-42c82307b2f5928bce72459b455e28a0', 5, 2), ('split-taskshuffle-42c82307b2f5928bce72459b455e28a0', 0, 2), ('split-taskshuffle-42c82307b2f5928bce72459b455e28a0', 6, 2), ('split-taskshuffle-42c82307b2f5928bce72459b455e28a0', 7, 2), ('split-taskshuffle-42c82307b2f5928bce72459b455e28a0', 2, 2), ('split-taskshuffle-42c82307b2f5928bce72459b455e28a0', 1, 2)} (stimulus_id='handle-worker-cleanup-1736752095.9553702')
2025-01-13 07:08:15,955 - distributed.worker - ERROR - Worker stream died during communication: ucx://127.0.0.1:35385
Traceback (most recent call last):
  File "/opt/conda/envs/gdf/lib/python3.10/site-packages/distributed/comm/ucx.py", line 351, in read
    await self.ep.recv(msg)
  File "/opt/conda/envs/gdf/lib/python3.10/site-packages/ucp/core.py", line 737, in recv
    ret = await comm.tag_recv(self._ep, buffer, nbytes, tag, name=log)
ucp._libs.exceptions.UCXCanceled: <[Recv #000] ep: 0x7f9c443f8300, tag: 0x430d63db430fe806, nbytes: 16, type: <class 'numpy.ndarray'>>: 

During handling of the above exception, another exception occurred:

Traceback (most recent call last):
  File "/opt/conda/envs/gdf/lib/python3.10/site-packages/distributed/worker.py", line 2075, in gather_dep
    response = await get_data_from_worker(
  File "/opt/conda/envs/gdf/lib/python3.10/site-packages/distributed/worker.py", line 2878, in get_data_from_worker
    comm = await rpc.connect(worker)
  File "/opt/conda/envs/gdf/lib/python3.10/site-packages/distributed/core.py", line 1539, in connect
    return connect_attempt.result()
  File "/opt/conda/envs/gdf/lib/python3.10/site-packages/distributed/core.py", line 1429, in _connect
    comm = await connect(
  File "/opt/conda/envs/gdf/lib/python3.10/site-packages/distributed/comm/core.py", line 377, in connect
    handshake = await comm.read()
  File "/opt/conda/envs/gdf/lib/python3.10/site-packages/distributed/utils.py", line 805, in wrapper
    return await func(*args, **kwargs)
  File "/opt/conda/envs/gdf/lib/python3.10/site-packages/distributed/comm/ucx.py", line 369, in read
    raise CommClosedError(
distributed.comm.core.CommClosedError: Connection closed by writer.
Inner exception: UCXCanceled("<[Recv #000] ep: 0x7f9c443f8300, tag: 0x430d63db430fe806, nbytes: 16, type: <class 'numpy.ndarray'>>: ")
2025-01-13 07:08:15,959 - distributed.worker - ERROR - Worker stream died during communication: ucx://127.0.0.1:35385
Traceback (most recent call last):
  File "/opt/conda/envs/gdf/lib/python3.10/site-packages/distributed/comm/ucx.py", line 393, in read
    await self.ep.recv(each_frame)
  File "/opt/conda/envs/gdf/lib/python3.10/site-packages/ucp/core.py", line 737, in recv
    ret = await comm.tag_recv(self._ep, buffer, nbytes, tag, name=log)
ucp._libs.exceptions.UCXCanceled: <[Recv #009] ep: 0x7efec0442100, tag: 0xb7d5a22d59eb5811, nbytes: 100000000, type: <class 'rmm.pylibrmm.device_buffer.DeviceBuffer'>>: 

During handling of the above exception, another exception occurred:

Traceback (most recent call last):
  File "/opt/conda/envs/gdf/lib/python3.10/site-packages/distributed/worker.py", line 2075, in gather_dep
    response = await get_data_from_worker(
  File "/opt/conda/envs/gdf/lib/python3.10/site-packages/distributed/worker.py", line 2881, in get_data_from_worker
    response = await send_recv(
  File "/opt/conda/envs/gdf/lib/python3.10/site-packages/distributed/core.py", line 1018, in send_recv
    response = await comm.read(deserializers=deserializers)
  File "/opt/conda/envs/gdf/lib/python3.10/site-packages/distributed/utils.py", line 805, in wrapper
    return await func(*args, **kwargs)
  File "/opt/conda/envs/gdf/lib/python3.10/site-packages/distributed/comm/ucx.py", line 399, in read
    raise CommClosedError(
distributed.comm.core.CommClosedError: Connection closed by writer.
Inner exception: UCXCanceled("<[Recv #009] ep: 0x7efec0442100, tag: 0xb7d5a22d59eb5811, nbytes: 100000000, type: <class 'rmm.pylibrmm.device_buffer.DeviceBuffer'>>: ")
2025-01-13 07:08:15,959 - distributed.worker - ERROR - failed during get data with ucx://127.0.0.1:35395 -> ucx://127.0.0.1:35385
Traceback (most recent call last):
  File "/opt/conda/envs/gdf/lib/python3.10/site-packages/distributed/comm/ucx.py", line 335, in write
    await self.ep.send(each_frame)
  File "/opt/conda/envs/gdf/lib/python3.10/site-packages/ucp/core.py", line 662, in send
    return await comm.tag_send(self._ep, buffer, nbytes, tag, name=log)
ucp._libs.exceptions.UCXError: <[Send #007] ep: 0x7f8b4039d100, tag: 0x30e1401c6451bbad, nbytes: 100000000, type: <class 'cudf.core.buffer.buffer.Buffer'>>: Connection reset by remote peer

During handling of the above exception, another exception occurred:

Traceback (most recent call last):
  File "/opt/conda/envs/gdf/lib/python3.10/site-packages/distributed/worker.py", line 1796, in get_data
    compressed = await comm.write(msg, serializers=serializers)
  File "/opt/conda/envs/gdf/lib/python3.10/site-packages/distributed/utils.py", line 805, in wrapper
    return await func(*args, **kwargs)
  File "/opt/conda/envs/gdf/lib/python3.10/site-packages/distributed/comm/ucx.py", line 339, in write
    raise CommClosedError("While writing, the connection was closed")
distributed.comm.core.CommClosedError: While writing, the connection was closed
2025-01-13 07:08:15,977 - distributed.worker - ERROR - Worker stream died during communication: ucx://127.0.0.1:35385
Traceback (most recent call last):
  File "/opt/conda/envs/gdf/lib/python3.10/site-packages/distributed/comm/ucx.py", line 351, in read
    await self.ep.recv(msg)
  File "/opt/conda/envs/gdf/lib/python3.10/site-packages/ucp/core.py", line 737, in recv
    ret = await comm.tag_recv(self._ep, buffer, nbytes, tag, name=log)
asyncio.exceptions.CancelledError

During handling of the above exception, another exception occurred:

Traceback (most recent call last):
  File "/opt/conda/envs/gdf/lib/python3.10/site-packages/distributed/worker.py", line 2075, in gather_dep
    response = await get_data_from_worker(
  File "/opt/conda/envs/gdf/lib/python3.10/site-packages/distributed/worker.py", line 2878, in get_data_from_worker
    comm = await rpc.connect(worker)
  File "/opt/conda/envs/gdf/lib/python3.10/site-packages/distributed/core.py", line 1539, in connect
    return connect_attempt.result()
  File "/opt/conda/envs/gdf/lib/python3.10/site-packages/distributed/core.py", line 1429, in _connect
    comm = await connect(
  File "/opt/conda/envs/gdf/lib/python3.10/site-packages/distributed/comm/core.py", line 377, in connect
    handshake = await comm.read()
  File "/opt/conda/envs/gdf/lib/python3.10/site-packages/distributed/utils.py", line 805, in wrapper
    return await func(*args, **kwargs)
  File "/opt/conda/envs/gdf/lib/python3.10/site-packages/distributed/comm/ucx.py", line 369, in read
    raise CommClosedError(
distributed.comm.core.CommClosedError: Connection closed by writer.
Inner exception: CancelledError()
2025-01-13 07:08:16,057 - distributed.scheduler - WARNING - Removing worker 'ucx://127.0.0.1:44017' caused the cluster to lose already computed task(s), which will be recomputed elsewhere: {('split-taskshuffle-42c82307b2f5928bce72459b455e28a0', 7, 0), ('split-taskshuffle-42c82307b2f5928bce72459b455e28a0', 2, 0), ('split-taskshuffle-42c82307b2f5928bce72459b455e28a0', 0, 6), ('generate_chunk-_to_string_dtype-a0180b72cbed01de5a9fb7d9b0e1ee1a', 2), ('split-taskshuffle-42c82307b2f5928bce72459b455e28a0', 1, 0), ('split-taskshuffle-42c82307b2f5928bce72459b455e28a0', 3, 0), ('split-taskshuffle-42c82307b2f5928bce72459b455e28a0', 4, 0), ('split-taskshuffle-42c82307b2f5928bce72459b455e28a0', 5, 0), ('split-taskshuffle-42c82307b2f5928bce72459b455e28a0', 0, 0), ('split-taskshuffle-42c82307b2f5928bce72459b455e28a0', 6, 0)} (stimulus_id='handle-worker-cleanup-1736752096.0577261')
2025-01-13 07:08:16,063 - distributed.worker - ERROR - failed during get data with ucx://127.0.0.1:46283 -> ucx://127.0.0.1:44017
Traceback (most recent call last):
  File "/opt/conda/envs/gdf/lib/python3.10/site-packages/distributed/comm/ucx.py", line 335, in write
    await self.ep.send(each_frame)
  File "/opt/conda/envs/gdf/lib/python3.10/site-packages/ucp/core.py", line 662, in send
    return await comm.tag_send(self._ep, buffer, nbytes, tag, name=log)
ucp._libs.exceptions.UCXError: <[Send #007] ep: 0x7efec04423c0, tag: 0x73af0868d2077d61, nbytes: 100000000, type: <class 'cudf.core.buffer.buffer.Buffer'>>: Connection reset by remote peer

During handling of the above exception, another exception occurred:

Traceback (most recent call last):
  File "/opt/conda/envs/gdf/lib/python3.10/site-packages/distributed/worker.py", line 1796, in get_data
    compressed = await comm.write(msg, serializers=serializers)
  File "/opt/conda/envs/gdf/lib/python3.10/site-packages/distributed/utils.py", line 805, in wrapper
    return await func(*args, **kwargs)
  File "/opt/conda/envs/gdf/lib/python3.10/site-packages/distributed/comm/ucx.py", line 339, in write
    raise CommClosedError("While writing, the connection was closed")
distributed.comm.core.CommClosedError: While writing, the connection was closed
2025-01-13 07:08:16,064 - distributed.worker - ERROR - failed during get data with ucx://127.0.0.1:46283 -> ucx://127.0.0.1:35385
Traceback (most recent call last):
  File "/opt/conda/envs/gdf/lib/python3.10/site-packages/distributed/comm/ucx.py", line 335, in write
    await self.ep.send(each_frame)
  File "/opt/conda/envs/gdf/lib/python3.10/site-packages/ucp/core.py", line 662, in send
    return await comm.tag_send(self._ep, buffer, nbytes, tag, name=log)
ucp._libs.exceptions.UCXError: <[Send #008] ep: 0x7efec04422c0, tag: 0x9495acd84e34cfc0, nbytes: 100000000, type: <class 'cudf.core.buffer.buffer.Buffer'>>: Connection reset by remote peer

During handling of the above exception, another exception occurred:

Traceback (most recent call last):
  File "/opt/conda/envs/gdf/lib/python3.10/site-packages/distributed/worker.py", line 1796, in get_data
    compressed = await comm.write(msg, serializers=serializers)
  File "/opt/conda/envs/gdf/lib/python3.10/site-packages/distributed/utils.py", line 805, in wrapper
    return await func(*args, **kwargs)
  File "/opt/conda/envs/gdf/lib/python3.10/site-packages/distributed/comm/ucx.py", line 339, in write
    raise CommClosedError("While writing, the connection was closed")
distributed.comm.core.CommClosedError: While writing, the connection was closed
2025-01-13 07:08:16,068 - distributed.worker - ERROR - Worker stream died during communication: ucx://127.0.0.1:44017
Traceback (most recent call last):
  File "/opt/conda/envs/gdf/lib/python3.10/site-packages/distributed/comm/ucx.py", line 351, in read
    await self.ep.recv(msg)
  File "/opt/conda/envs/gdf/lib/python3.10/site-packages/ucp/core.py", line 737, in recv
    ret = await comm.tag_recv(self._ep, buffer, nbytes, tag, name=log)
ucp._libs.exceptions.UCXCanceled: <[Recv #003] ep: 0x7efec0442240, tag: 0x2c40cf83ac575201, nbytes: 16, type: <class 'numpy.ndarray'>>: 

During handling of the above exception, another exception occurred:

Traceback (most recent call last):
  File "/opt/conda/envs/gdf/lib/python3.10/site-packages/distributed/worker.py", line 2075, in gather_dep
    response = await get_data_from_worker(
  File "/opt/conda/envs/gdf/lib/python3.10/site-packages/distributed/worker.py", line 2881, in get_data_from_worker
    response = await send_recv(
  File "/opt/conda/envs/gdf/lib/python3.10/site-packages/distributed/core.py", line 1018, in send_recv
    response = await comm.read(deserializers=deserializers)
  File "/opt/conda/envs/gdf/lib/python3.10/site-packages/distributed/utils.py", line 805, in wrapper
    return await func(*args, **kwargs)
  File "/opt/conda/envs/gdf/lib/python3.10/site-packages/distributed/comm/ucx.py", line 369, in read
    raise CommClosedError(
distributed.comm.core.CommClosedError: Connection closed by writer.
Inner exception: UCXCanceled("<[Recv #003] ep: 0x7efec0442240, tag: 0x2c40cf83ac575201, nbytes: 16, type: <class 'numpy.ndarray'>>: ")
2025-01-13 07:08:16,086 - distributed.worker - ERROR - failed during get data with ucx://127.0.0.1:35395 -> ucx://127.0.0.1:44017
Traceback (most recent call last):
  File "/opt/conda/envs/gdf/lib/python3.10/site-packages/distributed/comm/ucx.py", line 335, in write
    await self.ep.send(each_frame)
  File "/opt/conda/envs/gdf/lib/python3.10/site-packages/ucp/core.py", line 662, in send
    return await comm.tag_send(self._ep, buffer, nbytes, tag, name=log)
ucp._libs.exceptions.UCXError: <[Send #007] ep: 0x7f8b4039d400, tag: 0x434815111453b8c7, nbytes: 100000000, type: <class 'cudf.core.buffer.buffer.Buffer'>>: Connection reset by remote peer

During handling of the above exception, another exception occurred:

Traceback (most recent call last):
  File "/opt/conda/envs/gdf/lib/python3.10/site-packages/distributed/worker.py", line 1796, in get_data
    compressed = await comm.write(msg, serializers=serializers)
  File "/opt/conda/envs/gdf/lib/python3.10/site-packages/distributed/utils.py", line 805, in wrapper
    return await func(*args, **kwargs)
  File "/opt/conda/envs/gdf/lib/python3.10/site-packages/distributed/comm/ucx.py", line 339, in write
    raise CommClosedError("While writing, the connection was closed")
distributed.comm.core.CommClosedError: While writing, the connection was closed
2025-01-13 07:08:16,086 - distributed.worker - ERROR - failed during get data with ucx://127.0.0.1:35395 -> ucx://127.0.0.1:43079
Traceback (most recent call last):
  File "/opt/conda/envs/gdf/lib/python3.10/site-packages/distributed/comm/ucx.py", line 335, in write
    await self.ep.send(each_frame)
  File "/opt/conda/envs/gdf/lib/python3.10/site-packages/ucp/core.py", line 662, in send
    return await comm.tag_send(self._ep, buffer, nbytes, tag, name=log)
ucp._libs.exceptions.UCXError: <[Send #007] ep: 0x7f8b4039d3c0, tag: 0x8f557f84eeaebc74, nbytes: 100000000, type: <class 'cudf.core.buffer.buffer.Buffer'>>: Connection reset by remote peer

During handling of the above exception, another exception occurred:

Traceback (most recent call last):
  File "/opt/conda/envs/gdf/lib/python3.10/site-packages/distributed/worker.py", line 1796, in get_data
    compressed = await comm.write(msg, serializers=serializers)
  File "/opt/conda/envs/gdf/lib/python3.10/site-packages/distributed/utils.py", line 805, in wrapper
    return await func(*args, **kwargs)
  File "/opt/conda/envs/gdf/lib/python3.10/site-packages/distributed/comm/ucx.py", line 339, in write
    raise CommClosedError("While writing, the connection was closed")
distributed.comm.core.CommClosedError: While writing, the connection was closed
2025-01-13 07:08:16,087 - distributed.worker - ERROR - Worker stream died during communication: ucx://127.0.0.1:44017
Traceback (most recent call last):
  File "/opt/conda/envs/gdf/lib/python3.10/site-packages/distributed/comm/ucx.py", line 393, in read
    await self.ep.recv(each_frame)
  File "/opt/conda/envs/gdf/lib/python3.10/site-packages/ucp/core.py", line 737, in recv
    ret = await comm.tag_recv(self._ep, buffer, nbytes, tag, name=log)
ucp._libs.exceptions.UCXError: <[Recv #007] ep: 0x7f8b4039d200, tag: 0xc2286844f3393b6e, nbytes: 100000000, type: <class 'rmm.pylibrmm.device_buffer.DeviceBuffer'>>: Connection reset by remote peer

During handling of the above exception, another exception occurred:

Traceback (most recent call last):
  File "/opt/conda/envs/gdf/lib/python3.10/site-packages/distributed/worker.py", line 2075, in gather_dep
    response = await get_data_from_worker(
  File "/opt/conda/envs/gdf/lib/python3.10/site-packages/distributed/worker.py", line 2881, in get_data_from_worker
    response = await send_recv(
  File "/opt/conda/envs/gdf/lib/python3.10/site-packages/distributed/core.py", line 1018, in send_recv
    response = await comm.read(deserializers=deserializers)
  File "/opt/conda/envs/gdf/lib/python3.10/site-packages/distributed/utils.py", line 805, in wrapper
    return await func(*args, **kwargs)
  File "/opt/conda/envs/gdf/lib/python3.10/site-packages/distributed/comm/ucx.py", line 399, in read
    raise CommClosedError(
distributed.comm.core.CommClosedError: Connection closed by writer.
Inner exception: UCXError("<[Recv #007] ep: 0x7f8b4039d200, tag: 0xc2286844f3393b6e, nbytes: 100000000, type: <class 'rmm.pylibrmm.device_buffer.DeviceBuffer'>>: Connection reset by remote peer")
2025-01-13 07:08:16,111 - distributed.worker - ERROR - failed during get data with ucx://127.0.0.1:44555 -> ucx://127.0.0.1:41495
Traceback (most recent call last):
  File "/opt/conda/envs/gdf/lib/python3.10/site-packages/distributed/comm/ucx.py", line 335, in write
    await self.ep.send(each_frame)
  File "/opt/conda/envs/gdf/lib/python3.10/site-packages/ucp/core.py", line 662, in send
    return await comm.tag_send(self._ep, buffer, nbytes, tag, name=log)
ucp._libs.exceptions.UCXError: <[Send #007] ep: 0x7f9c443f8400, tag: 0xeca227d171460c07, nbytes: 100000000, type: <class 'cudf.core.buffer.buffer.Buffer'>>: Connection reset by remote peer

During handling of the above exception, another exception occurred:

Traceback (most recent call last):
  File "/opt/conda/envs/gdf/lib/python3.10/site-packages/distributed/worker.py", line 1796, in get_data
    compressed = await comm.write(msg, serializers=serializers)
  File "/opt/conda/envs/gdf/lib/python3.10/site-packages/distributed/utils.py", line 805, in wrapper
    return await func(*args, **kwargs)
  File "/opt/conda/envs/gdf/lib/python3.10/site-packages/distributed/comm/ucx.py", line 339, in write
    raise CommClosedError("While writing, the connection was closed")
distributed.comm.core.CommClosedError: While writing, the connection was closed
2025-01-13 07:08:16,114 - distributed.worker - ERROR - failed during get data with ucx://127.0.0.1:44555 -> ucx://127.0.0.1:44017
Traceback (most recent call last):
  File "/opt/conda/envs/gdf/lib/python3.10/site-packages/distributed/comm/ucx.py", line 335, in write
    await self.ep.send(each_frame)
  File "/opt/conda/envs/gdf/lib/python3.10/site-packages/ucp/core.py", line 662, in send
    return await comm.tag_send(self._ep, buffer, nbytes, tag, name=log)
ucp._libs.exceptions.UCXError: <[Send #008] ep: 0x7f9c443f8440, tag: 0xa4f2f8ccaddeafb8, nbytes: 100000000, type: <class 'cudf.core.buffer.buffer.Buffer'>>: Connection reset by remote peer

During handling of the above exception, another exception occurred:

Traceback (most recent call last):
  File "/opt/conda/envs/gdf/lib/python3.10/site-packages/distributed/worker.py", line 1796, in get_data
    compressed = await comm.write(msg, serializers=serializers)
  File "/opt/conda/envs/gdf/lib/python3.10/site-packages/distributed/utils.py", line 805, in wrapper
    return await func(*args, **kwargs)
  File "/opt/conda/envs/gdf/lib/python3.10/site-packages/distributed/comm/ucx.py", line 339, in write
    raise CommClosedError("While writing, the connection was closed")
distributed.comm.core.CommClosedError: While writing, the connection was closed
2025-01-13 07:08:16,115 - distributed.worker - ERROR - Worker stream died during communication: ucx://127.0.0.1:44017
Traceback (most recent call last):
  File "/opt/conda/envs/gdf/lib/python3.10/site-packages/distributed/comm/ucx.py", line 351, in read
    await self.ep.recv(msg)
  File "/opt/conda/envs/gdf/lib/python3.10/site-packages/ucp/core.py", line 737, in recv
    ret = await comm.tag_recv(self._ep, buffer, nbytes, tag, name=log)
ucp._libs.exceptions.UCXCanceled: <[Recv #003] ep: 0x7f9c443f8240, tag: 0xbde22bf7d4a3736a, nbytes: 16, type: <class 'numpy.ndarray'>>: 

During handling of the above exception, another exception occurred:

Traceback (most recent call last):
  File "/opt/conda/envs/gdf/lib/python3.10/site-packages/distributed/worker.py", line 2075, in gather_dep
    response = await get_data_from_worker(
  File "/opt/conda/envs/gdf/lib/python3.10/site-packages/distributed/worker.py", line 2881, in get_data_from_worker
    response = await send_recv(
  File "/opt/conda/envs/gdf/lib/python3.10/site-packages/distributed/core.py", line 1018, in send_recv
    response = await comm.read(deserializers=deserializers)
  File "/opt/conda/envs/gdf/lib/python3.10/site-packages/distributed/utils.py", line 805, in wrapper
    return await func(*args, **kwargs)
  File "/opt/conda/envs/gdf/lib/python3.10/site-packages/distributed/comm/ucx.py", line 369, in read
    raise CommClosedError(
distributed.comm.core.CommClosedError: Connection closed by writer.
Inner exception: UCXCanceled("<[Recv #003] ep: 0x7f9c443f8240, tag: 0xbde22bf7d4a3736a, nbytes: 16, type: <class 'numpy.ndarray'>>: ")
2025-01-13 07:08:16,293 - distributed.nanny - WARNING - Restarting worker
2025-01-13 07:08:16,300 - distributed.nanny - WARNING - Restarting worker
[2025-01-13 07:08:17.906] [RMM] [error] [A][Stream 0x1][Upstream 800000000B][FAILURE maximum pool size exceeded]
[2025-01-13 07:08:17.928] [RMM] [error] [A][Stream 0x1][Upstream 800000000B][FAILURE maximum pool size exceeded]
2025-01-13 07:08:18,123 - distributed.worker - ERROR - Compute Failed
Key:       ('group-taskshuffle-144f2b494904d70c5a334a13b11da329', 1)
State:     executing
Task:  <Task ('group-taskshuffle-144f2b494904d70c5a334a13b11da329', 1) _shuffle_group(...)>
Exception: "MemoryError('std::bad_alloc: out_of_memory: RMM failure at:/opt/conda/envs/gdf/include/rmm/mr/device/pool_memory_resource.hpp:276: Maximum pool size exceeded')"
Traceback: '  File "/opt/conda/envs/gdf/lib/python3.10/site-packages/dask_expr/_shuffle.py", line 317, in _shuffle_group\n    return shuffle_group(df, *args)\n  File "/opt/conda/envs/gdf/lib/python3.10/site-packages/dask/dataframe/shuffle.py", line 986, in shuffle_group\n    return group_split_dispatch(df, ind, k, ignore_index=ignore_index)\n  File "/opt/conda/envs/gdf/lib/python3.10/site-packages/dask/utils.py", line 772, in __call__\n    return meth(arg, *args, **kwargs)\n  File "/opt/conda/envs/gdf/lib/python3.10/site-packages/cudf/utils/performance_tracking.py", line 51, in wrapper\n    return func(*args, **kwargs)\n  File "/opt/conda/envs/gdf/lib/python3.10/site-packages/dask_cudf/backends.py", line 436, in group_split_cudf\n    df.scatter_by_map(\n  File "/opt/conda/envs/gdf/lib/python3.10/site-packages/cudf/utils/performance_tracking.py", line 51, in wrapper\n    return func(*args, **kwargs)\n  File "/opt/conda/envs/gdf/lib/python3.10/site-packages/cudf/core/dataframe.py", line 2496, in scatter_by_map\n    plc_table, output_offsets = plc.partitioning.partition(\n  File "partitioning.pyx", line 57, in pylibcudf.partitioning.partition\n  File "partitioning.pyx", line 82, in pylibcudf.partitioning.partition\n'

[2025-01-13 07:08:20.523] [RMM] [error] [A][Stream 0x1][Upstream 800000000B][FAILURE maximum pool size exceeded]
2025-01-13 07:08:20,525 - distributed.worker - ERROR - Compute Failed
Key:       ('group-taskshuffle-486d9b196f000a24ab46b1c675956dc8', 2)
State:     executing
Task:  <Task ('group-taskshuffle-486d9b196f000a24ab46b1c675956dc8', 2) _shuffle_group(...)>
Exception: "MemoryError('std::bad_alloc: out_of_memory: RMM failure at:/opt/conda/envs/gdf/include/rmm/mr/device/pool_memory_resource.hpp:276: Maximum pool size exceeded')"
Traceback: '  File "/opt/conda/envs/gdf/lib/python3.10/site-packages/dask_expr/_shuffle.py", line 317, in _shuffle_group\n    return shuffle_group(df, *args)\n  File "/opt/conda/envs/gdf/lib/python3.10/site-packages/dask/dataframe/shuffle.py", line 986, in shuffle_group\n    return group_split_dispatch(df, ind, k, ignore_index=ignore_index)\n  File "/opt/conda/envs/gdf/lib/python3.10/site-packages/dask/utils.py", line 772, in __call__\n    return meth(arg, *args, **kwargs)\n  File "/opt/conda/envs/gdf/lib/python3.10/site-packages/cudf/utils/performance_tracking.py", line 51, in wrapper\n    return func(*args, **kwargs)\n  File "/opt/conda/envs/gdf/lib/python3.10/site-packages/dask_cudf/backends.py", line 436, in group_split_cudf\n    df.scatter_by_map(\n  File "/opt/conda/envs/gdf/lib/python3.10/site-packages/cudf/utils/performance_tracking.py", line 51, in wrapper\n    return func(*args, **kwargs)\n  File "/opt/conda/envs/gdf/lib/python3.10/site-packages/cudf/core/dataframe.py", line 2496, in scatter_by_map\n    plc_table, output_offsets = plc.partitioning.partition(\n  File "partitioning.pyx", line 57, in pylibcudf.partitioning.partition\n  File "partitioning.pyx", line 82, in pylibcudf.partitioning.partition\n'

[dgx13:75888:0:75888] Caught signal 11 (Segmentation fault: address not mapped to object at address 0x450)
==== backtrace (tid:  75888) ====
 0  /opt/conda/envs/gdf/lib/libucs.so.0(ucs_handle_error+0x2fd) [0x7f9c44722c1d]
 1  /opt/conda/envs/gdf/lib/libucs.so.0(+0x2de11) [0x7f9c44722e11]
 2  /opt/conda/envs/gdf/lib/libucs.so.0(+0x2dfda) [0x7f9c44722fda]
 3  /usr/lib/x86_64-linux-gnu/libpthread.so.0(+0x14420) [0x7f9c7e9c8420]
 4  /opt/conda/envs/gdf/lib/libucp.so.0(ucp_mem_type_unpack+0x14) [0x7f9c447a62d4]
 5  /opt/conda/envs/gdf/lib/libucp.so.0(ucp_rndv_data_handler+0x605) [0x7f9c447d0495]
 6  /opt/conda/envs/gdf/lib/./libuct.so.0(+0x21a06) [0x7f9c446d9a06]
 7  /opt/conda/envs/gdf/lib/./libuct.so.0(+0x24ae8) [0x7f9c446dcae8]
 8  /opt/conda/envs/gdf/lib/libucs.so.0(ucs_event_set_wait+0xb1) [0x7f9c4472c411]
 9  /opt/conda/envs/gdf/lib/./libuct.so.0(uct_tcp_iface_progress+0x7d) [0x7f9c446dbbbd]
10  /opt/conda/envs/gdf/lib/libucp.so.0(ucp_worker_progress+0x5a) [0x7f9c447a2f1a]
11  /opt/conda/envs/gdf/lib/python3.10/site-packages/ucp/_libs/ucx_api.cpython-310-x86_64-linux-gnu.so(+0x31dca) [0x7f9c44862dca]
12  /opt/conda/envs/gdf/bin/python(_PyEval_EvalFrameDefault+0x2c3e) [0x5624218486de]
13  /opt/conda/envs/gdf/bin/python(_PyFunction_Vectorcall+0x6c) [0x562421855b7c]
14  /opt/conda/envs/gdf/bin/python(_PyEval_EvalFrameDefault+0x6fd) [0x56242184619d]
15  /opt/conda/envs/gdf/bin/python(+0x147234) [0x562421861234]
16  /opt/conda/envs/gdf/bin/python(+0x252f7c) [0x56242196cf7c]
17  /opt/conda/envs/gdf/bin/python(+0xf745f) [0x56242181145f]
18  /opt/conda/envs/gdf/bin/python(+0x1331b3) [0x56242184d1b3]
19  /opt/conda/envs/gdf/bin/python(_PyEval_EvalFrameDefault+0x593b) [0x56242184b3db]
20  /opt/conda/envs/gdf/bin/python(_PyFunction_Vectorcall+0x6c) [0x562421855b7c]
21  /opt/conda/envs/gdf/bin/python(_PyEval_EvalFrameDefault+0x6fd) [0x56242184619d]
22  /opt/conda/envs/gdf/bin/python(_PyFunction_Vectorcall+0x6c) [0x562421855b7c]
23  /opt/conda/envs/gdf/bin/python(_PyEval_EvalFrameDefault+0x6fd) [0x56242184619d]
24  /opt/conda/envs/gdf/bin/python(_PyFunction_Vectorcall+0x6c) [0x562421855b7c]
25  /opt/conda/envs/gdf/bin/python(_PyEval_EvalFrameDefault+0x6fd) [0x56242184619d]
26  /opt/conda/envs/gdf/bin/python(_PyFunction_Vectorcall+0x6c) [0x562421855b7c]
27  /opt/conda/envs/gdf/bin/python(_PyEval_EvalFrameDefault+0x6fd) [0x56242184619d]
28  /opt/conda/envs/gdf/bin/python(_PyFunction_Vectorcall+0x6c) [0x562421855b7c]
29  /opt/conda/envs/gdf/bin/python(_PyEval_EvalFrameDefault+0x1341) [0x562421846de1]
30  /opt/conda/envs/gdf/bin/python(+0x146fb2) [0x562421860fb2]
31  /opt/conda/envs/gdf/bin/python(PyObject_Call+0xbc) [0x56242186194c]
32  /opt/conda/envs/gdf/bin/python(+0x1ff72d) [0x56242191972d]
33  /opt/conda/envs/gdf/bin/python(_PyObject_MakeTpCall+0x2d3) [0x56242184ea03]
34  /opt/conda/envs/gdf/bin/python(_PyEval_EvalFrameDefault+0x2c3e) [0x5624218486de]
35  /opt/conda/envs/gdf/bin/python(+0x147108) [0x562421861108]
36  /opt/conda/envs/gdf/bin/python(_PyEval_EvalFrameDefault+0x2c3e) [0x5624218486de]
37  /opt/conda/envs/gdf/bin/python(_PyFunction_Vectorcall+0x6c) [0x562421855b7c]
38  /opt/conda/envs/gdf/bin/python(_PyEval_EvalFrameDefault+0x6fd) [0x56242184619d]
39  /opt/conda/envs/gdf/bin/python(_PyFunction_Vectorcall+0x6c) [0x562421855b7c]
40  /opt/conda/envs/gdf/bin/python(_PyEval_EvalFrameDefault+0x6fd) [0x56242184619d]
41  /opt/conda/envs/gdf/bin/python(_PyFunction_Vectorcall+0x6c) [0x562421855b7c]
42  /opt/conda/envs/gdf/bin/python(_PyEval_EvalFrameDefault+0x309) [0x562421845da9]
43  /opt/conda/envs/gdf/bin/python(_PyFunction_Vectorcall+0x6c) [0x562421855b7c]
44  /opt/conda/envs/gdf/bin/python(_PyEval_EvalFrameDefault+0x1341) [0x562421846de1]
45  /opt/conda/envs/gdf/bin/python(+0x1cca8c) [0x5624218e6a8c]
46  /opt/conda/envs/gdf/bin/python(PyEval_EvalCode+0x87) [0x5624218e69d7]
47  /opt/conda/envs/gdf/bin/python(+0x1fceba) [0x562421916eba]
48  /opt/conda/envs/gdf/bin/python(+0x1f8343) [0x562421912343]
49  /opt/conda/envs/gdf/bin/python(PyRun_StringFlags+0x7d) [0x56242190aadd]
50  /opt/conda/envs/gdf/bin/python(PyRun_SimpleStringFlags+0x3c) [0x56242190a91c]
51  /opt/conda/envs/gdf/bin/python(Py_RunMain+0x3ba) [0x562421909b1a]
52  /opt/conda/envs/gdf/bin/python(Py_BytesMain+0x37) [0x5624218da117]
53  /usr/lib/x86_64-linux-gnu/libc.so.6(__libc_start_main+0xf3) [0x7f9c7e68c083]
54  /opt/conda/envs/gdf/bin/python(+0x1c002e) [0x5624218da02e]
=================================
[dgx13:76097:0:76097] Caught signal 11 (Segmentation fault: address not mapped to object at address 0x450)
==== backtrace (tid:  76097) ====
 0  /opt/conda/envs/gdf/lib/libucs.so.0(ucs_handle_error+0x2fd) [0x7fe0e3873c1d]
 1  /opt/conda/envs/gdf/lib/libucs.so.0(+0x2de11) [0x7fe0e3873e11]
 2  /opt/conda/envs/gdf/lib/libucs.so.0(+0x2dfda) [0x7fe0e3873fda]
 3  /usr/lib/x86_64-linux-gnu/libpthread.so.0(+0x14420) [0x7fe12ba20420]
 4  /opt/conda/envs/gdf/lib/libucp.so.0(ucp_mem_type_unpack+0x14) [0x7fe0e38f72d4]
 5  /opt/conda/envs/gdf/lib/libucp.so.0(ucp_rndv_data_handler+0x605) [0x7fe0e3921495]
 6  /opt/conda/envs/gdf/lib/./libuct.so.0(+0x21a06) [0x7fe0e382aa06]
 7  /opt/conda/envs/gdf/lib/./libuct.so.0(+0x24ae8) [0x7fe0e382dae8]
 8  /opt/conda/envs/gdf/lib/libucs.so.0(ucs_event_set_wait+0xb1) [0x7fe0e387d411]
 9  /opt/conda/envs/gdf/lib/./libuct.so.0(uct_tcp_iface_progress+0x7d) [0x7fe0e382cbbd]
10  /opt/conda/envs/gdf/lib/libucp.so.0(ucp_worker_progress+0x5a) [0x7fe0e38f3f1a]
11  /opt/conda/envs/gdf/lib/python3.10/site-packages/ucp/_libs/ucx_api.cpython-310-x86_64-linux-gnu.so(+0x31dca) [0x7fe0e39b3dca]
12  /opt/conda/envs/gdf/bin/python(_PyEval_EvalFrameDefault+0x2c3e) [0x55af52d9c6de]
13  /opt/conda/envs/gdf/bin/python(_PyFunction_Vectorcall+0x6c) [0x55af52da9b7c]
14  /opt/conda/envs/gdf/bin/python(_PyEval_EvalFrameDefault+0x6fd) [0x55af52d9a19d]
15  /opt/conda/envs/gdf/bin/python(+0x1d62c9) [0x55af52e442c9]
16  /opt/conda/envs/gdf/lib/python3.10/lib-dynload/_asyncio.cpython-310-x86_64-linux-gnu.so(+0x7782) [0x7fe10ba7f782]
17  /opt/conda/envs/gdf/bin/python(_PyObject_MakeTpCall+0x2d3) [0x55af52da2a03]
18  /opt/conda/envs/gdf/bin/python(+0xf745f) [0x55af52d6545f]
19  /opt/conda/envs/gdf/bin/python(+0x1331b3) [0x55af52da11b3]
20  /opt/conda/envs/gdf/bin/python(_PyEval_EvalFrameDefault+0x593b) [0x55af52d9f3db]
21  /opt/conda/envs/gdf/bin/python(_PyFunction_Vectorcall+0x6c) [0x55af52da9b7c]
22  /opt/conda/envs/gdf/bin/python(_PyEval_EvalFrameDefault+0x6fd) [0x55af52d9a19d]
23  /opt/conda/envs/gdf/bin/python(_PyFunction_Vectorcall+0x6c) [0x55af52da9b7c]
24  /opt/conda/envs/gdf/bin/python(_PyEval_EvalFrameDefault+0x6fd) [0x55af52d9a19d]
25  /opt/conda/envs/gdf/bin/python(_PyFunction_Vectorcall+0x6c) [0x55af52da9b7c]
26  /opt/conda/envs/gdf/bin/python(_PyEval_EvalFrameDefault+0x6fd) [0x55af52d9a19d]
27  /opt/conda/envs/gdf/bin/python(_PyFunction_Vectorcall+0x6c) [0x55af52da9b7c]
28  /opt/conda/envs/gdf/bin/python(_PyEval_EvalFrameDefault+0x6fd) [0x55af52d9a19d]
29  /opt/conda/envs/gdf/bin/python(_PyFunction_Vectorcall+0x6c) [0x55af52da9b7c]
30  /opt/conda/envs/gdf/bin/python(_PyEval_EvalFrameDefault+0x1341) [0x55af52d9ade1]
31  /opt/conda/envs/gdf/bin/python(+0x146fb2) [0x55af52db4fb2]
32  /opt/conda/envs/gdf/bin/python(PyObject_Call+0xbc) [0x55af52db594c]
33  /opt/conda/envs/gdf/bin/python(+0x1ff72d) [0x55af52e6d72d]
34  /opt/conda/envs/gdf/bin/python(_PyObject_MakeTpCall+0x2d3) [0x55af52da2a03]
35  /opt/conda/envs/gdf/bin/python(_PyEval_EvalFrameDefault+0x2c3e) [0x55af52d9c6de]
36  /opt/conda/envs/gdf/bin/python(+0x147108) [0x55af52db5108]
37  /opt/conda/envs/gdf/bin/python(_PyEval_EvalFrameDefault+0x2c3e) [0x55af52d9c6de]
38  /opt/conda/envs/gdf/bin/python(_PyFunction_Vectorcall+0x6c) [0x55af52da9b7c]
39  /opt/conda/envs/gdf/bin/python(_PyEval_EvalFrameDefault+0x6fd) [0x55af52d9a19d]
40  /opt/conda/envs/gdf/bin/python(_PyFunction_Vectorcall+0x6c) [0x55af52da9b7c]
41  /opt/conda/envs/gdf/bin/python(_PyEval_EvalFrameDefault+0x6fd) [0x55af52d9a19d]
42  /opt/conda/envs/gdf/bin/python(_PyFunction_Vectorcall+0x6c) [0x55af52da9b7c]
43  /opt/conda/envs/gdf/bin/python(_PyEval_EvalFrameDefault+0x309) [0x55af52d99da9]
44  /opt/conda/envs/gdf/bin/python(_PyFunction_Vectorcall+0x6c) [0x55af52da9b7c]
45  /opt/conda/envs/gdf/bin/python(_PyEval_EvalFrameDefault+0x1341) [0x55af52d9ade1]
46  /opt/conda/envs/gdf/bin/python(+0x1cca8c) [0x55af52e3aa8c]
47  /opt/conda/envs/gdf/bin/python(PyEval_EvalCode+0x87) [0x55af52e3a9d7]
48  /opt/conda/envs/gdf/bin/python(+0x1fceba) [0x55af52e6aeba]
49  /opt/conda/envs/gdf/bin/python(+0x1f8343) [0x55af52e66343]
50  /opt/conda/envs/gdf/bin/python(PyRun_StringFlags+0x7d) [0x55af52e5eadd]
51  /opt/conda/envs/gdf/bin/python(PyRun_SimpleStringFlags+0x3c) [0x55af52e5e91c]
52  /opt/conda/envs/gdf/bin/python(Py_RunMain+0x3ba) [0x55af52e5db1a]
53  /opt/conda/envs/gdf/bin/python(Py_BytesMain+0x37) [0x55af52e2e117]
54  /usr/lib/x86_64-linux-gnu/libc.so.6(__libc_start_main+0xf3) [0x7fe12b6e4083]
55  /opt/conda/envs/gdf/bin/python(+0x1c002e) [0x55af52e2e02e]
=================================
[dgx13:75895:0:75895] Caught signal 11 (Segmentation fault: address not mapped to object at address 0x5d9570)
==== backtrace (tid:  75895) ====
 0  /opt/conda/envs/gdf/lib/libucs.so.0(ucs_handle_error+0x2fd) [0x7f8b406b8c1d]
 1  /opt/conda/envs/gdf/lib/libucs.so.0(+0x2de11) [0x7f8b406b8e11]
 2  /opt/conda/envs/gdf/lib/libucs.so.0(+0x2dfda) [0x7f8b406b8fda]
 3  /usr/lib/x86_64-linux-gnu/libpthread.so.0(+0x14420) [0x7f8b8894d420]
 4  /opt/conda/envs/gdf/lib/libucp.so.0(ucp_mem_type_unpack+0x14) [0x7f8b4073c2d4]
 5  /opt/conda/envs/gdf/lib/libucp.so.0(ucp_rndv_data_handler+0x605) [0x7f8b40766495]
 6  /opt/conda/envs/gdf/lib/./libuct.so.0(+0x21a06) [0x7f8b4066fa06]
 7  /opt/conda/envs/gdf/lib/./libuct.so.0(+0x24ae8) [0x7f8b40672ae8]
 8  /opt/conda/envs/gdf/lib/libucs.so.0(ucs_event_set_wait+0xb1) [0x7f8b406c2411]
 9  /opt/conda/envs/gdf/lib/./libuct.so.0(uct_tcp_iface_progress+0x7d) [0x7f8b40671bbd]
10  /opt/conda/envs/gdf/lib/libucp.so.0(ucp_worker_progress+0x5a) [0x7f8b40738f1a]
11  /opt/conda/envs/gdf/lib/python3.10/site-packages/ucp/_libs/ucx_api.cpython-310-x86_64-linux-gnu.so(+0x31dca) [0x7f8b407f8dca]
12  /opt/conda/envs/gdf/bin/python(_PyEval_EvalFrameDefault+0x2c3e) [0x55cfcfe926de]
13  /opt/conda/envs/gdf/bin/python(_PyFunction_Vectorcall+0x6c) [0x55cfcfe9fb7c]
14  /opt/conda/envs/gdf/bin/python(_PyEval_EvalFrameDefault+0x6fd) [0x55cfcfe9019d]
15  /opt/conda/envs/gdf/bin/python(+0x1d62c9) [0x55cfcff3a2c9]
16  /opt/conda/envs/gdf/lib/python3.10/lib-dynload/_asyncio.cpython-310-x86_64-linux-gnu.so(+0x7782) [0x7f8b689b1782]
17  /opt/conda/envs/gdf/bin/python(_PyObject_MakeTpCall+0x2d3) [0x55cfcfe98a03]
18  /opt/conda/envs/gdf/bin/python(+0xf745f) [0x55cfcfe5b45f]
19  /opt/conda/envs/gdf/bin/python(+0x1331b3) [0x55cfcfe971b3]
20  /opt/conda/envs/gdf/bin/python(_PyEval_EvalFrameDefault+0x593b) [0x55cfcfe953db]
21  /opt/conda/envs/gdf/bin/python(_PyFunction_Vectorcall+0x6c) [0x55cfcfe9fb7c]
22  /opt/conda/envs/gdf/bin/python(_PyEval_EvalFrameDefault+0x6fd) [0x55cfcfe9019d]
23  /opt/conda/envs/gdf/bin/python(_PyFunction_Vectorcall+0x6c) [0x55cfcfe9fb7c]
24  /opt/conda/envs/gdf/bin/python(_PyEval_EvalFrameDefault+0x6fd) [0x55cfcfe9019d]
25  /opt/conda/envs/gdf/bin/python(_PyFunction_Vectorcall+0x6c) [0x55cfcfe9fb7c]
26  /opt/conda/envs/gdf/bin/python(_PyEval_EvalFrameDefault+0x6fd) [0x55cfcfe9019d]
27  /opt/conda/envs/gdf/bin/python(_PyFunction_Vectorcall+0x6c) [0x55cfcfe9fb7c]
28  /opt/conda/envs/gdf/bin/python(_PyEval_EvalFrameDefault+0x6fd) [0x55cfcfe9019d]
29  /opt/conda/envs/gdf/bin/python(_PyFunction_Vectorcall+0x6c) [0x55cfcfe9fb7c]
30  /opt/conda/envs/gdf/bin/python(_PyEval_EvalFrameDefault+0x1341) [0x55cfcfe90de1]
31  /opt/conda/envs/gdf/bin/python(+0x146fb2) [0x55cfcfeaafb2]
32  /opt/conda/envs/gdf/bin/python(PyObject_Call+0xbc) [0x55cfcfeab94c]
33  /opt/conda/envs/gdf/bin/python(+0x1ff72d) [0x55cfcff6372d]
34  /opt/conda/envs/gdf/bin/python(_PyObject_MakeTpCall+0x2d3) [0x55cfcfe98a03]
35  /opt/conda/envs/gdf/bin/python(_PyEval_EvalFrameDefault+0x2c3e) [0x55cfcfe926de]
36  /opt/conda/envs/gdf/bin/python(+0x147108) [0x55cfcfeab108]
37  /opt/conda/envs/gdf/bin/python(_PyEval_EvalFrameDefault+0x2c3e) [0x55cfcfe926de]
38  /opt/conda/envs/gdf/bin/python(_PyFunction_Vectorcall+0x6c) [0x55cfcfe9fb7c]
39  /opt/conda/envs/gdf/bin/python(_PyEval_EvalFrameDefault+0x6fd) [0x55cfcfe9019d]
40  /opt/conda/envs/gdf/bin/python(_PyFunction_Vectorcall+0x6c) [0x55cfcfe9fb7c]
41  /opt/conda/envs/gdf/bin/python(_PyEval_EvalFrameDefault+0x6fd) [0x55cfcfe9019d]
42  /opt/conda/envs/gdf/bin/python(_PyFunction_Vectorcall+0x6c) [0x55cfcfe9fb7c]
43  /opt/conda/envs/gdf/bin/python(_PyEval_EvalFrameDefault+0x309) [0x55cfcfe8fda9]
44  /opt/conda/envs/gdf/bin/python(_PyFunction_Vectorcall+0x6c) [0x55cfcfe9fb7c]
45  /opt/conda/envs/gdf/bin/python(_PyEval_EvalFrameDefault+0x1341) [0x55cfcfe90de1]
46  /opt/conda/envs/gdf/bin/python(+0x1cca8c) [0x55cfcff30a8c]
47  /opt/conda/envs/gdf/bin/python(PyEval_EvalCode+0x87) [0x55cfcff309d7]
48  /opt/conda/envs/gdf/bin/python(+0x1fceba) [0x55cfcff60eba]
49  /opt/conda/envs/gdf/bin/python(+0x1f8343) [0x55cfcff5c343]
50  /opt/conda/envs/gdf/bin/python(PyRun_StringFlags+0x7d) [0x55cfcff54add]
51  /opt/conda/envs/gdf/bin/python(PyRun_SimpleStringFlags+0x3c) [0x55cfcff5491c]
52  /opt/conda/envs/gdf/bin/python(Py_RunMain+0x3ba) [0x55cfcff53b1a]
53  /opt/conda/envs/gdf/bin/python(Py_BytesMain+0x37) [0x55cfcff24117]
54  /usr/lib/x86_64-linux-gnu/libc.so.6(__libc_start_main+0xf3) [0x7f8b88611083]
55  /opt/conda/envs/gdf/bin/python(+0x1c002e) [0x55cfcff2402e]
=================================
[dgx13:75875:0:75875] Caught signal 11 (Segmentation fault: address not mapped to object at address 0x450)
==== backtrace (tid:  75875) ====
 0  /opt/conda/envs/gdf/lib/libucs.so.0(ucs_handle_error+0x2fd) [0x7efec0f63c1d]
 1  /opt/conda/envs/gdf/lib/libucs.so.0(+0x2de11) [0x7efec0f63e11]
 2  /opt/conda/envs/gdf/lib/libucs.so.0(+0x2dfda) [0x7efec0f63fda]
 3  /usr/lib/x86_64-linux-gnu/libpthread.so.0(+0x14420) [0x7eff0d20f420]
 4  /opt/conda/envs/gdf/lib/libucp.so.0(ucp_mem_type_unpack+0x14) [0x7efec0fe72d4]
 5  /opt/conda/envs/gdf/lib/libucp.so.0(ucp_rndv_data_handler+0x605) [0x7efec1011495]
 6  /opt/conda/envs/gdf/lib/./libuct.so.0(+0x21a06) [0x7efec0f1aa06]
 7  /opt/conda/envs/gdf/lib/./libuct.so.0(+0x24ae8) [0x7efec0f1dae8]
 8  /opt/conda/envs/gdf/lib/libucs.so.0(ucs_event_set_wait+0xb1) [0x7efec0f6d411]
 9  /opt/conda/envs/gdf/lib/./libuct.so.0(uct_tcp_iface_progress+0x7d) [0x7efec0f1cbbd]
10  /opt/conda/envs/gdf/lib/libucp.so.0(ucp_worker_progress+0x5a) [0x7efec0fe3f1a]
11  /opt/conda/envs/gdf/lib/python3.10/site-packages/ucp/_libs/ucx_api.cpython-310-x86_64-linux-gnu.so(+0x31dca) [0x7efec10a3dca]
12  /opt/conda/envs/gdf/bin/python(_PyEval_EvalFrameDefault+0x2c3e) [0x55e60cf3d6de]
13  /opt/conda/envs/gdf/bin/python(_PyFunction_Vectorcall+0x6c) [0x55e60cf4ab7c]
14  /opt/conda/envs/gdf/bin/python(_PyEval_EvalFrameDefault+0x6fd) [0x55e60cf3b19d]
15  /opt/conda/envs/gdf/bin/python(+0x147234) [0x55e60cf56234]
16  /opt/conda/envs/gdf/bin/python(+0x252f7c) [0x55e60d061f7c]
17  /opt/conda/envs/gdf/bin/python(+0xf745f) [0x55e60cf0645f]
18  /opt/conda/envs/gdf/bin/python(+0x1331b3) [0x55e60cf421b3]
19  /opt/conda/envs/gdf/bin/python(_PyEval_EvalFrameDefault+0x593b) [0x55e60cf403db]
20  /opt/conda/envs/gdf/bin/python(_PyFunction_Vectorcall+0x6c) [0x55e60cf4ab7c]
21  /opt/conda/envs/gdf/bin/python(_PyEval_EvalFrameDefault+0x6fd) [0x55e60cf3b19d]
22  /opt/conda/envs/gdf/bin/python(_PyFunction_Vectorcall+0x6c) [0x55e60cf4ab7c]
23  /opt/conda/envs/gdf/bin/python(_PyEval_EvalFrameDefault+0x6fd) [0x55e60cf3b19d]
24  /opt/conda/envs/gdf/bin/python(_PyFunction_Vectorcall+0x6c) [0x55e60cf4ab7c]
25  /opt/conda/envs/gdf/bin/python(_PyEval_EvalFrameDefault+0x6fd) [0x55e60cf3b19d]
26  /opt/conda/envs/gdf/bin/python(_PyFunction_Vectorcall+0x6c) [0x55e60cf4ab7c]
27  /opt/conda/envs/gdf/bin/python(_PyEval_EvalFrameDefault+0x6fd) [0x55e60cf3b19d]
28  /opt/conda/envs/gdf/bin/python(_PyFunction_Vectorcall+0x6c) [0x55e60cf4ab7c]
29  /opt/conda/envs/gdf/bin/python(_PyEval_EvalFrameDefault+0x1341) [0x55e60cf3bde1]
30  /opt/conda/envs/gdf/bin/python(+0x146fb2) [0x55e60cf55fb2]
31  /opt/conda/envs/gdf/bin/python(PyObject_Call+0xbc) [0x55e60cf5694c]
32  /opt/conda/envs/gdf/bin/python(+0x1ff72d) [0x55e60d00e72d]
33  /opt/conda/envs/gdf/bin/python(_PyObject_MakeTpCall+0x2d3) [0x55e60cf43a03]
34  /opt/conda/envs/gdf/bin/python(_PyEval_EvalFrameDefault+0x2c3e) [0x55e60cf3d6de]
35  /opt/conda/envs/gdf/bin/python(+0x147108) [0x55e60cf56108]
36  /opt/conda/envs/gdf/bin/python(_PyEval_EvalFrameDefault+0x2c3e) [0x55e60cf3d6de]
37  /opt/conda/envs/gdf/bin/python(_PyFunction_Vectorcall+0x6c) [0x55e60cf4ab7c]
38  /opt/conda/envs/gdf/bin/python(_PyEval_EvalFrameDefault+0x6fd) [0x55e60cf3b19d]
39  /opt/conda/envs/gdf/bin/python(_PyFunction_Vectorcall+0x6c) [0x55e60cf4ab7c]
40  /opt/conda/envs/gdf/bin/python(_PyEval_EvalFrameDefault+0x6fd) [0x55e60cf3b19d]
41  /opt/conda/envs/gdf/bin/python(_PyFunction_Vectorcall+0x6c) [0x55e60cf4ab7c]
42  /opt/conda/envs/gdf/bin/python(_PyEval_EvalFrameDefault+0x309) [0x55e60cf3ada9]
43  /opt/conda/envs/gdf/bin/python(_PyFunction_Vectorcall+0x6c) [0x55e60cf4ab7c]
44  /opt/conda/envs/gdf/bin/python(_PyEval_EvalFrameDefault+0x1341) [0x55e60cf3bde1]
45  /opt/conda/envs/gdf/bin/python(+0x1cca8c) [0x55e60cfdba8c]
46  /opt/conda/envs/gdf/bin/python(PyEval_EvalCode+0x87) [0x55e60cfdb9d7]
47  /opt/conda/envs/gdf/bin/python(+0x1fceba) [0x55e60d00beba]
48  /opt/conda/envs/gdf/bin/python(+0x1f8343) [0x55e60d007343]
49  /opt/conda/envs/gdf/bin/python(PyRun_StringFlags+0x7d) [0x55e60cfffadd]
50  /opt/conda/envs/gdf/bin/python(PyRun_SimpleStringFlags+0x3c) [0x55e60cfff91c]
51  /opt/conda/envs/gdf/bin/python(Py_RunMain+0x3ba) [0x55e60cffeb1a]
52  /opt/conda/envs/gdf/bin/python(Py_BytesMain+0x37) [0x55e60cfcf117]
53  /usr/lib/x86_64-linux-gnu/libc.so.6(__libc_start_main+0xf3) [0x7eff0ced3083]
54  /opt/conda/envs/gdf/bin/python(+0x1c002e) [0x55e60cfcf02e]
=================================
2025-01-13 07:08:21,718 - distributed.worker - ERROR - Worker stream died during communication: ucx://127.0.0.1:44555
Traceback (most recent call last):
  File "/opt/conda/envs/gdf/lib/python3.10/site-packages/distributed/comm/ucx.py", line 393, in read
    await self.ep.recv(each_frame)
  File "/opt/conda/envs/gdf/lib/python3.10/site-packages/ucp/core.py", line 737, in recv
    ret = await comm.tag_recv(self._ep, buffer, nbytes, tag, name=log)
ucp._libs.exceptions.UCXError: <[Recv #007] ep: 0x7fc33c8d4180, tag: 0x6c4eb6f3fd1489b6, nbytes: 100000000, type: <class 'rmm.pylibrmm.device_buffer.DeviceBuffer'>>: Connection reset by remote peer

During handling of the above exception, another exception occurred:

Traceback (most recent call last):
  File "/opt/conda/envs/gdf/lib/python3.10/site-packages/distributed/worker.py", line 2075, in gather_dep
    response = await get_data_from_worker(
  File "/opt/conda/envs/gdf/lib/python3.10/site-packages/distributed/worker.py", line 2881, in get_data_from_worker
    response = await send_recv(
  File "/opt/conda/envs/gdf/lib/python3.10/site-packages/distributed/core.py", line 1018, in send_recv
    response = await comm.read(deserializers=deserializers)
  File "/opt/conda/envs/gdf/lib/python3.10/site-packages/distributed/utils.py", line 805, in wrapper
    return await func(*args, **kwargs)
  File "/opt/conda/envs/gdf/lib/python3.10/site-packages/distributed/comm/ucx.py", line 399, in read
    raise CommClosedError(
distributed.comm.core.CommClosedError: Connection closed by writer.
Inner exception: UCXError("<[Recv #007] ep: 0x7fc33c8d4180, tag: 0x6c4eb6f3fd1489b6, nbytes: 100000000, type: <class 'rmm.pylibrmm.device_buffer.DeviceBuffer'>>: Connection reset by remote peer")
2025-01-13 07:08:21,722 - distributed.scheduler - WARNING - Removing worker 'ucx://127.0.0.1:44555' caused the cluster to lose already computed task(s), which will be recomputed elsewhere: {('split-taskshuffle-42c82307b2f5928bce72459b455e28a0', 7, 6), ('split-taskshuffle-42c82307b2f5928bce72459b455e28a0', 2, 6), ('split-taskshuffle-42c82307b2f5928bce72459b455e28a0', 3, 5), ('split-taskshuffle-42c82307b2f5928bce72459b455e28a0', 4, 5), ('split-taskshuffle-42c82307b2f5928bce72459b455e28a0', 5, 5), ('split-taskshuffle-42c82307b2f5928bce72459b455e28a0', 0, 5), ('split-taskshuffle-42c82307b2f5928bce72459b455e28a0', 6, 5), ('split-taskshuffle-42c82307b2f5928bce72459b455e28a0', 7, 5), ('split-taskshuffle-42c82307b2f5928bce72459b455e28a0', 2, 5), ('split-taskshuffle-42c82307b2f5928bce72459b455e28a0', 3, 6), ('split-taskshuffle-42c82307b2f5928bce72459b455e28a0', 1, 6), ('split-taskshuffle-42c82307b2f5928bce72459b455e28a0', 4, 6), ('split-taskshuffle-42c82307b2f5928bce72459b455e28a0', 5, 6), ('split-taskshuffle-42c82307b2f5928bce72459b455e28a0', 0, 6), ('split-taskshuffle-42c82307b2f5928bce72459b455e28a0', 6, 6), ('split-taskshuffle-42c82307b2f5928bce72459b455e28a0', 1, 5)} (stimulus_id='handle-worker-cleanup-1736752101.722385')
2025-01-13 07:08:21,727 - distributed.worker - ERROR - failed during get data with ucx://127.0.0.1:44149 -> ucx://127.0.0.1:44555
Traceback (most recent call last):
  File "/opt/conda/envs/gdf/lib/python3.10/site-packages/distributed/comm/ucx.py", line 335, in write
    await self.ep.send(each_frame)
  File "/opt/conda/envs/gdf/lib/python3.10/site-packages/ucp/core.py", line 662, in send
    return await comm.tag_send(self._ep, buffer, nbytes, tag, name=log)
ucp._libs.exceptions.UCXError: <[Send #007] ep: 0x7f72b1183100, tag: 0x20bf2a557f19507e, nbytes: 100000000, type: <class 'cudf.core.buffer.buffer.Buffer'>>: Connection reset by remote peer

During handling of the above exception, another exception occurred:

Traceback (most recent call last):
  File "/opt/conda/envs/gdf/lib/python3.10/site-packages/distributed/worker.py", line 1796, in get_data
    compressed = await comm.write(msg, serializers=serializers)
  File "/opt/conda/envs/gdf/lib/python3.10/site-packages/distributed/utils.py", line 805, in wrapper
    return await func(*args, **kwargs)
  File "/opt/conda/envs/gdf/lib/python3.10/site-packages/distributed/comm/ucx.py", line 339, in write
    raise CommClosedError("While writing, the connection was closed")
distributed.comm.core.CommClosedError: While writing, the connection was closed
2025-01-13 07:08:21,729 - distributed.worker - ERROR - Worker stream died during communication: ucx://127.0.0.1:44555
Traceback (most recent call last):
  File "/opt/conda/envs/gdf/lib/python3.10/site-packages/distributed/comm/ucx.py", line 351, in read
    await self.ep.recv(msg)
  File "/opt/conda/envs/gdf/lib/python3.10/site-packages/ucp/core.py", line 737, in recv
    ret = await comm.tag_recv(self._ep, buffer, nbytes, tag, name=log)
ucp._libs.exceptions.UCXCanceled: <[Recv #000] ep: 0x7f72b1183280, tag: 0x325a95fe7f9b1de2, nbytes: 16, type: <class 'numpy.ndarray'>>: 

During handling of the above exception, another exception occurred:

Traceback (most recent call last):
  File "/opt/conda/envs/gdf/lib/python3.10/site-packages/distributed/worker.py", line 2075, in gather_dep
    response = await get_data_from_worker(
  File "/opt/conda/envs/gdf/lib/python3.10/site-packages/distributed/worker.py", line 2878, in get_data_from_worker
    comm = await rpc.connect(worker)
  File "/opt/conda/envs/gdf/lib/python3.10/site-packages/distributed/core.py", line 1539, in connect
    return connect_attempt.result()
  File "/opt/conda/envs/gdf/lib/python3.10/site-packages/distributed/core.py", line 1429, in _connect
    comm = await connect(
  File "/opt/conda/envs/gdf/lib/python3.10/site-packages/distributed/comm/core.py", line 377, in connect
    handshake = await comm.read()
  File "/opt/conda/envs/gdf/lib/python3.10/site-packages/distributed/utils.py", line 805, in wrapper
    return await func(*args, **kwargs)
  File "/opt/conda/envs/gdf/lib/python3.10/site-packages/distributed/comm/ucx.py", line 369, in read
    raise CommClosedError(
distributed.comm.core.CommClosedError: Connection closed by writer.
Inner exception: UCXCanceled("<[Recv #000] ep: 0x7f72b1183280, tag: 0x325a95fe7f9b1de2, nbytes: 16, type: <class 'numpy.ndarray'>>: ")
2025-01-13 07:08:21,740 - distributed.worker - ERROR - failed during get data with ucx://127.0.0.1:55967 -> ucx://127.0.0.1:44555
Traceback (most recent call last):
  File "/opt/conda/envs/gdf/lib/python3.10/site-packages/distributed/comm/ucx.py", line 335, in write
    await self.ep.send(each_frame)
  File "/opt/conda/envs/gdf/lib/python3.10/site-packages/ucp/core.py", line 662, in send
    return await comm.tag_send(self._ep, buffer, nbytes, tag, name=log)
ucp._libs.exceptions.UCXError: <[Send #008] ep: 0x7f619406a0c0, tag: 0xba90eed295f46d3e, nbytes: 100000000, type: <class 'cudf.core.buffer.buffer.Buffer'>>: Connection reset by remote peer

During handling of the above exception, another exception occurred:

Traceback (most recent call last):
  File "/opt/conda/envs/gdf/lib/python3.10/site-packages/distributed/worker.py", line 1796, in get_data
    compressed = await comm.write(msg, serializers=serializers)
  File "/opt/conda/envs/gdf/lib/python3.10/site-packages/distributed/utils.py", line 805, in wrapper
    return await func(*args, **kwargs)
  File "/opt/conda/envs/gdf/lib/python3.10/site-packages/distributed/comm/ucx.py", line 339, in write
    raise CommClosedError("While writing, the connection was closed")
distributed.comm.core.CommClosedError: While writing, the connection was closed
2025-01-13 07:08:21,742 - distributed.worker - ERROR - Worker stream died during communication: ucx://127.0.0.1:44555
Traceback (most recent call last):
  File "/opt/conda/envs/gdf/lib/python3.10/site-packages/distributed/comm/ucx.py", line 393, in read
    await self.ep.recv(each_frame)
  File "/opt/conda/envs/gdf/lib/python3.10/site-packages/ucp/core.py", line 737, in recv
    ret = await comm.tag_recv(self._ep, buffer, nbytes, tag, name=log)
ucp._libs.exceptions.UCXCanceled: <[Recv #008] ep: 0x7f619406a140, tag: 0x78f6393d09aa143e, nbytes: 100000000, type: <class 'rmm.pylibrmm.device_buffer.DeviceBuffer'>>: 

During handling of the above exception, another exception occurred:

Traceback (most recent call last):
  File "/opt/conda/envs/gdf/lib/python3.10/site-packages/distributed/worker.py", line 2075, in gather_dep
    response = await get_data_from_worker(
  File "/opt/conda/envs/gdf/lib/python3.10/site-packages/distributed/worker.py", line 2881, in get_data_from_worker
    response = await send_recv(
  File "/opt/conda/envs/gdf/lib/python3.10/site-packages/distributed/core.py", line 1018, in send_recv
    response = await comm.read(deserializers=deserializers)
  File "/opt/conda/envs/gdf/lib/python3.10/site-packages/distributed/utils.py", line 805, in wrapper
    return await func(*args, **kwargs)
  File "/opt/conda/envs/gdf/lib/python3.10/site-packages/distributed/comm/ucx.py", line 399, in read
    raise CommClosedError(
distributed.comm.core.CommClosedError: Connection closed by writer.
Inner exception: UCXCanceled("<[Recv #008] ep: 0x7f619406a140, tag: 0x78f6393d09aa143e, nbytes: 100000000, type: <class 'rmm.pylibrmm.device_buffer.DeviceBuffer'>>: ")
2025-01-13 07:08:21,813 - distributed.worker - ERROR - failed during get data with ucx://127.0.0.1:59161 -> ucx://127.0.0.1:36243
Traceback (most recent call last):
  File "/opt/conda/envs/gdf/lib/python3.10/site-packages/distributed/comm/ucx.py", line 335, in write
    await self.ep.send(each_frame)
  File "/opt/conda/envs/gdf/lib/python3.10/site-packages/ucp/core.py", line 662, in send
    return await comm.tag_send(self._ep, buffer, nbytes, tag, name=log)
ucp._libs.exceptions.UCXError: <[Send #008] ep: 0x7fc33c8d4380, tag: 0xf490bb96084ac839, nbytes: 100000000, type: <class 'cudf.core.buffer.buffer.Buffer'>>: Connection reset by remote peer

During handling of the above exception, another exception occurred:

Traceback (most recent call last):
  File "/opt/conda/envs/gdf/lib/python3.10/site-packages/distributed/worker.py", line 1796, in get_data
    compressed = await comm.write(msg, serializers=serializers)
  File "/opt/conda/envs/gdf/lib/python3.10/site-packages/distributed/utils.py", line 805, in wrapper
    return await func(*args, **kwargs)
  File "/opt/conda/envs/gdf/lib/python3.10/site-packages/distributed/comm/ucx.py", line 339, in write
    raise CommClosedError("While writing, the connection was closed")
distributed.comm.core.CommClosedError: While writing, the connection was closed
2025-01-13 07:08:21,813 - distributed.worker - ERROR - Worker stream died during communication: ucx://127.0.0.1:36243
Traceback (most recent call last):
  File "/opt/conda/envs/gdf/lib/python3.10/site-packages/distributed/comm/ucx.py", line 351, in read
    await self.ep.recv(msg)
  File "/opt/conda/envs/gdf/lib/python3.10/site-packages/ucp/core.py", line 737, in recv
    ret = await comm.tag_recv(self._ep, buffer, nbytes, tag, name=log)
ucp._libs.exceptions.UCXCanceled: <[Recv #003] ep: 0x7f72b1183380, tag: 0x318ae37fc1887b43, nbytes: 16, type: <class 'numpy.ndarray'>>: 

During handling of the above exception, another exception occurred:

Traceback (most recent call last):
  File "/opt/conda/envs/gdf/lib/python3.10/site-packages/distributed/worker.py", line 2075, in gather_dep
    response = await get_data_from_worker(
  File "/opt/conda/envs/gdf/lib/python3.10/site-packages/distributed/worker.py", line 2881, in get_data_from_worker
    response = await send_recv(
  File "/opt/conda/envs/gdf/lib/python3.10/site-packages/distributed/core.py", line 1018, in send_recv
    response = await comm.read(deserializers=deserializers)
  File "/opt/conda/envs/gdf/lib/python3.10/site-packages/distributed/utils.py", line 805, in wrapper
    return await func(*args, **kwargs)
  File "/opt/conda/envs/gdf/lib/python3.10/site-packages/distributed/comm/ucx.py", line 369, in read
    raise CommClosedError(
distributed.comm.core.CommClosedError: Connection closed by writer.
Inner exception: UCXCanceled("<[Recv #003] ep: 0x7f72b1183380, tag: 0x318ae37fc1887b43, nbytes: 16, type: <class 'numpy.ndarray'>>: ")
2025-01-13 07:08:21,814 - distributed.worker - ERROR - Worker stream died during communication: ucx://127.0.0.1:36243
Traceback (most recent call last):
  File "/opt/conda/envs/gdf/lib/python3.10/site-packages/distributed/comm/ucx.py", line 393, in read
    await self.ep.recv(each_frame)
  File "/opt/conda/envs/gdf/lib/python3.10/site-packages/ucp/core.py", line 737, in recv
    ret = await comm.tag_recv(self._ep, buffer, nbytes, tag, name=log)
ucp._libs.exceptions.UCXCanceled: <[Recv #009] ep: 0x7fc33c8d4240, tag: 0x6306af56699f4a93, nbytes: 100000000, type: <class 'rmm.pylibrmm.device_buffer.DeviceBuffer'>>: 

During handling of the above exception, another exception occurred:

Traceback (most recent call last):
  File "/opt/conda/envs/gdf/lib/python3.10/site-packages/distributed/worker.py", line 2075, in gather_dep
    response = await get_data_from_worker(
  File "/opt/conda/envs/gdf/lib/python3.10/site-packages/distributed/worker.py", line 2881, in get_data_from_worker
    response = await send_recv(
  File "/opt/conda/envs/gdf/lib/python3.10/site-packages/distributed/core.py", line 1018, in send_recv
    response = await comm.read(deserializers=deserializers)
  File "/opt/conda/envs/gdf/lib/python3.10/site-packages/distributed/utils.py", line 805, in wrapper
    return await func(*args, **kwargs)
  File "/opt/conda/envs/gdf/lib/python3.10/site-packages/distributed/comm/ucx.py", line 399, in read
    raise CommClosedError(
distributed.comm.core.CommClosedError: Connection closed by writer.
Inner exception: UCXCanceled("<[Recv #009] ep: 0x7fc33c8d4240, tag: 0x6306af56699f4a93, nbytes: 100000000, type: <class 'rmm.pylibrmm.device_buffer.DeviceBuffer'>>: ")
2025-01-13 07:08:21,814 - distributed.worker - ERROR - failed during get data with ucx://127.0.0.1:44149 -> ucx://127.0.0.1:36243
Traceback (most recent call last):
  File "/opt/conda/envs/gdf/lib/python3.10/site-packages/distributed/comm/ucx.py", line 335, in write
    await self.ep.send(each_frame)
  File "/opt/conda/envs/gdf/lib/python3.10/site-packages/ucp/core.py", line 662, in send
    return await comm.tag_send(self._ep, buffer, nbytes, tag, name=log)
ucp._libs.exceptions.UCXError: <[Send #007] ep: 0x7f72b1183240, tag: 0x8f35379cb5e9c603, nbytes: 100000000, type: <class 'cudf.core.buffer.buffer.Buffer'>>: Connection reset by remote peer

During handling of the above exception, another exception occurred:

Traceback (most recent call last):
  File "/opt/conda/envs/gdf/lib/python3.10/site-packages/distributed/worker.py", line 1796, in get_data
    compressed = await comm.write(msg, serializers=serializers)
  File "/opt/conda/envs/gdf/lib/python3.10/site-packages/distributed/utils.py", line 805, in wrapper
    return await func(*args, **kwargs)
  File "/opt/conda/envs/gdf/lib/python3.10/site-packages/distributed/comm/ucx.py", line 339, in write
    raise CommClosedError("While writing, the connection was closed")
distributed.comm.core.CommClosedError: While writing, the connection was closed
2025-01-13 07:08:21,814 - distributed.scheduler - WARNING - Removing worker 'ucx://127.0.0.1:36243' caused the cluster to lose already computed task(s), which will be recomputed elsewhere: {('split-taskshuffle-42c82307b2f5928bce72459b455e28a0', 1, 7), ('split-taskshuffle-42c82307b2f5928bce72459b455e28a0', 3, 7), ('split-taskshuffle-42c82307b2f5928bce72459b455e28a0', 4, 7), ('split-taskshuffle-42c82307b2f5928bce72459b455e28a0', 5, 7), ('split-taskshuffle-42c82307b2f5928bce72459b455e28a0', 0, 7), ('split-taskshuffle-42c82307b2f5928bce72459b455e28a0', 6, 7), ('generate_chunk-_to_string_dtype-a0180b72cbed01de5a9fb7d9b0e1ee1a', 1), ('split-taskshuffle-42c82307b2f5928bce72459b455e28a0', 7, 7), ('split-taskshuffle-42c82307b2f5928bce72459b455e28a0', 2, 7)} (stimulus_id='handle-worker-cleanup-1736752101.814602')
Task exception was never retrieved
future: <Task finished name='Task-167' coro=<_listener_handler_coroutine() done, defined at /opt/conda/envs/gdf/lib/python3.10/site-packages/ucp/core.py:140> exception=UCXError('<stream_send>: Connection reset by remote peer')>
Traceback (most recent call last):
  File "/opt/conda/envs/gdf/lib/python3.10/site-packages/ucp/core.py", line 155, in _listener_handler_coroutine
    peer_info = await exchange_peer_info(
  File "/opt/conda/envs/gdf/lib/python3.10/site-packages/ucp/core.py", line 51, in exchange_peer_info
    await asyncio.wait_for(
  File "/opt/conda/envs/gdf/lib/python3.10/asyncio/tasks.py", line 445, in wait_for
    return fut.result()
ucp._libs.exceptions.UCXError: <stream_send>: Connection reset by remote peer
2025-01-13 07:08:21,816 - distributed.worker - ERROR - Worker stream died during communication: ucx://127.0.0.1:36243
Traceback (most recent call last):
  File "/opt/conda/envs/gdf/lib/python3.10/site-packages/distributed/comm/ucx.py", line 351, in read
    await self.ep.recv(msg)
  File "/opt/conda/envs/gdf/lib/python3.10/site-packages/ucp/core.py", line 737, in recv
    ret = await comm.tag_recv(self._ep, buffer, nbytes, tag, name=log)
ucp._libs.exceptions.UCXCanceled: <[Recv #000] ep: 0x7f619406a280, tag: 0xc2180917295e183c, nbytes: 16, type: <class 'numpy.ndarray'>>: 

During handling of the above exception, another exception occurred:

Traceback (most recent call last):
  File "/opt/conda/envs/gdf/lib/python3.10/site-packages/distributed/worker.py", line 2075, in gather_dep
    response = await get_data_from_worker(
  File "/opt/conda/envs/gdf/lib/python3.10/site-packages/distributed/worker.py", line 2878, in get_data_from_worker
    comm = await rpc.connect(worker)
  File "/opt/conda/envs/gdf/lib/python3.10/site-packages/distributed/core.py", line 1539, in connect
    return connect_attempt.result()
  File "/opt/conda/envs/gdf/lib/python3.10/site-packages/distributed/core.py", line 1429, in _connect
    comm = await connect(
  File "/opt/conda/envs/gdf/lib/python3.10/site-packages/distributed/comm/core.py", line 377, in connect
    handshake = await comm.read()
  File "/opt/conda/envs/gdf/lib/python3.10/site-packages/distributed/utils.py", line 805, in wrapper
    return await func(*args, **kwargs)
  File "/opt/conda/envs/gdf/lib/python3.10/site-packages/distributed/comm/ucx.py", line 369, in read
    raise CommClosedError(
distributed.comm.core.CommClosedError: Connection closed by writer.
Inner exception: UCXCanceled("<[Recv #000] ep: 0x7f619406a280, tag: 0xc2180917295e183c, nbytes: 16, type: <class 'numpy.ndarray'>>: ")
2025-01-13 07:08:21,833 - distributed.worker - ERROR - Worker stream died during communication: ucx://127.0.0.1:35395
Traceback (most recent call last):
  File "/opt/conda/envs/gdf/lib/python3.10/site-packages/distributed/comm/ucx.py", line 351, in read
    await self.ep.recv(msg)
  File "/opt/conda/envs/gdf/lib/python3.10/site-packages/ucp/core.py", line 737, in recv
    ret = await comm.tag_recv(self._ep, buffer, nbytes, tag, name=log)
ucp._libs.exceptions.UCXCanceled: <[Recv #003] ep: 0x7fc33c8d4280, tag: 0xec9ceb893f1daf9e, nbytes: 16, type: <class 'numpy.ndarray'>>: 

During handling of the above exception, another exception occurred:

Traceback (most recent call last):
  File "/opt/conda/envs/gdf/lib/python3.10/site-packages/distributed/worker.py", line 2075, in gather_dep
    response = await get_data_from_worker(
  File "/opt/conda/envs/gdf/lib/python3.10/site-packages/distributed/worker.py", line 2881, in get_data_from_worker
    response = await send_recv(
  File "/opt/conda/envs/gdf/lib/python3.10/site-packages/distributed/core.py", line 1018, in send_recv
    response = await comm.read(deserializers=deserializers)
  File "/opt/conda/envs/gdf/lib/python3.10/site-packages/distributed/utils.py", line 805, in wrapper
    return await func(*args, **kwargs)
  File "/opt/conda/envs/gdf/lib/python3.10/site-packages/distributed/comm/ucx.py", line 369, in read
    raise CommClosedError(
distributed.comm.core.CommClosedError: Connection closed by writer.
Inner exception: UCXCanceled("<[Recv #003] ep: 0x7fc33c8d4280, tag: 0xec9ceb893f1daf9e, nbytes: 16, type: <class 'numpy.ndarray'>>: ")
2025-01-13 07:08:21,833 - distributed.worker - ERROR - failed during get data with ucx://127.0.0.1:44149 -> ucx://127.0.0.1:35395
Traceback (most recent call last):
  File "/opt/conda/envs/gdf/lib/python3.10/site-packages/distributed/comm/ucx.py", line 335, in write
    await self.ep.send(each_frame)
  File "/opt/conda/envs/gdf/lib/python3.10/site-packages/ucp/core.py", line 662, in send
    return await comm.tag_send(self._ep, buffer, nbytes, tag, name=log)
ucp._libs.exceptions.UCXError: <[Send #009] ep: 0x7f72b1183140, tag: 0x723d1130d6b464ae, nbytes: 100000000, type: <class 'cudf.core.buffer.buffer.Buffer'>>: Connection reset by remote peer

During handling of the above exception, another exception occurred:

Traceback (most recent call last):
  File "/opt/conda/envs/gdf/lib/python3.10/site-packages/distributed/worker.py", line 1796, in get_data
    compressed = await comm.write(msg, serializers=serializers)
  File "/opt/conda/envs/gdf/lib/python3.10/site-packages/distributed/utils.py", line 805, in wrapper
    return await func(*args, **kwargs)
  File "/opt/conda/envs/gdf/lib/python3.10/site-packages/distributed/comm/ucx.py", line 339, in write
    raise CommClosedError("While writing, the connection was closed")
distributed.comm.core.CommClosedError: While writing, the connection was closed
2025-01-13 07:08:21,834 - distributed.worker - ERROR - Worker stream died during communication: ucx://127.0.0.1:35395
Traceback (most recent call last):
  File "/opt/conda/envs/gdf/lib/python3.10/site-packages/distributed/comm/ucx.py", line 393, in read
    await self.ep.recv(each_frame)
  File "/opt/conda/envs/gdf/lib/python3.10/site-packages/ucp/core.py", line 737, in recv
    ret = await comm.tag_recv(self._ep, buffer, nbytes, tag, name=log)
ucp._libs.exceptions.UCXCanceled: <[Recv #008] ep: 0x7f72b1183340, tag: 0x5c3eb62fd902e5d4, nbytes: 100000000, type: <class 'rmm.pylibrmm.device_buffer.DeviceBuffer'>>: 

During handling of the above exception, another exception occurred:

Traceback (most recent call last):
  File "/opt/conda/envs/gdf/lib/python3.10/site-packages/distributed/worker.py", line 2075, in gather_dep
    response = await get_data_from_worker(
  File "/opt/conda/envs/gdf/lib/python3.10/site-packages/distributed/worker.py", line 2881, in get_data_from_worker
    response = await send_recv(
  File "/opt/conda/envs/gdf/lib/python3.10/site-packages/distributed/core.py", line 1018, in send_recv
    response = await comm.read(deserializers=deserializers)
  File "/opt/conda/envs/gdf/lib/python3.10/site-packages/distributed/utils.py", line 805, in wrapper
    return await func(*args, **kwargs)
  File "/opt/conda/envs/gdf/lib/python3.10/site-packages/distributed/comm/ucx.py", line 399, in read
    raise CommClosedError(
distributed.comm.core.CommClosedError: Connection closed by writer.
Inner exception: UCXCanceled("<[Recv #008] ep: 0x7f72b1183340, tag: 0x5c3eb62fd902e5d4, nbytes: 100000000, type: <class 'rmm.pylibrmm.device_buffer.DeviceBuffer'>>: ")
2025-01-13 07:08:21,834 - distributed.worker - ERROR - failed during get data with ucx://127.0.0.1:59161 -> ucx://127.0.0.1:35395
Traceback (most recent call last):
  File "/opt/conda/envs/gdf/lib/python3.10/site-packages/distributed/comm/ucx.py", line 335, in write
    await self.ep.send(each_frame)
  File "/opt/conda/envs/gdf/lib/python3.10/site-packages/ucp/core.py", line 662, in send
    return await comm.tag_send(self._ep, buffer, nbytes, tag, name=log)
ucp._libs.exceptions.UCXError: <[Send #007] ep: 0x7fc33c8d4140, tag: 0xa927099b30c59c3f, nbytes: 100000000, type: <class 'cudf.core.buffer.buffer.Buffer'>>: Connection reset by remote peer

During handling of the above exception, another exception occurred:

Traceback (most recent call last):
  File "/opt/conda/envs/gdf/lib/python3.10/site-packages/distributed/worker.py", line 1796, in get_data
    compressed = await comm.write(msg, serializers=serializers)
  File "/opt/conda/envs/gdf/lib/python3.10/site-packages/distributed/utils.py", line 805, in wrapper
    return await func(*args, **kwargs)
  File "/opt/conda/envs/gdf/lib/python3.10/site-packages/distributed/comm/ucx.py", line 339, in write
    raise CommClosedError("While writing, the connection was closed")
distributed.comm.core.CommClosedError: While writing, the connection was closed
2025-01-13 07:08:21,835 - distributed.scheduler - WARNING - Removing worker 'ucx://127.0.0.1:35395' caused the cluster to lose already computed task(s), which will be recomputed elsewhere: {('split-taskshuffle-42c82307b2f5928bce72459b455e28a0', 1, 4), ('generate_chunk-_to_string_dtype-a0180b72cbed01de5a9fb7d9b0e1ee1a', 2), ('split-taskshuffle-42c82307b2f5928bce72459b455e28a0', 3, 4), ('split-taskshuffle-42c82307b2f5928bce72459b455e28a0', 5, 4), ('split-taskshuffle-42c82307b2f5928bce72459b455e28a0', 0, 4), ('split-taskshuffle-42c82307b2f5928bce72459b455e28a0', 6, 4), ('split-taskshuffle-42c82307b2f5928bce72459b455e28a0', 7, 4), ('split-taskshuffle-42c82307b2f5928bce72459b455e28a0', 2, 4)} (stimulus_id='handle-worker-cleanup-1736752101.8347828')
2025-01-13 07:08:21,835 - distributed.worker - ERROR - failed during get data with ucx://127.0.0.1:55967 -> ucx://127.0.0.1:35395
Traceback (most recent call last):
  File "/opt/conda/envs/gdf/lib/python3.10/site-packages/distributed/comm/ucx.py", line 335, in write
    await self.ep.send(each_frame)
  File "/opt/conda/envs/gdf/lib/python3.10/site-packages/ucp/core.py", line 662, in send
    return await comm.tag_send(self._ep, buffer, nbytes, tag, name=log)
ucp._libs.exceptions.UCXError: <[Send #007] ep: 0x7f619406a100, tag: 0xc7d2e3169dd0d1b6, nbytes: 100000000, type: <class 'cudf.core.buffer.buffer.Buffer'>>: Connection reset by remote peer

During handling of the above exception, another exception occurred:

Traceback (most recent call last):
  File "/opt/conda/envs/gdf/lib/python3.10/site-packages/distributed/worker.py", line 1796, in get_data
    compressed = await comm.write(msg, serializers=serializers)
  File "/opt/conda/envs/gdf/lib/python3.10/site-packages/distributed/utils.py", line 805, in wrapper
    return await func(*args, **kwargs)
  File "/opt/conda/envs/gdf/lib/python3.10/site-packages/distributed/comm/ucx.py", line 339, in write
    raise CommClosedError("While writing, the connection was closed")
distributed.comm.core.CommClosedError: While writing, the connection was closed
2025-01-13 07:08:21,836 - distributed.worker - ERROR - Worker stream died during communication: ucx://127.0.0.1:35395
Traceback (most recent call last):
  File "/opt/conda/envs/gdf/lib/python3.10/site-packages/distributed/comm/ucx.py", line 393, in read
    await self.ep.recv(each_frame)
  File "/opt/conda/envs/gdf/lib/python3.10/site-packages/ucp/core.py", line 737, in recv
    ret = await comm.tag_recv(self._ep, buffer, nbytes, tag, name=log)
ucp._libs.exceptions.UCXError: <[Recv #007] ep: 0x7f619406a240, tag: 0xad7693bf2a207a10, nbytes: 100000000, type: <class 'rmm.pylibrmm.device_buffer.DeviceBuffer'>>: Connection reset by remote peer

During handling of the above exception, another exception occurred:

Traceback (most recent call last):
  File "/opt/conda/envs/gdf/lib/python3.10/site-packages/distributed/worker.py", line 2075, in gather_dep
    response = await get_data_from_worker(
  File "/opt/conda/envs/gdf/lib/python3.10/site-packages/distributed/worker.py", line 2881, in get_data_from_worker
    response = await send_recv(
  File "/opt/conda/envs/gdf/lib/python3.10/site-packages/distributed/core.py", line 1018, in send_recv
    response = await comm.read(deserializers=deserializers)
  File "/opt/conda/envs/gdf/lib/python3.10/site-packages/distributed/utils.py", line 805, in wrapper
    return await func(*args, **kwargs)
  File "/opt/conda/envs/gdf/lib/python3.10/site-packages/distributed/comm/ucx.py", line 399, in read
    raise CommClosedError(
distributed.comm.core.CommClosedError: Connection closed by writer.
Inner exception: UCXError("<[Recv #007] ep: 0x7f619406a240, tag: 0xad7693bf2a207a10, nbytes: 100000000, type: <class 'rmm.pylibrmm.device_buffer.DeviceBuffer'>>: Connection reset by remote peer")
2025-01-13 07:08:21,849 - distributed.scheduler - WARNING - Removing worker 'ucx://127.0.0.1:46283' caused the cluster to lose already computed task(s), which will be recomputed elsewhere: {('split-taskshuffle-42c82307b2f5928bce72459b455e28a0', 3, 2), ('generate_chunk-_to_string_dtype-a0180b72cbed01de5a9fb7d9b0e1ee1a', 3), ('split-taskshuffle-42c82307b2f5928bce72459b455e28a0', 4, 2), ('split-taskshuffle-42c82307b2f5928bce72459b455e28a0', 5, 2), ('split-taskshuffle-42c82307b2f5928bce72459b455e28a0', 0, 2), ('split-taskshuffle-42c82307b2f5928bce72459b455e28a0', 6, 2), ('split-taskshuffle-42c82307b2f5928bce72459b455e28a0', 7, 2), ('split-taskshuffle-42c82307b2f5928bce72459b455e28a0', 2, 2), ('split-taskshuffle-42c82307b2f5928bce72459b455e28a0', 4, 4), ('split-taskshuffle-42c82307b2f5928bce72459b455e28a0', 1, 2), ('generate_chunk-_to_string_dtype-a0180b72cbed01de5a9fb7d9b0e1ee1a', 0)} (stimulus_id='handle-worker-cleanup-1736752101.8488767')
2025-01-13 07:08:21,851 - distributed.worker - ERROR - failed during get data with ucx://127.0.0.1:59161 -> ucx://127.0.0.1:46283
Traceback (most recent call last):
  File "/opt/conda/envs/gdf/lib/python3.10/site-packages/distributed/comm/ucx.py", line 335, in write
    await self.ep.send(each_frame)
  File "/opt/conda/envs/gdf/lib/python3.10/site-packages/ucp/core.py", line 662, in send
    return await comm.tag_send(self._ep, buffer, nbytes, tag, name=log)
ucp._libs.exceptions.UCXError: <[Send #007] ep: 0x7fc33c8d4340, tag: 0x95b65333ff16bd68, nbytes: 100000000, type: <class 'cudf.core.buffer.buffer.Buffer'>>: Connection reset by remote peer

During handling of the above exception, another exception occurred:

Traceback (most recent call last):
  File "/opt/conda/envs/gdf/lib/python3.10/site-packages/distributed/worker.py", line 1796, in get_data
    compressed = await comm.write(msg, serializers=serializers)
  File "/opt/conda/envs/gdf/lib/python3.10/site-packages/distributed/utils.py", line 805, in wrapper
    return await func(*args, **kwargs)
  File "/opt/conda/envs/gdf/lib/python3.10/site-packages/distributed/comm/ucx.py", line 339, in write
    raise CommClosedError("While writing, the connection was closed")
distributed.comm.core.CommClosedError: While writing, the connection was closed
2025-01-13 07:08:21,852 - distributed.worker - ERROR - failed during get data with ucx://127.0.0.1:59161 -> ucx://127.0.0.1:44555
Traceback (most recent call last):
  File "/opt/conda/envs/gdf/lib/python3.10/site-packages/distributed/comm/ucx.py", line 335, in write
    await self.ep.send(each_frame)
  File "/opt/conda/envs/gdf/lib/python3.10/site-packages/ucp/core.py", line 662, in send
    return await comm.tag_send(self._ep, buffer, nbytes, tag, name=log)
ucp._libs.exceptions.UCXError: <[Send #007] ep: 0x7fc33c8d4100, tag: 0x9020236514b4aab2, nbytes: 100000000, type: <class 'cudf.core.buffer.buffer.Buffer'>>: Connection reset by remote peer

During handling of the above exception, another exception occurred:

Traceback (most recent call last):
  File "/opt/conda/envs/gdf/lib/python3.10/site-packages/distributed/worker.py", line 1796, in get_data
    compressed = await comm.write(msg, serializers=serializers)
  File "/opt/conda/envs/gdf/lib/python3.10/site-packages/distributed/utils.py", line 805, in wrapper
    return await func(*args, **kwargs)
  File "/opt/conda/envs/gdf/lib/python3.10/site-packages/distributed/comm/ucx.py", line 339, in write
    raise CommClosedError("While writing, the connection was closed")
distributed.comm.core.CommClosedError: While writing, the connection was closed
2025-01-13 07:08:21,853 - distributed.worker - ERROR - Worker stream died during communication: ucx://127.0.0.1:46283
Traceback (most recent call last):
  File "/opt/conda/envs/gdf/lib/python3.10/site-packages/distributed/comm/ucx.py", line 351, in read
    await self.ep.recv(msg)
  File "/opt/conda/envs/gdf/lib/python3.10/site-packages/ucp/core.py", line 737, in recv
    ret = await comm.tag_recv(self._ep, buffer, nbytes, tag, name=log)
ucp._libs.exceptions.UCXCanceled: <[Recv #003] ep: 0x7fc33c8d41c0, tag: 0xdc917a103c9b143a, nbytes: 16, type: <class 'numpy.ndarray'>>: 

During handling of the above exception, another exception occurred:

Traceback (most recent call last):
  File "/opt/conda/envs/gdf/lib/python3.10/site-packages/distributed/worker.py", line 2075, in gather_dep
    response = await get_data_from_worker(
  File "/opt/conda/envs/gdf/lib/python3.10/site-packages/distributed/worker.py", line 2881, in get_data_from_worker
    response = await send_recv(
  File "/opt/conda/envs/gdf/lib/python3.10/site-packages/distributed/core.py", line 1018, in send_recv
    response = await comm.read(deserializers=deserializers)
  File "/opt/conda/envs/gdf/lib/python3.10/site-packages/distributed/utils.py", line 805, in wrapper
    return await func(*args, **kwargs)
  File "/opt/conda/envs/gdf/lib/python3.10/site-packages/distributed/comm/ucx.py", line 369, in read
    raise CommClosedError(
distributed.comm.core.CommClosedError: Connection closed by writer.
Inner exception: UCXCanceled("<[Recv #003] ep: 0x7fc33c8d41c0, tag: 0xdc917a103c9b143a, nbytes: 16, type: <class 'numpy.ndarray'>>: ")
2025-01-13 07:08:21,849 - distributed.worker - ERROR - Worker stream died during communication: ucx://127.0.0.1:46283
Traceback (most recent call last):
  File "/opt/conda/envs/gdf/lib/python3.10/site-packages/distributed/comm/ucx.py", line 393, in read
    await self.ep.recv(each_frame)
  File "/opt/conda/envs/gdf/lib/python3.10/site-packages/ucp/core.py", line 737, in recv
    ret = await comm.tag_recv(self._ep, buffer, nbytes, tag, name=log)
ucp._libs.exceptions.UCXError: <[Recv #007] ep: 0x7f619406a180, tag: 0xd7dca15c887739c, nbytes: 100000000, type: <class 'rmm.pylibrmm.device_buffer.DeviceBuffer'>>: Connection reset by remote peer

During handling of the above exception, another exception occurred:

Traceback (most recent call last):
  File "/opt/conda/envs/gdf/lib/python3.10/site-packages/distributed/worker.py", line 2075, in gather_dep
    response = await get_data_from_worker(
  File "/opt/conda/envs/gdf/lib/python3.10/site-packages/distributed/worker.py", line 2881, in get_data_from_worker
    response = await send_recv(
  File "/opt/conda/envs/gdf/lib/python3.10/site-packages/distributed/core.py", line 1018, in send_recv
    response = await comm.read(deserializers=deserializers)
  File "/opt/conda/envs/gdf/lib/python3.10/site-packages/distributed/utils.py", line 805, in wrapper
    return await func(*args, **kwargs)
  File "/opt/conda/envs/gdf/lib/python3.10/site-packages/distributed/comm/ucx.py", line 399, in read
    raise CommClosedError(
distributed.comm.core.CommClosedError: Connection closed by writer.
Inner exception: UCXError("<[Recv #007] ep: 0x7f619406a180, tag: 0xd7dca15c887739c, nbytes: 100000000, type: <class 'rmm.pylibrmm.device_buffer.DeviceBuffer'>>: Connection reset by remote peer")
2025-01-13 07:08:21,854 - distributed.worker - ERROR - failed during get data with ucx://127.0.0.1:55967 -> ucx://127.0.0.1:46283
Traceback (most recent call last):
  File "/opt/conda/envs/gdf/lib/python3.10/site-packages/distributed/comm/ucx.py", line 335, in write
    await self.ep.send(each_frame)
  File "/opt/conda/envs/gdf/lib/python3.10/site-packages/ucp/core.py", line 662, in send
    return await comm.tag_send(self._ep, buffer, nbytes, tag, name=log)
ucp._libs.exceptions.UCXError: <[Send #007] ep: 0x7f619406a2c0, tag: 0x2c88c2863c55101, nbytes: 100000000, type: <class 'cudf.core.buffer.buffer.Buffer'>>: Connection reset by remote peer

During handling of the above exception, another exception occurred:

Traceback (most recent call last):
  File "/opt/conda/envs/gdf/lib/python3.10/site-packages/distributed/worker.py", line 1796, in get_data
    compressed = await comm.write(msg, serializers=serializers)
  File "/opt/conda/envs/gdf/lib/python3.10/site-packages/distributed/utils.py", line 805, in wrapper
    return await func(*args, **kwargs)
  File "/opt/conda/envs/gdf/lib/python3.10/site-packages/distributed/comm/ucx.py", line 339, in write
    raise CommClosedError("While writing, the connection was closed")
distributed.comm.core.CommClosedError: While writing, the connection was closed
2025-01-13 07:08:21,897 - distributed.nanny - WARNING - Restarting worker
2025-01-13 07:08:21,850 - distributed.worker - ERROR - Worker stream died during communication: ucx://127.0.0.1:46283
Traceback (most recent call last):
  File "/opt/conda/envs/gdf/lib/python3.10/site-packages/distributed/comm/ucx.py", line 351, in read
    await self.ep.recv(msg)
  File "/opt/conda/envs/gdf/lib/python3.10/site-packages/ucp/core.py", line 737, in recv
    ret = await comm.tag_recv(self._ep, buffer, nbytes, tag, name=log)
ucp._libs.exceptions.UCXCanceled: <[Recv #000] ep: 0x7f72b1183300, tag: 0x83bb00bdeea2e0df, nbytes: 16, type: <class 'numpy.ndarray'>>: 

During handling of the above exception, another exception occurred:

Traceback (most recent call last):
  File "/opt/conda/envs/gdf/lib/python3.10/site-packages/distributed/worker.py", line 2075, in gather_dep
    response = await get_data_from_worker(
  File "/opt/conda/envs/gdf/lib/python3.10/site-packages/distributed/worker.py", line 2878, in get_data_from_worker
    comm = await rpc.connect(worker)
  File "/opt/conda/envs/gdf/lib/python3.10/site-packages/distributed/core.py", line 1539, in connect
    return connect_attempt.result()
  File "/opt/conda/envs/gdf/lib/python3.10/site-packages/distributed/core.py", line 1429, in _connect
    comm = await connect(
  File "/opt/conda/envs/gdf/lib/python3.10/site-packages/distributed/comm/core.py", line 377, in connect
    handshake = await comm.read()
  File "/opt/conda/envs/gdf/lib/python3.10/site-packages/distributed/utils.py", line 805, in wrapper
    return await func(*args, **kwargs)
  File "/opt/conda/envs/gdf/lib/python3.10/site-packages/distributed/comm/ucx.py", line 369, in read
    raise CommClosedError(
distributed.comm.core.CommClosedError: Connection closed by writer.
Inner exception: UCXCanceled("<[Recv #000] ep: 0x7f72b1183300, tag: 0x83bb00bdeea2e0df, nbytes: 16, type: <class 'numpy.ndarray'>>: ")
2025-01-13 07:08:22,025 - distributed.nanny - WARNING - Restarting worker
2025-01-13 07:08:22,801 - distributed.nanny - WARNING - Restarting worker
2025-01-13 07:08:22,803 - distributed.nanny - WARNING - Restarting worker
[dgx13:76231:0:76231] Caught signal 11 (Segmentation fault: address not mapped to object at address 0x450)
==== backtrace (tid:  76231) ====
 0  /opt/conda/envs/gdf/lib/libucs.so.0(ucs_handle_error+0x2fd) [0x7f3bd76f9c1d]
 1  /opt/conda/envs/gdf/lib/libucs.so.0(+0x2de11) [0x7f3bd76f9e11]
 2  /opt/conda/envs/gdf/lib/libucs.so.0(+0x2dfda) [0x7f3bd76f9fda]
 3  /usr/lib/x86_64-linux-gnu/libpthread.so.0(+0x14420) [0x7f3c238ac420]
 4  /opt/conda/envs/gdf/lib/libucp.so.0(ucp_mem_type_unpack+0x14) [0x7f3bd777d2d4]
 5  /opt/conda/envs/gdf/lib/libucp.so.0(ucp_rndv_data_handler+0x605) [0x7f3bd77a7495]
 6  /opt/conda/envs/gdf/lib/./libuct.so.0(+0x21a06) [0x7f3bd76b0a06]
 7  /opt/conda/envs/gdf/lib/./libuct.so.0(+0x24ae8) [0x7f3bd76b3ae8]
 8  /opt/conda/envs/gdf/lib/libucs.so.0(ucs_event_set_wait+0xb1) [0x7f3bd7703411]
 9  /opt/conda/envs/gdf/lib/./libuct.so.0(uct_tcp_iface_progress+0x7d) [0x7f3bd76b2bbd]
10  /opt/conda/envs/gdf/lib/libucp.so.0(ucp_worker_progress+0x5a) [0x7f3bd7779f1a]
11  /opt/conda/envs/gdf/lib/python3.10/site-packages/ucp/_libs/ucx_api.cpython-310-x86_64-linux-gnu.so(+0x31dca) [0x7f3bd7839dca]
12  /opt/conda/envs/gdf/bin/python(_PyEval_EvalFrameDefault+0x2c3e) [0x557bc88e86de]
13  /opt/conda/envs/gdf/bin/python(_PyFunction_Vectorcall+0x6c) [0x557bc88f5b7c]
14  /opt/conda/envs/gdf/bin/python(_PyEval_EvalFrameDefault+0x6fd) [0x557bc88e619d]
15  /opt/conda/envs/gdf/bin/python(+0x1d62c9) [0x557bc89902c9]
16  /opt/conda/envs/gdf/lib/python3.10/lib-dynload/_asyncio.cpython-310-x86_64-linux-gnu.so(+0x7782) [0x7f3c03911782]
17  /opt/conda/envs/gdf/bin/python(_PyObject_MakeTpCall+0x2d3) [0x557bc88eea03]
18  /opt/conda/envs/gdf/bin/python(+0xf745f) [0x557bc88b145f]
19  /opt/conda/envs/gdf/bin/python(+0x1331b3) [0x557bc88ed1b3]
20  /opt/conda/envs/gdf/bin/python(_PyEval_EvalFrameDefault+0x593b) [0x557bc88eb3db]
21  /opt/conda/envs/gdf/bin/python(_PyFunction_Vectorcall+0x6c) [0x557bc88f5b7c]
22  /opt/conda/envs/gdf/bin/python(_PyEval_EvalFrameDefault+0x6fd) [0x557bc88e619d]
23  /opt/conda/envs/gdf/bin/python(_PyFunction_Vectorcall+0x6c) [0x557bc88f5b7c]
24  /opt/conda/envs/gdf/bin/python(_PyEval_EvalFrameDefault+0x6fd) [0x557bc88e619d]
25  /opt/conda/envs/gdf/bin/python(_PyFunction_Vectorcall+0x6c) [0x557bc88f5b7c]
26  /opt/conda/envs/gdf/bin/python(_PyEval_EvalFrameDefault+0x6fd) [0x557bc88e619d]
27  /opt/conda/envs/gdf/bin/python(_PyFunction_Vectorcall+0x6c) [0x557bc88f5b7c]
28  /opt/conda/envs/gdf/bin/python(_PyEval_EvalFrameDefault+0x6fd) [0x557bc88e619d]
29  /opt/conda/envs/gdf/bin/python(_PyFunction_Vectorcall+0x6c) [0x557bc88f5b7c]
30  /opt/conda/envs/gdf/bin/python(_PyEval_EvalFrameDefault+0x1341) [0x557bc88e6de1]
31  /opt/conda/envs/gdf/bin/python(+0x146fb2) [0x557bc8900fb2]
32  /opt/conda/envs/gdf/bin/python(PyObject_Call+0xbc) [0x557bc890194c]
33  /opt/conda/envs/gdf/bin/python(+0x1ff72d) [0x557bc89b972d]
34  /opt/conda/envs/gdf/bin/python(_PyObject_MakeTpCall+0x2d3) [0x557bc88eea03]
35  /opt/conda/envs/gdf/bin/python(_PyEval_EvalFrameDefault+0x2c3e) [0x557bc88e86de]
36  /opt/conda/envs/gdf/bin/python(+0x147108) [0x557bc8901108]
37  /opt/conda/envs/gdf/bin/python(_PyEval_EvalFrameDefault+0x2c3e) [0x557bc88e86de]
38  /opt/conda/envs/gdf/bin/python(_PyFunction_Vectorcall+0x6c) [0x557bc88f5b7c]
39  /opt/conda/envs/gdf/bin/python(_PyEval_EvalFrameDefault+0x6fd) [0x557bc88e619d]
40  /opt/conda/envs/gdf/bin/python(_PyFunction_Vectorcall+0x6c) [0x557bc88f5b7c]
41  /opt/conda/envs/gdf/bin/python(_PyEval_EvalFrameDefault+0x6fd) [0x557bc88e619d]
42  /opt/conda/envs/gdf/bin/python(_PyFunction_Vectorcall+0x6c) [0x557bc88f5b7c]
43  /opt/conda/envs/gdf/bin/python(_PyEval_EvalFrameDefault+0x309) [0x557bc88e5da9]
44  /opt/conda/envs/gdf/bin/python(_PyFunction_Vectorcall+0x6c) [0x557bc88f5b7c]
45  /opt/conda/envs/gdf/bin/python(_PyEval_EvalFrameDefault+0x1341) [0x557bc88e6de1]
46  /opt/conda/envs/gdf/bin/python(+0x1cca8c) [0x557bc8986a8c]
47  /opt/conda/envs/gdf/bin/python(PyEval_EvalCode+0x87) [0x557bc89869d7]
48  /opt/conda/envs/gdf/bin/python(+0x1fceba) [0x557bc89b6eba]
49  /opt/conda/envs/gdf/bin/python(+0x1f8343) [0x557bc89b2343]
50  /opt/conda/envs/gdf/bin/python(PyRun_StringFlags+0x7d) [0x557bc89aaadd]
51  /opt/conda/envs/gdf/bin/python(PyRun_SimpleStringFlags+0x3c) [0x557bc89aa91c]
52  /opt/conda/envs/gdf/bin/python(Py_RunMain+0x3ba) [0x557bc89a9b1a]
53  /opt/conda/envs/gdf/bin/python(Py_BytesMain+0x37) [0x557bc897a117]
54  /usr/lib/x86_64-linux-gnu/libc.so.6(__libc_start_main+0xf3) [0x7f3c23570083]
55  /opt/conda/envs/gdf/bin/python(+0x1c002e) [0x557bc897a02e]
=================================
[dgx13:76235:0:76235] Caught signal 11 (Segmentation fault: address not mapped to object at address 0x450)
==== backtrace (tid:  76235) ====
 0  /opt/conda/envs/gdf/lib/libucs.so.0(ucs_handle_error+0x2fd) [0x7f778c063c1d]
 1  /opt/conda/envs/gdf/lib/libucs.so.0(+0x2de11) [0x7f778c063e11]
 2  /opt/conda/envs/gdf/lib/libucs.so.0(+0x2dfda) [0x7f778c063fda]
 3  /usr/lib/x86_64-linux-gnu/libpthread.so.0(+0x14420) [0x7f77d363a420]
 4  /opt/conda/envs/gdf/lib/libucp.so.0(ucp_mem_type_unpack+0x14) [0x7f778747c2d4]
 5  /opt/conda/envs/gdf/lib/libucp.so.0(ucp_rndv_data_handler+0x605) [0x7f77874a6495]
 6  /opt/conda/envs/gdf/lib/./libuct.so.0(+0x21a06) [0x7f7787413a06]
 7  /opt/conda/envs/gdf/lib/./libuct.so.0(+0x24ae8) [0x7f7787416ae8]
 8  /opt/conda/envs/gdf/lib/libucs.so.0(ucs_event_set_wait+0xb1) [0x7f778c06d411]
 9  /opt/conda/envs/gdf/lib/./libuct.so.0(uct_tcp_iface_progress+0x7d) [0x7f7787415bbd]
10  /opt/conda/envs/gdf/lib/libucp.so.0(ucp_worker_progress+0x5a) [0x7f7787478f1a]
11  /opt/conda/envs/gdf/lib/python3.10/site-packages/ucp/_libs/ucx_api.cpython-310-x86_64-linux-gnu.so(+0x31dca) [0x7f7787538dca]
12  /opt/conda/envs/gdf/bin/python(_PyEval_EvalFrameDefault+0x2c3e) [0x5614681e06de]
13  /opt/conda/envs/gdf/bin/python(_PyFunction_Vectorcall+0x6c) [0x5614681edb7c]
14  /opt/conda/envs/gdf/bin/python(_PyEval_EvalFrameDefault+0x6fd) [0x5614681de19d]
15  /opt/conda/envs/gdf/bin/python(+0x147234) [0x5614681f9234]
16  /opt/conda/envs/gdf/bin/python(+0x252f7c) [0x561468304f7c]
17  /opt/conda/envs/gdf/bin/python(+0xf745f) [0x5614681a945f]
18  /opt/conda/envs/gdf/bin/python(+0x1331b3) [0x5614681e51b3]
19  /opt/conda/envs/gdf/bin/python(_PyEval_EvalFrameDefault+0x593b) [0x5614681e33db]
20  /opt/conda/envs/gdf/bin/python(_PyFunction_Vectorcall+0x6c) [0x5614681edb7c]
21  /opt/conda/envs/gdf/bin/python(_PyEval_EvalFrameDefault+0x6fd) [0x5614681de19d]
22  /opt/conda/envs/gdf/bin/python(_PyFunction_Vectorcall+0x6c) [0x5614681edb7c]
23  /opt/conda/envs/gdf/bin/python(_PyEval_EvalFrameDefault+0x6fd) [0x5614681de19d]
24  /opt/conda/envs/gdf/bin/python(_PyFunction_Vectorcall+0x6c) [0x5614681edb7c]
25  /opt/conda/envs/gdf/bin/python(_PyEval_EvalFrameDefault+0x6fd) [0x5614681de19d]
26  /opt/conda/envs/gdf/bin/python(_PyFunction_Vectorcall+0x6c) [0x5614681edb7c]
27  /opt/conda/envs/gdf/bin/python(_PyEval_EvalFrameDefault+0x6fd) [0x5614681de19d]
28  /opt/conda/envs/gdf/bin/python(_PyFunction_Vectorcall+0x6c) [0x5614681edb7c]
29  /opt/conda/envs/gdf/bin/python(_PyEval_EvalFrameDefault+0x1341) [0x5614681dede1]
30  /opt/conda/envs/gdf/bin/python(+0x146fb2) [0x5614681f8fb2]
31  /opt/conda/envs/gdf/bin/python(PyObject_Call+0xbc) [0x5614681f994c]
32  /opt/conda/envs/gdf/bin/python(+0x1ff72d) [0x5614682b172d]
33  /opt/conda/envs/gdf/bin/python(_PyObject_MakeTpCall+0x2d3) [0x5614681e6a03]
34  /opt/conda/envs/gdf/bin/python(_PyEval_EvalFrameDefault+0x2c3e) [0x5614681e06de]
35  /opt/conda/envs/gdf/bin/python(+0x147108) [0x5614681f9108]
36  /opt/conda/envs/gdf/bin/python(_PyEval_EvalFrameDefault+0x2c3e) [0x5614681e06de]
37  /opt/conda/envs/gdf/bin/python(_PyFunction_Vectorcall+0x6c) [0x5614681edb7c]
38  /opt/conda/envs/gdf/bin/python(_PyEval_EvalFrameDefault+0x6fd) [0x5614681de19d]
39  /opt/conda/envs/gdf/bin/python(_PyFunction_Vectorcall+0x6c) [0x5614681edb7c]
40  /opt/conda/envs/gdf/bin/python(_PyEval_EvalFrameDefault+0x6fd) [0x5614681de19d]
41  /opt/conda/envs/gdf/bin/python(_PyFunction_Vectorcall+0x6c) [0x5614681edb7c]
42  /opt/conda/envs/gdf/bin/python(_PyEval_EvalFrameDefault+0x309) [0x5614681ddda9]
43  /opt/conda/envs/gdf/bin/python(_PyFunction_Vectorcall+0x6c) [0x5614681edb7c]
44  /opt/conda/envs/gdf/bin/python(_PyEval_EvalFrameDefault+0x1341) [0x5614681dede1]
45  /opt/conda/envs/gdf/bin/python(+0x1cca8c) [0x56146827ea8c]
46  /opt/conda/envs/gdf/bin/python(PyEval_EvalCode+0x87) [0x56146827e9d7]
47  /opt/conda/envs/gdf/bin/python(+0x1fceba) [0x5614682aeeba]
48  /opt/conda/envs/gdf/bin/python(+0x1f8343) [0x5614682aa343]
49  /opt/conda/envs/gdf/bin/python(PyRun_StringFlags+0x7d) [0x5614682a2add]
50  /opt/conda/envs/gdf/bin/python(PyRun_SimpleStringFlags+0x3c) [0x5614682a291c]
51  /opt/conda/envs/gdf/bin/python(Py_RunMain+0x3ba) [0x5614682a1b1a]
52  /opt/conda/envs/gdf/bin/python(Py_BytesMain+0x37) [0x561468272117]
53  /usr/lib/x86_64-linux-gnu/libc.so.6(__libc_start_main+0xf3) [0x7f77d32fe083]
54  /opt/conda/envs/gdf/bin/python(+0x1c002e) [0x56146827202e]
=================================
Task exception was never retrieved
future: <Task finished name='Task-1253' coro=<_listener_handler_coroutine() done, defined at /opt/conda/envs/gdf/lib/python3.10/site-packages/ucp/core.py:140> exception=UCXError('<stream_send>: Connection reset by remote peer')>
Traceback (most recent call last):
  File "/opt/conda/envs/gdf/lib/python3.10/site-packages/ucp/core.py", line 155, in _listener_handler_coroutine
    peer_info = await exchange_peer_info(
  File "/opt/conda/envs/gdf/lib/python3.10/site-packages/ucp/core.py", line 51, in exchange_peer_info
    await asyncio.wait_for(
  File "/opt/conda/envs/gdf/lib/python3.10/asyncio/tasks.py", line 445, in wait_for
    return fut.result()
ucp._libs.exceptions.UCXError: <stream_send>: Connection reset by remote peer
Task exception was never retrieved
future: <Task finished name='Task-1132' coro=<_listener_handler_coroutine() done, defined at /opt/conda/envs/gdf/lib/python3.10/site-packages/ucp/core.py:140> exception=UCXError('<stream_send>: Connection reset by remote peer')>
Traceback (most recent call last):
  File "/opt/conda/envs/gdf/lib/python3.10/site-packages/ucp/core.py", line 155, in _listener_handler_coroutine
    peer_info = await exchange_peer_info(
  File "/opt/conda/envs/gdf/lib/python3.10/site-packages/ucp/core.py", line 51, in exchange_peer_info
    await asyncio.wait_for(
  File "/opt/conda/envs/gdf/lib/python3.10/asyncio/tasks.py", line 445, in wait_for
    return fut.result()
ucp._libs.exceptions.UCXError: <stream_send>: Connection reset by remote peer
2025-01-13 07:08:26,338 - distributed.nanny - WARNING - Restarting worker
2025-01-13 07:08:26,349 - distributed.worker - ERROR - failed during get data with ucx://127.0.0.1:44149 -> ucx://127.0.0.1:38719
Traceback (most recent call last):
  File "/opt/conda/envs/gdf/lib/python3.10/site-packages/distributed/comm/ucx.py", line 335, in write
    await self.ep.send(each_frame)
  File "/opt/conda/envs/gdf/lib/python3.10/site-packages/ucp/core.py", line 662, in send
    return await comm.tag_send(self._ep, buffer, nbytes, tag, name=log)
ucp._libs.exceptions.UCXError: <[Send #007] ep: 0x7f72b1183340, tag: 0x9c02c7e851745c62, nbytes: 99983912, type: <class 'cudf.core.buffer.buffer.Buffer'>>: Connection reset by remote peer

During handling of the above exception, another exception occurred:

Traceback (most recent call last):
  File "/opt/conda/envs/gdf/lib/python3.10/site-packages/distributed/worker.py", line 1796, in get_data
    compressed = await comm.write(msg, serializers=serializers)
  File "/opt/conda/envs/gdf/lib/python3.10/site-packages/distributed/utils.py", line 805, in wrapper
    return await func(*args, **kwargs)
  File "/opt/conda/envs/gdf/lib/python3.10/site-packages/distributed/comm/ucx.py", line 339, in write
    raise CommClosedError("While writing, the connection was closed")
distributed.comm.core.CommClosedError: While writing, the connection was closed
Task exception was never retrieved
future: <Task finished name='Task-1158' coro=<_listener_handler_coroutine() done, defined at /opt/conda/envs/gdf/lib/python3.10/site-packages/ucp/core.py:140> exception=UCXError('<stream_recv>: Connection reset by remote peer')>
Traceback (most recent call last):
  File "/opt/conda/envs/gdf/lib/python3.10/site-packages/ucp/core.py", line 155, in _listener_handler_coroutine
    peer_info = await exchange_peer_info(
  File "/opt/conda/envs/gdf/lib/python3.10/site-packages/ucp/core.py", line 55, in exchange_peer_info
    await asyncio.wait_for(
  File "/opt/conda/envs/gdf/lib/python3.10/asyncio/tasks.py", line 445, in wait_for
    return fut.result()
ucp._libs.exceptions.UCXError: <stream_recv>: Connection reset by remote peer
2025-01-13 07:08:26,471 - distributed.comm.ucx - ERROR - std::bad_alloc: out_of_memory: CUDA error at: /opt/conda/envs/gdf/include/rmm/mr/device/cuda_memory_resource.hpp
Traceback (most recent call last):
  File "/opt/conda/envs/gdf/lib/python3.10/site-packages/distributed/utils.py", line 805, in wrapper
    return await func(*args, **kwargs)
  File "/opt/conda/envs/gdf/lib/python3.10/site-packages/distributed/comm/ucx.py", line 374, in read
    frames = [
  File "/opt/conda/envs/gdf/lib/python3.10/site-packages/distributed/comm/ucx.py", line 375, in <listcomp>
    device_array(each_size) if is_cuda else host_array(each_size)
  File "/opt/conda/envs/gdf/lib/python3.10/site-packages/distributed/comm/ucx.py", line 168, in device_array
    return rmm.DeviceBuffer(size=n)
  File "device_buffer.pyx", line 102, in rmm.pylibrmm.device_buffer.DeviceBuffer.__cinit__
MemoryError: std::bad_alloc: out_of_memory: CUDA error at: /opt/conda/envs/gdf/include/rmm/mr/device/cuda_memory_resource.hpp
2025-01-13 07:08:26,471 - distributed.worker - ERROR - std::bad_alloc: out_of_memory: CUDA error at: /opt/conda/envs/gdf/include/rmm/mr/device/cuda_memory_resource.hpp
Traceback (most recent call last):
  File "/opt/conda/envs/gdf/lib/python3.10/site-packages/distributed/worker.py", line 2075, in gather_dep
    response = await get_data_from_worker(
  File "/opt/conda/envs/gdf/lib/python3.10/site-packages/distributed/worker.py", line 2881, in get_data_from_worker
    response = await send_recv(
  File "/opt/conda/envs/gdf/lib/python3.10/site-packages/distributed/core.py", line 1018, in send_recv
    response = await comm.read(deserializers=deserializers)
  File "/opt/conda/envs/gdf/lib/python3.10/site-packages/distributed/utils.py", line 805, in wrapper
    return await func(*args, **kwargs)
  File "/opt/conda/envs/gdf/lib/python3.10/site-packages/distributed/comm/ucx.py", line 374, in read
    frames = [
  File "/opt/conda/envs/gdf/lib/python3.10/site-packages/distributed/comm/ucx.py", line 375, in <listcomp>
    device_array(each_size) if is_cuda else host_array(each_size)
  File "/opt/conda/envs/gdf/lib/python3.10/site-packages/distributed/comm/ucx.py", line 168, in device_array
    return rmm.DeviceBuffer(size=n)
  File "device_buffer.pyx", line 102, in rmm.pylibrmm.device_buffer.DeviceBuffer.__cinit__
MemoryError: std::bad_alloc: out_of_memory: CUDA error at: /opt/conda/envs/gdf/include/rmm/mr/device/cuda_memory_resource.hpp
2025-01-13 07:08:26,475 - distributed.worker - ERROR - ('Unexpected response', {'op': 'get_data', 'keys': {('split-taskshuffle-7d4b05f4af3f4ccb67ff1dd4e8695e4a', 6, 3)}, 'who': 'ucx://127.0.0.1:44681', 'reply': True})
Traceback (most recent call last):
  File "/opt/conda/envs/gdf/lib/python3.10/site-packages/distributed/worker.py", line 2890, in get_data_from_worker
    status = response["status"]
KeyError: 'status'

During handling of the above exception, another exception occurred:

Traceback (most recent call last):
  File "/opt/conda/envs/gdf/lib/python3.10/site-packages/distributed/worker.py", line 2075, in gather_dep
    response = await get_data_from_worker(
  File "/opt/conda/envs/gdf/lib/python3.10/site-packages/distributed/worker.py", line 2892, in get_data_from_worker
    raise ValueError("Unexpected response", response)
ValueError: ('Unexpected response', {'op': 'get_data', 'keys': {('split-taskshuffle-7d4b05f4af3f4ccb67ff1dd4e8695e4a', 6, 3)}, 'who': 'ucx://127.0.0.1:44681', 'reply': True})
2025-01-13 07:08:26,480 - distributed.worker - ERROR - Worker stream died during communication: ucx://127.0.0.1:44149
Traceback (most recent call last):
  File "/opt/conda/envs/gdf/lib/python3.10/site-packages/distributed/comm/ucx.py", line 361, in read
    await self.ep.recv(header)
  File "/opt/conda/envs/gdf/lib/python3.10/site-packages/ucp/core.py", line 737, in recv
    ret = await comm.tag_recv(self._ep, buffer, nbytes, tag, name=log)
ucp._libs.exceptions.UCXError: <[Recv #113] ep: 0x7fc33c8d4200, tag: 0x53c76cd2cb6e54a6, nbytes: 16, type: <class 'numpy.ndarray'>>: Message truncated

During handling of the above exception, another exception occurred:

Traceback (most recent call last):
  File "/opt/conda/envs/gdf/lib/python3.10/site-packages/distributed/worker.py", line 2075, in gather_dep
    response = await get_data_from_worker(
  File "/opt/conda/envs/gdf/lib/python3.10/site-packages/distributed/worker.py", line 2881, in get_data_from_worker
    response = await send_recv(
  File "/opt/conda/envs/gdf/lib/python3.10/site-packages/distributed/core.py", line 1018, in send_recv
    response = await comm.read(deserializers=deserializers)
  File "/opt/conda/envs/gdf/lib/python3.10/site-packages/distributed/utils.py", line 805, in wrapper
    return await func(*args, **kwargs)
  File "/opt/conda/envs/gdf/lib/python3.10/site-packages/distributed/comm/ucx.py", line 369, in read
    raise CommClosedError(
distributed.comm.core.CommClosedError: Connection closed by writer.
Inner exception: UCXError("<[Recv #113] ep: 0x7fc33c8d4200, tag: 0x53c76cd2cb6e54a6, nbytes: 16, type: <class 'numpy.ndarray'>>: Message truncated")
2025-01-13 07:08:26,480 - distributed.worker - ERROR - failed during get data with ucx://127.0.0.1:44149 -> ucx://127.0.0.1:59161
Traceback (most recent call last):
  File "/opt/conda/envs/gdf/lib/python3.10/site-packages/distributed/comm/ucx.py", line 335, in write
    await self.ep.send(each_frame)
  File "/opt/conda/envs/gdf/lib/python3.10/site-packages/ucp/core.py", line 662, in send
    return await comm.tag_send(self._ep, buffer, nbytes, tag, name=log)
ucp._libs.exceptions.UCXError: <[Send #114] ep: 0x7f72b1183200, tag: 0x53c76cd2cb6e54a6, nbytes: 12498390, type: <class 'cudf.core.buffer.buffer.Buffer'>>: Connection reset by remote peer

During handling of the above exception, another exception occurred:

Traceback (most recent call last):
  File "/opt/conda/envs/gdf/lib/python3.10/site-packages/distributed/worker.py", line 1796, in get_data
    compressed = await comm.write(msg, serializers=serializers)
  File "/opt/conda/envs/gdf/lib/python3.10/site-packages/distributed/utils.py", line 805, in wrapper
    return await func(*args, **kwargs)
  File "/opt/conda/envs/gdf/lib/python3.10/site-packages/distributed/comm/ucx.py", line 339, in write
    raise CommClosedError("While writing, the connection was closed")
distributed.comm.core.CommClosedError: While writing, the connection was closed
2025-01-13 07:08:26,500 - distributed.comm.ucx - ERROR - std::bad_alloc: out_of_memory: CUDA error at: /opt/conda/envs/gdf/include/rmm/mr/device/cuda_memory_resource.hpp
Traceback (most recent call last):
  File "/opt/conda/envs/gdf/lib/python3.10/site-packages/distributed/utils.py", line 805, in wrapper
    return await func(*args, **kwargs)
  File "/opt/conda/envs/gdf/lib/python3.10/site-packages/distributed/comm/ucx.py", line 374, in read
    frames = [
  File "/opt/conda/envs/gdf/lib/python3.10/site-packages/distributed/comm/ucx.py", line 375, in <listcomp>
    device_array(each_size) if is_cuda else host_array(each_size)
  File "/opt/conda/envs/gdf/lib/python3.10/site-packages/distributed/comm/ucx.py", line 168, in device_array
    return rmm.DeviceBuffer(size=n)
  File "device_buffer.pyx", line 102, in rmm.pylibrmm.device_buffer.DeviceBuffer.__cinit__
MemoryError: std::bad_alloc: out_of_memory: CUDA error at: /opt/conda/envs/gdf/include/rmm/mr/device/cuda_memory_resource.hpp
2025-01-13 07:08:26,500 - distributed.worker - ERROR - std::bad_alloc: out_of_memory: CUDA error at: /opt/conda/envs/gdf/include/rmm/mr/device/cuda_memory_resource.hpp
Traceback (most recent call last):
  File "/opt/conda/envs/gdf/lib/python3.10/site-packages/distributed/worker.py", line 2075, in gather_dep
    response = await get_data_from_worker(
  File "/opt/conda/envs/gdf/lib/python3.10/site-packages/distributed/worker.py", line 2881, in get_data_from_worker
    response = await send_recv(
  File "/opt/conda/envs/gdf/lib/python3.10/site-packages/distributed/core.py", line 1018, in send_recv
    response = await comm.read(deserializers=deserializers)
  File "/opt/conda/envs/gdf/lib/python3.10/site-packages/distributed/utils.py", line 805, in wrapper
    return await func(*args, **kwargs)
  File "/opt/conda/envs/gdf/lib/python3.10/site-packages/distributed/comm/ucx.py", line 374, in read
    frames = [
  File "/opt/conda/envs/gdf/lib/python3.10/site-packages/distributed/comm/ucx.py", line 375, in <listcomp>
    device_array(each_size) if is_cuda else host_array(each_size)
  File "/opt/conda/envs/gdf/lib/python3.10/site-packages/distributed/comm/ucx.py", line 168, in device_array
    return rmm.DeviceBuffer(size=n)
  File "device_buffer.pyx", line 102, in rmm.pylibrmm.device_buffer.DeviceBuffer.__cinit__
MemoryError: std::bad_alloc: out_of_memory: CUDA error at: /opt/conda/envs/gdf/include/rmm/mr/device/cuda_memory_resource.hpp
Task exception was never retrieved
future: <Task finished name='Task-1228' coro=<_listener_handler_coroutine() done, defined at /opt/conda/envs/gdf/lib/python3.10/site-packages/ucp/core.py:140> exception=UCXError('<stream_send>: Connection reset by remote peer')>
Traceback (most recent call last):
  File "/opt/conda/envs/gdf/lib/python3.10/site-packages/ucp/core.py", line 155, in _listener_handler_coroutine
    peer_info = await exchange_peer_info(
  File "/opt/conda/envs/gdf/lib/python3.10/site-packages/ucp/core.py", line 51, in exchange_peer_info
    await asyncio.wait_for(
  File "/opt/conda/envs/gdf/lib/python3.10/asyncio/tasks.py", line 445, in wait_for
    return fut.result()
ucp._libs.exceptions.UCXError: <stream_send>: Connection reset by remote peer
2025-01-13 07:08:26,503 - distributed.worker - ERROR - failed during get data with ucx://127.0.0.1:59161 -> ucx://127.0.0.1:39583
Traceback (most recent call last):
  File "/opt/conda/envs/gdf/lib/python3.10/site-packages/distributed/comm/ucx.py", line 335, in write
    await self.ep.send(each_frame)
  File "/opt/conda/envs/gdf/lib/python3.10/site-packages/ucp/core.py", line 662, in send
    return await comm.tag_send(self._ep, buffer, nbytes, tag, name=log)
ucp._libs.exceptions.UCXError: <[Send #007] ep: 0x7fc33c8d4140, tag: 0x1e0c9ff292e989f1, nbytes: 99990600, type: <class 'cudf.core.buffer.buffer.Buffer'>>: Connection reset by remote peer

During handling of the above exception, another exception occurred:

Traceback (most recent call last):
  File "/opt/conda/envs/gdf/lib/python3.10/site-packages/distributed/worker.py", line 1796, in get_data
    compressed = await comm.write(msg, serializers=serializers)
  File "/opt/conda/envs/gdf/lib/python3.10/site-packages/distributed/utils.py", line 805, in wrapper
    return await func(*args, **kwargs)
  File "/opt/conda/envs/gdf/lib/python3.10/site-packages/distributed/comm/ucx.py", line 339, in write
    raise CommClosedError("While writing, the connection was closed")
distributed.comm.core.CommClosedError: While writing, the connection was closed
2025-01-13 07:08:26,505 - distributed.worker - ERROR - tuple indices must be integers or slices, not str
Traceback (most recent call last):
  File "/opt/conda/envs/gdf/lib/python3.10/site-packages/distributed/worker.py", line 2075, in gather_dep
    response = await get_data_from_worker(
  File "/opt/conda/envs/gdf/lib/python3.10/site-packages/distributed/worker.py", line 2890, in get_data_from_worker
    status = response["status"]
TypeError: tuple indices must be integers or slices, not str
2025-01-13 07:08:26,509 - distributed.worker - ERROR - Worker stream died during communication: ucx://127.0.0.1:44681
Traceback (most recent call last):
  File "/opt/conda/envs/gdf/lib/python3.10/site-packages/distributed/comm/ucx.py", line 361, in read
    await self.ep.recv(header)
  File "/opt/conda/envs/gdf/lib/python3.10/site-packages/ucp/core.py", line 737, in recv
    ret = await comm.tag_recv(self._ep, buffer, nbytes, tag, name=log)
ucp._libs.exceptions.UCXError: <[Recv #129] ep: 0x7fc33c8d41c0, tag: 0xd960b66cc624e00e, nbytes: 920, type: <class 'numpy.ndarray'>>: Message truncated

During handling of the above exception, another exception occurred:

Traceback (most recent call last):
  File "/opt/conda/envs/gdf/lib/python3.10/site-packages/distributed/worker.py", line 2075, in gather_dep
    response = await get_data_from_worker(
  File "/opt/conda/envs/gdf/lib/python3.10/site-packages/distributed/worker.py", line 2881, in get_data_from_worker
    response = await send_recv(
  File "/opt/conda/envs/gdf/lib/python3.10/site-packages/distributed/core.py", line 1018, in send_recv
    response = await comm.read(deserializers=deserializers)
  File "/opt/conda/envs/gdf/lib/python3.10/site-packages/distributed/utils.py", line 805, in wrapper
    return await func(*args, **kwargs)
  File "/opt/conda/envs/gdf/lib/python3.10/site-packages/distributed/comm/ucx.py", line 369, in read
    raise CommClosedError(
distributed.comm.core.CommClosedError: Connection closed by writer.
Inner exception: UCXError("<[Recv #129] ep: 0x7fc33c8d41c0, tag: 0xd960b66cc624e00e, nbytes: 920, type: <class 'numpy.ndarray'>>: Message truncated")
2025-01-13 07:08:26,510 - distributed.worker - ERROR - failed during get data with ucx://127.0.0.1:44681 -> ucx://127.0.0.1:59161
Traceback (most recent call last):
  File "/opt/conda/envs/gdf/lib/python3.10/site-packages/distributed/comm/ucx.py", line 335, in write
    await self.ep.send(each_frame)
  File "/opt/conda/envs/gdf/lib/python3.10/site-packages/ucp/core.py", line 662, in send
    return await comm.tag_send(self._ep, buffer, nbytes, tag, name=log)
ucp._libs.exceptions.UCXError: <[Send #130] ep: 0x7ff116c5b1c0, tag: 0xd960b66cc624e00e, nbytes: 12498919, type: <class 'cudf.core.buffer.buffer.Buffer'>>: Connection reset by remote peer

During handling of the above exception, another exception occurred:

Traceback (most recent call last):
  File "/opt/conda/envs/gdf/lib/python3.10/site-packages/distributed/worker.py", line 1796, in get_data
    compressed = await comm.write(msg, serializers=serializers)
  File "/opt/conda/envs/gdf/lib/python3.10/site-packages/distributed/utils.py", line 805, in wrapper
    return await func(*args, **kwargs)
  File "/opt/conda/envs/gdf/lib/python3.10/site-packages/distributed/comm/ucx.py", line 339, in write
    raise CommClosedError("While writing, the connection was closed")
distributed.comm.core.CommClosedError: While writing, the connection was closed
2025-01-13 07:08:26,524 - distributed.comm.ucx - ERROR - std::bad_alloc: out_of_memory: CUDA error at: /opt/conda/envs/gdf/include/rmm/mr/device/cuda_memory_resource.hpp
Traceback (most recent call last):
  File "/opt/conda/envs/gdf/lib/python3.10/site-packages/distributed/utils.py", line 805, in wrapper
    return await func(*args, **kwargs)
  File "/opt/conda/envs/gdf/lib/python3.10/site-packages/distributed/comm/ucx.py", line 374, in read
    frames = [
  File "/opt/conda/envs/gdf/lib/python3.10/site-packages/distributed/comm/ucx.py", line 375, in <listcomp>
    device_array(each_size) if is_cuda else host_array(each_size)
  File "/opt/conda/envs/gdf/lib/python3.10/site-packages/distributed/comm/ucx.py", line 168, in device_array
    return rmm.DeviceBuffer(size=n)
  File "device_buffer.pyx", line 102, in rmm.pylibrmm.device_buffer.DeviceBuffer.__cinit__
MemoryError: std::bad_alloc: out_of_memory: CUDA error at: /opt/conda/envs/gdf/include/rmm/mr/device/cuda_memory_resource.hpp
2025-01-13 07:08:26,524 - distributed.worker - ERROR - std::bad_alloc: out_of_memory: CUDA error at: /opt/conda/envs/gdf/include/rmm/mr/device/cuda_memory_resource.hpp
Traceback (most recent call last):
  File "/opt/conda/envs/gdf/lib/python3.10/site-packages/distributed/worker.py", line 2075, in gather_dep
    response = await get_data_from_worker(
  File "/opt/conda/envs/gdf/lib/python3.10/site-packages/distributed/worker.py", line 2881, in get_data_from_worker
    response = await send_recv(
  File "/opt/conda/envs/gdf/lib/python3.10/site-packages/distributed/core.py", line 1018, in send_recv
    response = await comm.read(deserializers=deserializers)
  File "/opt/conda/envs/gdf/lib/python3.10/site-packages/distributed/utils.py", line 805, in wrapper
    return await func(*args, **kwargs)
  File "/opt/conda/envs/gdf/lib/python3.10/site-packages/distributed/comm/ucx.py", line 374, in read
    frames = [
  File "/opt/conda/envs/gdf/lib/python3.10/site-packages/distributed/comm/ucx.py", line 375, in <listcomp>
    device_array(each_size) if is_cuda else host_array(each_size)
  File "/opt/conda/envs/gdf/lib/python3.10/site-packages/distributed/comm/ucx.py", line 168, in device_array
    return rmm.DeviceBuffer(size=n)
  File "device_buffer.pyx", line 102, in rmm.pylibrmm.device_buffer.DeviceBuffer.__cinit__
MemoryError: std::bad_alloc: out_of_memory: CUDA error at: /opt/conda/envs/gdf/include/rmm/mr/device/cuda_memory_resource.hpp
2025-01-13 07:08:26,528 - distributed.worker - ERROR - failed during get data with ucx://127.0.0.1:44149 -> ucx://127.0.0.1:39583
Traceback (most recent call last):
  File "/opt/conda/envs/gdf/lib/python3.10/site-packages/distributed/comm/ucx.py", line 335, in write
    await self.ep.send(each_frame)
  File "/opt/conda/envs/gdf/lib/python3.10/site-packages/ucp/core.py", line 662, in send
    return await comm.tag_send(self._ep, buffer, nbytes, tag, name=log)
ucp._libs.exceptions.UCXError: <[Send #007] ep: 0x7f72b1183140, tag: 0xddd934bba5c5aff1, nbytes: 99983512, type: <class 'cudf.core.buffer.buffer.Buffer'>>: Connection reset by remote peer

During handling of the above exception, another exception occurred:

Traceback (most recent call last):
  File "/opt/conda/envs/gdf/lib/python3.10/site-packages/distributed/worker.py", line 1796, in get_data
    compressed = await comm.write(msg, serializers=serializers)
  File "/opt/conda/envs/gdf/lib/python3.10/site-packages/distributed/utils.py", line 805, in wrapper
    return await func(*args, **kwargs)
  File "/opt/conda/envs/gdf/lib/python3.10/site-packages/distributed/comm/ucx.py", line 339, in write
    raise CommClosedError("While writing, the connection was closed")
distributed.comm.core.CommClosedError: While writing, the connection was closed
2025-01-13 07:08:26,554 - distributed.worker - ERROR - Compute Failed
Key:       ('taskshuffle-7d4b05f4af3f4ccb67ff1dd4e8695e4a', 0)
State:     executing
Task:  <Task ('taskshuffle-7d4b05f4af3f4ccb67ff1dd4e8695e4a', 0) _concat(...)>
Exception: "MemoryError('std::bad_alloc: out_of_memory: CUDA error at: /opt/conda/envs/gdf/include/rmm/mr/device/cuda_memory_resource.hpp')"
Traceback: '  File "/opt/conda/envs/gdf/lib/python3.10/site-packages/dask/dataframe/core.py", line 187, in _concat\n    else methods.concat(args2, uniform=True, ignore_index=ignore_index)\n  File "/opt/conda/envs/gdf/lib/python3.10/site-packages/dask/dataframe/dispatch.py", line 68, in concat\n    return func(\n  File "/opt/conda/envs/gdf/lib/python3.10/site-packages/cudf/utils/performance_tracking.py", line 51, in wrapper\n    return func(*args, **kwargs)\n  File "/opt/conda/envs/gdf/lib/python3.10/site-packages/dask_cudf/backends.py", line 296, in concat_cudf\n    return cudf.concat(dfs, axis=axis, ignore_index=ignore_index)\n  File "/opt/conda/envs/gdf/lib/python3.10/site-packages/cudf/core/reshape.py", line 513, in concat\n    result = cudf.DataFrame._concat(\n  File "/opt/conda/envs/gdf/lib/python3.10/site-packages/cudf/utils/performance_tracking.py", line 51, in wrapper\n    return func(*args, **kwargs)\n  File "/opt/conda/envs/gdf/lib/python3.10/site-packages/cudf/core/dataframe.py", line 1809, in _concat\n    plc_result = plc.concatenate.concatenate(plc_tables)\n  File "concatenate.pyx", line 17, in pylibcudf.concatenate.concatenate\n  File "concatenate.pyx", line 44, in pylibcudf.concatenate.concatenate\n'

2025-01-13 07:08:26,554 - distributed.nanny - WARNING - Restarting worker
2025-01-13 07:08:26,840 - distributed.comm.ucx - ERROR - std::bad_alloc: out_of_memory: CUDA error at: /opt/conda/envs/gdf/include/rmm/mr/device/cuda_memory_resource.hpp
Traceback (most recent call last):
  File "/opt/conda/envs/gdf/lib/python3.10/site-packages/distributed/utils.py", line 805, in wrapper
    return await func(*args, **kwargs)
  File "/opt/conda/envs/gdf/lib/python3.10/site-packages/distributed/comm/ucx.py", line 374, in read
    frames = [
  File "/opt/conda/envs/gdf/lib/python3.10/site-packages/distributed/comm/ucx.py", line 375, in <listcomp>
    device_array(each_size) if is_cuda else host_array(each_size)
  File "/opt/conda/envs/gdf/lib/python3.10/site-packages/distributed/comm/ucx.py", line 168, in device_array
    return rmm.DeviceBuffer(size=n)
  File "device_buffer.pyx", line 102, in rmm.pylibrmm.device_buffer.DeviceBuffer.__cinit__
MemoryError: std::bad_alloc: out_of_memory: CUDA error at: /opt/conda/envs/gdf/include/rmm/mr/device/cuda_memory_resource.hpp
2025-01-13 07:08:26,840 - distributed.worker - ERROR - std::bad_alloc: out_of_memory: CUDA error at: /opt/conda/envs/gdf/include/rmm/mr/device/cuda_memory_resource.hpp
Traceback (most recent call last):
  File "/opt/conda/envs/gdf/lib/python3.10/site-packages/distributed/worker.py", line 2075, in gather_dep
    response = await get_data_from_worker(
  File "/opt/conda/envs/gdf/lib/python3.10/site-packages/distributed/worker.py", line 2881, in get_data_from_worker
    response = await send_recv(
  File "/opt/conda/envs/gdf/lib/python3.10/site-packages/distributed/core.py", line 1018, in send_recv
    response = await comm.read(deserializers=deserializers)
  File "/opt/conda/envs/gdf/lib/python3.10/site-packages/distributed/utils.py", line 805, in wrapper
    return await func(*args, **kwargs)
  File "/opt/conda/envs/gdf/lib/python3.10/site-packages/distributed/comm/ucx.py", line 374, in read
    frames = [
  File "/opt/conda/envs/gdf/lib/python3.10/site-packages/distributed/comm/ucx.py", line 375, in <listcomp>
    device_array(each_size) if is_cuda else host_array(each_size)
  File "/opt/conda/envs/gdf/lib/python3.10/site-packages/distributed/comm/ucx.py", line 168, in device_array
    return rmm.DeviceBuffer(size=n)
  File "device_buffer.pyx", line 102, in rmm.pylibrmm.device_buffer.DeviceBuffer.__cinit__
MemoryError: std::bad_alloc: out_of_memory: CUDA error at: /opt/conda/envs/gdf/include/rmm/mr/device/cuda_memory_resource.hpp
2025-01-13 07:08:26,863 - distributed.comm.ucx - ERROR - std::bad_alloc: out_of_memory: CUDA error at: /opt/conda/envs/gdf/include/rmm/mr/device/cuda_memory_resource.hpp
Traceback (most recent call last):
  File "/opt/conda/envs/gdf/lib/python3.10/site-packages/distributed/utils.py", line 805, in wrapper
    return await func(*args, **kwargs)
  File "/opt/conda/envs/gdf/lib/python3.10/site-packages/distributed/comm/ucx.py", line 374, in read
    frames = [
  File "/opt/conda/envs/gdf/lib/python3.10/site-packages/distributed/comm/ucx.py", line 375, in <listcomp>
    device_array(each_size) if is_cuda else host_array(each_size)
  File "/opt/conda/envs/gdf/lib/python3.10/site-packages/distributed/comm/ucx.py", line 168, in device_array
    return rmm.DeviceBuffer(size=n)
  File "device_buffer.pyx", line 102, in rmm.pylibrmm.device_buffer.DeviceBuffer.__cinit__
MemoryError: std::bad_alloc: out_of_memory: CUDA error at: /opt/conda/envs/gdf/include/rmm/mr/device/cuda_memory_resource.hpp
2025-01-13 07:08:26,863 - distributed.worker - ERROR - std::bad_alloc: out_of_memory: CUDA error at: /opt/conda/envs/gdf/include/rmm/mr/device/cuda_memory_resource.hpp
Traceback (most recent call last):
  File "/opt/conda/envs/gdf/lib/python3.10/site-packages/distributed/worker.py", line 2075, in gather_dep
    response = await get_data_from_worker(
  File "/opt/conda/envs/gdf/lib/python3.10/site-packages/distributed/worker.py", line 2881, in get_data_from_worker
    response = await send_recv(
  File "/opt/conda/envs/gdf/lib/python3.10/site-packages/distributed/core.py", line 1018, in send_recv
    response = await comm.read(deserializers=deserializers)
  File "/opt/conda/envs/gdf/lib/python3.10/site-packages/distributed/utils.py", line 805, in wrapper
    return await func(*args, **kwargs)
  File "/opt/conda/envs/gdf/lib/python3.10/site-packages/distributed/comm/ucx.py", line 374, in read
    frames = [
  File "/opt/conda/envs/gdf/lib/python3.10/site-packages/distributed/comm/ucx.py", line 375, in <listcomp>
    device_array(each_size) if is_cuda else host_array(each_size)
  File "/opt/conda/envs/gdf/lib/python3.10/site-packages/distributed/comm/ucx.py", line 168, in device_array
    return rmm.DeviceBuffer(size=n)
  File "device_buffer.pyx", line 102, in rmm.pylibrmm.device_buffer.DeviceBuffer.__cinit__
MemoryError: std::bad_alloc: out_of_memory: CUDA error at: /opt/conda/envs/gdf/include/rmm/mr/device/cuda_memory_resource.hpp
2025-01-13 07:08:27,074 - distributed.worker - ERROR - Compute Failed
Key:       ('taskshuffle-e48d91e30c8f17aebcd7b7a3662ee737', 4)
State:     executing
Task:  <Task ('taskshuffle-e48d91e30c8f17aebcd7b7a3662ee737', 4) _concat(...)>
Exception: "MemoryError('std::bad_alloc: out_of_memory: CUDA error at: /opt/conda/envs/gdf/include/rmm/mr/device/cuda_memory_resource.hpp')"
Traceback: '  File "/opt/conda/envs/gdf/lib/python3.10/site-packages/dask/dataframe/core.py", line 187, in _concat\n    else methods.concat(args2, uniform=True, ignore_index=ignore_index)\n  File "/opt/conda/envs/gdf/lib/python3.10/site-packages/dask/dataframe/dispatch.py", line 68, in concat\n    return func(\n  File "/opt/conda/envs/gdf/lib/python3.10/site-packages/cudf/utils/performance_tracking.py", line 51, in wrapper\n    return func(*args, **kwargs)\n  File "/opt/conda/envs/gdf/lib/python3.10/site-packages/dask_cudf/backends.py", line 296, in concat_cudf\n    return cudf.concat(dfs, axis=axis, ignore_index=ignore_index)\n  File "/opt/conda/envs/gdf/lib/python3.10/site-packages/cudf/core/reshape.py", line 513, in concat\n    result = cudf.DataFrame._concat(\n  File "/opt/conda/envs/gdf/lib/python3.10/site-packages/cudf/utils/performance_tracking.py", line 51, in wrapper\n    return func(*args, **kwargs)\n  File "/opt/conda/envs/gdf/lib/python3.10/site-packages/cudf/core/dataframe.py", line 1809, in _concat\n    plc_result = plc.concatenate.concatenate(plc_tables)\n  File "concatenate.pyx", line 17, in pylibcudf.concatenate.concatenate\n  File "concatenate.pyx", line 44, in pylibcudf.concatenate.concatenate\n'

/opt/conda/envs/gdf/lib/python3.10/multiprocessing/resource_tracker.py:224: UserWarning: resource_tracker: There appear to be 48 leaked semaphore objects to clean up at shutdown
  warnings.warn('resource_tracker: There appear to be %d '
