[dgx13:87145:0:87145] Caught signal 11 (Segmentation fault: address not mapped to object at address 0x450)
==== backtrace (tid:  87145) ====
 0  /opt/conda/envs/gdf/lib/libucs.so.0(ucs_handle_error+0x305) [0x7f5e0949c025]
 1  /opt/conda/envs/gdf/lib/libucs.so.0(+0x2f221) [0x7f5e0949c221]
 2  /opt/conda/envs/gdf/lib/libucs.so.0(+0x2f3ea) [0x7f5e0949c3ea]
 3  /usr/lib/x86_64-linux-gnu/libpthread.so.0(+0x14420) [0x7f5e5aa36420]
 4  /opt/conda/envs/gdf/lib/libucp.so.0(ucp_mem_type_unpack+0x17) [0x7f5e09521197]
 5  /opt/conda/envs/gdf/lib/libucp.so.0(ucp_rndv_data_handler+0x5f5) [0x7f5e0954c9e5]
 6  /opt/conda/envs/gdf/lib/./libuct.so.0(+0x21dd6) [0x7f5e09450dd6]
 7  /opt/conda/envs/gdf/lib/./libuct.so.0(+0x24f48) [0x7f5e09453f48]
 8  /opt/conda/envs/gdf/lib/libucs.so.0(ucs_event_set_wait+0xb1) [0x7f5e094a5851]
 9  /opt/conda/envs/gdf/lib/./libuct.so.0(uct_tcp_iface_progress+0x7c) [0x7f5e09452fbc]
10  /opt/conda/envs/gdf/lib/libucp.so.0(ucp_worker_progress+0x5a) [0x7f5e0951dd5a]
11  /opt/conda/envs/gdf/lib/python3.10/site-packages/ucp/_libs/ucx_api.cpython-310-x86_64-linux-gnu.so(+0x31dca) [0x7f5e095e1dca]
12  /opt/conda/envs/gdf/bin/python(_PyEval_EvalFrameDefault+0x2c3e) [0x5599727dc6de]
13  /opt/conda/envs/gdf/bin/python(_PyFunction_Vectorcall+0x6c) [0x5599727e9b7c]
14  /opt/conda/envs/gdf/bin/python(_PyEval_EvalFrameDefault+0x6fd) [0x5599727da19d]
15  /opt/conda/envs/gdf/bin/python(+0x1d62c9) [0x5599728842c9]
16  /opt/conda/envs/gdf/lib/python3.10/lib-dynload/_asyncio.cpython-310-x86_64-linux-gnu.so(+0x7782) [0x7f5e459e5782]
17  /opt/conda/envs/gdf/bin/python(_PyObject_MakeTpCall+0x2d3) [0x5599727e2a03]
18  /opt/conda/envs/gdf/bin/python(+0xf745f) [0x5599727a545f]
19  /opt/conda/envs/gdf/bin/python(+0x1331b3) [0x5599727e11b3]
20  /opt/conda/envs/gdf/bin/python(_PyEval_EvalFrameDefault+0x593b) [0x5599727df3db]
21  /opt/conda/envs/gdf/bin/python(_PyFunction_Vectorcall+0x6c) [0x5599727e9b7c]
22  /opt/conda/envs/gdf/bin/python(_PyEval_EvalFrameDefault+0x6fd) [0x5599727da19d]
23  /opt/conda/envs/gdf/bin/python(_PyFunction_Vectorcall+0x6c) [0x5599727e9b7c]
24  /opt/conda/envs/gdf/bin/python(_PyEval_EvalFrameDefault+0x6fd) [0x5599727da19d]
25  /opt/conda/envs/gdf/bin/python(_PyFunction_Vectorcall+0x6c) [0x5599727e9b7c]
26  /opt/conda/envs/gdf/bin/python(_PyEval_EvalFrameDefault+0x6fd) [0x5599727da19d]
27  /opt/conda/envs/gdf/bin/python(_PyFunction_Vectorcall+0x6c) [0x5599727e9b7c]
28  /opt/conda/envs/gdf/bin/python(_PyEval_EvalFrameDefault+0x6fd) [0x5599727da19d]
29  /opt/conda/envs/gdf/bin/python(_PyFunction_Vectorcall+0x6c) [0x5599727e9b7c]
30  /opt/conda/envs/gdf/bin/python(_PyEval_EvalFrameDefault+0x1341) [0x5599727dade1]
31  /opt/conda/envs/gdf/bin/python(+0x146fb2) [0x5599727f4fb2]
32  /opt/conda/envs/gdf/bin/python(PyObject_Call+0xbc) [0x5599727f594c]
33  /opt/conda/envs/gdf/bin/python(+0x1ff72d) [0x5599728ad72d]
34  /opt/conda/envs/gdf/bin/python(_PyObject_MakeTpCall+0x2d3) [0x5599727e2a03]
35  /opt/conda/envs/gdf/bin/python(_PyEval_EvalFrameDefault+0x2c3e) [0x5599727dc6de]
36  /opt/conda/envs/gdf/bin/python(+0x147108) [0x5599727f5108]
37  /opt/conda/envs/gdf/bin/python(_PyEval_EvalFrameDefault+0x2c3e) [0x5599727dc6de]
38  /opt/conda/envs/gdf/bin/python(_PyFunction_Vectorcall+0x6c) [0x5599727e9b7c]
39  /opt/conda/envs/gdf/bin/python(_PyEval_EvalFrameDefault+0x6fd) [0x5599727da19d]
40  /opt/conda/envs/gdf/bin/python(_PyFunction_Vectorcall+0x6c) [0x5599727e9b7c]
41  /opt/conda/envs/gdf/bin/python(_PyEval_EvalFrameDefault+0x6fd) [0x5599727da19d]
42  /opt/conda/envs/gdf/bin/python(_PyFunction_Vectorcall+0x6c) [0x5599727e9b7c]
43  /opt/conda/envs/gdf/bin/python(_PyEval_EvalFrameDefault+0x309) [0x5599727d9da9]
44  /opt/conda/envs/gdf/bin/python(_PyFunction_Vectorcall+0x6c) [0x5599727e9b7c]
45  /opt/conda/envs/gdf/bin/python(_PyEval_EvalFrameDefault+0x1341) [0x5599727dade1]
46  /opt/conda/envs/gdf/bin/python(+0x1cca8c) [0x55997287aa8c]
47  /opt/conda/envs/gdf/bin/python(PyEval_EvalCode+0x87) [0x55997287a9d7]
48  /opt/conda/envs/gdf/bin/python(+0x1fceba) [0x5599728aaeba]
49  /opt/conda/envs/gdf/bin/python(+0x1f8343) [0x5599728a6343]
50  /opt/conda/envs/gdf/bin/python(PyRun_StringFlags+0x7d) [0x55997289eadd]
51  /opt/conda/envs/gdf/bin/python(PyRun_SimpleStringFlags+0x3c) [0x55997289e91c]
52  /opt/conda/envs/gdf/bin/python(Py_RunMain+0x3ba) [0x55997289db1a]
53  /opt/conda/envs/gdf/bin/python(Py_BytesMain+0x37) [0x55997286e117]
54  /usr/lib/x86_64-linux-gnu/libc.so.6(__libc_start_main+0xf3) [0x7f5e5a6fa083]
55  /opt/conda/envs/gdf/bin/python(+0x1c002e) [0x55997286e02e]
=================================
[dgx13:87134:0:87134] Caught signal 11 (Segmentation fault: address not mapped to object at address 0x450)
==== backtrace (tid:  87134) ====
 0  /opt/conda/envs/gdf/lib/libucs.so.0(ucs_handle_error+0x305) [0x7f391382e025]
 1  /opt/conda/envs/gdf/lib/libucs.so.0(+0x2f221) [0x7f391382e221]
 2  /opt/conda/envs/gdf/lib/libucs.so.0(+0x2f3ea) [0x7f391382e3ea]
 3  /usr/lib/x86_64-linux-gnu/libpthread.so.0(+0x14420) [0x7f3960b88420]
 4  /opt/conda/envs/gdf/lib/libucp.so.0(ucp_mem_type_unpack+0x17) [0x7f39138b3197]
 5  /opt/conda/envs/gdf/lib/libucp.so.0(ucp_rndv_data_handler+0x5f5) [0x7f39138de9e5]
 6  /opt/conda/envs/gdf/lib/./libuct.so.0(+0x21dd6) [0x7f39137e2dd6]
 7  /opt/conda/envs/gdf/lib/./libuct.so.0(+0x24f48) [0x7f39137e5f48]
 8  /opt/conda/envs/gdf/lib/libucs.so.0(ucs_event_set_wait+0xb1) [0x7f3913837851]
 9  /opt/conda/envs/gdf/lib/./libuct.so.0(uct_tcp_iface_progress+0x7c) [0x7f39137e4fbc]
10  /opt/conda/envs/gdf/lib/libucp.so.0(ucp_worker_progress+0x5a) [0x7f39138afd5a]
11  /opt/conda/envs/gdf/lib/python3.10/site-packages/ucp/_libs/ucx_api.cpython-310-x86_64-linux-gnu.so(+0x31dca) [0x7f3913973dca]
12  /opt/conda/envs/gdf/bin/python(_PyEval_EvalFrameDefault+0x2c3e) [0x55ef3ea296de]
13  /opt/conda/envs/gdf/bin/python(_PyFunction_Vectorcall+0x6c) [0x55ef3ea36b7c]
14  /opt/conda/envs/gdf/bin/python(_PyEval_EvalFrameDefault+0x6fd) [0x55ef3ea2719d]
15  /opt/conda/envs/gdf/bin/python(+0x147234) [0x55ef3ea42234]
16  /opt/conda/envs/gdf/bin/python(+0x252f7c) [0x55ef3eb4df7c]
17  /opt/conda/envs/gdf/bin/python(+0xf745f) [0x55ef3e9f245f]
18  /opt/conda/envs/gdf/bin/python(+0x1331b3) [0x55ef3ea2e1b3]
19  /opt/conda/envs/gdf/bin/python(_PyEval_EvalFrameDefault+0x593b) [0x55ef3ea2c3db]
20  /opt/conda/envs/gdf/bin/python(_PyFunction_Vectorcall+0x6c) [0x55ef3ea36b7c]
21  /opt/conda/envs/gdf/bin/python(_PyEval_EvalFrameDefault+0x6fd) [0x55ef3ea2719d]
22  /opt/conda/envs/gdf/bin/python(_PyFunction_Vectorcall+0x6c) [0x55ef3ea36b7c]
23  /opt/conda/envs/gdf/bin/python(_PyEval_EvalFrameDefault+0x6fd) [0x55ef3ea2719d]
24  /opt/conda/envs/gdf/bin/python(_PyFunction_Vectorcall+0x6c) [0x55ef3ea36b7c]
25  /opt/conda/envs/gdf/bin/python(_PyEval_EvalFrameDefault+0x6fd) [0x55ef3ea2719d]
26  /opt/conda/envs/gdf/bin/python(_PyFunction_Vectorcall+0x6c) [0x55ef3ea36b7c]
27  /opt/conda/envs/gdf/bin/python(_PyEval_EvalFrameDefault+0x6fd) [0x55ef3ea2719d]
28  /opt/conda/envs/gdf/bin/python(_PyFunction_Vectorcall+0x6c) [0x55ef3ea36b7c]
29  /opt/conda/envs/gdf/bin/python(_PyEval_EvalFrameDefault+0x1341) [0x55ef3ea27de1]
30  /opt/conda/envs/gdf/bin/python(+0x146fb2) [0x55ef3ea41fb2]
31  /opt/conda/envs/gdf/bin/python(PyObject_Call+0xbc) [0x55ef3ea4294c]
32  /opt/conda/envs/gdf/bin/python(+0x1ff72d) [0x55ef3eafa72d]
33  /opt/conda/envs/gdf/bin/python(_PyObject_MakeTpCall+0x2d3) [0x55ef3ea2fa03]
34  /opt/conda/envs/gdf/bin/python(_PyEval_EvalFrameDefault+0x2c3e) [0x55ef3ea296de]
35  /opt/conda/envs/gdf/bin/python(+0x147108) [0x55ef3ea42108]
36  /opt/conda/envs/gdf/bin/python(_PyEval_EvalFrameDefault+0x2c3e) [0x55ef3ea296de]
37  /opt/conda/envs/gdf/bin/python(_PyFunction_Vectorcall+0x6c) [0x55ef3ea36b7c]
38  /opt/conda/envs/gdf/bin/python(_PyEval_EvalFrameDefault+0x6fd) [0x55ef3ea2719d]
39  /opt/conda/envs/gdf/bin/python(_PyFunction_Vectorcall+0x6c) [0x55ef3ea36b7c]
40  /opt/conda/envs/gdf/bin/python(_PyEval_EvalFrameDefault+0x6fd) [0x55ef3ea2719d]
41  /opt/conda/envs/gdf/bin/python(_PyFunction_Vectorcall+0x6c) [0x55ef3ea36b7c]
42  /opt/conda/envs/gdf/bin/python(_PyEval_EvalFrameDefault+0x309) [0x55ef3ea26da9]
43  /opt/conda/envs/gdf/bin/python(_PyFunction_Vectorcall+0x6c) [0x55ef3ea36b7c]
44  /opt/conda/envs/gdf/bin/python(_PyEval_EvalFrameDefault+0x1341) [0x55ef3ea27de1]
45  /opt/conda/envs/gdf/bin/python(+0x1cca8c) [0x55ef3eac7a8c]
46  /opt/conda/envs/gdf/bin/python(PyEval_EvalCode+0x87) [0x55ef3eac79d7]
47  /opt/conda/envs/gdf/bin/python(+0x1fceba) [0x55ef3eaf7eba]
48  /opt/conda/envs/gdf/bin/python(+0x1f8343) [0x55ef3eaf3343]
49  /opt/conda/envs/gdf/bin/python(PyRun_StringFlags+0x7d) [0x55ef3eaebadd]
50  /opt/conda/envs/gdf/bin/python(PyRun_SimpleStringFlags+0x3c) [0x55ef3eaeb91c]
51  /opt/conda/envs/gdf/bin/python(Py_RunMain+0x3ba) [0x55ef3eaeab1a]
52  /opt/conda/envs/gdf/bin/python(Py_BytesMain+0x37) [0x55ef3eabb117]
53  /usr/lib/x86_64-linux-gnu/libc.so.6(__libc_start_main+0xf3) [0x7f396084c083]
54  /opt/conda/envs/gdf/bin/python(+0x1c002e) [0x55ef3eabb02e]
=================================
[dgx13:87130:0:87130] Caught signal 11 (Segmentation fault: address not mapped to object at address 0x450)
==== backtrace (tid:  87130) ====
 0  /opt/conda/envs/gdf/lib/libucs.so.0(ucs_handle_error+0x305) [0x7f6bf5736025]
 1  /opt/conda/envs/gdf/lib/libucs.so.0(+0x2f221) [0x7f6bf5736221]
 2  /opt/conda/envs/gdf/lib/libucs.so.0(+0x2f3ea) [0x7f6bf57363ea]
 3  /usr/lib/x86_64-linux-gnu/libpthread.so.0(+0x14420) [0x7f6c46cd2420]
 4  /opt/conda/envs/gdf/lib/libucp.so.0(ucp_mem_type_unpack+0x17) [0x7f6bf57bb197]
 5  /opt/conda/envs/gdf/lib/libucp.so.0(ucp_rndv_data_handler+0x5f5) [0x7f6bf57e69e5]
 6  /opt/conda/envs/gdf/lib/./libuct.so.0(+0x21dd6) [0x7f6bf56eadd6]
 7  /opt/conda/envs/gdf/lib/./libuct.so.0(+0x24f48) [0x7f6bf56edf48]
 8  /opt/conda/envs/gdf/lib/libucs.so.0(ucs_event_set_wait+0xb1) [0x7f6bf573f851]
 9  /opt/conda/envs/gdf/lib/./libuct.so.0(uct_tcp_iface_progress+0x7c) [0x7f6bf56ecfbc]
10  /opt/conda/envs/gdf/lib/libucp.so.0(ucp_worker_progress+0x5a) [0x7f6bf57b7d5a]
11  /opt/conda/envs/gdf/lib/python3.10/site-packages/ucp/_libs/ucx_api.cpython-310-x86_64-linux-gnu.so(+0x31dca) [0x7f6bf587bdca]
12  /opt/conda/envs/gdf/bin/python(_PyEval_EvalFrameDefault+0x2c3e) [0x564375a816de]
13  /opt/conda/envs/gdf/bin/python(_PyFunction_Vectorcall+0x6c) [0x564375a8eb7c]
14  /opt/conda/envs/gdf/bin/python(_PyEval_EvalFrameDefault+0x6fd) [0x564375a7f19d]
15  /opt/conda/envs/gdf/bin/python(+0x147234) [0x564375a9a234]
16  /opt/conda/envs/gdf/bin/python(+0x252f7c) [0x564375ba5f7c]
17  /opt/conda/envs/gdf/bin/python(+0xf745f) [0x564375a4a45f]
18  /opt/conda/envs/gdf/bin/python(+0x1331b3) [0x564375a861b3]
19  /opt/conda/envs/gdf/bin/python(_PyEval_EvalFrameDefault+0x593b) [0x564375a843db]
20  /opt/conda/envs/gdf/bin/python(_PyFunction_Vectorcall+0x6c) [0x564375a8eb7c]
21  /opt/conda/envs/gdf/bin/python(_PyEval_EvalFrameDefault+0x6fd) [0x564375a7f19d]
22  /opt/conda/envs/gdf/bin/python(_PyFunction_Vectorcall+0x6c) [0x564375a8eb7c]
23  /opt/conda/envs/gdf/bin/python(_PyEval_EvalFrameDefault+0x6fd) [0x564375a7f19d]
24  /opt/conda/envs/gdf/bin/python(_PyFunction_Vectorcall+0x6c) [0x564375a8eb7c]
25  /opt/conda/envs/gdf/bin/python(_PyEval_EvalFrameDefault+0x6fd) [0x564375a7f19d]
26  /opt/conda/envs/gdf/bin/python(_PyFunction_Vectorcall+0x6c) [0x564375a8eb7c]
27  /opt/conda/envs/gdf/bin/python(_PyEval_EvalFrameDefault+0x6fd) [0x564375a7f19d]
28  /opt/conda/envs/gdf/bin/python(_PyFunction_Vectorcall+0x6c) [0x564375a8eb7c]
29  /opt/conda/envs/gdf/bin/python(_PyEval_EvalFrameDefault+0x1341) [0x564375a7fde1]
30  /opt/conda/envs/gdf/bin/python(+0x146fb2) [0x564375a99fb2]
31  /opt/conda/envs/gdf/bin/python(PyObject_Call+0xbc) [0x564375a9a94c]
32  /opt/conda/envs/gdf/bin/python(+0x1ff72d) [0x564375b5272d]
33  /opt/conda/envs/gdf/bin/python(_PyObject_MakeTpCall+0x2d3) [0x564375a87a03]
34  /opt/conda/envs/gdf/bin/python(_PyEval_EvalFrameDefault+0x2c3e) [0x564375a816de]
35  /opt/conda/envs/gdf/bin/python(+0x147108) [0x564375a9a108]
36  /opt/conda/envs/gdf/bin/python(_PyEval_EvalFrameDefault+0x2c3e) [0x564375a816de]
37  /opt/conda/envs/gdf/bin/python(_PyFunction_Vectorcall+0x6c) [0x564375a8eb7c]
38  /opt/conda/envs/gdf/bin/python(_PyEval_EvalFrameDefault+0x6fd) [0x564375a7f19d]
39  /opt/conda/envs/gdf/bin/python(_PyFunction_Vectorcall+0x6c) [0x564375a8eb7c]
40  /opt/conda/envs/gdf/bin/python(_PyEval_EvalFrameDefault+0x6fd) [0x564375a7f19d]
41  /opt/conda/envs/gdf/bin/python(_PyFunction_Vectorcall+0x6c) [0x564375a8eb7c]
42  /opt/conda/envs/gdf/bin/python(_PyEval_EvalFrameDefault+0x309) [0x564375a7eda9]
43  /opt/conda/envs/gdf/bin/python(_PyFunction_Vectorcall+0x6c) [0x564375a8eb7c]
44  /opt/conda/envs/gdf/bin/python(_PyEval_EvalFrameDefault+0x1341) [0x564375a7fde1]
45  /opt/conda/envs/gdf/bin/python(+0x1cca8c) [0x564375b1fa8c]
46  /opt/conda/envs/gdf/bin/python(PyEval_EvalCode+0x87) [0x564375b1f9d7]
47  /opt/conda/envs/gdf/bin/python(+0x1fceba) [0x564375b4feba]
48  /opt/conda/envs/gdf/bin/python(+0x1f8343) [0x564375b4b343]
49  /opt/conda/envs/gdf/bin/python(PyRun_StringFlags+0x7d) [0x564375b43add]
50  /opt/conda/envs/gdf/bin/python(PyRun_SimpleStringFlags+0x3c) [0x564375b4391c]
51  /opt/conda/envs/gdf/bin/python(Py_RunMain+0x3ba) [0x564375b42b1a]
52  /opt/conda/envs/gdf/bin/python(Py_BytesMain+0x37) [0x564375b13117]
53  /usr/lib/x86_64-linux-gnu/libc.so.6(__libc_start_main+0xf3) [0x7f6c46996083]
54  /opt/conda/envs/gdf/bin/python(+0x1c002e) [0x564375b1302e]
=================================
[dgx13:87121:0:87121] Caught signal 11 (Segmentation fault: address not mapped to object at address 0x450)
[dgx13:87143:0:87143] Caught signal 11 (Segmentation fault: address not mapped to object at address 0x450)
==== backtrace (tid:  87121) ====
 0  /opt/conda/envs/gdf/lib/libucs.so.0(ucs_handle_error+0x305) [0x7fe8f0d3e025]
 1  /opt/conda/envs/gdf/lib/libucs.so.0(+0x2f221) [0x7fe8f0d3e221]
 2  /opt/conda/envs/gdf/lib/libucs.so.0(+0x2f3ea) [0x7fe8f0d3e3ea]
 3  /usr/lib/x86_64-linux-gnu/libpthread.so.0(+0x14420) [0x7fe93e29d420]
 4  /opt/conda/envs/gdf/lib/libucp.so.0(ucp_mem_type_unpack+0x17) [0x7fe8f0dc3197]
 5  /opt/conda/envs/gdf/lib/libucp.so.0(ucp_rndv_data_handler+0x5f5) [0x7fe8f0dee9e5]
 6  /opt/conda/envs/gdf/lib/./libuct.so.0(+0x21dd6) [0x7fe8f0cf2dd6]
 7  /opt/conda/envs/gdf/lib/./libuct.so.0(+0x24f48) [0x7fe8f0cf5f48]
 8  /opt/conda/envs/gdf/lib/libucs.so.0(ucs_event_set_wait+0xb1) [0x7fe8f0d47851]
 9  /opt/conda/envs/gdf/lib/./libuct.so.0(uct_tcp_iface_progress+0x7c) [0x7fe8f0cf4fbc]
10  /opt/conda/envs/gdf/lib/libucp.so.0(ucp_worker_progress+0x5a) [0x7fe8f0dbfd5a]
11  /opt/conda/envs/gdf/lib/python3.10/site-packages/ucp/_libs/ucx_api.cpython-310-x86_64-linux-gnu.so(+0x31dca) [0x7fe8f0e83dca]
12  /opt/conda/envs/gdf/bin/python(_PyEval_EvalFrameDefault+0x2c3e) [0x556b39e806de]
13  /opt/conda/envs/gdf/bin/python(_PyFunction_Vectorcall+0x6c) [0x556b39e8db7c]
14  /opt/conda/envs/gdf/bin/python(_PyEval_EvalFrameDefault+0x6fd) [0x556b39e7e19d]
15  /opt/conda/envs/gdf/bin/python(+0x1d62c9) [0x556b39f282c9]
16  /opt/conda/envs/gdf/lib/python3.10/lib-dynload/_asyncio.cpython-310-x86_64-linux-gnu.so(+0x7782) [0x7fe92924d782]
17  /opt/conda/envs/gdf/bin/python(_PyObject_MakeTpCall+0x2d3) [0x556b39e86a03]
18  /opt/conda/envs/gdf/bin/python(+0xf745f) [0x556b39e4945f]
19  /opt/conda/envs/gdf/bin/python(+0x1331b3) [0x556b39e851b3]
20  /opt/conda/envs/gdf/bin/python(_PyEval_EvalFrameDefault+0x593b) [0x556b39e833db]
21  /opt/conda/envs/gdf/bin/python(_PyFunction_Vectorcall+0x6c) [0x556b39e8db7c]
22  /opt/conda/envs/gdf/bin/python(_PyEval_EvalFrameDefault+0x6fd) [0x556b39e7e19d]
23  /opt/conda/envs/gdf/bin/python(_PyFunction_Vectorcall+0x6c) [0x556b39e8db7c]
24  /opt/conda/envs/gdf/bin/python(_PyEval_EvalFrameDefault+0x6fd) [0x556b39e7e19d]
25  /opt/conda/envs/gdf/bin/python(_PyFunction_Vectorcall+0x6c) [0x556b39e8db7c]
26  /opt/conda/envs/gdf/bin/python(_PyEval_EvalFrameDefault+0x6fd) [0x556b39e7e19d]
27  /opt/conda/envs/gdf/bin/python(_PyFunction_Vectorcall+0x6c) [0x556b39e8db7c]
28  /opt/conda/envs/gdf/bin/python(_PyEval_EvalFrameDefault+0x6fd) [0x556b39e7e19d]
29  /opt/conda/envs/gdf/bin/python(_PyFunction_Vectorcall+0x6c) [0x556b39e8db7c]
30  /opt/conda/envs/gdf/bin/python(_PyEval_EvalFrameDefault+0x1341) [0x556b39e7ede1]
31  /opt/conda/envs/gdf/bin/python(+0x146fb2) [0x556b39e98fb2]
32  /opt/conda/envs/gdf/bin/python(PyObject_Call+0xbc) [0x556b39e9994c]
33  /opt/conda/envs/gdf/bin/python(+0x1ff72d) [0x556b39f5172d]
34  /opt/conda/envs/gdf/bin/python(_PyObject_MakeTpCall+0x2d3) [0x556b39e86a03]
35  /opt/conda/envs/gdf/bin/python(_PyEval_EvalFrameDefault+0x2c3e) [0x556b39e806de]
36  /opt/conda/envs/gdf/bin/python(+0x147108) [0x556b39e99108]
37  /opt/conda/envs/gdf/bin/python(_PyEval_EvalFrameDefault+0x2c3e) [0x556b39e806de]
38  /opt/conda/envs/gdf/bin/python(_PyFunction_Vectorcall+0x6c) [0x556b39e8db7c]
39  /opt/conda/envs/gdf/bin/python(_PyEval_EvalFrameDefault+0x6fd) [0x556b39e7e19d]
40  /opt/conda/envs/gdf/bin/python(_PyFunction_Vectorcall+0x6c) [0x556b39e8db7c]
41  /opt/conda/envs/gdf/bin/python(_PyEval_EvalFrameDefault+0x6fd) [0x556b39e7e19d]
42  /opt/conda/envs/gdf/bin/python(_PyFunction_Vectorcall+0x6c) [0x556b39e8db7c]
43  /opt/conda/envs/gdf/bin/python(_PyEval_EvalFrameDefault+0x309) [0x556b39e7dda9]
44  /opt/conda/envs/gdf/bin/python(_PyFunction_Vectorcall+0x6c) [0x556b39e8db7c]
45  /opt/conda/envs/gdf/bin/python(_PyEval_EvalFrameDefault+0x1341) [0x556b39e7ede1]
46  /opt/conda/envs/gdf/bin/python(+0x1cca8c) [0x556b39f1ea8c]
47  /opt/conda/envs/gdf/bin/python(PyEval_EvalCode+0x87) [0x556b39f1e9d7]
48  /opt/conda/envs/gdf/bin/python(+0x1fceba) [0x556b39f4eeba]
49  /opt/conda/envs/gdf/bin/python(+0x1f8343) [0x556b39f4a343]
50  /opt/conda/envs/gdf/bin/python(PyRun_StringFlags+0x7d) [0x556b39f42add]
51  /opt/conda/envs/gdf/bin/python(PyRun_SimpleStringFlags+0x3c) [0x556b39f4291c]
52  /opt/conda/envs/gdf/bin/python(Py_RunMain+0x3ba) [0x556b39f41b1a]
53  /opt/conda/envs/gdf/bin/python(Py_BytesMain+0x37) [0x556b39f12117]
54  /usr/lib/x86_64-linux-gnu/libc.so.6(__libc_start_main+0xf3) [0x7fe93df61083]
55  /opt/conda/envs/gdf/bin/python(+0x1c002e) [0x556b39f1202e]
=================================
==== backtrace (tid:  87143) ====
 0  /opt/conda/envs/gdf/lib/libucs.so.0(ucs_handle_error+0x305) [0x7f8433b9f025]
 1  /opt/conda/envs/gdf/lib/libucs.so.0(+0x2f221) [0x7f8433b9f221]
 2  /opt/conda/envs/gdf/lib/libucs.so.0(+0x2f3ea) [0x7f8433b9f3ea]
 3  /usr/lib/x86_64-linux-gnu/libpthread.so.0(+0x14420) [0x7f8487139420]
 4  /opt/conda/envs/gdf/lib/libucp.so.0(ucp_mem_type_unpack+0x17) [0x7f8433c24197]
 5  /opt/conda/envs/gdf/lib/libucp.so.0(ucp_rndv_data_handler+0x5f5) [0x7f8433c4f9e5]
 6  /opt/conda/envs/gdf/lib/./libuct.so.0(+0x21dd6) [0x7f8433b53dd6]
 7  /opt/conda/envs/gdf/lib/./libuct.so.0(+0x24f48) [0x7f8433b56f48]
 8  /opt/conda/envs/gdf/lib/libucs.so.0(ucs_event_set_wait+0xb1) [0x7f8433ba8851]
 9  /opt/conda/envs/gdf/lib/./libuct.so.0(uct_tcp_iface_progress+0x7c) [0x7f8433b55fbc]
10  /opt/conda/envs/gdf/lib/libucp.so.0(ucp_worker_progress+0x5a) [0x7f8433c20d5a]
11  /opt/conda/envs/gdf/lib/python3.10/site-packages/ucp/_libs/ucx_api.cpython-310-x86_64-linux-gnu.so(+0x31dca) [0x7f844804fdca]
12  /opt/conda/envs/gdf/bin/python(_PyEval_EvalFrameDefault+0x2c3e) [0x55cf50f476de]
13  /opt/conda/envs/gdf/bin/python(_PyFunction_Vectorcall+0x6c) [0x55cf50f54b7c]
14  /opt/conda/envs/gdf/bin/python(_PyEval_EvalFrameDefault+0x6fd) [0x55cf50f4519d]
15  /opt/conda/envs/gdf/bin/python(+0x147234) [0x55cf50f60234]
16  /opt/conda/envs/gdf/bin/python(+0x252f7c) [0x55cf5106bf7c]
17  /opt/conda/envs/gdf/bin/python(+0xf745f) [0x55cf50f1045f]
18  /opt/conda/envs/gdf/bin/python(+0x1331b3) [0x55cf50f4c1b3]
19  /opt/conda/envs/gdf/bin/python(_PyEval_EvalFrameDefault+0x593b) [0x55cf50f4a3db]
20  /opt/conda/envs/gdf/bin/python(_PyFunction_Vectorcall+0x6c) [0x55cf50f54b7c]
21  /opt/conda/envs/gdf/bin/python(_PyEval_EvalFrameDefault+0x6fd) [0x55cf50f4519d]
22  /opt/conda/envs/gdf/bin/python(_PyFunction_Vectorcall+0x6c) [0x55cf50f54b7c]
23  /opt/conda/envs/gdf/bin/python(_PyEval_EvalFrameDefault+0x6fd) [0x55cf50f4519d]
24  /opt/conda/envs/gdf/bin/python(_PyFunction_Vectorcall+0x6c) [0x55cf50f54b7c]
25  /opt/conda/envs/gdf/bin/python(_PyEval_EvalFrameDefault+0x6fd) [0x55cf50f4519d]
26  /opt/conda/envs/gdf/bin/python(_PyFunction_Vectorcall+0x6c) [0x55cf50f54b7c]
27  /opt/conda/envs/gdf/bin/python(_PyEval_EvalFrameDefault+0x6fd) [0x55cf50f4519d]
28  /opt/conda/envs/gdf/bin/python(_PyFunction_Vectorcall+0x6c) [0x55cf50f54b7c]
29  /opt/conda/envs/gdf/bin/python(_PyEval_EvalFrameDefault+0x1341) [0x55cf50f45de1]
30  /opt/conda/envs/gdf/bin/python(+0x146fb2) [0x55cf50f5ffb2]
31  /opt/conda/envs/gdf/bin/python(PyObject_Call+0xbc) [0x55cf50f6094c]
32  /opt/conda/envs/gdf/bin/python(+0x1ff72d) [0x55cf5101872d]
33  /opt/conda/envs/gdf/bin/python(_PyObject_MakeTpCall+0x2d3) [0x55cf50f4da03]
34  /opt/conda/envs/gdf/bin/python(_PyEval_EvalFrameDefault+0x2c3e) [0x55cf50f476de]
35  /opt/conda/envs/gdf/bin/python(+0x147108) [0x55cf50f60108]
36  /opt/conda/envs/gdf/bin/python(_PyEval_EvalFrameDefault+0x2c3e) [0x55cf50f476de]
37  /opt/conda/envs/gdf/bin/python(_PyFunction_Vectorcall+0x6c) [0x55cf50f54b7c]
38  /opt/conda/envs/gdf/bin/python(_PyEval_EvalFrameDefault+0x6fd) [0x55cf50f4519d]
39  /opt/conda/envs/gdf/bin/python(_PyFunction_Vectorcall+0x6c) [0x55cf50f54b7c]
40  /opt/conda/envs/gdf/bin/python(_PyEval_EvalFrameDefault+0x6fd) [0x55cf50f4519d]
41  /opt/conda/envs/gdf/bin/python(_PyFunction_Vectorcall+0x6c) [0x55cf50f54b7c]
42  /opt/conda/envs/gdf/bin/python(_PyEval_EvalFrameDefault+0x309) [0x55cf50f44da9]
43  /opt/conda/envs/gdf/bin/python(_PyFunction_Vectorcall+0x6c) [0x55cf50f54b7c]
44  /opt/conda/envs/gdf/bin/python(_PyEval_EvalFrameDefault+0x1341) [0x55cf50f45de1]
45  /opt/conda/envs/gdf/bin/python(+0x1cca8c) [0x55cf50fe5a8c]
46  /opt/conda/envs/gdf/bin/python(PyEval_EvalCode+0x87) [0x55cf50fe59d7]
47  /opt/conda/envs/gdf/bin/python(+0x1fceba) [0x55cf51015eba]
48  /opt/conda/envs/gdf/bin/python(+0x1f8343) [0x55cf51011343]
49  /opt/conda/envs/gdf/bin/python(PyRun_StringFlags+0x7d) [0x55cf51009add]
50  /opt/conda/envs/gdf/bin/python(PyRun_SimpleStringFlags+0x3c) [0x55cf5100991c]
51  /opt/conda/envs/gdf/bin/python(Py_RunMain+0x3ba) [0x55cf51008b1a]
52  /opt/conda/envs/gdf/bin/python(Py_BytesMain+0x37) [0x55cf50fd9117]
53  /usr/lib/x86_64-linux-gnu/libc.so.6(__libc_start_main+0xf3) [0x7f8486dfd083]
54  /opt/conda/envs/gdf/bin/python(+0x1c002e) [0x55cf50fd902e]
=================================
Task exception was never retrieved
future: <Task finished name='Task-439' coro=<_listener_handler_coroutine() done, defined at /opt/conda/envs/gdf/lib/python3.10/site-packages/ucp/core.py:142> exception=UCXError('<stream_send>: Connection reset by remote peer')>
Traceback (most recent call last):
  File "/opt/conda/envs/gdf/lib/python3.10/site-packages/ucp/core.py", line 157, in _listener_handler_coroutine
    peer_info = await exchange_peer_info(
  File "/opt/conda/envs/gdf/lib/python3.10/site-packages/ucp/core.py", line 53, in exchange_peer_info
    await asyncio.wait_for(
  File "/opt/conda/envs/gdf/lib/python3.10/asyncio/tasks.py", line 445, in wait_for
    return fut.result()
ucp._libs.exceptions.UCXError: <stream_send>: Connection reset by remote peer
2025-03-03 07:42:08,968 - distributed.worker - ERROR - Worker stream died during communication: ucx://127.0.0.1:49063
Traceback (most recent call last):
  File "/opt/conda/envs/gdf/lib/python3.10/site-packages/rapids_dask_dependency/patches/distributed/comm/__rdd_patch_ucx.py", line 353, in read
    await self.ep.recv(msg)
  File "/opt/conda/envs/gdf/lib/python3.10/site-packages/ucp/core.py", line 748, in recv
    ret = await comm.tag_recv(self._ep, buffer, nbytes, tag, name=log)
ucp._libs.exceptions.UCXCanceled: <[Recv #003] ep: 0x7f37a12f51c0, tag: 0xf8b126dc825d2ddc, nbytes: 16, type: <class 'numpy.ndarray'>>: 

During handling of the above exception, another exception occurred:

Traceback (most recent call last):
  File "/opt/conda/envs/gdf/lib/python3.10/site-packages/distributed/worker.py", line 2075, in gather_dep
    response = await get_data_from_worker(
  File "/opt/conda/envs/gdf/lib/python3.10/site-packages/distributed/worker.py", line 2881, in get_data_from_worker
    response = await send_recv(
  File "/opt/conda/envs/gdf/lib/python3.10/site-packages/distributed/core.py", line 1018, in send_recv
    response = await comm.read(deserializers=deserializers)
  File "/opt/conda/envs/gdf/lib/python3.10/site-packages/distributed/utils.py", line 805, in wrapper
    return await func(*args, **kwargs)
  File "/opt/conda/envs/gdf/lib/python3.10/site-packages/rapids_dask_dependency/patches/distributed/comm/__rdd_patch_ucx.py", line 371, in read
    raise CommClosedError(
distributed.comm.core.CommClosedError: Connection closed by writer.
Inner exception: UCXCanceled("<[Recv #003] ep: 0x7f37a12f51c0, tag: 0xf8b126dc825d2ddc, nbytes: 16, type: <class 'numpy.ndarray'>>: ")
2025-03-03 07:42:08,969 - distributed.scheduler - WARNING - Removing worker 'ucx://127.0.0.1:49063' caused the cluster to lose already computed task(s), which will be recomputed elsewhere: {('split-taskshuffle-42c82307b2f5928bce72459b455e28a0', 6, 6), ('split-taskshuffle-42c82307b2f5928bce72459b455e28a0', 1, 6), ('split-taskshuffle-42c82307b2f5928bce72459b455e28a0', 2, 6), ('split-taskshuffle-42c82307b2f5928bce72459b455e28a0', 4, 6), ('split-taskshuffle-42c82307b2f5928bce72459b455e28a0', 5, 6), ('split-taskshuffle-42c82307b2f5928bce72459b455e28a0', 0, 6), ('split-taskshuffle-42c82307b2f5928bce72459b455e28a0', 7, 6), ('split-taskshuffle-42c82307b2f5928bce72459b455e28a0', 3, 6), ('generate_chunk-_to_string_dtype-a0180b72cbed01de5a9fb7d9b0e1ee1a', 4)} (stimulus_id='handle-worker-cleanup-1740987728.9694877')
2025-03-03 07:42:08,977 - distributed.worker - ERROR - Worker stream died during communication: ucx://127.0.0.1:49063
Traceback (most recent call last):
  File "/opt/conda/envs/gdf/lib/python3.10/site-packages/rapids_dask_dependency/patches/distributed/comm/__rdd_patch_ucx.py", line 470, in connect
    ep = await ucp.create_endpoint(ip, port)
  File "/opt/conda/envs/gdf/lib/python3.10/site-packages/ucp/core.py", line 1040, in create_endpoint
    return await _get_ctx().create_endpoint(
  File "/opt/conda/envs/gdf/lib/python3.10/site-packages/ucp/core.py", line 337, in create_endpoint
    peer_info = await exchange_peer_info(
  File "/opt/conda/envs/gdf/lib/python3.10/site-packages/ucp/core.py", line 62, in exchange_peer_info
    await asyncio.wait_for(
  File "/opt/conda/envs/gdf/lib/python3.10/asyncio/tasks.py", line 445, in wait_for
    return fut.result()
ucp._libs.exceptions.UCXNotConnected: <stream_recv>: 

During handling of the above exception, another exception occurred:

Traceback (most recent call last):
  File "/opt/conda/envs/gdf/lib/python3.10/site-packages/distributed/comm/core.py", line 342, in connect
    comm = await wait_for(
  File "/opt/conda/envs/gdf/lib/python3.10/site-packages/distributed/utils.py", line 1915, in wait_for
    return await asyncio.wait_for(fut, timeout)
  File "/opt/conda/envs/gdf/lib/python3.10/asyncio/tasks.py", line 445, in wait_for
    return fut.result()
  File "/opt/conda/envs/gdf/lib/python3.10/site-packages/rapids_dask_dependency/patches/distributed/comm/__rdd_patch_ucx.py", line 472, in connect
    raise CommClosedError("Connection closed before handshake completed")
distributed.comm.core.CommClosedError: Connection closed before handshake completed

During handling of the above exception, another exception occurred:

Traceback (most recent call last):
  File "/opt/conda/envs/gdf/lib/python3.10/site-packages/distributed/core.py", line 1429, in _connect
    comm = await connect(
  File "/opt/conda/envs/gdf/lib/python3.10/site-packages/distributed/comm/core.py", line 366, in connect
    await asyncio.sleep(backoff)
  File "/opt/conda/envs/gdf/lib/python3.10/asyncio/tasks.py", line 605, in sleep
    return await future
asyncio.exceptions.CancelledError

During handling of the above exception, another exception occurred:

Traceback (most recent call last):
  File "/opt/conda/envs/gdf/lib/python3.10/site-packages/distributed/core.py", line 1539, in connect
    return connect_attempt.result()
asyncio.exceptions.CancelledError

During handling of the above exception, another exception occurred:

Traceback (most recent call last):
  File "/opt/conda/envs/gdf/lib/python3.10/site-packages/distributed/worker.py", line 2075, in gather_dep
    response = await get_data_from_worker(
  File "/opt/conda/envs/gdf/lib/python3.10/site-packages/distributed/worker.py", line 2878, in get_data_from_worker
    comm = await rpc.connect(worker)
  File "/opt/conda/envs/gdf/lib/python3.10/site-packages/distributed/core.py", line 1542, in connect
    raise CommClosedError(reason)
distributed.comm.core.CommClosedError: Address removed.
2025-03-03 07:42:08,989 - distributed.worker - ERROR - failed during get data with ucx://127.0.0.1:59483 -> ucx://127.0.0.1:34233
Traceback (most recent call last):
  File "/opt/conda/envs/gdf/lib/python3.10/site-packages/rapids_dask_dependency/patches/distributed/comm/__rdd_patch_ucx.py", line 337, in write
    await self.ep.send(each_frame)
  File "/opt/conda/envs/gdf/lib/python3.10/site-packages/ucp/core.py", line 673, in send
    return await comm.tag_send(self._ep, buffer, nbytes, tag, name=log)
ucp._libs.exceptions.UCXError: <[Send #007] ep: 0x7fd82251d3c0, tag: 0x27b2fbbc65971e7f, nbytes: 100000000, type: <class 'cudf.core.buffer.buffer.Buffer'>>: Connection reset by remote peer

During handling of the above exception, another exception occurred:

Traceback (most recent call last):
  File "/opt/conda/envs/gdf/lib/python3.10/site-packages/distributed/worker.py", line 1796, in get_data
    compressed = await comm.write(msg, serializers=serializers)
  File "/opt/conda/envs/gdf/lib/python3.10/site-packages/distributed/utils.py", line 805, in wrapper
    return await func(*args, **kwargs)
  File "/opt/conda/envs/gdf/lib/python3.10/site-packages/rapids_dask_dependency/patches/distributed/comm/__rdd_patch_ucx.py", line 341, in write
    raise CommClosedError("While writing, the connection was closed")
distributed.comm.core.CommClosedError: While writing, the connection was closed
Task exception was never retrieved
future: <Task finished name='Task-412' coro=<_listener_handler_coroutine() done, defined at /opt/conda/envs/gdf/lib/python3.10/site-packages/ucp/core.py:142> exception=UCXError('<stream_send>: Connection reset by remote peer')>
Traceback (most recent call last):
  File "/opt/conda/envs/gdf/lib/python3.10/site-packages/ucp/core.py", line 157, in _listener_handler_coroutine
    peer_info = await exchange_peer_info(
  File "/opt/conda/envs/gdf/lib/python3.10/site-packages/ucp/core.py", line 53, in exchange_peer_info
    await asyncio.wait_for(
  File "/opt/conda/envs/gdf/lib/python3.10/asyncio/tasks.py", line 445, in wait_for
    return fut.result()
ucp._libs.exceptions.UCXError: <stream_send>: Connection reset by remote peer
2025-03-03 07:42:08,990 - distributed.scheduler - WARNING - Removing worker 'ucx://127.0.0.1:34233' caused the cluster to lose already computed task(s), which will be recomputed elsewhere: {('split-taskshuffle-42c82307b2f5928bce72459b455e28a0', 7, 1), ('split-taskshuffle-42c82307b2f5928bce72459b455e28a0', 3, 1), ('generate_chunk-_to_string_dtype-a0180b72cbed01de5a9fb7d9b0e1ee1a', 0), ('split-taskshuffle-42c82307b2f5928bce72459b455e28a0', 6, 1), ('split-taskshuffle-42c82307b2f5928bce72459b455e28a0', 1, 1), ('split-taskshuffle-42c82307b2f5928bce72459b455e28a0', 2, 1), ('split-taskshuffle-42c82307b2f5928bce72459b455e28a0', 4, 1), ('split-taskshuffle-42c82307b2f5928bce72459b455e28a0', 5, 1), ('split-taskshuffle-42c82307b2f5928bce72459b455e28a0', 0, 1)} (stimulus_id='handle-worker-cleanup-1740987728.9904847')
2025-03-03 07:42:08,990 - distributed.worker - ERROR - Worker stream died during communication: ucx://127.0.0.1:34233
Traceback (most recent call last):
  File "/opt/conda/envs/gdf/lib/python3.10/site-packages/rapids_dask_dependency/patches/distributed/comm/__rdd_patch_ucx.py", line 395, in read
    await self.ep.recv(each_frame)
  File "/opt/conda/envs/gdf/lib/python3.10/site-packages/ucp/core.py", line 748, in recv
    ret = await comm.tag_recv(self._ep, buffer, nbytes, tag, name=log)
ucp._libs.exceptions.UCXError: <[Recv #007] ep: 0x7fd82251d280, tag: 0x62d4f26753f1755b, nbytes: 100000000, type: <class 'rmm.pylibrmm.device_buffer.DeviceBuffer'>>: Connection reset by remote peer

During handling of the above exception, another exception occurred:

Traceback (most recent call last):
  File "/opt/conda/envs/gdf/lib/python3.10/site-packages/distributed/worker.py", line 2075, in gather_dep
    response = await get_data_from_worker(
  File "/opt/conda/envs/gdf/lib/python3.10/site-packages/distributed/worker.py", line 2881, in get_data_from_worker
    response = await send_recv(
  File "/opt/conda/envs/gdf/lib/python3.10/site-packages/distributed/core.py", line 1018, in send_recv
    response = await comm.read(deserializers=deserializers)
  File "/opt/conda/envs/gdf/lib/python3.10/site-packages/distributed/utils.py", line 805, in wrapper
    return await func(*args, **kwargs)
  File "/opt/conda/envs/gdf/lib/python3.10/site-packages/rapids_dask_dependency/patches/distributed/comm/__rdd_patch_ucx.py", line 401, in read
    raise CommClosedError(
distributed.comm.core.CommClosedError: Connection closed by writer.
Inner exception: UCXError("<[Recv #007] ep: 0x7fd82251d280, tag: 0x62d4f26753f1755b, nbytes: 100000000, type: <class 'rmm.pylibrmm.device_buffer.DeviceBuffer'>>: Connection reset by remote peer")
Task exception was never retrieved
future: <Task finished name='Task-411' coro=<_listener_handler_coroutine() done, defined at /opt/conda/envs/gdf/lib/python3.10/site-packages/ucp/core.py:142> exception=UCXError('<stream_recv>: Connection reset by remote peer')>
Traceback (most recent call last):
  File "/opt/conda/envs/gdf/lib/python3.10/site-packages/ucp/core.py", line 157, in _listener_handler_coroutine
    peer_info = await exchange_peer_info(
  File "/opt/conda/envs/gdf/lib/python3.10/site-packages/ucp/core.py", line 57, in exchange_peer_info
    await asyncio.wait_for(
  File "/opt/conda/envs/gdf/lib/python3.10/asyncio/tasks.py", line 445, in wait_for
    return fut.result()
ucp._libs.exceptions.UCXError: <stream_recv>: Connection reset by remote peer
2025-03-03 07:42:08,993 - distributed.worker - ERROR - failed during get data with ucx://127.0.0.1:59483 -> ucx://127.0.0.1:56161
Traceback (most recent call last):
  File "/opt/conda/envs/gdf/lib/python3.10/site-packages/rapids_dask_dependency/patches/distributed/comm/__rdd_patch_ucx.py", line 337, in write
    await self.ep.send(each_frame)
  File "/opt/conda/envs/gdf/lib/python3.10/site-packages/ucp/core.py", line 673, in send
    return await comm.tag_send(self._ep, buffer, nbytes, tag, name=log)
ucp._libs.exceptions.UCXError: <[Send #007] ep: 0x7fd82251d340, tag: 0x539873b3927f15fd, nbytes: 100000000, type: <class 'cudf.core.buffer.buffer.Buffer'>>: Connection reset by remote peer

During handling of the above exception, another exception occurred:

Traceback (most recent call last):
  File "/opt/conda/envs/gdf/lib/python3.10/site-packages/distributed/worker.py", line 1796, in get_data
    compressed = await comm.write(msg, serializers=serializers)
  File "/opt/conda/envs/gdf/lib/python3.10/site-packages/distributed/utils.py", line 805, in wrapper
    return await func(*args, **kwargs)
  File "/opt/conda/envs/gdf/lib/python3.10/site-packages/rapids_dask_dependency/patches/distributed/comm/__rdd_patch_ucx.py", line 341, in write
    raise CommClosedError("While writing, the connection was closed")
distributed.comm.core.CommClosedError: While writing, the connection was closed
2025-03-03 07:42:08,994 - distributed.worker - ERROR - Worker stream died during communication: ucx://127.0.0.1:56161
Traceback (most recent call last):
  File "/opt/conda/envs/gdf/lib/python3.10/site-packages/rapids_dask_dependency/patches/distributed/comm/__rdd_patch_ucx.py", line 395, in read
    await self.ep.recv(each_frame)
  File "/opt/conda/envs/gdf/lib/python3.10/site-packages/ucp/core.py", line 748, in recv
    ret = await comm.tag_recv(self._ep, buffer, nbytes, tag, name=log)
ucp._libs.exceptions.UCXError: <[Recv #007] ep: 0x7fd82251d180, tag: 0x51eafd5dcaf2f708, nbytes: 100000000, type: <class 'rmm.pylibrmm.device_buffer.DeviceBuffer'>>: Connection reset by remote peer

During handling of the above exception, another exception occurred:

Traceback (most recent call last):
  File "/opt/conda/envs/gdf/lib/python3.10/site-packages/distributed/worker.py", line 2075, in gather_dep
    response = await get_data_from_worker(
  File "/opt/conda/envs/gdf/lib/python3.10/site-packages/distributed/worker.py", line 2881, in get_data_from_worker
    response = await send_recv(
  File "/opt/conda/envs/gdf/lib/python3.10/site-packages/distributed/core.py", line 1018, in send_recv
    response = await comm.read(deserializers=deserializers)
  File "/opt/conda/envs/gdf/lib/python3.10/site-packages/distributed/utils.py", line 805, in wrapper
    return await func(*args, **kwargs)
  File "/opt/conda/envs/gdf/lib/python3.10/site-packages/rapids_dask_dependency/patches/distributed/comm/__rdd_patch_ucx.py", line 401, in read
    raise CommClosedError(
distributed.comm.core.CommClosedError: Connection closed by writer.
Inner exception: UCXError("<[Recv #007] ep: 0x7fd82251d180, tag: 0x51eafd5dcaf2f708, nbytes: 100000000, type: <class 'rmm.pylibrmm.device_buffer.DeviceBuffer'>>: Connection reset by remote peer")
2025-03-03 07:42:08,998 - distributed.scheduler - WARNING - Removing worker 'ucx://127.0.0.1:56161' caused the cluster to lose already computed task(s), which will be recomputed elsewhere: {('split-taskshuffle-42c82307b2f5928bce72459b455e28a0', 6, 0), ('split-taskshuffle-42c82307b2f5928bce72459b455e28a0', 1, 0), ('split-taskshuffle-42c82307b2f5928bce72459b455e28a0', 4, 0), ('split-taskshuffle-42c82307b2f5928bce72459b455e28a0', 2, 0), ('split-taskshuffle-42c82307b2f5928bce72459b455e28a0', 5, 0), ('split-taskshuffle-42c82307b2f5928bce72459b455e28a0', 0, 0), ('split-taskshuffle-42c82307b2f5928bce72459b455e28a0', 7, 0), ('split-taskshuffle-42c82307b2f5928bce72459b455e28a0', 3, 0), ('generate_chunk-_to_string_dtype-a0180b72cbed01de5a9fb7d9b0e1ee1a', 2)} (stimulus_id='handle-worker-cleanup-1740987728.9982314')
2025-03-03 07:42:08,998 - distributed.worker - ERROR - Worker stream died during communication: ucx://127.0.0.1:34233
Traceback (most recent call last):
  File "/opt/conda/envs/gdf/lib/python3.10/site-packages/rapids_dask_dependency/patches/distributed/comm/__rdd_patch_ucx.py", line 470, in connect
    ep = await ucp.create_endpoint(ip, port)
  File "/opt/conda/envs/gdf/lib/python3.10/site-packages/ucp/core.py", line 1040, in create_endpoint
    return await _get_ctx().create_endpoint(
  File "/opt/conda/envs/gdf/lib/python3.10/site-packages/ucp/core.py", line 337, in create_endpoint
    peer_info = await exchange_peer_info(
  File "/opt/conda/envs/gdf/lib/python3.10/site-packages/ucp/core.py", line 62, in exchange_peer_info
    await asyncio.wait_for(
  File "/opt/conda/envs/gdf/lib/python3.10/asyncio/tasks.py", line 445, in wait_for
    return fut.result()
ucp._libs.exceptions.UCXNotConnected: <stream_recv>: 

During handling of the above exception, another exception occurred:

Traceback (most recent call last):
  File "/opt/conda/envs/gdf/lib/python3.10/site-packages/distributed/comm/core.py", line 342, in connect
    comm = await wait_for(
  File "/opt/conda/envs/gdf/lib/python3.10/site-packages/distributed/utils.py", line 1915, in wait_for
    return await asyncio.wait_for(fut, timeout)
  File "/opt/conda/envs/gdf/lib/python3.10/asyncio/tasks.py", line 445, in wait_for
    return fut.result()
  File "/opt/conda/envs/gdf/lib/python3.10/site-packages/rapids_dask_dependency/patches/distributed/comm/__rdd_patch_ucx.py", line 472, in connect
    raise CommClosedError("Connection closed before handshake completed")
distributed.comm.core.CommClosedError: Connection closed before handshake completed

During handling of the above exception, another exception occurred:

Traceback (most recent call last):
  File "/opt/conda/envs/gdf/lib/python3.10/site-packages/distributed/core.py", line 1429, in _connect
    comm = await connect(
  File "/opt/conda/envs/gdf/lib/python3.10/site-packages/distributed/comm/core.py", line 366, in connect
    await asyncio.sleep(backoff)
  File "/opt/conda/envs/gdf/lib/python3.10/asyncio/tasks.py", line 605, in sleep
    return await future
asyncio.exceptions.CancelledError

During handling of the above exception, another exception occurred:

Traceback (most recent call last):
  File "/opt/conda/envs/gdf/lib/python3.10/site-packages/distributed/core.py", line 1539, in connect
    return connect_attempt.result()
asyncio.exceptions.CancelledError

During handling of the above exception, another exception occurred:

Traceback (most recent call last):
  File "/opt/conda/envs/gdf/lib/python3.10/site-packages/distributed/worker.py", line 2075, in gather_dep
    response = await get_data_from_worker(
  File "/opt/conda/envs/gdf/lib/python3.10/site-packages/distributed/worker.py", line 2878, in get_data_from_worker
    comm = await rpc.connect(worker)
  File "/opt/conda/envs/gdf/lib/python3.10/site-packages/distributed/core.py", line 1542, in connect
    raise CommClosedError(reason)
distributed.comm.core.CommClosedError: Address removed.
2025-03-03 07:42:09,019 - distributed.worker - ERROR - failed during get data with ucx://127.0.0.1:53545 -> ucx://127.0.0.1:34233
Traceback (most recent call last):
  File "/opt/conda/envs/gdf/lib/python3.10/site-packages/rapids_dask_dependency/patches/distributed/comm/__rdd_patch_ucx.py", line 319, in write
    await self.ep.send(struct.pack("?Q", False, nframes))
  File "/opt/conda/envs/gdf/lib/python3.10/site-packages/ucp/core.py", line 652, in send
    self._ep.raise_on_error()
  File "ucp/_libs/ucx_endpoint.pyx", line 353, in ucp._libs.ucx_api.UCXEndpoint.raise_on_error
ucp._libs.exceptions.UCXConnectionReset: Endpoint 0x7f6fe00f7340 error: Connection reset by remote peer

During handling of the above exception, another exception occurred:

Traceback (most recent call last):
  File "/opt/conda/envs/gdf/lib/python3.10/site-packages/distributed/worker.py", line 1796, in get_data
    compressed = await comm.write(msg, serializers=serializers)
  File "/opt/conda/envs/gdf/lib/python3.10/site-packages/distributed/utils.py", line 805, in wrapper
    return await func(*args, **kwargs)
  File "/opt/conda/envs/gdf/lib/python3.10/site-packages/rapids_dask_dependency/patches/distributed/comm/__rdd_patch_ucx.py", line 341, in write
    raise CommClosedError("While writing, the connection was closed")
distributed.comm.core.CommClosedError: While writing, the connection was closed
2025-03-03 07:42:09,022 - distributed.worker - ERROR - failed during get data with ucx://127.0.0.1:53545 -> ucx://127.0.0.1:49063
Traceback (most recent call last):
  File "/opt/conda/envs/gdf/lib/python3.10/site-packages/rapids_dask_dependency/patches/distributed/comm/__rdd_patch_ucx.py", line 337, in write
    await self.ep.send(each_frame)
  File "/opt/conda/envs/gdf/lib/python3.10/site-packages/ucp/core.py", line 673, in send
    return await comm.tag_send(self._ep, buffer, nbytes, tag, name=log)
ucp._libs.exceptions.UCXError: <[Send #007] ep: 0x7f6fe00f7300, tag: 0x9c2a851150dc9554, nbytes: 100000000, type: <class 'cudf.core.buffer.buffer.Buffer'>>: Connection reset by remote peer

During handling of the above exception, another exception occurred:

Traceback (most recent call last):
  File "/opt/conda/envs/gdf/lib/python3.10/site-packages/distributed/worker.py", line 1796, in get_data
    compressed = await comm.write(msg, serializers=serializers)
  File "/opt/conda/envs/gdf/lib/python3.10/site-packages/distributed/utils.py", line 805, in wrapper
    return await func(*args, **kwargs)
  File "/opt/conda/envs/gdf/lib/python3.10/site-packages/rapids_dask_dependency/patches/distributed/comm/__rdd_patch_ucx.py", line 341, in write
    raise CommClosedError("While writing, the connection was closed")
distributed.comm.core.CommClosedError: While writing, the connection was closed
2025-03-03 07:42:09,024 - distributed.worker - ERROR - Worker stream died during communication: ucx://127.0.0.1:34233
Traceback (most recent call last):
  File "/opt/conda/envs/gdf/lib/python3.10/site-packages/rapids_dask_dependency/patches/distributed/comm/__rdd_patch_ucx.py", line 395, in read
    await self.ep.recv(each_frame)
  File "/opt/conda/envs/gdf/lib/python3.10/site-packages/ucp/core.py", line 748, in recv
    ret = await comm.tag_recv(self._ep, buffer, nbytes, tag, name=log)
ucp._libs.exceptions.UCXError: <[Recv #007] ep: 0x7f6fe00f7100, tag: 0xb69fdbbd78476c7c, nbytes: 100000000, type: <class 'rmm.pylibrmm.device_buffer.DeviceBuffer'>>: Connection reset by remote peer

During handling of the above exception, another exception occurred:

Traceback (most recent call last):
  File "/opt/conda/envs/gdf/lib/python3.10/site-packages/distributed/worker.py", line 2075, in gather_dep
    response = await get_data_from_worker(
  File "/opt/conda/envs/gdf/lib/python3.10/site-packages/distributed/worker.py", line 2881, in get_data_from_worker
    response = await send_recv(
  File "/opt/conda/envs/gdf/lib/python3.10/site-packages/distributed/core.py", line 1018, in send_recv
    response = await comm.read(deserializers=deserializers)
  File "/opt/conda/envs/gdf/lib/python3.10/site-packages/distributed/utils.py", line 805, in wrapper
    return await func(*args, **kwargs)
  File "/opt/conda/envs/gdf/lib/python3.10/site-packages/rapids_dask_dependency/patches/distributed/comm/__rdd_patch_ucx.py", line 401, in read
    raise CommClosedError(
distributed.comm.core.CommClosedError: Connection closed by writer.
Inner exception: UCXError("<[Recv #007] ep: 0x7f6fe00f7100, tag: 0xb69fdbbd78476c7c, nbytes: 100000000, type: <class 'rmm.pylibrmm.device_buffer.DeviceBuffer'>>: Connection reset by remote peer")
2025-03-03 07:42:09,025 - distributed.worker - ERROR - failed during get data with ucx://127.0.0.1:53545 -> ucx://127.0.0.1:56161
Traceback (most recent call last):
  File "/opt/conda/envs/gdf/lib/python3.10/site-packages/rapids_dask_dependency/patches/distributed/comm/__rdd_patch_ucx.py", line 319, in write
    await self.ep.send(struct.pack("?Q", False, nframes))
  File "/opt/conda/envs/gdf/lib/python3.10/site-packages/ucp/core.py", line 652, in send
    self._ep.raise_on_error()
  File "ucp/_libs/ucx_endpoint.pyx", line 353, in ucp._libs.ucx_api.UCXEndpoint.raise_on_error
ucp._libs.exceptions.UCXConnectionReset: Endpoint 0x7f6fe00f7380 error: Connection reset by remote peer

During handling of the above exception, another exception occurred:

Traceback (most recent call last):
  File "/opt/conda/envs/gdf/lib/python3.10/site-packages/distributed/worker.py", line 1796, in get_data
    compressed = await comm.write(msg, serializers=serializers)
  File "/opt/conda/envs/gdf/lib/python3.10/site-packages/distributed/utils.py", line 805, in wrapper
    return await func(*args, **kwargs)
  File "/opt/conda/envs/gdf/lib/python3.10/site-packages/rapids_dask_dependency/patches/distributed/comm/__rdd_patch_ucx.py", line 341, in write
    raise CommClosedError("While writing, the connection was closed")
distributed.comm.core.CommClosedError: While writing, the connection was closed
2025-03-03 07:42:09,027 - distributed.worker - ERROR - Worker stream died during communication: ucx://127.0.0.1:56161
Traceback (most recent call last):
  File "/opt/conda/envs/gdf/lib/python3.10/site-packages/rapids_dask_dependency/patches/distributed/comm/__rdd_patch_ucx.py", line 395, in read
    await self.ep.recv(each_frame)
  File "/opt/conda/envs/gdf/lib/python3.10/site-packages/ucp/core.py", line 748, in recv
    ret = await comm.tag_recv(self._ep, buffer, nbytes, tag, name=log)
ucp._libs.exceptions.UCXCanceled: <[Recv #008] ep: 0x7f6fe00f7180, tag: 0x79e33c4d86390009, nbytes: 100000000, type: <class 'rmm.pylibrmm.device_buffer.DeviceBuffer'>>: 

During handling of the above exception, another exception occurred:

Traceback (most recent call last):
  File "/opt/conda/envs/gdf/lib/python3.10/site-packages/distributed/worker.py", line 2075, in gather_dep
    response = await get_data_from_worker(
  File "/opt/conda/envs/gdf/lib/python3.10/site-packages/distributed/worker.py", line 2881, in get_data_from_worker
    response = await send_recv(
  File "/opt/conda/envs/gdf/lib/python3.10/site-packages/distributed/core.py", line 1018, in send_recv
    response = await comm.read(deserializers=deserializers)
  File "/opt/conda/envs/gdf/lib/python3.10/site-packages/distributed/utils.py", line 805, in wrapper
    return await func(*args, **kwargs)
  File "/opt/conda/envs/gdf/lib/python3.10/site-packages/rapids_dask_dependency/patches/distributed/comm/__rdd_patch_ucx.py", line 401, in read
    raise CommClosedError(
distributed.comm.core.CommClosedError: Connection closed by writer.
Inner exception: UCXCanceled("<[Recv #008] ep: 0x7f6fe00f7180, tag: 0x79e33c4d86390009, nbytes: 100000000, type: <class 'rmm.pylibrmm.device_buffer.DeviceBuffer'>>: ")
2025-03-03 07:42:09,029 - distributed.worker - ERROR - Worker stream died during communication: ucx://127.0.0.1:49063
Traceback (most recent call last):
  File "/opt/conda/envs/gdf/lib/python3.10/site-packages/rapids_dask_dependency/patches/distributed/comm/__rdd_patch_ucx.py", line 353, in read
    await self.ep.recv(msg)
  File "/opt/conda/envs/gdf/lib/python3.10/site-packages/ucp/core.py", line 748, in recv
    ret = await comm.tag_recv(self._ep, buffer, nbytes, tag, name=log)
ucp._libs.exceptions.UCXCanceled: <[Recv #003] ep: 0x7f6fe00f7200, tag: 0x2651f68792ee94cd, nbytes: 16, type: <class 'numpy.ndarray'>>: 

During handling of the above exception, another exception occurred:

Traceback (most recent call last):
  File "/opt/conda/envs/gdf/lib/python3.10/site-packages/distributed/worker.py", line 2075, in gather_dep
    response = await get_data_from_worker(
  File "/opt/conda/envs/gdf/lib/python3.10/site-packages/distributed/worker.py", line 2881, in get_data_from_worker
    response = await send_recv(
  File "/opt/conda/envs/gdf/lib/python3.10/site-packages/distributed/core.py", line 1018, in send_recv
    response = await comm.read(deserializers=deserializers)
  File "/opt/conda/envs/gdf/lib/python3.10/site-packages/distributed/utils.py", line 805, in wrapper
    return await func(*args, **kwargs)
  File "/opt/conda/envs/gdf/lib/python3.10/site-packages/rapids_dask_dependency/patches/distributed/comm/__rdd_patch_ucx.py", line 371, in read
    raise CommClosedError(
distributed.comm.core.CommClosedError: Connection closed by writer.
Inner exception: UCXCanceled("<[Recv #003] ep: 0x7f6fe00f7200, tag: 0x2651f68792ee94cd, nbytes: 16, type: <class 'numpy.ndarray'>>: ")
2025-03-03 07:42:09,127 - distributed.scheduler - WARNING - Removing worker 'ucx://127.0.0.1:53127' caused the cluster to lose already computed task(s), which will be recomputed elsewhere: {('split-taskshuffle-42c82307b2f5928bce72459b455e28a0', 6, 5), ('split-taskshuffle-42c82307b2f5928bce72459b455e28a0', 1, 5), ('split-taskshuffle-42c82307b2f5928bce72459b455e28a0', 2, 5), ('generate_chunk-_to_string_dtype-a0180b72cbed01de5a9fb7d9b0e1ee1a', 6), ('split-taskshuffle-42c82307b2f5928bce72459b455e28a0', 4, 5), ('split-taskshuffle-42c82307b2f5928bce72459b455e28a0', 5, 5), ('split-taskshuffle-42c82307b2f5928bce72459b455e28a0', 0, 5), ('split-taskshuffle-42c82307b2f5928bce72459b455e28a0', 7, 5), ('split-taskshuffle-42c82307b2f5928bce72459b455e28a0', 3, 5)} (stimulus_id='handle-worker-cleanup-1740987729.1271124')
2025-03-03 07:42:09,130 - distributed.scheduler - WARNING - Removing worker 'ucx://127.0.0.1:42035' caused the cluster to lose already computed task(s), which will be recomputed elsewhere: {('generate_chunk-_to_string_dtype-a0180b72cbed01de5a9fb7d9b0e1ee1a', 1), ('split-taskshuffle-42c82307b2f5928bce72459b455e28a0', 5, 4), ('split-taskshuffle-42c82307b2f5928bce72459b455e28a0', 0, 4), ('split-taskshuffle-42c82307b2f5928bce72459b455e28a0', 7, 4), ('split-taskshuffle-42c82307b2f5928bce72459b455e28a0', 3, 4), ('split-taskshuffle-42c82307b2f5928bce72459b455e28a0', 6, 4), ('split-taskshuffle-42c82307b2f5928bce72459b455e28a0', 1, 4), ('split-taskshuffle-42c82307b2f5928bce72459b455e28a0', 2, 4), ('split-taskshuffle-42c82307b2f5928bce72459b455e28a0', 4, 4)} (stimulus_id='handle-worker-cleanup-1740987729.130024')
2025-03-03 07:42:09,154 - distributed.nanny - WARNING - Restarting worker
2025-03-03 07:42:09,156 - distributed.nanny - WARNING - Restarting worker
2025-03-03 07:42:09,165 - distributed.nanny - WARNING - Restarting worker
Task exception was never retrieved
future: <Task finished name='Task-415' coro=<_listener_handler_coroutine() done, defined at /opt/conda/envs/gdf/lib/python3.10/site-packages/ucp/core.py:142> exception=UCXError('<stream_recv>: Connection reset by remote peer')>
Traceback (most recent call last):
  File "/opt/conda/envs/gdf/lib/python3.10/site-packages/ucp/core.py", line 157, in _listener_handler_coroutine
    peer_info = await exchange_peer_info(
  File "/opt/conda/envs/gdf/lib/python3.10/site-packages/ucp/core.py", line 57, in exchange_peer_info
    await asyncio.wait_for(
  File "/opt/conda/envs/gdf/lib/python3.10/asyncio/tasks.py", line 445, in wait_for
    return fut.result()
ucp._libs.exceptions.UCXError: <stream_recv>: Connection reset by remote peer
2025-03-03 07:42:09,181 - distributed.worker - ERROR - Worker stream died during communication: ucx://127.0.0.1:42035
Traceback (most recent call last):
  File "/opt/conda/envs/gdf/lib/python3.10/site-packages/rapids_dask_dependency/patches/distributed/comm/__rdd_patch_ucx.py", line 395, in read
    await self.ep.recv(each_frame)
  File "/opt/conda/envs/gdf/lib/python3.10/site-packages/ucp/core.py", line 748, in recv
    ret = await comm.tag_recv(self._ep, buffer, nbytes, tag, name=log)
ucp._libs.exceptions.UCXCanceled: <[Recv #008] ep: 0x7f6fe00f7140, tag: 0x81b4efef0077d9c8, nbytes: 100000000, type: <class 'rmm.pylibrmm.device_buffer.DeviceBuffer'>>: 

During handling of the above exception, another exception occurred:

Traceback (most recent call last):
  File "/opt/conda/envs/gdf/lib/python3.10/site-packages/distributed/worker.py", line 2075, in gather_dep
    response = await get_data_from_worker(
  File "/opt/conda/envs/gdf/lib/python3.10/site-packages/distributed/worker.py", line 2881, in get_data_from_worker
    response = await send_recv(
  File "/opt/conda/envs/gdf/lib/python3.10/site-packages/distributed/core.py", line 1018, in send_recv
    response = await comm.read(deserializers=deserializers)
  File "/opt/conda/envs/gdf/lib/python3.10/site-packages/distributed/utils.py", line 805, in wrapper
    return await func(*args, **kwargs)
  File "/opt/conda/envs/gdf/lib/python3.10/site-packages/rapids_dask_dependency/patches/distributed/comm/__rdd_patch_ucx.py", line 401, in read
    raise CommClosedError(
distributed.comm.core.CommClosedError: Connection closed by writer.
Inner exception: UCXCanceled("<[Recv #008] ep: 0x7f6fe00f7140, tag: 0x81b4efef0077d9c8, nbytes: 100000000, type: <class 'rmm.pylibrmm.device_buffer.DeviceBuffer'>>: ")
2025-03-03 07:42:09,181 - distributed.worker - ERROR - Worker stream died during communication: ucx://127.0.0.1:53127
Traceback (most recent call last):
  File "/opt/conda/envs/gdf/lib/python3.10/site-packages/rapids_dask_dependency/patches/distributed/comm/__rdd_patch_ucx.py", line 353, in read
    await self.ep.recv(msg)
  File "/opt/conda/envs/gdf/lib/python3.10/site-packages/ucp/core.py", line 748, in recv
    ret = await comm.tag_recv(self._ep, buffer, nbytes, tag, name=log)
ucp._libs.exceptions.UCXCanceled: <[Recv #003] ep: 0x7f6fe00f7280, tag: 0xb2f1105aa43c7598, nbytes: 16, type: <class 'numpy.ndarray'>>: 

During handling of the above exception, another exception occurred:

Traceback (most recent call last):
  File "/opt/conda/envs/gdf/lib/python3.10/site-packages/distributed/worker.py", line 2075, in gather_dep
    response = await get_data_from_worker(
  File "/opt/conda/envs/gdf/lib/python3.10/site-packages/distributed/worker.py", line 2881, in get_data_from_worker
    response = await send_recv(
  File "/opt/conda/envs/gdf/lib/python3.10/site-packages/distributed/core.py", line 1018, in send_recv
    response = await comm.read(deserializers=deserializers)
  File "/opt/conda/envs/gdf/lib/python3.10/site-packages/distributed/utils.py", line 805, in wrapper
    return await func(*args, **kwargs)
  File "/opt/conda/envs/gdf/lib/python3.10/site-packages/rapids_dask_dependency/patches/distributed/comm/__rdd_patch_ucx.py", line 371, in read
    raise CommClosedError(
distributed.comm.core.CommClosedError: Connection closed by writer.
Inner exception: UCXCanceled("<[Recv #003] ep: 0x7f6fe00f7280, tag: 0xb2f1105aa43c7598, nbytes: 16, type: <class 'numpy.ndarray'>>: ")
2025-03-03 07:42:09,200 - distributed.worker - ERROR - failed during get data with ucx://127.0.0.1:59483 -> ucx://127.0.0.1:53127
Traceback (most recent call last):
  File "/opt/conda/envs/gdf/lib/python3.10/site-packages/rapids_dask_dependency/patches/distributed/comm/__rdd_patch_ucx.py", line 337, in write
    await self.ep.send(each_frame)
  File "/opt/conda/envs/gdf/lib/python3.10/site-packages/ucp/core.py", line 673, in send
    return await comm.tag_send(self._ep, buffer, nbytes, tag, name=log)
ucp._libs.exceptions.UCXError: <[Send #009] ep: 0x7fd82251d100, tag: 0xed540cc6bdbd153d, nbytes: 100000000, type: <class 'cudf.core.buffer.buffer.Buffer'>>: Connection reset by remote peer

During handling of the above exception, another exception occurred:

Traceback (most recent call last):
  File "/opt/conda/envs/gdf/lib/python3.10/site-packages/distributed/worker.py", line 1796, in get_data
    compressed = await comm.write(msg, serializers=serializers)
  File "/opt/conda/envs/gdf/lib/python3.10/site-packages/distributed/utils.py", line 805, in wrapper
    return await func(*args, **kwargs)
  File "/opt/conda/envs/gdf/lib/python3.10/site-packages/rapids_dask_dependency/patches/distributed/comm/__rdd_patch_ucx.py", line 341, in write
    raise CommClosedError("While writing, the connection was closed")
distributed.comm.core.CommClosedError: While writing, the connection was closed
2025-03-03 07:42:09,201 - distributed.worker - ERROR - failed during get data with ucx://127.0.0.1:59483 -> ucx://127.0.0.1:42035
Traceback (most recent call last):
  File "/opt/conda/envs/gdf/lib/python3.10/site-packages/rapids_dask_dependency/patches/distributed/comm/__rdd_patch_ucx.py", line 337, in write
    await self.ep.send(each_frame)
  File "/opt/conda/envs/gdf/lib/python3.10/site-packages/ucp/core.py", line 673, in send
    return await comm.tag_send(self._ep, buffer, nbytes, tag, name=log)
ucp._libs.exceptions.UCXError: <[Send #007] ep: 0x7fd82251d400, tag: 0x2cd2d894f3e86ea0, nbytes: 100000000, type: <class 'cudf.core.buffer.buffer.Buffer'>>: Connection reset by remote peer

During handling of the above exception, another exception occurred:

Traceback (most recent call last):
  File "/opt/conda/envs/gdf/lib/python3.10/site-packages/distributed/worker.py", line 1796, in get_data
    compressed = await comm.write(msg, serializers=serializers)
  File "/opt/conda/envs/gdf/lib/python3.10/site-packages/distributed/utils.py", line 805, in wrapper
    return await func(*args, **kwargs)
  File "/opt/conda/envs/gdf/lib/python3.10/site-packages/rapids_dask_dependency/patches/distributed/comm/__rdd_patch_ucx.py", line 341, in write
    raise CommClosedError("While writing, the connection was closed")
distributed.comm.core.CommClosedError: While writing, the connection was closed
2025-03-03 07:42:09,202 - distributed.worker - ERROR - Worker stream died during communication: ucx://127.0.0.1:53127
Traceback (most recent call last):
  File "/opt/conda/envs/gdf/lib/python3.10/site-packages/rapids_dask_dependency/patches/distributed/comm/__rdd_patch_ucx.py", line 395, in read
    await self.ep.recv(each_frame)
  File "/opt/conda/envs/gdf/lib/python3.10/site-packages/ucp/core.py", line 748, in recv
    ret = await comm.tag_recv(self._ep, buffer, nbytes, tag, name=log)
ucp._libs.exceptions.UCXCanceled: <[Recv #008] ep: 0x7fd82251d200, tag: 0x331723fec235e037, nbytes: 100000000, type: <class 'rmm.pylibrmm.device_buffer.DeviceBuffer'>>: 

During handling of the above exception, another exception occurred:

Traceback (most recent call last):
  File "/opt/conda/envs/gdf/lib/python3.10/site-packages/distributed/worker.py", line 2075, in gather_dep
    response = await get_data_from_worker(
  File "/opt/conda/envs/gdf/lib/python3.10/site-packages/distributed/worker.py", line 2881, in get_data_from_worker
    response = await send_recv(
  File "/opt/conda/envs/gdf/lib/python3.10/site-packages/distributed/core.py", line 1018, in send_recv
    response = await comm.read(deserializers=deserializers)
  File "/opt/conda/envs/gdf/lib/python3.10/site-packages/distributed/utils.py", line 805, in wrapper
    return await func(*args, **kwargs)
  File "/opt/conda/envs/gdf/lib/python3.10/site-packages/rapids_dask_dependency/patches/distributed/comm/__rdd_patch_ucx.py", line 401, in read
    raise CommClosedError(
distributed.comm.core.CommClosedError: Connection closed by writer.
Inner exception: UCXCanceled("<[Recv #008] ep: 0x7fd82251d200, tag: 0x331723fec235e037, nbytes: 100000000, type: <class 'rmm.pylibrmm.device_buffer.DeviceBuffer'>>: ")
2025-03-03 07:42:09,204 - distributed.worker - ERROR - Worker stream died during communication: ucx://127.0.0.1:42035
Traceback (most recent call last):
  File "/opt/conda/envs/gdf/lib/python3.10/site-packages/rapids_dask_dependency/patches/distributed/comm/__rdd_patch_ucx.py", line 353, in read
    await self.ep.recv(msg)
  File "/opt/conda/envs/gdf/lib/python3.10/site-packages/ucp/core.py", line 748, in recv
    ret = await comm.tag_recv(self._ep, buffer, nbytes, tag, name=log)
ucp._libs.exceptions.UCXCanceled: <[Recv #000] ep: 0x7fd82251d240, tag: 0xac41b9f3c80702bf, nbytes: 16, type: <class 'numpy.ndarray'>>: 

During handling of the above exception, another exception occurred:

Traceback (most recent call last):
  File "/opt/conda/envs/gdf/lib/python3.10/site-packages/distributed/worker.py", line 2075, in gather_dep
    response = await get_data_from_worker(
  File "/opt/conda/envs/gdf/lib/python3.10/site-packages/distributed/worker.py", line 2878, in get_data_from_worker
    comm = await rpc.connect(worker)
  File "/opt/conda/envs/gdf/lib/python3.10/site-packages/distributed/core.py", line 1539, in connect
    return connect_attempt.result()
  File "/opt/conda/envs/gdf/lib/python3.10/site-packages/distributed/core.py", line 1429, in _connect
    comm = await connect(
  File "/opt/conda/envs/gdf/lib/python3.10/site-packages/distributed/comm/core.py", line 377, in connect
    handshake = await comm.read()
  File "/opt/conda/envs/gdf/lib/python3.10/site-packages/distributed/utils.py", line 805, in wrapper
    return await func(*args, **kwargs)
  File "/opt/conda/envs/gdf/lib/python3.10/site-packages/rapids_dask_dependency/patches/distributed/comm/__rdd_patch_ucx.py", line 371, in read
    raise CommClosedError(
distributed.comm.core.CommClosedError: Connection closed by writer.
Inner exception: UCXCanceled("<[Recv #000] ep: 0x7fd82251d240, tag: 0xac41b9f3c80702bf, nbytes: 16, type: <class 'numpy.ndarray'>>: ")
2025-03-03 07:42:09,206 - distributed.worker - ERROR - failed during get data with ucx://127.0.0.1:53545 -> ucx://127.0.0.1:42035
Traceback (most recent call last):
  File "/opt/conda/envs/gdf/lib/python3.10/site-packages/rapids_dask_dependency/patches/distributed/comm/__rdd_patch_ucx.py", line 337, in write
    await self.ep.send(each_frame)
  File "/opt/conda/envs/gdf/lib/python3.10/site-packages/ucp/core.py", line 673, in send
    return await comm.tag_send(self._ep, buffer, nbytes, tag, name=log)
ucp._libs.exceptions.UCXError: <[Send #008] ep: 0x7f6fe00f72c0, tag: 0x5b9c7f3fe8f5c42c, nbytes: 100000000, type: <class 'cudf.core.buffer.buffer.Buffer'>>: Connection reset by remote peer

During handling of the above exception, another exception occurred:

Traceback (most recent call last):
  File "/opt/conda/envs/gdf/lib/python3.10/site-packages/distributed/worker.py", line 1796, in get_data
    compressed = await comm.write(msg, serializers=serializers)
  File "/opt/conda/envs/gdf/lib/python3.10/site-packages/distributed/utils.py", line 805, in wrapper
    return await func(*args, **kwargs)
  File "/opt/conda/envs/gdf/lib/python3.10/site-packages/rapids_dask_dependency/patches/distributed/comm/__rdd_patch_ucx.py", line 341, in write
    raise CommClosedError("While writing, the connection was closed")
distributed.comm.core.CommClosedError: While writing, the connection was closed
2025-03-03 07:42:09,237 - distributed.worker - ERROR - Worker stream died during communication: ucx://127.0.0.1:53127
Traceback (most recent call last):
  File "/opt/conda/envs/gdf/lib/python3.10/site-packages/rapids_dask_dependency/patches/distributed/comm/__rdd_patch_ucx.py", line 395, in read
    await self.ep.recv(each_frame)
  File "/opt/conda/envs/gdf/lib/python3.10/site-packages/ucp/core.py", line 748, in recv
    ret = await comm.tag_recv(self._ep, buffer, nbytes, tag, name=log)
ucp._libs.exceptions.UCXError: <[Recv #007] ep: 0x7f37a12f5180, tag: 0x3d370cc724e6714d, nbytes: 100000000, type: <class 'rmm.pylibrmm.device_buffer.DeviceBuffer'>>: Connection reset by remote peer

During handling of the above exception, another exception occurred:

Traceback (most recent call last):
  File "/opt/conda/envs/gdf/lib/python3.10/site-packages/distributed/worker.py", line 2075, in gather_dep
    response = await get_data_from_worker(
  File "/opt/conda/envs/gdf/lib/python3.10/site-packages/distributed/worker.py", line 2881, in get_data_from_worker
    response = await send_recv(
  File "/opt/conda/envs/gdf/lib/python3.10/site-packages/distributed/core.py", line 1018, in send_recv
    response = await comm.read(deserializers=deserializers)
  File "/opt/conda/envs/gdf/lib/python3.10/site-packages/distributed/utils.py", line 805, in wrapper
    return await func(*args, **kwargs)
  File "/opt/conda/envs/gdf/lib/python3.10/site-packages/rapids_dask_dependency/patches/distributed/comm/__rdd_patch_ucx.py", line 401, in read
    raise CommClosedError(
distributed.comm.core.CommClosedError: Connection closed by writer.
Inner exception: UCXError("<[Recv #007] ep: 0x7f37a12f5180, tag: 0x3d370cc724e6714d, nbytes: 100000000, type: <class 'rmm.pylibrmm.device_buffer.DeviceBuffer'>>: Connection reset by remote peer")
2025-03-03 07:42:09,240 - distributed.worker - ERROR - failed during get data with ucx://127.0.0.1:37563 -> ucx://127.0.0.1:53127
Traceback (most recent call last):
  File "/opt/conda/envs/gdf/lib/python3.10/site-packages/rapids_dask_dependency/patches/distributed/comm/__rdd_patch_ucx.py", line 337, in write
    await self.ep.send(each_frame)
  File "/opt/conda/envs/gdf/lib/python3.10/site-packages/ucp/core.py", line 673, in send
    return await comm.tag_send(self._ep, buffer, nbytes, tag, name=log)
ucp._libs.exceptions.UCXError: <[Send #007] ep: 0x7f37a12f5440, tag: 0x914c2fdc99590227, nbytes: 100000000, type: <class 'cudf.core.buffer.buffer.Buffer'>>: Connection reset by remote peer

During handling of the above exception, another exception occurred:

Traceback (most recent call last):
  File "/opt/conda/envs/gdf/lib/python3.10/site-packages/distributed/worker.py", line 1796, in get_data
    compressed = await comm.write(msg, serializers=serializers)
  File "/opt/conda/envs/gdf/lib/python3.10/site-packages/distributed/utils.py", line 805, in wrapper
    return await func(*args, **kwargs)
  File "/opt/conda/envs/gdf/lib/python3.10/site-packages/rapids_dask_dependency/patches/distributed/comm/__rdd_patch_ucx.py", line 341, in write
    raise CommClosedError("While writing, the connection was closed")
distributed.comm.core.CommClosedError: While writing, the connection was closed
2025-03-03 07:42:09,240 - distributed.worker - ERROR - Worker stream died during communication: ucx://127.0.0.1:42035
Traceback (most recent call last):
  File "/opt/conda/envs/gdf/lib/python3.10/site-packages/rapids_dask_dependency/patches/distributed/comm/__rdd_patch_ucx.py", line 395, in read
    await self.ep.recv(each_frame)
  File "/opt/conda/envs/gdf/lib/python3.10/site-packages/ucp/core.py", line 748, in recv
    ret = await comm.tag_recv(self._ep, buffer, nbytes, tag, name=log)
ucp._libs.exceptions.UCXCanceled: <[Recv #008] ep: 0x7f37a12f5200, tag: 0x5294f9a992fd140f, nbytes: 100000000, type: <class 'rmm.pylibrmm.device_buffer.DeviceBuffer'>>: 

During handling of the above exception, another exception occurred:

Traceback (most recent call last):
  File "/opt/conda/envs/gdf/lib/python3.10/site-packages/distributed/worker.py", line 2075, in gather_dep
    response = await get_data_from_worker(
  File "/opt/conda/envs/gdf/lib/python3.10/site-packages/distributed/worker.py", line 2881, in get_data_from_worker
    response = await send_recv(
  File "/opt/conda/envs/gdf/lib/python3.10/site-packages/distributed/core.py", line 1018, in send_recv
    response = await comm.read(deserializers=deserializers)
  File "/opt/conda/envs/gdf/lib/python3.10/site-packages/distributed/utils.py", line 805, in wrapper
    return await func(*args, **kwargs)
  File "/opt/conda/envs/gdf/lib/python3.10/site-packages/rapids_dask_dependency/patches/distributed/comm/__rdd_patch_ucx.py", line 401, in read
    raise CommClosedError(
distributed.comm.core.CommClosedError: Connection closed by writer.
Inner exception: UCXCanceled("<[Recv #008] ep: 0x7f37a12f5200, tag: 0x5294f9a992fd140f, nbytes: 100000000, type: <class 'rmm.pylibrmm.device_buffer.DeviceBuffer'>>: ")
2025-03-03 07:42:09,274 - distributed.nanny - WARNING - Restarting worker
2025-03-03 07:42:09,327 - distributed.nanny - WARNING - Restarting worker
2025-03-03 07:42:38,581 - distributed.worker - ERROR - Worker stream died during communication: ucx://127.0.0.1:56161
Traceback (most recent call last):
  File "/opt/conda/envs/gdf/lib/python3.10/site-packages/rapids_dask_dependency/patches/distributed/comm/__rdd_patch_ucx.py", line 470, in connect
    ep = await ucp.create_endpoint(ip, port)
  File "/opt/conda/envs/gdf/lib/python3.10/site-packages/ucp/core.py", line 1040, in create_endpoint
    return await _get_ctx().create_endpoint(
  File "/opt/conda/envs/gdf/lib/python3.10/site-packages/ucp/core.py", line 337, in create_endpoint
    peer_info = await exchange_peer_info(
  File "/opt/conda/envs/gdf/lib/python3.10/site-packages/ucp/core.py", line 62, in exchange_peer_info
    await asyncio.wait_for(
  File "/opt/conda/envs/gdf/lib/python3.10/asyncio/tasks.py", line 432, in wait_for
    await waiter
asyncio.exceptions.CancelledError

During handling of the above exception, another exception occurred:

Traceback (most recent call last):
  File "/opt/conda/envs/gdf/lib/python3.10/asyncio/tasks.py", line 456, in wait_for
    return fut.result()
asyncio.exceptions.CancelledError

The above exception was the direct cause of the following exception:

Traceback (most recent call last):
  File "/opt/conda/envs/gdf/lib/python3.10/site-packages/distributed/comm/core.py", line 342, in connect
    comm = await wait_for(
  File "/opt/conda/envs/gdf/lib/python3.10/site-packages/distributed/utils.py", line 1915, in wait_for
    return await asyncio.wait_for(fut, timeout)
  File "/opt/conda/envs/gdf/lib/python3.10/asyncio/tasks.py", line 458, in wait_for
    raise exceptions.TimeoutError() from exc
asyncio.exceptions.TimeoutError

The above exception was the direct cause of the following exception:

Traceback (most recent call last):
  File "/opt/conda/envs/gdf/lib/python3.10/site-packages/distributed/worker.py", line 2075, in gather_dep
    response = await get_data_from_worker(
  File "/opt/conda/envs/gdf/lib/python3.10/site-packages/distributed/worker.py", line 2878, in get_data_from_worker
    comm = await rpc.connect(worker)
  File "/opt/conda/envs/gdf/lib/python3.10/site-packages/distributed/core.py", line 1539, in connect
    return connect_attempt.result()
  File "/opt/conda/envs/gdf/lib/python3.10/site-packages/distributed/core.py", line 1429, in _connect
    comm = await connect(
  File "/opt/conda/envs/gdf/lib/python3.10/site-packages/distributed/comm/core.py", line 368, in connect
    raise OSError(
OSError: Timed out trying to connect to ucx://127.0.0.1:56161 after 30 s
[ 87323][07:42:39:666381][error ] [A][Stream 0x1][Upstream 800000000B][FAILURE maximum pool size exceeded]
2025-03-03 07:42:39,880 - distributed.worker - ERROR - Compute Failed
Key:       ('group-taskshuffle-f309ac840bb3bcb9a9c2b21bf1e33d2d', 6)
State:     executing
Task:  <Task ('group-taskshuffle-f309ac840bb3bcb9a9c2b21bf1e33d2d', 6) _shuffle_group(...)>
Exception: "MemoryError('std::bad_alloc: out_of_memory: RMM failure at:/opt/conda/envs/gdf/include/rmm/mr/device/pool_memory_resource.hpp:269: Maximum pool size exceeded')"
Traceback: '  File "/opt/conda/envs/gdf/lib/python3.10/site-packages/dask/dataframe/dask_expr/_shuffle.py", line 323, in _shuffle_group\n    return shuffle_group(df, *args)\n  File "/opt/conda/envs/gdf/lib/python3.10/site-packages/dask/dataframe/shuffle.py", line 214, in shuffle_group\n    return group_split_dispatch(df, ind, k, ignore_index=ignore_index)\n  File "/opt/conda/envs/gdf/lib/python3.10/site-packages/dask/utils.py", line 772, in __call__\n    return meth(arg, *args, **kwargs)\n  File "/opt/conda/envs/gdf/lib/python3.10/site-packages/cudf/utils/performance_tracking.py", line 51, in wrapper\n    return func(*args, **kwargs)\n  File "/opt/conda/envs/gdf/lib/python3.10/site-packages/dask_cudf/backends.py", line 436, in group_split_cudf\n    df.scatter_by_map(\n  File "/opt/conda/envs/gdf/lib/python3.10/site-packages/cudf/utils/performance_tracking.py", line 51, in wrapper\n    return func(*args, **kwargs)\n  File "/opt/conda/envs/gdf/lib/python3.10/site-packages/cudf/core/dataframe.py", line 2502, in scatter_by_map\n    plc_table, output_offsets = plc.partitioning.partition(\n  File "partitioning.pyx", line 57, in pylibcudf.partitioning.partition\n  File "partitioning.pyx", line 82, in pylibcudf.partitioning.partition\n'

[dgx13:87126:0:87126] Caught signal 11 (Segmentation fault: address not mapped to object at address 0x450)
==== backtrace (tid:  87126) ====
 0  /opt/conda/envs/gdf/lib/libucs.so.0(ucs_handle_error+0x305) [0x7f37a804f025]
 1  /opt/conda/envs/gdf/lib/libucs.so.0(+0x2f221) [0x7f37a804f221]
 2  /opt/conda/envs/gdf/lib/libucs.so.0(+0x2f3ea) [0x7f37a804f3ea]
 3  /usr/lib/x86_64-linux-gnu/libpthread.so.0(+0x14420) [0x7f37f543e420]
 4  /opt/conda/envs/gdf/lib/libucp.so.0(ucp_mem_type_unpack+0x17) [0x7f37a1ec6197]
 5  /opt/conda/envs/gdf/lib/libucp.so.0(ucp_rndv_data_handler+0x5f5) [0x7f37a1ef19e5]
 6  /opt/conda/envs/gdf/lib/./libuct.so.0(+0x21dd6) [0x7f37a1e5add6]
 7  /opt/conda/envs/gdf/lib/./libuct.so.0(+0x24f48) [0x7f37a1e5df48]
 8  /opt/conda/envs/gdf/lib/libucs.so.0(ucs_event_set_wait+0xb1) [0x7f37a8058851]
 9  /opt/conda/envs/gdf/lib/./libuct.so.0(uct_tcp_iface_progress+0x7c) [0x7f37a1e5cfbc]
10  /opt/conda/envs/gdf/lib/libucp.so.0(ucp_worker_progress+0x5a) [0x7f37a1ec2d5a]
11  /opt/conda/envs/gdf/lib/python3.10/site-packages/ucp/_libs/ucx_api.cpython-310-x86_64-linux-gnu.so(+0x31dca) [0x7f37a1f86dca]
12  /opt/conda/envs/gdf/bin/python(_PyEval_EvalFrameDefault+0x2c3e) [0x55ae105fa6de]
13  /opt/conda/envs/gdf/bin/python(_PyFunction_Vectorcall+0x6c) [0x55ae10607b7c]
14  /opt/conda/envs/gdf/bin/python(_PyEval_EvalFrameDefault+0x6fd) [0x55ae105f819d]
15  /opt/conda/envs/gdf/bin/python(+0x147234) [0x55ae10613234]
16  /opt/conda/envs/gdf/bin/python(+0x252f7c) [0x55ae1071ef7c]
17  /opt/conda/envs/gdf/bin/python(+0xf745f) [0x55ae105c345f]
18  /opt/conda/envs/gdf/bin/python(+0x1331b3) [0x55ae105ff1b3]
19  /opt/conda/envs/gdf/bin/python(_PyEval_EvalFrameDefault+0x593b) [0x55ae105fd3db]
20  /opt/conda/envs/gdf/bin/python(_PyFunction_Vectorcall+0x6c) [0x55ae10607b7c]
21  /opt/conda/envs/gdf/bin/python(_PyEval_EvalFrameDefault+0x6fd) [0x55ae105f819d]
22  /opt/conda/envs/gdf/bin/python(_PyFunction_Vectorcall+0x6c) [0x55ae10607b7c]
23  /opt/conda/envs/gdf/bin/python(_PyEval_EvalFrameDefault+0x6fd) [0x55ae105f819d]
24  /opt/conda/envs/gdf/bin/python(_PyFunction_Vectorcall+0x6c) [0x55ae10607b7c]
25  /opt/conda/envs/gdf/bin/python(_PyEval_EvalFrameDefault+0x6fd) [0x55ae105f819d]
26  /opt/conda/envs/gdf/bin/python(_PyFunction_Vectorcall+0x6c) [0x55ae10607b7c]
27  /opt/conda/envs/gdf/bin/python(_PyEval_EvalFrameDefault+0x6fd) [0x55ae105f819d]
28  /opt/conda/envs/gdf/bin/python(_PyFunction_Vectorcall+0x6c) [0x55ae10607b7c]
29  /opt/conda/envs/gdf/bin/python(_PyEval_EvalFrameDefault+0x1341) [0x55ae105f8de1]
30  /opt/conda/envs/gdf/bin/python(+0x146fb2) [0x55ae10612fb2]
31  /opt/conda/envs/gdf/bin/python(PyObject_Call+0xbc) [0x55ae1061394c]
32  /opt/conda/envs/gdf/bin/python(+0x1ff72d) [0x55ae106cb72d]
33  /opt/conda/envs/gdf/bin/python(_PyObject_MakeTpCall+0x2d3) [0x55ae10600a03]
34  /opt/conda/envs/gdf/bin/python(_PyEval_EvalFrameDefault+0x2c3e) [0x55ae105fa6de]
35  /opt/conda/envs/gdf/bin/python(+0x147108) [0x55ae10613108]
36  /opt/conda/envs/gdf/bin/python(_PyEval_EvalFrameDefault+0x2c3e) [0x55ae105fa6de]
37  /opt/conda/envs/gdf/bin/python(_PyFunction_Vectorcall+0x6c) [0x55ae10607b7c]
38  /opt/conda/envs/gdf/bin/python(_PyEval_EvalFrameDefault+0x6fd) [0x55ae105f819d]
39  /opt/conda/envs/gdf/bin/python(_PyFunction_Vectorcall+0x6c) [0x55ae10607b7c]
40  /opt/conda/envs/gdf/bin/python(_PyEval_EvalFrameDefault+0x6fd) [0x55ae105f819d]
41  /opt/conda/envs/gdf/bin/python(_PyFunction_Vectorcall+0x6c) [0x55ae10607b7c]
42  /opt/conda/envs/gdf/bin/python(_PyEval_EvalFrameDefault+0x309) [0x55ae105f7da9]
43  /opt/conda/envs/gdf/bin/python(_PyFunction_Vectorcall+0x6c) [0x55ae10607b7c]
44  /opt/conda/envs/gdf/bin/python(_PyEval_EvalFrameDefault+0x1341) [0x55ae105f8de1]
45  /opt/conda/envs/gdf/bin/python(+0x1cca8c) [0x55ae10698a8c]
46  /opt/conda/envs/gdf/bin/python(PyEval_EvalCode+0x87) [0x55ae106989d7]
47  /opt/conda/envs/gdf/bin/python(+0x1fceba) [0x55ae106c8eba]
48  /opt/conda/envs/gdf/bin/python(+0x1f8343) [0x55ae106c4343]
49  /opt/conda/envs/gdf/bin/python(PyRun_StringFlags+0x7d) [0x55ae106bcadd]
50  /opt/conda/envs/gdf/bin/python(PyRun_SimpleStringFlags+0x3c) [0x55ae106bc91c]
51  /opt/conda/envs/gdf/bin/python(Py_RunMain+0x3ba) [0x55ae106bbb1a]
52  /opt/conda/envs/gdf/bin/python(Py_BytesMain+0x37) [0x55ae1068c117]
53  /usr/lib/x86_64-linux-gnu/libc.so.6(__libc_start_main+0xf3) [0x7f37f5102083]
54  /opt/conda/envs/gdf/bin/python(+0x1c002e) [0x55ae1068c02e]
=================================
[dgx13:87345:0:87345] Caught signal 11 (Segmentation fault: address not mapped to object at address 0x450)
==== backtrace (tid:  87345) ====
 0  /opt/conda/envs/gdf/lib/libucs.so.0(ucs_handle_error+0x305) [0x7f922481d025]
 1  /opt/conda/envs/gdf/lib/libucs.so.0(+0x2f221) [0x7f922481d221]
 2  /opt/conda/envs/gdf/lib/libucs.so.0(+0x2f3ea) [0x7f922481d3ea]
 3  /usr/lib/x86_64-linux-gnu/libpthread.so.0(+0x14420) [0x7f9263b9b420]
 4  /opt/conda/envs/gdf/lib/libucp.so.0(ucp_mem_type_unpack+0x17) [0x7f92248a2197]
 5  /opt/conda/envs/gdf/lib/libucp.so.0(ucp_rndv_data_handler+0x5f5) [0x7f92248cd9e5]
 6  /opt/conda/envs/gdf/lib/./libuct.so.0(+0x21dd6) [0x7f92247d1dd6]
 7  /opt/conda/envs/gdf/lib/./libuct.so.0(+0x24f48) [0x7f92247d4f48]
 8  /opt/conda/envs/gdf/lib/libucs.so.0(ucs_event_set_wait+0xb1) [0x7f9224826851]
 9  /opt/conda/envs/gdf/lib/./libuct.so.0(uct_tcp_iface_progress+0x7c) [0x7f92247d3fbc]
10  /opt/conda/envs/gdf/lib/libucp.so.0(ucp_worker_progress+0x5a) [0x7f922489ed5a]
11  /opt/conda/envs/gdf/lib/python3.10/site-packages/ucp/_libs/ucx_api.cpython-310-x86_64-linux-gnu.so(+0x31dca) [0x7f9224962dca]
12  /opt/conda/envs/gdf/bin/python(_PyEval_EvalFrameDefault+0x2c3e) [0x55965bd796de]
13  /opt/conda/envs/gdf/bin/python(_PyFunction_Vectorcall+0x6c) [0x55965bd86b7c]
14  /opt/conda/envs/gdf/bin/python(_PyEval_EvalFrameDefault+0x6fd) [0x55965bd7719d]
15  /opt/conda/envs/gdf/bin/python(+0x1d62c9) [0x55965be212c9]
16  /opt/conda/envs/gdf/lib/python3.10/lib-dynload/_asyncio.cpython-310-x86_64-linux-gnu.so(+0x7782) [0x7f924eb4a782]
17  /opt/conda/envs/gdf/bin/python(_PyObject_MakeTpCall+0x2d3) [0x55965bd7fa03]
18  /opt/conda/envs/gdf/bin/python(+0xf745f) [0x55965bd4245f]
19  /opt/conda/envs/gdf/bin/python(+0x1331b3) [0x55965bd7e1b3]
20  /opt/conda/envs/gdf/bin/python(_PyEval_EvalFrameDefault+0x593b) [0x55965bd7c3db]
21  /opt/conda/envs/gdf/bin/python(_PyFunction_Vectorcall+0x6c) [0x55965bd86b7c]
22  /opt/conda/envs/gdf/bin/python(_PyEval_EvalFrameDefault+0x6fd) [0x55965bd7719d]
23  /opt/conda/envs/gdf/bin/python(_PyFunction_Vectorcall+0x6c) [0x55965bd86b7c]
24  /opt/conda/envs/gdf/bin/python(_PyEval_EvalFrameDefault+0x6fd) [0x55965bd7719d]
25  /opt/conda/envs/gdf/bin/python(_PyFunction_Vectorcall+0x6c) [0x55965bd86b7c]
26  /opt/conda/envs/gdf/bin/python(_PyEval_EvalFrameDefault+0x6fd) [0x55965bd7719d]
27  /opt/conda/envs/gdf/bin/python(_PyFunction_Vectorcall+0x6c) [0x55965bd86b7c]
28  /opt/conda/envs/gdf/bin/python(_PyEval_EvalFrameDefault+0x6fd) [0x55965bd7719d]
29  /opt/conda/envs/gdf/bin/python(_PyFunction_Vectorcall+0x6c) [0x55965bd86b7c]
30  /opt/conda/envs/gdf/bin/python(_PyEval_EvalFrameDefault+0x1341) [0x55965bd77de1]
31  /opt/conda/envs/gdf/bin/python(+0x146fb2) [0x55965bd91fb2]
32  /opt/conda/envs/gdf/bin/python(PyObject_Call+0xbc) [0x55965bd9294c]
33  /opt/conda/envs/gdf/bin/python(+0x1ff72d) [0x55965be4a72d]
34  /opt/conda/envs/gdf/bin/python(_PyObject_MakeTpCall+0x2d3) [0x55965bd7fa03]
35  /opt/conda/envs/gdf/bin/python(_PyEval_EvalFrameDefault+0x2c3e) [0x55965bd796de]
36  /opt/conda/envs/gdf/bin/python(+0x147108) [0x55965bd92108]
37  /opt/conda/envs/gdf/bin/python(_PyEval_EvalFrameDefault+0x2c3e) [0x55965bd796de]
38  /opt/conda/envs/gdf/bin/python(_PyFunction_Vectorcall+0x6c) [0x55965bd86b7c]
39  /opt/conda/envs/gdf/bin/python(_PyEval_EvalFrameDefault+0x6fd) [0x55965bd7719d]
40  /opt/conda/envs/gdf/bin/python(_PyFunction_Vectorcall+0x6c) [0x55965bd86b7c]
41  /opt/conda/envs/gdf/bin/python(_PyEval_EvalFrameDefault+0x6fd) [0x55965bd7719d]
42  /opt/conda/envs/gdf/bin/python(_PyFunction_Vectorcall+0x6c) [0x55965bd86b7c]
43  /opt/conda/envs/gdf/bin/python(_PyEval_EvalFrameDefault+0x309) [0x55965bd76da9]
44  /opt/conda/envs/gdf/bin/python(_PyFunction_Vectorcall+0x6c) [0x55965bd86b7c]
45  /opt/conda/envs/gdf/bin/python(_PyEval_EvalFrameDefault+0x1341) [0x55965bd77de1]
46  /opt/conda/envs/gdf/bin/python(+0x1cca8c) [0x55965be17a8c]
47  /opt/conda/envs/gdf/bin/python(PyEval_EvalCode+0x87) [0x55965be179d7]
48  /opt/conda/envs/gdf/bin/python(+0x1fceba) [0x55965be47eba]
49  /opt/conda/envs/gdf/bin/python(+0x1f8343) [0x55965be43343]
50  /opt/conda/envs/gdf/bin/python(PyRun_StringFlags+0x7d) [0x55965be3badd]
51  /opt/conda/envs/gdf/bin/python(PyRun_SimpleStringFlags+0x3c) [0x55965be3b91c]
52  /opt/conda/envs/gdf/bin/python(Py_RunMain+0x3ba) [0x55965be3ab1a]
53  /opt/conda/envs/gdf/bin/python(Py_BytesMain+0x37) [0x55965be0b117]
54  /usr/lib/x86_64-linux-gnu/libc.so.6(__libc_start_main+0xf3) [0x7f926385f083]
55  /opt/conda/envs/gdf/bin/python(+0x1c002e) [0x55965be0b02e]
=================================
[dgx13:87137:0:87137] Caught signal 11 (Segmentation fault: address not mapped to object at address 0x450)
==== backtrace (tid:  87137) ====
 0  /opt/conda/envs/gdf/lib/libucs.so.0(ucs_handle_error+0x305) [0x7f6fe0493025]
 1  /opt/conda/envs/gdf/lib/libucs.so.0(+0x2f221) [0x7f6fe0493221]
 2  /opt/conda/envs/gdf/lib/libucs.so.0(+0x2f3ea) [0x7f6fe04933ea]
 3  /usr/lib/x86_64-linux-gnu/libpthread.so.0(+0x14420) [0x7f702da29420]
 4  /opt/conda/envs/gdf/lib/libucp.so.0(ucp_mem_type_unpack+0x17) [0x7f6fe0518197]
 5  /opt/conda/envs/gdf/lib/libucp.so.0(ucp_rndv_data_handler+0x5f5) [0x7f6fe05439e5]
 6  /opt/conda/envs/gdf/lib/./libuct.so.0(+0x21dd6) [0x7f6fe0447dd6]
 7  /opt/conda/envs/gdf/lib/./libuct.so.0(+0x24f48) [0x7f6fe044af48]
 8  /opt/conda/envs/gdf/lib/libucs.so.0(ucs_event_set_wait+0xb1) [0x7f6fe049c851]
 9  /opt/conda/envs/gdf/lib/./libuct.so.0(uct_tcp_iface_progress+0x7c) [0x7f6fe0449fbc]
10  /opt/conda/envs/gdf/lib/libucp.so.0(ucp_worker_progress+0x5a) [0x7f6fe0514d5a]
11  /opt/conda/envs/gdf/lib/python3.10/site-packages/ucp/_libs/ucx_api.cpython-310-x86_64-linux-gnu.so(+0x31dca) [0x7f6fe05d8dca]
12  /opt/conda/envs/gdf/bin/python(_PyEval_EvalFrameDefault+0x2c3e) [0x55bd448736de]
13  /opt/conda/envs/gdf/bin/python(_PyFunction_Vectorcall+0x6c) [0x55bd44880b7c]
14  /opt/conda/envs/gdf/bin/python(_PyEval_EvalFrameDefault+0x6fd) [0x55bd4487119d]
15  /opt/conda/envs/gdf/bin/python(+0x147234) [0x55bd4488c234]
16  /opt/conda/envs/gdf/bin/python(+0x252f7c) [0x55bd44997f7c]
17  /opt/conda/envs/gdf/bin/python(+0xf745f) [0x55bd4483c45f]
18  /opt/conda/envs/gdf/bin/python(+0x1331b3) [0x55bd448781b3]
19  /opt/conda/envs/gdf/bin/python(_PyEval_EvalFrameDefault+0x593b) [0x55bd448763db]
20  /opt/conda/envs/gdf/bin/python(_PyFunction_Vectorcall+0x6c) [0x55bd44880b7c]
21  /opt/conda/envs/gdf/bin/python(_PyEval_EvalFrameDefault+0x6fd) [0x55bd4487119d]
22  /opt/conda/envs/gdf/bin/python(_PyFunction_Vectorcall+0x6c) [0x55bd44880b7c]
23  /opt/conda/envs/gdf/bin/python(_PyEval_EvalFrameDefault+0x6fd) [0x55bd4487119d]
24  /opt/conda/envs/gdf/bin/python(_PyFunction_Vectorcall+0x6c) [0x55bd44880b7c]
25  /opt/conda/envs/gdf/bin/python(_PyEval_EvalFrameDefault+0x6fd) [0x55bd4487119d]
26  /opt/conda/envs/gdf/bin/python(_PyFunction_Vectorcall+0x6c) [0x55bd44880b7c]
27  /opt/conda/envs/gdf/bin/python(_PyEval_EvalFrameDefault+0x6fd) [0x55bd4487119d]
28  /opt/conda/envs/gdf/bin/python(_PyFunction_Vectorcall+0x6c) [0x55bd44880b7c]
29  /opt/conda/envs/gdf/bin/python(_PyEval_EvalFrameDefault+0x1341) [0x55bd44871de1]
30  /opt/conda/envs/gdf/bin/python(+0x146fb2) [0x55bd4488bfb2]
31  /opt/conda/envs/gdf/bin/python(PyObject_Call+0xbc) [0x55bd4488c94c]
32  /opt/conda/envs/gdf/bin/python(+0x1ff72d) [0x55bd4494472d]
33  /opt/conda/envs/gdf/bin/python(_PyObject_MakeTpCall+0x2d3) [0x55bd44879a03]
34  /opt/conda/envs/gdf/bin/python(_PyEval_EvalFrameDefault+0x2c3e) [0x55bd448736de]
35  /opt/conda/envs/gdf/bin/python(+0x147108) [0x55bd4488c108]
36  /opt/conda/envs/gdf/bin/python(_PyEval_EvalFrameDefault+0x2c3e) [0x55bd448736de]
37  /opt/conda/envs/gdf/bin/python(_PyFunction_Vectorcall+0x6c) [0x55bd44880b7c]
38  /opt/conda/envs/gdf/bin/python(_PyEval_EvalFrameDefault+0x6fd) [0x55bd4487119d]
39  /opt/conda/envs/gdf/bin/python(_PyFunction_Vectorcall+0x6c) [0x55bd44880b7c]
40  /opt/conda/envs/gdf/bin/python(_PyEval_EvalFrameDefault+0x6fd) [0x55bd4487119d]
41  /opt/conda/envs/gdf/bin/python(_PyFunction_Vectorcall+0x6c) [0x55bd44880b7c]
42  /opt/conda/envs/gdf/bin/python(_PyEval_EvalFrameDefault+0x309) [0x55bd44870da9]
43  /opt/conda/envs/gdf/bin/python(_PyFunction_Vectorcall+0x6c) [0x55bd44880b7c]
44  /opt/conda/envs/gdf/bin/python(_PyEval_EvalFrameDefault+0x1341) [0x55bd44871de1]
45  /opt/conda/envs/gdf/bin/python(+0x1cca8c) [0x55bd44911a8c]
46  /opt/conda/envs/gdf/bin/python(PyEval_EvalCode+0x87) [0x55bd449119d7]
47  /opt/conda/envs/gdf/bin/python(+0x1fceba) [0x55bd44941eba]
48  /opt/conda/envs/gdf/bin/python(+0x1f8343) [0x55bd4493d343]
49  /opt/conda/envs/gdf/bin/python(PyRun_StringFlags+0x7d) [0x55bd44935add]
50  /opt/conda/envs/gdf/bin/python(PyRun_SimpleStringFlags+0x3c) [0x55bd4493591c]
51  /opt/conda/envs/gdf/bin/python(Py_RunMain+0x3ba) [0x55bd44934b1a]
52  /opt/conda/envs/gdf/bin/python(Py_BytesMain+0x37) [0x55bd44905117]
53  /usr/lib/x86_64-linux-gnu/libc.so.6(__libc_start_main+0xf3) [0x7f702d6ed083]
54  /opt/conda/envs/gdf/bin/python(+0x1c002e) [0x55bd4490502e]
=================================
[dgx13:87353:0:87353] Caught signal 11 (Segmentation fault: address not mapped to object at address 0x450)
==== backtrace (tid:  87353) ====
 0  /opt/conda/envs/gdf/lib/libucs.so.0(ucs_handle_error+0x305) [0x7f34a9961025]
 1  /opt/conda/envs/gdf/lib/libucs.so.0(+0x2f221) [0x7f34a9961221]
 2  /opt/conda/envs/gdf/lib/libucs.so.0(+0x2f3ea) [0x7f34a99613ea]
 3  /usr/lib/x86_64-linux-gnu/libpthread.so.0(+0x14420) [0x7f34faf06420]
 4  /opt/conda/envs/gdf/lib/libucp.so.0(ucp_mem_type_unpack+0x17) [0x7f34a99e6197]
 5  /opt/conda/envs/gdf/lib/libucp.so.0(ucp_rndv_data_handler+0x5f5) [0x7f34a9a119e5]
 6  /opt/conda/envs/gdf/lib/./libuct.so.0(+0x21dd6) [0x7f34a9915dd6]
 7  /opt/conda/envs/gdf/lib/./libuct.so.0(+0x24f48) [0x7f34a9918f48]
 8  /opt/conda/envs/gdf/lib/libucs.so.0(ucs_event_set_wait+0xb1) [0x7f34a996a851]
 9  /opt/conda/envs/gdf/lib/./libuct.so.0(uct_tcp_iface_progress+0x7c) [0x7f34a9917fbc]
10  /opt/conda/envs/gdf/lib/libucp.so.0(ucp_worker_progress+0x5a) [0x7f34a99e2d5a]
11  /opt/conda/envs/gdf/lib/python3.10/site-packages/ucp/_libs/ucx_api.cpython-310-x86_64-linux-gnu.so(+0x31dca) [0x7f34a9aa6dca]
12  /opt/conda/envs/gdf/bin/python(_PyEval_EvalFrameDefault+0x2c3e) [0x55e05a22d6de]
13  /opt/conda/envs/gdf/bin/python(_PyFunction_Vectorcall+0x6c) [0x55e05a23ab7c]
14  /opt/conda/envs/gdf/bin/python(_PyEval_EvalFrameDefault+0x6fd) [0x55e05a22b19d]
15  /opt/conda/envs/gdf/bin/python(+0x1d62c9) [0x55e05a2d52c9]
16  /opt/conda/envs/gdf/lib/python3.10/lib-dynload/_asyncio.cpython-310-x86_64-linux-gnu.so(+0x7782) [0x7f34e5eb4782]
17  /opt/conda/envs/gdf/bin/python(_PyObject_MakeTpCall+0x2d3) [0x55e05a233a03]
18  /opt/conda/envs/gdf/bin/python(+0xf745f) [0x55e05a1f645f]
19  /opt/conda/envs/gdf/bin/python(+0x1331b3) [0x55e05a2321b3]
20  /opt/conda/envs/gdf/bin/python(_PyEval_EvalFrameDefault+0x593b) [0x55e05a2303db]
21  /opt/conda/envs/gdf/bin/python(_PyFunction_Vectorcall+0x6c) [0x55e05a23ab7c]
22  /opt/conda/envs/gdf/bin/python(_PyEval_EvalFrameDefault+0x6fd) [0x55e05a22b19d]
23  /opt/conda/envs/gdf/bin/python(_PyFunction_Vectorcall+0x6c) [0x55e05a23ab7c]
24  /opt/conda/envs/gdf/bin/python(_PyEval_EvalFrameDefault+0x6fd) [0x55e05a22b19d]
25  /opt/conda/envs/gdf/bin/python(_PyFunction_Vectorcall+0x6c) [0x55e05a23ab7c]
26  /opt/conda/envs/gdf/bin/python(_PyEval_EvalFrameDefault+0x6fd) [0x55e05a22b19d]
27  /opt/conda/envs/gdf/bin/python(_PyFunction_Vectorcall+0x6c) [0x55e05a23ab7c]
28  /opt/conda/envs/gdf/bin/python(_PyEval_EvalFrameDefault+0x6fd) [0x55e05a22b19d]
29  /opt/conda/envs/gdf/bin/python(_PyFunction_Vectorcall+0x6c) [0x55e05a23ab7c]
30  /opt/conda/envs/gdf/bin/python(_PyEval_EvalFrameDefault+0x1341) [0x55e05a22bde1]
31  /opt/conda/envs/gdf/bin/python(+0x146fb2) [0x55e05a245fb2]
32  /opt/conda/envs/gdf/bin/python(PyObject_Call+0xbc) [0x55e05a24694c]
33  /opt/conda/envs/gdf/bin/python(+0x1ff72d) [0x55e05a2fe72d]
34  /opt/conda/envs/gdf/bin/python(_PyObject_MakeTpCall+0x2d3) [0x55e05a233a03]
35  /opt/conda/envs/gdf/bin/python(_PyEval_EvalFrameDefault+0x2c3e) [0x55e05a22d6de]
36  /opt/conda/envs/gdf/bin/python(+0x147108) [0x55e05a246108]
37  /opt/conda/envs/gdf/bin/python(_PyEval_EvalFrameDefault+0x2c3e) [0x55e05a22d6de]
38  /opt/conda/envs/gdf/bin/python(_PyFunction_Vectorcall+0x6c) [0x55e05a23ab7c]
39  /opt/conda/envs/gdf/bin/python(_PyEval_EvalFrameDefault+0x6fd) [0x55e05a22b19d]
40  /opt/conda/envs/gdf/bin/python(_PyFunction_Vectorcall+0x6c) [0x55e05a23ab7c]
41  /opt/conda/envs/gdf/bin/python(_PyEval_EvalFrameDefault+0x6fd) [0x55e05a22b19d]
42  /opt/conda/envs/gdf/bin/python(_PyFunction_Vectorcall+0x6c) [0x55e05a23ab7c]
43  /opt/conda/envs/gdf/bin/python(_PyEval_EvalFrameDefault+0x309) [0x55e05a22ada9]
44  /opt/conda/envs/gdf/bin/python(_PyFunction_Vectorcall+0x6c) [0x55e05a23ab7c]
45  /opt/conda/envs/gdf/bin/python(_PyEval_EvalFrameDefault+0x1341) [0x55e05a22bde1]
46  /opt/conda/envs/gdf/bin/python(+0x1cca8c) [0x55e05a2cba8c]
47  /opt/conda/envs/gdf/bin/python(PyEval_EvalCode+0x87) [0x55e05a2cb9d7]
48  /opt/conda/envs/gdf/bin/python(+0x1fceba) [0x55e05a2fbeba]
49  /opt/conda/envs/gdf/bin/python(+0x1f8343) [0x55e05a2f7343]
50  /opt/conda/envs/gdf/bin/python(PyRun_StringFlags+0x7d) [0x55e05a2efadd]
51  /opt/conda/envs/gdf/bin/python(PyRun_SimpleStringFlags+0x3c) [0x55e05a2ef91c]
52  /opt/conda/envs/gdf/bin/python(Py_RunMain+0x3ba) [0x55e05a2eeb1a]
53  /opt/conda/envs/gdf/bin/python(Py_BytesMain+0x37) [0x55e05a2bf117]
54  /usr/lib/x86_64-linux-gnu/libc.so.6(__libc_start_main+0xf3) [0x7f34fabca083]
55  /opt/conda/envs/gdf/bin/python(+0x1c002e) [0x55e05a2bf02e]
=================================
2025-03-03 07:42:41,124 - distributed.worker - ERROR - Worker stream died during communication: ucx://127.0.0.1:37563
Traceback (most recent call last):
  File "/opt/conda/envs/gdf/lib/python3.10/site-packages/rapids_dask_dependency/patches/distributed/comm/__rdd_patch_ucx.py", line 395, in read
    await self.ep.recv(each_frame)
  File "/opt/conda/envs/gdf/lib/python3.10/site-packages/ucp/core.py", line 748, in recv
    ret = await comm.tag_recv(self._ep, buffer, nbytes, tag, name=log)
ucp._libs.exceptions.UCXCanceled: <[Recv #008] ep: 0x7f7a41627180, tag: 0xc057275fea332863, nbytes: 100000000, type: <class 'rmm.pylibrmm.device_buffer.DeviceBuffer'>>: 

During handling of the above exception, another exception occurred:

Traceback (most recent call last):
  File "/opt/conda/envs/gdf/lib/python3.10/site-packages/distributed/worker.py", line 2075, in gather_dep
    response = await get_data_from_worker(
  File "/opt/conda/envs/gdf/lib/python3.10/site-packages/distributed/worker.py", line 2881, in get_data_from_worker
    response = await send_recv(
  File "/opt/conda/envs/gdf/lib/python3.10/site-packages/distributed/core.py", line 1018, in send_recv
    response = await comm.read(deserializers=deserializers)
  File "/opt/conda/envs/gdf/lib/python3.10/site-packages/distributed/utils.py", line 805, in wrapper
    return await func(*args, **kwargs)
  File "/opt/conda/envs/gdf/lib/python3.10/site-packages/rapids_dask_dependency/patches/distributed/comm/__rdd_patch_ucx.py", line 401, in read
    raise CommClosedError(
distributed.comm.core.CommClosedError: Connection closed by writer.
Inner exception: UCXCanceled("<[Recv #008] ep: 0x7f7a41627180, tag: 0xc057275fea332863, nbytes: 100000000, type: <class 'rmm.pylibrmm.device_buffer.DeviceBuffer'>>: ")
2025-03-03 07:42:41,124 - distributed.worker - ERROR - Worker stream died during communication: ucx://127.0.0.1:37563
Traceback (most recent call last):
  File "/opt/conda/envs/gdf/lib/python3.10/site-packages/rapids_dask_dependency/patches/distributed/comm/__rdd_patch_ucx.py", line 395, in read
    await self.ep.recv(each_frame)
  File "/opt/conda/envs/gdf/lib/python3.10/site-packages/ucp/core.py", line 748, in recv
    ret = await comm.tag_recv(self._ep, buffer, nbytes, tag, name=log)
ucp._libs.exceptions.UCXCanceled: <[Recv #071] ep: 0x7fd82251d1c0, tag: 0xba959f38c0004c53, nbytes: 100000000, type: <class 'rmm.pylibrmm.device_buffer.DeviceBuffer'>>: 

During handling of the above exception, another exception occurred:

Traceback (most recent call last):
  File "/opt/conda/envs/gdf/lib/python3.10/site-packages/distributed/worker.py", line 2075, in gather_dep
    response = await get_data_from_worker(
  File "/opt/conda/envs/gdf/lib/python3.10/site-packages/distributed/worker.py", line 2881, in get_data_from_worker
    response = await send_recv(
  File "/opt/conda/envs/gdf/lib/python3.10/site-packages/distributed/core.py", line 1018, in send_recv
    response = await comm.read(deserializers=deserializers)
  File "/opt/conda/envs/gdf/lib/python3.10/site-packages/distributed/utils.py", line 805, in wrapper
    return await func(*args, **kwargs)
  File "/opt/conda/envs/gdf/lib/python3.10/site-packages/rapids_dask_dependency/patches/distributed/comm/__rdd_patch_ucx.py", line 401, in read
    raise CommClosedError(
distributed.comm.core.CommClosedError: Connection closed by writer.
Inner exception: UCXCanceled("<[Recv #071] ep: 0x7fd82251d1c0, tag: 0xba959f38c0004c53, nbytes: 100000000, type: <class 'rmm.pylibrmm.device_buffer.DeviceBuffer'>>: ")
2025-03-03 07:42:41,125 - distributed.scheduler - WARNING - Removing worker 'ucx://127.0.0.1:37563' caused the cluster to lose already computed task(s), which will be recomputed elsewhere: {('split-taskshuffle-42c82307b2f5928bce72459b455e28a0', 6, 0), ('split-taskshuffle-42c82307b2f5928bce72459b455e28a0', 1, 0), ('split-taskshuffle-42c82307b2f5928bce72459b455e28a0', 4, 0), ('split-taskshuffle-42c82307b2f5928bce72459b455e28a0', 2, 0), ('split-taskshuffle-42c82307b2f5928bce72459b455e28a0', 5, 0), ('split-taskshuffle-42c82307b2f5928bce72459b455e28a0', 0, 0), ('split-taskshuffle-42c82307b2f5928bce72459b455e28a0', 7, 0), ('generate_chunk-_to_string_dtype-a0180b72cbed01de5a9fb7d9b0e1ee1a', 3), ('split-taskshuffle-42c82307b2f5928bce72459b455e28a0', 3, 0), ('generate_chunk-_to_string_dtype-a0180b72cbed01de5a9fb7d9b0e1ee1a', 2)} (stimulus_id='handle-worker-cleanup-1740987761.1249962')
2025-03-03 07:42:41,125 - distributed.worker - ERROR - Worker stream died during communication: ucx://127.0.0.1:54937
Traceback (most recent call last):
  File "/opt/conda/envs/gdf/lib/python3.10/site-packages/rapids_dask_dependency/patches/distributed/comm/__rdd_patch_ucx.py", line 353, in read
    await self.ep.recv(msg)
  File "/opt/conda/envs/gdf/lib/python3.10/site-packages/ucp/core.py", line 748, in recv
    ret = await comm.tag_recv(self._ep, buffer, nbytes, tag, name=log)
ucp._libs.exceptions.UCXCanceled: <[Recv #003] ep: 0x7f7a416271c0, tag: 0xc56bb546b6839d6a, nbytes: 16, type: <class 'numpy.ndarray'>>: 

During handling of the above exception, another exception occurred:

Traceback (most recent call last):
  File "/opt/conda/envs/gdf/lib/python3.10/site-packages/distributed/worker.py", line 2075, in gather_dep
    response = await get_data_from_worker(
  File "/opt/conda/envs/gdf/lib/python3.10/site-packages/distributed/worker.py", line 2881, in get_data_from_worker
    response = await send_recv(
  File "/opt/conda/envs/gdf/lib/python3.10/site-packages/distributed/core.py", line 1018, in send_recv
    response = await comm.read(deserializers=deserializers)
  File "/opt/conda/envs/gdf/lib/python3.10/site-packages/distributed/utils.py", line 805, in wrapper
    return await func(*args, **kwargs)
  File "/opt/conda/envs/gdf/lib/python3.10/site-packages/rapids_dask_dependency/patches/distributed/comm/__rdd_patch_ucx.py", line 371, in read
    raise CommClosedError(
distributed.comm.core.CommClosedError: Connection closed by writer.
Inner exception: UCXCanceled("<[Recv #003] ep: 0x7f7a416271c0, tag: 0xc56bb546b6839d6a, nbytes: 16, type: <class 'numpy.ndarray'>>: ")
Task exception was never retrieved
future: <Task finished name='Task-6315' coro=<_listener_handler_coroutine() done, defined at /opt/conda/envs/gdf/lib/python3.10/site-packages/ucp/core.py:142> exception=UCXError('<stream_send>: Connection reset by remote peer')>
Traceback (most recent call last):
  File "/opt/conda/envs/gdf/lib/python3.10/site-packages/ucp/core.py", line 157, in _listener_handler_coroutine
    peer_info = await exchange_peer_info(
  File "/opt/conda/envs/gdf/lib/python3.10/site-packages/ucp/core.py", line 53, in exchange_peer_info
    await asyncio.wait_for(
  File "/opt/conda/envs/gdf/lib/python3.10/asyncio/tasks.py", line 445, in wait_for
    return fut.result()
ucp._libs.exceptions.UCXError: <stream_send>: Connection reset by remote peer
2025-03-03 07:42:41,127 - distributed.scheduler - WARNING - Removing worker 'ucx://127.0.0.1:54937' caused the cluster to lose already computed task(s), which will be recomputed elsewhere: {('split-taskshuffle-42c82307b2f5928bce72459b455e28a0', 7, 1), ('split-taskshuffle-42c82307b2f5928bce72459b455e28a0', 3, 1), ('generate_chunk-_to_string_dtype-a0180b72cbed01de5a9fb7d9b0e1ee1a', 0), ('split-taskshuffle-42c82307b2f5928bce72459b455e28a0', 6, 1), ('split-taskshuffle-42c82307b2f5928bce72459b455e28a0', 1, 1), ('split-taskshuffle-42c82307b2f5928bce72459b455e28a0', 2, 1), ('split-taskshuffle-42c82307b2f5928bce72459b455e28a0', 4, 1), ('split-taskshuffle-42c82307b2f5928bce72459b455e28a0', 5, 1), ('split-taskshuffle-42c82307b2f5928bce72459b455e28a0', 0, 1)} (stimulus_id='handle-worker-cleanup-1740987761.127346')
[dgx13:87149:0:87149] Caught signal 11 (Segmentation fault: address not mapped to object at address 0x450)
==== backtrace (tid:  87149) ====
 0  /opt/conda/envs/gdf/lib/libucs.so.0(ucs_handle_error+0x305) [0x7fd8230bf025]
 1  /opt/conda/envs/gdf/lib/libucs.so.0(+0x2f221) [0x7fd8230bf221]
 2  /opt/conda/envs/gdf/lib/libucs.so.0(+0x2f3ea) [0x7fd8230bf3ea]
 3  /usr/lib/x86_64-linux-gnu/libpthread.so.0(+0x14420) [0x7fd87466c420]
 4  /opt/conda/envs/gdf/lib/libucp.so.0(ucp_mem_type_unpack+0x17) [0x7fd823144197]
 5  /opt/conda/envs/gdf/lib/libucp.so.0(ucp_rndv_data_handler+0x5f5) [0x7fd82316f9e5]
 6  /opt/conda/envs/gdf/lib/./libuct.so.0(+0x21dd6) [0x7fd823073dd6]
 7  /opt/conda/envs/gdf/lib/./libuct.so.0(+0x24f48) [0x7fd823076f48]
 8  /opt/conda/envs/gdf/lib/libucs.so.0(ucs_event_set_wait+0xb1) [0x7fd8230c8851]
 9  /opt/conda/envs/gdf/lib/./libuct.so.0(uct_tcp_iface_progress+0x7c) [0x7fd823075fbc]
10  /opt/conda/envs/gdf/lib/libucp.so.0(ucp_worker_progress+0x5a) [0x7fd823140d5a]
11  /opt/conda/envs/gdf/lib/python3.10/site-packages/ucp/_libs/ucx_api.cpython-310-x86_64-linux-gnu.so(+0x31dca) [0x7fd823204dca]
12  /opt/conda/envs/gdf/bin/python(_PyEval_EvalFrameDefault+0x2c3e) [0x558278c806de]
13  /opt/conda/envs/gdf/bin/python(_PyFunction_Vectorcall+0x6c) [0x558278c8db7c]
14  /opt/conda/envs/gdf/bin/python(_PyEval_EvalFrameDefault+0x6fd) [0x558278c7e19d]
15  /opt/conda/envs/gdf/bin/python(+0x1d62c9) [0x558278d282c9]
16  /opt/conda/envs/gdf/lib/python3.10/lib-dynload/_asyncio.cpython-310-x86_64-linux-gnu.so(+0x7782) [0x7fd85b694782]
17  /opt/conda/envs/gdf/bin/python(_PyObject_MakeTpCall+0x2d3) [0x558278c86a03]
18  /opt/conda/envs/gdf/bin/python(+0xf745f) [0x558278c4945f]
19  /opt/conda/envs/gdf/bin/python(+0x1331b3) [0x558278c851b3]
20  /opt/conda/envs/gdf/bin/python(_PyEval_EvalFrameDefault+0x593b) [0x558278c833db]
21  /opt/conda/envs/gdf/bin/python(_PyFunction_Vectorcall+0x6c) [0x558278c8db7c]
22  /opt/conda/envs/gdf/bin/python(_PyEval_EvalFrameDefault+0x6fd) [0x558278c7e19d]
23  /opt/conda/envs/gdf/bin/python(_PyFunction_Vectorcall+0x6c) [0x558278c8db7c]
24  /opt/conda/envs/gdf/bin/python(_PyEval_EvalFrameDefault+0x6fd) [0x558278c7e19d]
25  /opt/conda/envs/gdf/bin/python(_PyFunction_Vectorcall+0x6c) [0x558278c8db7c]
26  /opt/conda/envs/gdf/bin/python(_PyEval_EvalFrameDefault+0x6fd) [0x558278c7e19d]
27  /opt/conda/envs/gdf/bin/python(_PyFunction_Vectorcall+0x6c) [0x558278c8db7c]
28  /opt/conda/envs/gdf/bin/python(_PyEval_EvalFrameDefault+0x6fd) [0x558278c7e19d]
29  /opt/conda/envs/gdf/bin/python(_PyFunction_Vectorcall+0x6c) [0x558278c8db7c]
30  /opt/conda/envs/gdf/bin/python(_PyEval_EvalFrameDefault+0x1341) [0x558278c7ede1]
31  /opt/conda/envs/gdf/bin/python(+0x146fb2) [0x558278c98fb2]
32  /opt/conda/envs/gdf/bin/python(PyObject_Call+0xbc) [0x558278c9994c]
33  /opt/conda/envs/gdf/bin/python(+0x1ff72d) [0x558278d5172d]
34  /opt/conda/envs/gdf/bin/python(_PyObject_MakeTpCall+0x2d3) [0x558278c86a03]
35  /opt/conda/envs/gdf/bin/python(_PyEval_EvalFrameDefault+0x2c3e) [0x558278c806de]
36  /opt/conda/envs/gdf/bin/python(+0x147108) [0x558278c99108]
37  /opt/conda/envs/gdf/bin/python(_PyEval_EvalFrameDefault+0x2c3e) [0x558278c806de]
38  /opt/conda/envs/gdf/bin/python(_PyFunction_Vectorcall+0x6c) [0x558278c8db7c]
39  /opt/conda/envs/gdf/bin/python(_PyEval_EvalFrameDefault+0x6fd) [0x558278c7e19d]
40  /opt/conda/envs/gdf/bin/python(_PyFunction_Vectorcall+0x6c) [0x558278c8db7c]
41  /opt/conda/envs/gdf/bin/python(_PyEval_EvalFrameDefault+0x6fd) [0x558278c7e19d]
42  /opt/conda/envs/gdf/bin/python(_PyFunction_Vectorcall+0x6c) [0x558278c8db7c]
43  /opt/conda/envs/gdf/bin/python(_PyEval_EvalFrameDefault+0x309) [0x558278c7dda9]
44  /opt/conda/envs/gdf/bin/python(_PyFunction_Vectorcall+0x6c) [0x558278c8db7c]
45  /opt/conda/envs/gdf/bin/python(_PyEval_EvalFrameDefault+0x1341) [0x558278c7ede1]
46  /opt/conda/envs/gdf/bin/python(+0x1cca8c) [0x558278d1ea8c]
47  /opt/conda/envs/gdf/bin/python(PyEval_EvalCode+0x87) [0x558278d1e9d7]
48  /opt/conda/envs/gdf/bin/python(+0x1fceba) [0x558278d4eeba]
49  /opt/conda/envs/gdf/bin/python(+0x1f8343) [0x558278d4a343]
50  /opt/conda/envs/gdf/bin/python(PyRun_StringFlags+0x7d) [0x558278d42add]
51  /opt/conda/envs/gdf/bin/python(PyRun_SimpleStringFlags+0x3c) [0x558278d4291c]
52  /opt/conda/envs/gdf/bin/python(Py_RunMain+0x3ba) [0x558278d41b1a]
53  /opt/conda/envs/gdf/bin/python(Py_BytesMain+0x37) [0x558278d12117]
54  /usr/lib/x86_64-linux-gnu/libc.so.6(__libc_start_main+0xf3) [0x7fd874330083]
55  /opt/conda/envs/gdf/bin/python(+0x1c002e) [0x558278d1202e]
=================================
2025-03-03 07:42:41,133 - distributed.worker - ERROR - Worker stream died during communication: ucx://127.0.0.1:37563
Traceback (most recent call last):
  File "/opt/conda/envs/gdf/lib/python3.10/site-packages/rapids_dask_dependency/patches/distributed/comm/__rdd_patch_ucx.py", line 395, in read
    await self.ep.recv(each_frame)
  File "/opt/conda/envs/gdf/lib/python3.10/site-packages/ucp/core.py", line 748, in recv
    ret = await comm.tag_recv(self._ep, buffer, nbytes, tag, name=log)
ucp._libs.exceptions.UCXError: <[Recv #007] ep: 0x7fd7c423d180, tag: 0x453141f1293d312b, nbytes: 100000000, type: <class 'rmm.pylibrmm.device_buffer.DeviceBuffer'>>: Connection reset by remote peer

During handling of the above exception, another exception occurred:

Traceback (most recent call last):
  File "/opt/conda/envs/gdf/lib/python3.10/site-packages/distributed/worker.py", line 2075, in gather_dep
    response = await get_data_from_worker(
  File "/opt/conda/envs/gdf/lib/python3.10/site-packages/distributed/worker.py", line 2881, in get_data_from_worker
    response = await send_recv(
  File "/opt/conda/envs/gdf/lib/python3.10/site-packages/distributed/core.py", line 1018, in send_recv
    response = await comm.read(deserializers=deserializers)
  File "/opt/conda/envs/gdf/lib/python3.10/site-packages/distributed/utils.py", line 805, in wrapper
    return await func(*args, **kwargs)
  File "/opt/conda/envs/gdf/lib/python3.10/site-packages/rapids_dask_dependency/patches/distributed/comm/__rdd_patch_ucx.py", line 401, in read
    raise CommClosedError(
distributed.comm.core.CommClosedError: Connection closed by writer.
Inner exception: UCXError("<[Recv #007] ep: 0x7fd7c423d180, tag: 0x453141f1293d312b, nbytes: 100000000, type: <class 'rmm.pylibrmm.device_buffer.DeviceBuffer'>>: Connection reset by remote peer")
Task exception was never retrieved
future: <Task finished name='Task-4745' coro=<_listener_handler_coroutine() done, defined at /opt/conda/envs/gdf/lib/python3.10/site-packages/ucp/core.py:142> exception=UCXError('<stream_send>: Connection reset by remote peer')>
Traceback (most recent call last):
  File "/opt/conda/envs/gdf/lib/python3.10/site-packages/ucp/core.py", line 157, in _listener_handler_coroutine
    peer_info = await exchange_peer_info(
  File "/opt/conda/envs/gdf/lib/python3.10/site-packages/ucp/core.py", line 53, in exchange_peer_info
    await asyncio.wait_for(
  File "/opt/conda/envs/gdf/lib/python3.10/asyncio/tasks.py", line 445, in wait_for
    return fut.result()
ucp._libs.exceptions.UCXError: <stream_send>: Connection reset by remote peer
2025-03-03 07:42:41,140 - distributed.worker - ERROR - Worker stream died during communication: ucx://127.0.0.1:54937
Traceback (most recent call last):
  File "/opt/conda/envs/gdf/lib/python3.10/site-packages/rapids_dask_dependency/patches/distributed/comm/__rdd_patch_ucx.py", line 470, in connect
    ep = await ucp.create_endpoint(ip, port)
  File "/opt/conda/envs/gdf/lib/python3.10/site-packages/ucp/core.py", line 1040, in create_endpoint
    return await _get_ctx().create_endpoint(
  File "/opt/conda/envs/gdf/lib/python3.10/site-packages/ucp/core.py", line 337, in create_endpoint
    peer_info = await exchange_peer_info(
  File "/opt/conda/envs/gdf/lib/python3.10/site-packages/ucp/core.py", line 62, in exchange_peer_info
    await asyncio.wait_for(
  File "/opt/conda/envs/gdf/lib/python3.10/asyncio/tasks.py", line 445, in wait_for
    return fut.result()
ucp._libs.exceptions.UCXError: <stream_recv>: Connection reset by remote peer

During handling of the above exception, another exception occurred:

Traceback (most recent call last):
  File "/opt/conda/envs/gdf/lib/python3.10/site-packages/distributed/comm/core.py", line 342, in connect
    comm = await wait_for(
  File "/opt/conda/envs/gdf/lib/python3.10/site-packages/distributed/utils.py", line 1915, in wait_for
    return await asyncio.wait_for(fut, timeout)
  File "/opt/conda/envs/gdf/lib/python3.10/asyncio/tasks.py", line 445, in wait_for
    return fut.result()
  File "/opt/conda/envs/gdf/lib/python3.10/site-packages/rapids_dask_dependency/patches/distributed/comm/__rdd_patch_ucx.py", line 472, in connect
    raise CommClosedError("Connection closed before handshake completed")
distributed.comm.core.CommClosedError: Connection closed before handshake completed

During handling of the above exception, another exception occurred:

Traceback (most recent call last):
  File "/opt/conda/envs/gdf/lib/python3.10/site-packages/distributed/core.py", line 1429, in _connect
    comm = await connect(
  File "/opt/conda/envs/gdf/lib/python3.10/site-packages/distributed/comm/core.py", line 366, in connect
    await asyncio.sleep(backoff)
  File "/opt/conda/envs/gdf/lib/python3.10/asyncio/tasks.py", line 605, in sleep
    return await future
asyncio.exceptions.CancelledError

During handling of the above exception, another exception occurred:

Traceback (most recent call last):
  File "/opt/conda/envs/gdf/lib/python3.10/site-packages/distributed/core.py", line 1539, in connect
    return connect_attempt.result()
asyncio.exceptions.CancelledError

During handling of the above exception, another exception occurred:

Traceback (most recent call last):
  File "/opt/conda/envs/gdf/lib/python3.10/site-packages/distributed/worker.py", line 2075, in gather_dep
    response = await get_data_from_worker(
  File "/opt/conda/envs/gdf/lib/python3.10/site-packages/distributed/worker.py", line 2878, in get_data_from_worker
    comm = await rpc.connect(worker)
  File "/opt/conda/envs/gdf/lib/python3.10/site-packages/distributed/core.py", line 1542, in connect
    raise CommClosedError(reason)
distributed.comm.core.CommClosedError: Address removed.
2025-03-03 07:42:41,140 - distributed.worker - ERROR - Worker stream died during communication: ucx://127.0.0.1:54937
Traceback (most recent call last):
  File "/opt/conda/envs/gdf/lib/python3.10/site-packages/rapids_dask_dependency/patches/distributed/comm/__rdd_patch_ucx.py", line 395, in read
    await self.ep.recv(each_frame)
  File "/opt/conda/envs/gdf/lib/python3.10/site-packages/ucp/core.py", line 748, in recv
    ret = await comm.tag_recv(self._ep, buffer, nbytes, tag, name=log)
ucp._libs.exceptions.UCXError: <[Recv #007] ep: 0x7f53e0296200, tag: 0x4ac4cffb13ed6d93, nbytes: 100000000, type: <class 'rmm.pylibrmm.device_buffer.DeviceBuffer'>>: Connection reset by remote peer

During handling of the above exception, another exception occurred:

Traceback (most recent call last):
  File "/opt/conda/envs/gdf/lib/python3.10/site-packages/distributed/worker.py", line 2075, in gather_dep
    response = await get_data_from_worker(
  File "/opt/conda/envs/gdf/lib/python3.10/site-packages/distributed/worker.py", line 2881, in get_data_from_worker
    response = await send_recv(
  File "/opt/conda/envs/gdf/lib/python3.10/site-packages/distributed/core.py", line 1018, in send_recv
    response = await comm.read(deserializers=deserializers)
  File "/opt/conda/envs/gdf/lib/python3.10/site-packages/distributed/utils.py", line 805, in wrapper
    return await func(*args, **kwargs)
  File "/opt/conda/envs/gdf/lib/python3.10/site-packages/rapids_dask_dependency/patches/distributed/comm/__rdd_patch_ucx.py", line 401, in read
    raise CommClosedError(
distributed.comm.core.CommClosedError: Connection closed by writer.
Inner exception: UCXError("<[Recv #007] ep: 0x7f53e0296200, tag: 0x4ac4cffb13ed6d93, nbytes: 100000000, type: <class 'rmm.pylibrmm.device_buffer.DeviceBuffer'>>: Connection reset by remote peer")
Task exception was never retrieved
future: <Task finished name='Task-4693' coro=<_listener_handler_coroutine() done, defined at /opt/conda/envs/gdf/lib/python3.10/site-packages/ucp/core.py:142> exception=UCXError('<stream_recv>: Connection reset by remote peer')>
Traceback (most recent call last):
  File "/opt/conda/envs/gdf/lib/python3.10/site-packages/ucp/core.py", line 157, in _listener_handler_coroutine
    peer_info = await exchange_peer_info(
  File "/opt/conda/envs/gdf/lib/python3.10/site-packages/ucp/core.py", line 57, in exchange_peer_info
    await asyncio.wait_for(
  File "/opt/conda/envs/gdf/lib/python3.10/asyncio/tasks.py", line 445, in wait_for
    return fut.result()
ucp._libs.exceptions.UCXError: <stream_recv>: Connection reset by remote peer
2025-03-03 07:42:41,170 - distributed.worker - ERROR - Worker stream died during communication: ucx://127.0.0.1:37563
Traceback (most recent call last):
  File "/opt/conda/envs/gdf/lib/python3.10/site-packages/rapids_dask_dependency/patches/distributed/comm/__rdd_patch_ucx.py", line 353, in read
    await self.ep.recv(msg)
  File "/opt/conda/envs/gdf/lib/python3.10/site-packages/ucp/core.py", line 748, in recv
    ret = await comm.tag_recv(self._ep, buffer, nbytes, tag, name=log)
ucp._libs.exceptions.UCXCanceled: <[Recv #003] ep: 0x7f53e0296180, tag: 0xf78e45b2172787e7, nbytes: 16, type: <class 'numpy.ndarray'>>: 

During handling of the above exception, another exception occurred:

Traceback (most recent call last):
  File "/opt/conda/envs/gdf/lib/python3.10/site-packages/distributed/worker.py", line 2075, in gather_dep
    response = await get_data_from_worker(
  File "/opt/conda/envs/gdf/lib/python3.10/site-packages/distributed/worker.py", line 2881, in get_data_from_worker
    response = await send_recv(
  File "/opt/conda/envs/gdf/lib/python3.10/site-packages/distributed/core.py", line 1018, in send_recv
    response = await comm.read(deserializers=deserializers)
  File "/opt/conda/envs/gdf/lib/python3.10/site-packages/distributed/utils.py", line 805, in wrapper
    return await func(*args, **kwargs)
  File "/opt/conda/envs/gdf/lib/python3.10/site-packages/rapids_dask_dependency/patches/distributed/comm/__rdd_patch_ucx.py", line 371, in read
    raise CommClosedError(
distributed.comm.core.CommClosedError: Connection closed by writer.
Inner exception: UCXCanceled("<[Recv #003] ep: 0x7f53e0296180, tag: 0xf78e45b2172787e7, nbytes: 16, type: <class 'numpy.ndarray'>>: ")
[dgx13:87349:0:87349] Caught signal 11 (Segmentation fault: address not mapped to object at address 0x450)
==== backtrace (tid:  87349) ====
 0  /opt/conda/envs/gdf/lib/libucs.so.0(ucs_handle_error+0x305) [0x7f53e0e63025]
 1  /opt/conda/envs/gdf/lib/libucs.so.0(+0x2f221) [0x7f53e0e63221]
 2  /opt/conda/envs/gdf/lib/libucs.so.0(+0x2f3ea) [0x7f53e0e633ea]
 3  /usr/lib/x86_64-linux-gnu/libpthread.so.0(+0x14420) [0x7f54323e1420]
 4  /opt/conda/envs/gdf/lib/libucp.so.0(ucp_mem_type_unpack+0x17) [0x7f53e0ee8197]
 5  /opt/conda/envs/gdf/lib/libucp.so.0(ucp_rndv_data_handler+0x5f5) [0x7f53e0f139e5]
 6  /opt/conda/envs/gdf/lib/./libuct.so.0(+0x21dd6) [0x7f53e0e17dd6]
 7  /opt/conda/envs/gdf/lib/./libuct.so.0(+0x24f48) [0x7f53e0e1af48]
 8  /opt/conda/envs/gdf/lib/libucs.so.0(ucs_event_set_wait+0xb1) [0x7f53e0e6c851]
 9  /opt/conda/envs/gdf/lib/./libuct.so.0(uct_tcp_iface_progress+0x7c) [0x7f53e0e19fbc]
10  /opt/conda/envs/gdf/lib/libucp.so.0(ucp_worker_progress+0x5a) [0x7f53e0ee4d5a]
11  /opt/conda/envs/gdf/lib/python3.10/site-packages/ucp/_libs/ucx_api.cpython-310-x86_64-linux-gnu.so(+0x31dca) [0x7f53e0fa8dca]
12  /opt/conda/envs/gdf/bin/python(_PyEval_EvalFrameDefault+0x2c3e) [0x555d2df0c6de]
13  /opt/conda/envs/gdf/bin/python(_PyFunction_Vectorcall+0x6c) [0x555d2df19b7c]
14  /opt/conda/envs/gdf/bin/python(_PyEval_EvalFrameDefault+0x6fd) [0x555d2df0a19d]
15  /opt/conda/envs/gdf/bin/python(+0x1d62c9) [0x555d2dfb42c9]
16  /opt/conda/envs/gdf/lib/python3.10/lib-dynload/_asyncio.cpython-310-x86_64-linux-gnu.so(+0x7782) [0x7f541d38e782]
17  /opt/conda/envs/gdf/bin/python(_PyObject_MakeTpCall+0x2d3) [0x555d2df12a03]
18  /opt/conda/envs/gdf/bin/python(+0xf745f) [0x555d2ded545f]
19  /opt/conda/envs/gdf/bin/python(+0x1331b3) [0x555d2df111b3]
20  /opt/conda/envs/gdf/bin/python(_PyEval_EvalFrameDefault+0x593b) [0x555d2df0f3db]
21  /opt/conda/envs/gdf/bin/python(_PyFunction_Vectorcall+0x6c) [0x555d2df19b7c]
22  /opt/conda/envs/gdf/bin/python(_PyEval_EvalFrameDefault+0x6fd) [0x555d2df0a19d]
23  /opt/conda/envs/gdf/bin/python(_PyFunction_Vectorcall+0x6c) [0x555d2df19b7c]
24  /opt/conda/envs/gdf/bin/python(_PyEval_EvalFrameDefault+0x6fd) [0x555d2df0a19d]
25  /opt/conda/envs/gdf/bin/python(_PyFunction_Vectorcall+0x6c) [0x555d2df19b7c]
26  /opt/conda/envs/gdf/bin/python(_PyEval_EvalFrameDefault+0x6fd) [0x555d2df0a19d]
27  /opt/conda/envs/gdf/bin/python(_PyFunction_Vectorcall+0x6c) [0x555d2df19b7c]
28  /opt/conda/envs/gdf/bin/python(_PyEval_EvalFrameDefault+0x6fd) [0x555d2df0a19d]
29  /opt/conda/envs/gdf/bin/python(_PyFunction_Vectorcall+0x6c) [0x555d2df19b7c]
30  /opt/conda/envs/gdf/bin/python(_PyEval_EvalFrameDefault+0x1341) [0x555d2df0ade1]
31  /opt/conda/envs/gdf/bin/python(+0x146fb2) [0x555d2df24fb2]
32  /opt/conda/envs/gdf/bin/python(PyObject_Call+0xbc) [0x555d2df2594c]
33  /opt/conda/envs/gdf/bin/python(+0x1ff72d) [0x555d2dfdd72d]
34  /opt/conda/envs/gdf/bin/python(_PyObject_MakeTpCall+0x2d3) [0x555d2df12a03]
35  /opt/conda/envs/gdf/bin/python(_PyEval_EvalFrameDefault+0x2c3e) [0x555d2df0c6de]
36  /opt/conda/envs/gdf/bin/python(+0x147108) [0x555d2df25108]
37  /opt/conda/envs/gdf/bin/python(_PyEval_EvalFrameDefault+0x2c3e) [0x555d2df0c6de]
38  /opt/conda/envs/gdf/bin/python(_PyFunction_Vectorcall+0x6c) [0x555d2df19b7c]
39  /opt/conda/envs/gdf/bin/python(_PyEval_EvalFrameDefault+0x6fd) [0x555d2df0a19d]
40  /opt/conda/envs/gdf/bin/python(_PyFunction_Vectorcall+0x6c) [0x555d2df19b7c]
41  /opt/conda/envs/gdf/bin/python(_PyEval_EvalFrameDefault+0x6fd) [0x555d2df0a19d]
42  /opt/conda/envs/gdf/bin/python(_PyFunction_Vectorcall+0x6c) [0x555d2df19b7c]
43  /opt/conda/envs/gdf/bin/python(_PyEval_EvalFrameDefault+0x309) [0x555d2df09da9]
44  /opt/conda/envs/gdf/bin/python(_PyFunction_Vectorcall+0x6c) [0x555d2df19b7c]
45  /opt/conda/envs/gdf/bin/python(_PyEval_EvalFrameDefault+0x1341) [0x555d2df0ade1]
46  /opt/conda/envs/gdf/bin/python(+0x1cca8c) [0x555d2dfaaa8c]
47  /opt/conda/envs/gdf/bin/python(PyEval_EvalCode+0x87) [0x555d2dfaa9d7]
48  /opt/conda/envs/gdf/bin/python(+0x1fceba) [0x555d2dfdaeba]
49  /opt/conda/envs/gdf/bin/python(+0x1f8343) [0x555d2dfd6343]
50  /opt/conda/envs/gdf/bin/python(PyRun_StringFlags+0x7d) [0x555d2dfceadd]
51  /opt/conda/envs/gdf/bin/python(PyRun_SimpleStringFlags+0x3c) [0x555d2dfce91c]
52  /opt/conda/envs/gdf/bin/python(Py_RunMain+0x3ba) [0x555d2dfcdb1a]
53  /opt/conda/envs/gdf/bin/python(Py_BytesMain+0x37) [0x555d2df9e117]
54  /usr/lib/x86_64-linux-gnu/libc.so.6(__libc_start_main+0xf3) [0x7f54320a5083]
55  /opt/conda/envs/gdf/bin/python(+0x1c002e) [0x555d2df9e02e]
=================================
2025-03-03 07:42:41,213 - distributed.nanny - WARNING - Restarting worker
2025-03-03 07:42:41,291 - distributed.scheduler - WARNING - Removing worker 'ucx://127.0.0.1:53545' caused the cluster to lose already computed task(s), which will be recomputed elsewhere: {('split-taskshuffle-42c82307b2f5928bce72459b455e28a0', 0, 7), ('generate_chunk-_to_string_dtype-a0180b72cbed01de5a9fb7d9b0e1ee1a', 7), ('split-taskshuffle-42c82307b2f5928bce72459b455e28a0', 4, 7), ('split-taskshuffle-42c82307b2f5928bce72459b455e28a0', 7, 7), ('split-taskshuffle-42c82307b2f5928bce72459b455e28a0', 3, 7), ('generate_chunk-_to_string_dtype-a0180b72cbed01de5a9fb7d9b0e1ee1a', 4), ('split-taskshuffle-42c82307b2f5928bce72459b455e28a0', 6, 7), ('split-taskshuffle-42c82307b2f5928bce72459b455e28a0', 1, 7), ('split-taskshuffle-42c82307b2f5928bce72459b455e28a0', 2, 7), ('split-taskshuffle-42c82307b2f5928bce72459b455e28a0', 5, 7)} (stimulus_id='handle-worker-cleanup-1740987761.2917264')
2025-03-03 07:42:41,294 - distributed.worker - ERROR - failed during get data with ucx://127.0.0.1:34767 -> ucx://127.0.0.1:53545
Traceback (most recent call last):
  File "/opt/conda/envs/gdf/lib/python3.10/site-packages/rapids_dask_dependency/patches/distributed/comm/__rdd_patch_ucx.py", line 337, in write
    await self.ep.send(each_frame)
  File "/opt/conda/envs/gdf/lib/python3.10/site-packages/ucp/core.py", line 673, in send
    return await comm.tag_send(self._ep, buffer, nbytes, tag, name=log)
ucp._libs.exceptions.UCXError: <[Send #007] ep: 0x7fd7c423d340, tag: 0xdf73be93e7b26640, nbytes: 100000000, type: <class 'cudf.core.buffer.buffer.Buffer'>>: Connection reset by remote peer

During handling of the above exception, another exception occurred:

Traceback (most recent call last):
  File "/opt/conda/envs/gdf/lib/python3.10/site-packages/distributed/worker.py", line 1796, in get_data
    compressed = await comm.write(msg, serializers=serializers)
  File "/opt/conda/envs/gdf/lib/python3.10/site-packages/distributed/utils.py", line 805, in wrapper
    return await func(*args, **kwargs)
  File "/opt/conda/envs/gdf/lib/python3.10/site-packages/rapids_dask_dependency/patches/distributed/comm/__rdd_patch_ucx.py", line 341, in write
    raise CommClosedError("While writing, the connection was closed")
distributed.comm.core.CommClosedError: While writing, the connection was closed
2025-03-03 07:42:41,295 - distributed.worker - ERROR - Worker stream died during communication: ucx://127.0.0.1:53545
Traceback (most recent call last):
  File "/opt/conda/envs/gdf/lib/python3.10/site-packages/rapids_dask_dependency/patches/distributed/comm/__rdd_patch_ucx.py", line 395, in read
    await self.ep.recv(each_frame)
  File "/opt/conda/envs/gdf/lib/python3.10/site-packages/ucp/core.py", line 748, in recv
    ret = await comm.tag_recv(self._ep, buffer, nbytes, tag, name=log)
ucp._libs.exceptions.UCXError: <[Recv #007] ep: 0x7fd7c423d200, tag: 0xa78b0a46e9727803, nbytes: 100000000, type: <class 'rmm.pylibrmm.device_buffer.DeviceBuffer'>>: Connection reset by remote peer

During handling of the above exception, another exception occurred:

Traceback (most recent call last):
  File "/opt/conda/envs/gdf/lib/python3.10/site-packages/distributed/worker.py", line 2075, in gather_dep
    response = await get_data_from_worker(
  File "/opt/conda/envs/gdf/lib/python3.10/site-packages/distributed/worker.py", line 2881, in get_data_from_worker
    response = await send_recv(
  File "/opt/conda/envs/gdf/lib/python3.10/site-packages/distributed/core.py", line 1018, in send_recv
    response = await comm.read(deserializers=deserializers)
  File "/opt/conda/envs/gdf/lib/python3.10/site-packages/distributed/utils.py", line 805, in wrapper
    return await func(*args, **kwargs)
  File "/opt/conda/envs/gdf/lib/python3.10/site-packages/rapids_dask_dependency/patches/distributed/comm/__rdd_patch_ucx.py", line 401, in read
    raise CommClosedError(
distributed.comm.core.CommClosedError: Connection closed by writer.
Inner exception: UCXError("<[Recv #007] ep: 0x7fd7c423d200, tag: 0xa78b0a46e9727803, nbytes: 100000000, type: <class 'rmm.pylibrmm.device_buffer.DeviceBuffer'>>: Connection reset by remote peer")
2025-03-03 07:42:41,295 - distributed.worker - ERROR - failed during get data with ucx://127.0.0.1:34767 -> ucx://127.0.0.1:37563
Traceback (most recent call last):
  File "/opt/conda/envs/gdf/lib/python3.10/site-packages/rapids_dask_dependency/patches/distributed/comm/__rdd_patch_ucx.py", line 337, in write
    await self.ep.send(each_frame)
  File "/opt/conda/envs/gdf/lib/python3.10/site-packages/ucp/core.py", line 673, in send
    return await comm.tag_send(self._ep, buffer, nbytes, tag, name=log)
ucp._libs.exceptions.UCXError: <[Send #007] ep: 0x7fd7c423d400, tag: 0x66192b7294b2ce17, nbytes: 100000000, type: <class 'cudf.core.buffer.buffer.Buffer'>>: Connection reset by remote peer

During handling of the above exception, another exception occurred:

Traceback (most recent call last):
  File "/opt/conda/envs/gdf/lib/python3.10/site-packages/distributed/worker.py", line 1796, in get_data
    compressed = await comm.write(msg, serializers=serializers)
  File "/opt/conda/envs/gdf/lib/python3.10/site-packages/distributed/utils.py", line 805, in wrapper
    return await func(*args, **kwargs)
  File "/opt/conda/envs/gdf/lib/python3.10/site-packages/rapids_dask_dependency/patches/distributed/comm/__rdd_patch_ucx.py", line 341, in write
    raise CommClosedError("While writing, the connection was closed")
distributed.comm.core.CommClosedError: While writing, the connection was closed
2025-03-03 07:42:41,326 - distributed.scheduler - WARNING - Removing worker 'ucx://127.0.0.1:35761' caused the cluster to lose already computed task(s), which will be recomputed elsewhere: {('split-taskshuffle-42c82307b2f5928bce72459b455e28a0', 6, 6), ('split-taskshuffle-42c82307b2f5928bce72459b455e28a0', 1, 6), ('split-taskshuffle-42c82307b2f5928bce72459b455e28a0', 2, 6), ('split-taskshuffle-42c82307b2f5928bce72459b455e28a0', 4, 6), ('split-taskshuffle-42c82307b2f5928bce72459b455e28a0', 5, 6), ('split-taskshuffle-42c82307b2f5928bce72459b455e28a0', 0, 6), ('split-taskshuffle-42c82307b2f5928bce72459b455e28a0', 7, 6), ('split-taskshuffle-42c82307b2f5928bce72459b455e28a0', 3, 6)} (stimulus_id='handle-worker-cleanup-1740987761.3258812')
2025-03-03 07:42:41,349 - distributed.worker - ERROR - failed during get data with ucx://127.0.0.1:42615 -> ucx://127.0.0.1:37563
Traceback (most recent call last):
  File "/opt/conda/envs/gdf/lib/python3.10/site-packages/rapids_dask_dependency/patches/distributed/comm/__rdd_patch_ucx.py", line 337, in write
    await self.ep.send(each_frame)
  File "/opt/conda/envs/gdf/lib/python3.10/site-packages/ucp/core.py", line 673, in send
    return await comm.tag_send(self._ep, buffer, nbytes, tag, name=log)
ucp._libs.exceptions.UCXError: <[Send #007] ep: 0x7f7a41627380, tag: 0xfeecf6ee1851cc1b, nbytes: 100000000, type: <class 'cudf.core.buffer.buffer.Buffer'>>: Connection reset by remote peer

During handling of the above exception, another exception occurred:

Traceback (most recent call last):
  File "/opt/conda/envs/gdf/lib/python3.10/site-packages/distributed/worker.py", line 1796, in get_data
    compressed = await comm.write(msg, serializers=serializers)
  File "/opt/conda/envs/gdf/lib/python3.10/site-packages/distributed/utils.py", line 805, in wrapper
    return await func(*args, **kwargs)
  File "/opt/conda/envs/gdf/lib/python3.10/site-packages/rapids_dask_dependency/patches/distributed/comm/__rdd_patch_ucx.py", line 341, in write
    raise CommClosedError("While writing, the connection was closed")
distributed.comm.core.CommClosedError: While writing, the connection was closed
2025-03-03 07:42:41,349 - distributed.worker - ERROR - failed during get data with ucx://127.0.0.1:42615 -> ucx://127.0.0.1:35761
Traceback (most recent call last):
  File "/opt/conda/envs/gdf/lib/python3.10/site-packages/rapids_dask_dependency/patches/distributed/comm/__rdd_patch_ucx.py", line 337, in write
    await self.ep.send(each_frame)
  File "/opt/conda/envs/gdf/lib/python3.10/site-packages/ucp/core.py", line 673, in send
    return await comm.tag_send(self._ep, buffer, nbytes, tag, name=log)
ucp._libs.exceptions.UCXError: <[Send #007] ep: 0x7f7a41627140, tag: 0xe544bebb10d5a36d, nbytes: 100000000, type: <class 'cudf.core.buffer.buffer.Buffer'>>: Connection reset by remote peer

During handling of the above exception, another exception occurred:

Traceback (most recent call last):
  File "/opt/conda/envs/gdf/lib/python3.10/site-packages/distributed/worker.py", line 1796, in get_data
    compressed = await comm.write(msg, serializers=serializers)
  File "/opt/conda/envs/gdf/lib/python3.10/site-packages/distributed/utils.py", line 805, in wrapper
    return await func(*args, **kwargs)
  File "/opt/conda/envs/gdf/lib/python3.10/site-packages/rapids_dask_dependency/patches/distributed/comm/__rdd_patch_ucx.py", line 341, in write
    raise CommClosedError("While writing, the connection was closed")
distributed.comm.core.CommClosedError: While writing, the connection was closed
2025-03-03 07:42:41,350 - distributed.worker - ERROR - Worker stream died during communication: ucx://127.0.0.1:35761
Traceback (most recent call last):
  File "/opt/conda/envs/gdf/lib/python3.10/site-packages/rapids_dask_dependency/patches/distributed/comm/__rdd_patch_ucx.py", line 353, in read
    await self.ep.recv(msg)
  File "/opt/conda/envs/gdf/lib/python3.10/site-packages/ucp/core.py", line 748, in recv
    ret = await comm.tag_recv(self._ep, buffer, nbytes, tag, name=log)
ucp._libs.exceptions.UCXCanceled: <[Recv #003] ep: 0x7f7a416272c0, tag: 0x29619fa255068249, nbytes: 16, type: <class 'numpy.ndarray'>>: 

During handling of the above exception, another exception occurred:

Traceback (most recent call last):
  File "/opt/conda/envs/gdf/lib/python3.10/site-packages/distributed/worker.py", line 2075, in gather_dep
    response = await get_data_from_worker(
  File "/opt/conda/envs/gdf/lib/python3.10/site-packages/distributed/worker.py", line 2881, in get_data_from_worker
    response = await send_recv(
  File "/opt/conda/envs/gdf/lib/python3.10/site-packages/distributed/core.py", line 1018, in send_recv
    response = await comm.read(deserializers=deserializers)
  File "/opt/conda/envs/gdf/lib/python3.10/site-packages/distributed/utils.py", line 805, in wrapper
    return await func(*args, **kwargs)
  File "/opt/conda/envs/gdf/lib/python3.10/site-packages/rapids_dask_dependency/patches/distributed/comm/__rdd_patch_ucx.py", line 371, in read
    raise CommClosedError(
distributed.comm.core.CommClosedError: Connection closed by writer.
Inner exception: UCXCanceled("<[Recv #003] ep: 0x7f7a416272c0, tag: 0x29619fa255068249, nbytes: 16, type: <class 'numpy.ndarray'>>: ")
2025-03-03 07:42:41,357 - distributed.worker - ERROR - failed during get data with ucx://127.0.0.1:42615 -> ucx://127.0.0.1:59483
Traceback (most recent call last):
  File "/opt/conda/envs/gdf/lib/python3.10/site-packages/rapids_dask_dependency/patches/distributed/comm/__rdd_patch_ucx.py", line 337, in write
    await self.ep.send(each_frame)
  File "/opt/conda/envs/gdf/lib/python3.10/site-packages/ucp/core.py", line 673, in send
    return await comm.tag_send(self._ep, buffer, nbytes, tag, name=log)
ucp._libs.exceptions.UCXError: <[Send #007] ep: 0x7f7a416273c0, tag: 0x259f6e18c8facb20, nbytes: 100000000, type: <class 'cudf.core.buffer.buffer.Buffer'>>: Connection reset by remote peer

During handling of the above exception, another exception occurred:

Traceback (most recent call last):
  File "/opt/conda/envs/gdf/lib/python3.10/site-packages/distributed/worker.py", line 1796, in get_data
    compressed = await comm.write(msg, serializers=serializers)
  File "/opt/conda/envs/gdf/lib/python3.10/site-packages/distributed/utils.py", line 805, in wrapper
    return await func(*args, **kwargs)
  File "/opt/conda/envs/gdf/lib/python3.10/site-packages/rapids_dask_dependency/patches/distributed/comm/__rdd_patch_ucx.py", line 341, in write
    raise CommClosedError("While writing, the connection was closed")
distributed.comm.core.CommClosedError: While writing, the connection was closed
2025-03-03 07:42:41,357 - distributed.worker - ERROR - Worker stream died during communication: ucx://127.0.0.1:59483
Traceback (most recent call last):
  File "/opt/conda/envs/gdf/lib/python3.10/site-packages/rapids_dask_dependency/patches/distributed/comm/__rdd_patch_ucx.py", line 353, in read
    await self.ep.recv(msg)
  File "/opt/conda/envs/gdf/lib/python3.10/site-packages/ucp/core.py", line 748, in recv
    ret = await comm.tag_recv(self._ep, buffer, nbytes, tag, name=log)
ucp._libs.exceptions.UCXCanceled: <[Recv #003] ep: 0x7f7a41627280, tag: 0xbfd5bb01ab2ae5a7, nbytes: 16, type: <class 'numpy.ndarray'>>: 

During handling of the above exception, another exception occurred:

Traceback (most recent call last):
  File "/opt/conda/envs/gdf/lib/python3.10/site-packages/distributed/worker.py", line 2075, in gather_dep
    response = await get_data_from_worker(
  File "/opt/conda/envs/gdf/lib/python3.10/site-packages/distributed/worker.py", line 2881, in get_data_from_worker
    response = await send_recv(
  File "/opt/conda/envs/gdf/lib/python3.10/site-packages/distributed/core.py", line 1018, in send_recv
    response = await comm.read(deserializers=deserializers)
  File "/opt/conda/envs/gdf/lib/python3.10/site-packages/distributed/utils.py", line 805, in wrapper
    return await func(*args, **kwargs)
  File "/opt/conda/envs/gdf/lib/python3.10/site-packages/rapids_dask_dependency/patches/distributed/comm/__rdd_patch_ucx.py", line 371, in read
    raise CommClosedError(
distributed.comm.core.CommClosedError: Connection closed by writer.
Inner exception: UCXCanceled("<[Recv #003] ep: 0x7f7a41627280, tag: 0xbfd5bb01ab2ae5a7, nbytes: 16, type: <class 'numpy.ndarray'>>: ")
2025-03-03 07:42:41,358 - distributed.scheduler - WARNING - Removing worker 'ucx://127.0.0.1:59483' caused the cluster to lose already computed task(s), which will be recomputed elsewhere: {('generate_chunk-_to_string_dtype-a0180b72cbed01de5a9fb7d9b0e1ee1a', 1), ('split-taskshuffle-42c82307b2f5928bce72459b455e28a0', 5, 4), ('split-taskshuffle-42c82307b2f5928bce72459b455e28a0', 0, 4), ('split-taskshuffle-42c82307b2f5928bce72459b455e28a0', 7, 4), ('split-taskshuffle-42c82307b2f5928bce72459b455e28a0', 3, 4), ('split-taskshuffle-42c82307b2f5928bce72459b455e28a0', 1, 4), ('split-taskshuffle-42c82307b2f5928bce72459b455e28a0', 6, 4), ('generate_chunk-_to_string_dtype-a0180b72cbed01de5a9fb7d9b0e1ee1a', 5), ('split-taskshuffle-42c82307b2f5928bce72459b455e28a0', 2, 4), ('split-taskshuffle-42c82307b2f5928bce72459b455e28a0', 4, 4)} (stimulus_id='handle-worker-cleanup-1740987761.3578074')
2025-03-03 07:42:41,388 - distributed.worker - ERROR - Worker stream died during communication: ucx://127.0.0.1:59483
Traceback (most recent call last):
  File "/opt/conda/envs/gdf/lib/python3.10/site-packages/rapids_dask_dependency/patches/distributed/comm/__rdd_patch_ucx.py", line 395, in read
    await self.ep.recv(each_frame)
  File "/opt/conda/envs/gdf/lib/python3.10/site-packages/ucp/core.py", line 748, in recv
    ret = await comm.tag_recv(self._ep, buffer, nbytes, tag, name=log)
ucp._libs.exceptions.UCXError: <[Recv #007] ep: 0x7fd7c423d140, tag: 0xeb3385cd6eccd4c3, nbytes: 100000000, type: <class 'rmm.pylibrmm.device_buffer.DeviceBuffer'>>: Connection reset by remote peer

During handling of the above exception, another exception occurred:

Traceback (most recent call last):
  File "/opt/conda/envs/gdf/lib/python3.10/site-packages/distributed/worker.py", line 2075, in gather_dep
    response = await get_data_from_worker(
  File "/opt/conda/envs/gdf/lib/python3.10/site-packages/distributed/worker.py", line 2881, in get_data_from_worker
    response = await send_recv(
  File "/opt/conda/envs/gdf/lib/python3.10/site-packages/distributed/core.py", line 1018, in send_recv
    response = await comm.read(deserializers=deserializers)
  File "/opt/conda/envs/gdf/lib/python3.10/site-packages/distributed/utils.py", line 805, in wrapper
    return await func(*args, **kwargs)
  File "/opt/conda/envs/gdf/lib/python3.10/site-packages/rapids_dask_dependency/patches/distributed/comm/__rdd_patch_ucx.py", line 401, in read
    raise CommClosedError(
distributed.comm.core.CommClosedError: Connection closed by writer.
Inner exception: UCXError("<[Recv #007] ep: 0x7fd7c423d140, tag: 0xeb3385cd6eccd4c3, nbytes: 100000000, type: <class 'rmm.pylibrmm.device_buffer.DeviceBuffer'>>: Connection reset by remote peer")
2025-03-03 07:42:41,390 - distributed.worker - ERROR - failed during get data with ucx://127.0.0.1:34767 -> ucx://127.0.0.1:35761
Traceback (most recent call last):
  File "/opt/conda/envs/gdf/lib/python3.10/site-packages/rapids_dask_dependency/patches/distributed/comm/__rdd_patch_ucx.py", line 337, in write
    await self.ep.send(each_frame)
  File "/opt/conda/envs/gdf/lib/python3.10/site-packages/ucp/core.py", line 673, in send
    return await comm.tag_send(self._ep, buffer, nbytes, tag, name=log)
ucp._libs.exceptions.UCXError: <[Send #008] ep: 0x7fd7c423d2c0, tag: 0x72b6790db1bc19c8, nbytes: 100000000, type: <class 'cudf.core.buffer.buffer.Buffer'>>: Connection reset by remote peer

During handling of the above exception, another exception occurred:

Traceback (most recent call last):
  File "/opt/conda/envs/gdf/lib/python3.10/site-packages/distributed/worker.py", line 1796, in get_data
    compressed = await comm.write(msg, serializers=serializers)
  File "/opt/conda/envs/gdf/lib/python3.10/site-packages/distributed/utils.py", line 805, in wrapper
    return await func(*args, **kwargs)
  File "/opt/conda/envs/gdf/lib/python3.10/site-packages/rapids_dask_dependency/patches/distributed/comm/__rdd_patch_ucx.py", line 341, in write
    raise CommClosedError("While writing, the connection was closed")
distributed.comm.core.CommClosedError: While writing, the connection was closed
2025-03-03 07:42:41,390 - distributed.worker - ERROR - failed during get data with ucx://127.0.0.1:34767 -> ucx://127.0.0.1:59483
Traceback (most recent call last):
  File "/opt/conda/envs/gdf/lib/python3.10/site-packages/rapids_dask_dependency/patches/distributed/comm/__rdd_patch_ucx.py", line 337, in write
    await self.ep.send(each_frame)
  File "/opt/conda/envs/gdf/lib/python3.10/site-packages/ucp/core.py", line 673, in send
    return await comm.tag_send(self._ep, buffer, nbytes, tag, name=log)
ucp._libs.exceptions.UCXError: <[Send #007] ep: 0x7fd7c423d380, tag: 0xd9d7f7b3905ca34, nbytes: 100000000, type: <class 'cudf.core.buffer.buffer.Buffer'>>: Connection reset by remote peer

During handling of the above exception, another exception occurred:

Traceback (most recent call last):
  File "/opt/conda/envs/gdf/lib/python3.10/site-packages/distributed/worker.py", line 1796, in get_data
    compressed = await comm.write(msg, serializers=serializers)
  File "/opt/conda/envs/gdf/lib/python3.10/site-packages/distributed/utils.py", line 805, in wrapper
    return await func(*args, **kwargs)
  File "/opt/conda/envs/gdf/lib/python3.10/site-packages/rapids_dask_dependency/patches/distributed/comm/__rdd_patch_ucx.py", line 341, in write
    raise CommClosedError("While writing, the connection was closed")
distributed.comm.core.CommClosedError: While writing, the connection was closed
2025-03-03 07:42:41,393 - distributed.worker - ERROR - Worker stream died during communication: ucx://127.0.0.1:35761
Traceback (most recent call last):
  File "/opt/conda/envs/gdf/lib/python3.10/site-packages/rapids_dask_dependency/patches/distributed/comm/__rdd_patch_ucx.py", line 395, in read
    await self.ep.recv(each_frame)
  File "/opt/conda/envs/gdf/lib/python3.10/site-packages/ucp/core.py", line 748, in recv
    ret = await comm.tag_recv(self._ep, buffer, nbytes, tag, name=log)
ucp._libs.exceptions.UCXCanceled: <[Recv #009] ep: 0x7fd7c423d280, tag: 0x66d3d57f53b3c6a4, nbytes: 100000000, type: <class 'rmm.pylibrmm.device_buffer.DeviceBuffer'>>: 

During handling of the above exception, another exception occurred:

Traceback (most recent call last):
  File "/opt/conda/envs/gdf/lib/python3.10/site-packages/distributed/worker.py", line 2075, in gather_dep
    response = await get_data_from_worker(
  File "/opt/conda/envs/gdf/lib/python3.10/site-packages/distributed/worker.py", line 2881, in get_data_from_worker
    response = await send_recv(
  File "/opt/conda/envs/gdf/lib/python3.10/site-packages/distributed/core.py", line 1018, in send_recv
    response = await comm.read(deserializers=deserializers)
  File "/opt/conda/envs/gdf/lib/python3.10/site-packages/distributed/utils.py", line 805, in wrapper
    return await func(*args, **kwargs)
  File "/opt/conda/envs/gdf/lib/python3.10/site-packages/rapids_dask_dependency/patches/distributed/comm/__rdd_patch_ucx.py", line 401, in read
    raise CommClosedError(
distributed.comm.core.CommClosedError: Connection closed by writer.
Inner exception: UCXCanceled("<[Recv #009] ep: 0x7fd7c423d280, tag: 0x66d3d57f53b3c6a4, nbytes: 100000000, type: <class 'rmm.pylibrmm.device_buffer.DeviceBuffer'>>: ")
2025-03-03 07:42:41,401 - distributed.nanny - WARNING - Restarting worker
2025-03-03 07:42:41,405 - distributed.scheduler - WARNING - Removing worker 'ucx://127.0.0.1:50453' caused the cluster to lose already computed task(s), which will be recomputed elsewhere: {('split-taskshuffle-42c82307b2f5928bce72459b455e28a0', 2, 3), ('split-taskshuffle-42c82307b2f5928bce72459b455e28a0', 4, 3), ('split-taskshuffle-42c82307b2f5928bce72459b455e28a0', 5, 3), ('split-taskshuffle-42c82307b2f5928bce72459b455e28a0', 0, 3), ('split-taskshuffle-42c82307b2f5928bce72459b455e28a0', 7, 3), ('split-taskshuffle-42c82307b2f5928bce72459b455e28a0', 3, 3), ('split-taskshuffle-42c82307b2f5928bce72459b455e28a0', 6, 3), ('split-taskshuffle-42c82307b2f5928bce72459b455e28a0', 1, 3)} (stimulus_id='handle-worker-cleanup-1740987761.4052248')
2025-03-03 07:42:41,435 - distributed.nanny - WARNING - Restarting worker
2025-03-03 07:42:41,437 - distributed.worker - ERROR - failed during get data with ucx://127.0.0.1:34767 -> ucx://127.0.0.1:50453
Traceback (most recent call last):
  File "/opt/conda/envs/gdf/lib/python3.10/site-packages/rapids_dask_dependency/patches/distributed/comm/__rdd_patch_ucx.py", line 337, in write
    await self.ep.send(each_frame)
  File "/opt/conda/envs/gdf/lib/python3.10/site-packages/ucp/core.py", line 673, in send
    return await comm.tag_send(self._ep, buffer, nbytes, tag, name=log)
ucp._libs.exceptions.UCXError: <[Send #009] ep: 0x7fd7c423d300, tag: 0xf6c56472c64da200, nbytes: 100000000, type: <class 'cudf.core.buffer.buffer.Buffer'>>: Connection reset by remote peer

During handling of the above exception, another exception occurred:

Traceback (most recent call last):
  File "/opt/conda/envs/gdf/lib/python3.10/site-packages/distributed/worker.py", line 1796, in get_data
    compressed = await comm.write(msg, serializers=serializers)
  File "/opt/conda/envs/gdf/lib/python3.10/site-packages/distributed/utils.py", line 805, in wrapper
    return await func(*args, **kwargs)
  File "/opt/conda/envs/gdf/lib/python3.10/site-packages/rapids_dask_dependency/patches/distributed/comm/__rdd_patch_ucx.py", line 341, in write
    raise CommClosedError("While writing, the connection was closed")
distributed.comm.core.CommClosedError: While writing, the connection was closed
2025-03-03 07:42:41,467 - distributed.worker - ERROR - failed during get data with ucx://127.0.0.1:42615 -> ucx://127.0.0.1:50453
Traceback (most recent call last):
  File "/opt/conda/envs/gdf/lib/python3.10/site-packages/rapids_dask_dependency/patches/distributed/comm/__rdd_patch_ucx.py", line 337, in write
    await self.ep.send(each_frame)
  File "/opt/conda/envs/gdf/lib/python3.10/site-packages/ucp/core.py", line 673, in send
    return await comm.tag_send(self._ep, buffer, nbytes, tag, name=log)
ucp._libs.exceptions.UCXError: <[Send #007] ep: 0x7f7a41627440, tag: 0xdd6a66dd1c7064dc, nbytes: 100000000, type: <class 'cudf.core.buffer.buffer.Buffer'>>: Connection reset by remote peer

During handling of the above exception, another exception occurred:

Traceback (most recent call last):
  File "/opt/conda/envs/gdf/lib/python3.10/site-packages/distributed/worker.py", line 1796, in get_data
    compressed = await comm.write(msg, serializers=serializers)
  File "/opt/conda/envs/gdf/lib/python3.10/site-packages/distributed/utils.py", line 805, in wrapper
    return await func(*args, **kwargs)
  File "/opt/conda/envs/gdf/lib/python3.10/site-packages/rapids_dask_dependency/patches/distributed/comm/__rdd_patch_ucx.py", line 341, in write
    raise CommClosedError("While writing, the connection was closed")
distributed.comm.core.CommClosedError: While writing, the connection was closed
2025-03-03 07:42:41,468 - distributed.worker - ERROR - Worker stream died during communication: ucx://127.0.0.1:50453
Traceback (most recent call last):
  File "/opt/conda/envs/gdf/lib/python3.10/site-packages/rapids_dask_dependency/patches/distributed/comm/__rdd_patch_ucx.py", line 353, in read
    await self.ep.recv(msg)
  File "/opt/conda/envs/gdf/lib/python3.10/site-packages/ucp/core.py", line 748, in recv
    ret = await comm.tag_recv(self._ep, buffer, nbytes, tag, name=log)
ucp._libs.exceptions.UCXCanceled: <[Recv #003] ep: 0x7f7a41627300, tag: 0x61a62b9851b2add9, nbytes: 16, type: <class 'numpy.ndarray'>>: 

During handling of the above exception, another exception occurred:

Traceback (most recent call last):
  File "/opt/conda/envs/gdf/lib/python3.10/site-packages/distributed/worker.py", line 2075, in gather_dep
    response = await get_data_from_worker(
  File "/opt/conda/envs/gdf/lib/python3.10/site-packages/distributed/worker.py", line 2881, in get_data_from_worker
    response = await send_recv(
  File "/opt/conda/envs/gdf/lib/python3.10/site-packages/distributed/core.py", line 1018, in send_recv
    response = await comm.read(deserializers=deserializers)
  File "/opt/conda/envs/gdf/lib/python3.10/site-packages/distributed/utils.py", line 805, in wrapper
    return await func(*args, **kwargs)
  File "/opt/conda/envs/gdf/lib/python3.10/site-packages/rapids_dask_dependency/patches/distributed/comm/__rdd_patch_ucx.py", line 371, in read
    raise CommClosedError(
distributed.comm.core.CommClosedError: Connection closed by writer.
Inner exception: UCXCanceled("<[Recv #003] ep: 0x7f7a41627300, tag: 0x61a62b9851b2add9, nbytes: 16, type: <class 'numpy.ndarray'>>: ")
2025-03-03 07:42:41,526 - distributed.nanny - WARNING - Restarting worker
2025-03-03 07:42:41,533 - distributed.worker - ERROR - Worker stream died during communication: ucx://127.0.0.1:50453
Traceback (most recent call last):
  File "/opt/conda/envs/gdf/lib/python3.10/site-packages/rapids_dask_dependency/patches/distributed/comm/__rdd_patch_ucx.py", line 395, in read
    await self.ep.recv(each_frame)
  File "/opt/conda/envs/gdf/lib/python3.10/site-packages/ucp/core.py", line 748, in recv
    ret = await comm.tag_recv(self._ep, buffer, nbytes, tag, name=log)
ucp._libs.exceptions.UCXCanceled: <[Recv #008] ep: 0x7fd7c423d1c0, tag: 0x97986e4982c5fdbd, nbytes: 100000000, type: <class 'rmm.pylibrmm.device_buffer.DeviceBuffer'>>: 

During handling of the above exception, another exception occurred:

Traceback (most recent call last):
  File "/opt/conda/envs/gdf/lib/python3.10/site-packages/distributed/worker.py", line 2075, in gather_dep
    response = await get_data_from_worker(
  File "/opt/conda/envs/gdf/lib/python3.10/site-packages/distributed/worker.py", line 2881, in get_data_from_worker
    response = await send_recv(
  File "/opt/conda/envs/gdf/lib/python3.10/site-packages/distributed/core.py", line 1018, in send_recv
    response = await comm.read(deserializers=deserializers)
  File "/opt/conda/envs/gdf/lib/python3.10/site-packages/distributed/utils.py", line 805, in wrapper
    return await func(*args, **kwargs)
  File "/opt/conda/envs/gdf/lib/python3.10/site-packages/rapids_dask_dependency/patches/distributed/comm/__rdd_patch_ucx.py", line 401, in read
    raise CommClosedError(
distributed.comm.core.CommClosedError: Connection closed by writer.
Inner exception: UCXCanceled("<[Recv #008] ep: 0x7fd7c423d1c0, tag: 0x97986e4982c5fdbd, nbytes: 100000000, type: <class 'rmm.pylibrmm.device_buffer.DeviceBuffer'>>: ")
2025-03-03 07:42:41,635 - distributed.nanny - WARNING - Restarting worker
2025-03-03 07:42:41,803 - distributed.nanny - WARNING - Restarting worker
2025-03-03 07:42:45,426 - distributed.comm.ucx - ERROR - std::bad_alloc: out_of_memory: CUDA error at: /opt/conda/envs/gdf/include/rmm/mr/device/cuda_memory_resource.hpp
Traceback (most recent call last):
  File "/opt/conda/envs/gdf/lib/python3.10/site-packages/distributed/utils.py", line 805, in wrapper
    return await func(*args, **kwargs)
  File "/opt/conda/envs/gdf/lib/python3.10/site-packages/rapids_dask_dependency/patches/distributed/comm/__rdd_patch_ucx.py", line 376, in read
    frames = [
  File "/opt/conda/envs/gdf/lib/python3.10/site-packages/rapids_dask_dependency/patches/distributed/comm/__rdd_patch_ucx.py", line 377, in <listcomp>
    device_array(each_size) if is_cuda else host_array(each_size)
  File "/opt/conda/envs/gdf/lib/python3.10/site-packages/rapids_dask_dependency/patches/distributed/comm/__rdd_patch_ucx.py", line 170, in device_array
    return rmm.DeviceBuffer(size=n)
  File "device_buffer.pyx", line 102, in rmm.pylibrmm.device_buffer.DeviceBuffer.__cinit__
MemoryError: std::bad_alloc: out_of_memory: CUDA error at: /opt/conda/envs/gdf/include/rmm/mr/device/cuda_memory_resource.hpp
2025-03-03 07:42:45,426 - distributed.worker - ERROR - std::bad_alloc: out_of_memory: CUDA error at: /opt/conda/envs/gdf/include/rmm/mr/device/cuda_memory_resource.hpp
Traceback (most recent call last):
  File "/opt/conda/envs/gdf/lib/python3.10/site-packages/distributed/worker.py", line 2075, in gather_dep
    response = await get_data_from_worker(
  File "/opt/conda/envs/gdf/lib/python3.10/site-packages/distributed/worker.py", line 2881, in get_data_from_worker
    response = await send_recv(
  File "/opt/conda/envs/gdf/lib/python3.10/site-packages/distributed/core.py", line 1018, in send_recv
    response = await comm.read(deserializers=deserializers)
  File "/opt/conda/envs/gdf/lib/python3.10/site-packages/distributed/utils.py", line 805, in wrapper
    return await func(*args, **kwargs)
  File "/opt/conda/envs/gdf/lib/python3.10/site-packages/rapids_dask_dependency/patches/distributed/comm/__rdd_patch_ucx.py", line 376, in read
    frames = [
  File "/opt/conda/envs/gdf/lib/python3.10/site-packages/rapids_dask_dependency/patches/distributed/comm/__rdd_patch_ucx.py", line 377, in <listcomp>
    device_array(each_size) if is_cuda else host_array(each_size)
  File "/opt/conda/envs/gdf/lib/python3.10/site-packages/rapids_dask_dependency/patches/distributed/comm/__rdd_patch_ucx.py", line 170, in device_array
    return rmm.DeviceBuffer(size=n)
  File "device_buffer.pyx", line 102, in rmm.pylibrmm.device_buffer.DeviceBuffer.__cinit__
MemoryError: std::bad_alloc: out_of_memory: CUDA error at: /opt/conda/envs/gdf/include/rmm/mr/device/cuda_memory_resource.hpp
2025-03-03 07:42:45,649 - distributed.worker - ERROR - Compute Failed
Key:       ('getitem-operation-sort_index-42632fb3ff6bbaeb6c3870f6f9681d29', 1)
State:     executing
Task:  <Task ('getitem-operation-sort_index-42632fb3ff6bbaeb6c3870f6f9681d29', 1) _execute_subgraph(...)>
Exception: "MemoryError('std::bad_alloc: out_of_memory: CUDA error at: /opt/conda/envs/gdf/include/rmm/mr/device/cuda_memory_resource.hpp')"
Traceback: '  File "/opt/conda/envs/gdf/lib/python3.10/site-packages/dask/utils.py", line 1226, in __call__\n    return getattr(__obj, self.method)(*args, **kwargs)\n  File "/opt/conda/envs/gdf/lib/python3.10/site-packages/cudf/utils/performance_tracking.py", line 51, in wrapper\n    return func(*args, **kwargs)\n  File "/opt/conda/envs/gdf/lib/python3.10/site-packages/cudf/core/indexed_frame.py", line 2714, in sort_index\n    out = self.copy()\n  File "/opt/conda/envs/gdf/lib/python3.10/site-packages/cudf/core/indexed_frame.py", line 607, in copy\n    self._data.copy(deep=deep),\n  File "/opt/conda/envs/gdf/lib/python3.10/site-packages/cudf/core/column_accessor.py", line 380, in copy\n    data = {k: v.copy(deep=deep) for k, v in self._data.items()}\n  File "/opt/conda/envs/gdf/lib/python3.10/site-packages/cudf/core/column_accessor.py", line 380, in <dictcomp>\n    data = {k: v.copy(deep=deep) for k, v in self._data.items()}\n  File "/opt/conda/envs/gdf/lib/python3.10/site-packages/cudf/core/column/column.py", line 931, in copy\n    self.to_pylibcudf(mode="read").copy()\n  File "column.pyx", line 375, in pylibcudf.column.Column.copy\n  File "column.pyx", line 379, in pylibcudf.column.Column.copy\n'

2025-03-03 07:42:45,660 - distributed.worker - ERROR - Compute Failed
Key:       ('taskshuffle-42c82307b2f5928bce72459b455e28a0', 3)
State:     executing
Task:  <Task ('taskshuffle-42c82307b2f5928bce72459b455e28a0', 3) _concat(...)>
Exception: "MemoryError('std::bad_alloc: out_of_memory: CUDA error at: /opt/conda/envs/gdf/include/rmm/mr/device/cuda_memory_resource.hpp')"
Traceback: '  File "/opt/conda/envs/gdf/lib/python3.10/site-packages/dask/dataframe/core.py", line 52, in _concat\n    else methods.concat(args2, uniform=True, ignore_index=ignore_index)\n  File "/opt/conda/envs/gdf/lib/python3.10/site-packages/dask/dataframe/dispatch.py", line 68, in concat\n    return func(\n  File "/opt/conda/envs/gdf/lib/python3.10/site-packages/cudf/utils/performance_tracking.py", line 51, in wrapper\n    return func(*args, **kwargs)\n  File "/opt/conda/envs/gdf/lib/python3.10/site-packages/dask_cudf/backends.py", line 296, in concat_cudf\n    return cudf.concat(dfs, axis=axis, ignore_index=ignore_index)\n  File "/opt/conda/envs/gdf/lib/python3.10/site-packages/cudf/core/reshape.py", line 519, in concat\n    result = cudf.DataFrame._concat(\n  File "/opt/conda/envs/gdf/lib/python3.10/site-packages/cudf/utils/performance_tracking.py", line 51, in wrapper\n    return func(*args, **kwargs)\n  File "/opt/conda/envs/gdf/lib/python3.10/site-packages/cudf/core/dataframe.py", line 1819, in _concat\n    plc_result = plc.concatenate.concatenate(plc_tables)\n  File "concatenate.pyx", line 17, in pylibcudf.concatenate.concatenate\n  File "concatenate.pyx", line 44, in pylibcudf.concatenate.concatenate\n'

2025-03-03 07:43:10,749 - distributed.worker - ERROR - Worker stream died during communication: ucx://127.0.0.1:53545
Traceback (most recent call last):
  File "/opt/conda/envs/gdf/lib/python3.10/site-packages/rapids_dask_dependency/patches/distributed/comm/__rdd_patch_ucx.py", line 470, in connect
    ep = await ucp.create_endpoint(ip, port)
  File "/opt/conda/envs/gdf/lib/python3.10/site-packages/ucp/core.py", line 1040, in create_endpoint
    return await _get_ctx().create_endpoint(
  File "/opt/conda/envs/gdf/lib/python3.10/site-packages/ucp/core.py", line 337, in create_endpoint
    peer_info = await exchange_peer_info(
  File "/opt/conda/envs/gdf/lib/python3.10/site-packages/ucp/core.py", line 62, in exchange_peer_info
    await asyncio.wait_for(
  File "/opt/conda/envs/gdf/lib/python3.10/asyncio/tasks.py", line 445, in wait_for
    return fut.result()
ucp._libs.exceptions.UCXNotConnected: <stream_recv>: 

During handling of the above exception, another exception occurred:

Traceback (most recent call last):
  File "/opt/conda/envs/gdf/lib/python3.10/site-packages/distributed/comm/core.py", line 342, in connect
    comm = await wait_for(
  File "/opt/conda/envs/gdf/lib/python3.10/site-packages/distributed/utils.py", line 1915, in wait_for
    return await asyncio.wait_for(fut, timeout)
  File "/opt/conda/envs/gdf/lib/python3.10/asyncio/tasks.py", line 445, in wait_for
    return fut.result()
  File "/opt/conda/envs/gdf/lib/python3.10/site-packages/rapids_dask_dependency/patches/distributed/comm/__rdd_patch_ucx.py", line 472, in connect
    raise CommClosedError("Connection closed before handshake completed")
distributed.comm.core.CommClosedError: Connection closed before handshake completed

The above exception was the direct cause of the following exception:

Traceback (most recent call last):
  File "/opt/conda/envs/gdf/lib/python3.10/site-packages/distributed/worker.py", line 2075, in gather_dep
    response = await get_data_from_worker(
  File "/opt/conda/envs/gdf/lib/python3.10/site-packages/distributed/worker.py", line 2878, in get_data_from_worker
    comm = await rpc.connect(worker)
  File "/opt/conda/envs/gdf/lib/python3.10/site-packages/distributed/core.py", line 1539, in connect
    return connect_attempt.result()
  File "/opt/conda/envs/gdf/lib/python3.10/site-packages/distributed/core.py", line 1429, in _connect
    comm = await connect(
  File "/opt/conda/envs/gdf/lib/python3.10/site-packages/distributed/comm/core.py", line 368, in connect
    raise OSError(
OSError: Timed out trying to connect to ucx://127.0.0.1:53545 after 30 s
/opt/conda/envs/gdf/lib/python3.10/multiprocessing/resource_tracker.py:224: UserWarning: resource_tracker: There appear to be 48 leaked semaphore objects to clean up at shutdown
  warnings.warn('resource_tracker: There appear to be %d '
