/opt/conda/envs/gdf/lib/python3.10/site-packages/distributed/node.py:187: UserWarning: Port 8787 is already in use.
Perhaps you already have a cluster running?
Hosting the HTTP server on port 35707 instead
  warnings.warn(
[dgx13:76553:0:76553] Caught signal 11 (Segmentation fault: address not mapped to object at address 0x450)
==== backtrace (tid:  76553) ====
 0  /opt/conda/envs/gdf/lib/libucs.so.0(ucs_handle_error+0x305) [0x7f1ed871d025]
 1  /opt/conda/envs/gdf/lib/libucs.so.0(+0x2f221) [0x7f1ed871d221]
 2  /opt/conda/envs/gdf/lib/libucs.so.0(+0x2f3ea) [0x7f1ed871d3ea]
 3  /usr/lib/x86_64-linux-gnu/libpthread.so.0(+0x14420) [0x7f1f246dc420]
 4  /opt/conda/envs/gdf/lib/libucp.so.0(ucp_mem_type_unpack+0x17) [0x7f1ed87a2197]
 5  /opt/conda/envs/gdf/lib/libucp.so.0(ucp_rndv_data_handler+0x5f5) [0x7f1ed87cd9e5]
 6  /opt/conda/envs/gdf/lib/./libuct.so.0(+0x21dd6) [0x7f1ed86d1dd6]
 7  /opt/conda/envs/gdf/lib/./libuct.so.0(+0x24f48) [0x7f1ed86d4f48]
 8  /opt/conda/envs/gdf/lib/libucs.so.0(ucs_event_set_wait+0xb1) [0x7f1ed8726851]
 9  /opt/conda/envs/gdf/lib/./libuct.so.0(uct_tcp_iface_progress+0x7c) [0x7f1ed86d3fbc]
10  /opt/conda/envs/gdf/lib/libucp.so.0(ucp_worker_progress+0x5a) [0x7f1ed879ed5a]
11  /opt/conda/envs/gdf/lib/python3.10/site-packages/ucp/_libs/ucx_api.cpython-310-x86_64-linux-gnu.so(+0x31dca) [0x7f1ed8862dca]
12  /opt/conda/envs/gdf/bin/python(_PyEval_EvalFrameDefault+0x2c3e) [0x55d5789556de]
13  /opt/conda/envs/gdf/bin/python(_PyFunction_Vectorcall+0x6c) [0x55d578962b7c]
14  /opt/conda/envs/gdf/bin/python(_PyEval_EvalFrameDefault+0x6fd) [0x55d57895319d]
15  /opt/conda/envs/gdf/bin/python(+0x1d62c9) [0x55d5789fd2c9]
16  /opt/conda/envs/gdf/lib/python3.10/lib-dynload/_asyncio.cpython-310-x86_64-linux-gnu.so(+0x7782) [0x7f1f042c5782]
17  /opt/conda/envs/gdf/bin/python(_PyObject_MakeTpCall+0x2d3) [0x55d57895ba03]
18  /opt/conda/envs/gdf/bin/python(+0xf745f) [0x55d57891e45f]
19  /opt/conda/envs/gdf/bin/python(+0x1331b3) [0x55d57895a1b3]
20  /opt/conda/envs/gdf/bin/python(_PyEval_EvalFrameDefault+0x593b) [0x55d5789583db]
21  /opt/conda/envs/gdf/bin/python(_PyFunction_Vectorcall+0x6c) [0x55d578962b7c]
22  /opt/conda/envs/gdf/bin/python(_PyEval_EvalFrameDefault+0x6fd) [0x55d57895319d]
23  /opt/conda/envs/gdf/bin/python(_PyFunction_Vectorcall+0x6c) [0x55d578962b7c]
24  /opt/conda/envs/gdf/bin/python(_PyEval_EvalFrameDefault+0x6fd) [0x55d57895319d]
25  /opt/conda/envs/gdf/bin/python(_PyFunction_Vectorcall+0x6c) [0x55d578962b7c]
26  /opt/conda/envs/gdf/bin/python(_PyEval_EvalFrameDefault+0x6fd) [0x55d57895319d]
27  /opt/conda/envs/gdf/bin/python(_PyFunction_Vectorcall+0x6c) [0x55d578962b7c]
28  /opt/conda/envs/gdf/bin/python(_PyEval_EvalFrameDefault+0x6fd) [0x55d57895319d]
29  /opt/conda/envs/gdf/bin/python(_PyFunction_Vectorcall+0x6c) [0x55d578962b7c]
30  /opt/conda/envs/gdf/bin/python(_PyEval_EvalFrameDefault+0x1341) [0x55d578953de1]
31  /opt/conda/envs/gdf/bin/python(+0x146fb2) [0x55d57896dfb2]
32  /opt/conda/envs/gdf/bin/python(PyObject_Call+0xbc) [0x55d57896e94c]
33  /opt/conda/envs/gdf/bin/python(+0x1ff72d) [0x55d578a2672d]
34  /opt/conda/envs/gdf/bin/python(_PyObject_MakeTpCall+0x2d3) [0x55d57895ba03]
35  /opt/conda/envs/gdf/bin/python(_PyEval_EvalFrameDefault+0x2c3e) [0x55d5789556de]
36  /opt/conda/envs/gdf/bin/python(+0x147108) [0x55d57896e108]
37  /opt/conda/envs/gdf/bin/python(_PyEval_EvalFrameDefault+0x2c3e) [0x55d5789556de]
38  /opt/conda/envs/gdf/bin/python(_PyFunction_Vectorcall+0x6c) [0x55d578962b7c]
39  /opt/conda/envs/gdf/bin/python(_PyEval_EvalFrameDefault+0x6fd) [0x55d57895319d]
40  /opt/conda/envs/gdf/bin/python(_PyFunction_Vectorcall+0x6c) [0x55d578962b7c]
41  /opt/conda/envs/gdf/bin/python(_PyEval_EvalFrameDefault+0x6fd) [0x55d57895319d]
42  /opt/conda/envs/gdf/bin/python(_PyFunction_Vectorcall+0x6c) [0x55d578962b7c]
43  /opt/conda/envs/gdf/bin/python(_PyEval_EvalFrameDefault+0x309) [0x55d578952da9]
44  /opt/conda/envs/gdf/bin/python(_PyFunction_Vectorcall+0x6c) [0x55d578962b7c]
45  /opt/conda/envs/gdf/bin/python(_PyEval_EvalFrameDefault+0x1341) [0x55d578953de1]
46  /opt/conda/envs/gdf/bin/python(+0x1cca8c) [0x55d5789f3a8c]
47  /opt/conda/envs/gdf/bin/python(PyEval_EvalCode+0x87) [0x55d5789f39d7]
48  /opt/conda/envs/gdf/bin/python(+0x1fceba) [0x55d578a23eba]
49  /opt/conda/envs/gdf/bin/python(+0x1f8343) [0x55d578a1f343]
50  /opt/conda/envs/gdf/bin/python(PyRun_StringFlags+0x7d) [0x55d578a17add]
51  /opt/conda/envs/gdf/bin/python(PyRun_SimpleStringFlags+0x3c) [0x55d578a1791c]
52  /opt/conda/envs/gdf/bin/python(Py_RunMain+0x3ba) [0x55d578a16b1a]
53  /opt/conda/envs/gdf/bin/python(Py_BytesMain+0x37) [0x55d5789e7117]
54  /usr/lib/x86_64-linux-gnu/libc.so.6(__libc_start_main+0xf3) [0x7f1f243a0083]
55  /opt/conda/envs/gdf/bin/python(+0x1c002e) [0x55d5789e702e]
=================================
[dgx13:76530:0:76530] Caught signal 11 (Segmentation fault: address not mapped to object at address 0x450)
==== backtrace (tid:  76530) ====
 0  /opt/conda/envs/gdf/lib/libucs.so.0(ucs_handle_error+0x305) [0x7f38a0de0025]
 1  /opt/conda/envs/gdf/lib/libucs.so.0(+0x2f221) [0x7f38a0de0221]
 2  /opt/conda/envs/gdf/lib/libucs.so.0(+0x2f3ea) [0x7f38a0de03ea]
 3  /usr/lib/x86_64-linux-gnu/libpthread.so.0(+0x14420) [0x7f38f0ec9420]
 4  /opt/conda/envs/gdf/lib/libucp.so.0(ucp_mem_type_unpack+0x17) [0x7f38a0e65197]
 5  /opt/conda/envs/gdf/lib/libucp.so.0(ucp_rndv_data_handler+0x5f5) [0x7f38a0e909e5]
 6  /opt/conda/envs/gdf/lib/./libuct.so.0(+0x21dd6) [0x7f38a0d94dd6]
 7  /opt/conda/envs/gdf/lib/./libuct.so.0(+0x24f48) [0x7f38a0d97f48]
 8  /opt/conda/envs/gdf/lib/libucs.so.0(ucs_event_set_wait+0xb1) [0x7f38a0de9851]
 9  /opt/conda/envs/gdf/lib/./libuct.so.0(uct_tcp_iface_progress+0x7c) [0x7f38a0d96fbc]
10  /opt/conda/envs/gdf/lib/libucp.so.0(ucp_worker_progress+0x5a) [0x7f38a0e61d5a]
11  /opt/conda/envs/gdf/lib/python3.10/site-packages/ucp/_libs/ucx_api.cpython-310-x86_64-linux-gnu.so(+0x31dca) [0x7f38a0f25dca]
12  /opt/conda/envs/gdf/bin/python(_PyEval_EvalFrameDefault+0x2c3e) [0x55c77c76e6de]
13  /opt/conda/envs/gdf/bin/python(_PyFunction_Vectorcall+0x6c) [0x55c77c77bb7c]
14  /opt/conda/envs/gdf/bin/python(_PyEval_EvalFrameDefault+0x6fd) [0x55c77c76c19d]
15  /opt/conda/envs/gdf/bin/python(+0x147234) [0x55c77c787234]
16  /opt/conda/envs/gdf/bin/python(+0x252f7c) [0x55c77c892f7c]
17  /opt/conda/envs/gdf/bin/python(+0xf745f) [0x55c77c73745f]
18  /opt/conda/envs/gdf/bin/python(+0x1331b3) [0x55c77c7731b3]
19  /opt/conda/envs/gdf/bin/python(_PyEval_EvalFrameDefault+0x593b) [0x55c77c7713db]
20  /opt/conda/envs/gdf/bin/python(_PyFunction_Vectorcall+0x6c) [0x55c77c77bb7c]
21  /opt/conda/envs/gdf/bin/python(_PyEval_EvalFrameDefault+0x6fd) [0x55c77c76c19d]
22  /opt/conda/envs/gdf/bin/python(_PyFunction_Vectorcall+0x6c) [0x55c77c77bb7c]
23  /opt/conda/envs/gdf/bin/python(_PyEval_EvalFrameDefault+0x6fd) [0x55c77c76c19d]
24  /opt/conda/envs/gdf/bin/python(_PyFunction_Vectorcall+0x6c) [0x55c77c77bb7c]
25  /opt/conda/envs/gdf/bin/python(_PyEval_EvalFrameDefault+0x6fd) [0x55c77c76c19d]
26  /opt/conda/envs/gdf/bin/python(_PyFunction_Vectorcall+0x6c) [0x55c77c77bb7c]
27  /opt/conda/envs/gdf/bin/python(_PyEval_EvalFrameDefault+0x6fd) [0x55c77c76c19d]
28  /opt/conda/envs/gdf/bin/python(_PyFunction_Vectorcall+0x6c) [0x55c77c77bb7c]
29  /opt/conda/envs/gdf/bin/python(_PyEval_EvalFrameDefault+0x1341) [0x55c77c76cde1]
30  /opt/conda/envs/gdf/bin/python(+0x146fb2) [0x55c77c786fb2]
31  /opt/conda/envs/gdf/bin/python(PyObject_Call+0xbc) [0x55c77c78794c]
32  /opt/conda/envs/gdf/bin/python(+0x1ff72d) [0x55c77c83f72d]
33  /opt/conda/envs/gdf/bin/python(_PyObject_MakeTpCall+0x2d3) [0x55c77c774a03]
34  /opt/conda/envs/gdf/bin/python(_PyEval_EvalFrameDefault+0x2c3e) [0x55c77c76e6de]
35  /opt/conda/envs/gdf/bin/python(+0x147108) [0x55c77c787108]
36  /opt/conda/envs/gdf/bin/python(_PyEval_EvalFrameDefault+0x2c3e) [0x55c77c76e6de]
37  /opt/conda/envs/gdf/bin/python(_PyFunction_Vectorcall+0x6c) [0x55c77c77bb7c]
38  /opt/conda/envs/gdf/bin/python(_PyEval_EvalFrameDefault+0x6fd) [0x55c77c76c19d]
39  /opt/conda/envs/gdf/bin/python(_PyFunction_Vectorcall+0x6c) [0x55c77c77bb7c]
40  /opt/conda/envs/gdf/bin/python(_PyEval_EvalFrameDefault+0x6fd) [0x55c77c76c19d]
41  /opt/conda/envs/gdf/bin/python(_PyFunction_Vectorcall+0x6c) [0x55c77c77bb7c]
42  /opt/conda/envs/gdf/bin/python(_PyEval_EvalFrameDefault+0x309) [0x55c77c76bda9]
43  /opt/conda/envs/gdf/bin/python(_PyFunction_Vectorcall+0x6c) [0x55c77c77bb7c]
44  /opt/conda/envs/gdf/bin/python(_PyEval_EvalFrameDefault+0x1341) [0x55c77c76cde1]
45  /opt/conda/envs/gdf/bin/python(+0x1cca8c) [0x55c77c80ca8c]
46  /opt/conda/envs/gdf/bin/python(PyEval_EvalCode+0x87) [0x55c77c80c9d7]
47  /opt/conda/envs/gdf/bin/python(+0x1fceba) [0x55c77c83ceba]
48  /opt/conda/envs/gdf/bin/python(+0x1f8343) [0x55c77c838343]
49  /opt/conda/envs/gdf/bin/python(PyRun_StringFlags+0x7d) [0x55c77c830add]
50  /opt/conda/envs/gdf/bin/python(PyRun_SimpleStringFlags+0x3c) [0x55c77c83091c]
51  /opt/conda/envs/gdf/bin/python(Py_RunMain+0x3ba) [0x55c77c82fb1a]
52  /opt/conda/envs/gdf/bin/python(Py_BytesMain+0x37) [0x55c77c800117]
53  /usr/lib/x86_64-linux-gnu/libc.so.6(__libc_start_main+0xf3) [0x7f38f0b8d083]
54  /opt/conda/envs/gdf/bin/python(+0x1c002e) [0x55c77c80002e]
=================================
[dgx13:76546:0:76546] Caught signal 11 (Segmentation fault: address not mapped to object at address 0x450)
==== backtrace (tid:  76546) ====
 0  /opt/conda/envs/gdf/lib/libucs.so.0(ucs_handle_error+0x305) [0x7f4b03874025]
 1  /opt/conda/envs/gdf/lib/libucs.so.0(+0x2f221) [0x7f4b03874221]
 2  /opt/conda/envs/gdf/lib/libucs.so.0(+0x2f3ea) [0x7f4b038743ea]
 3  /usr/lib/x86_64-linux-gnu/libpthread.so.0(+0x14420) [0x7f4b53938420]
 4  /opt/conda/envs/gdf/lib/libucp.so.0(ucp_mem_type_unpack+0x17) [0x7f4b038f9197]
 5  /opt/conda/envs/gdf/lib/libucp.so.0(ucp_rndv_data_handler+0x5f5) [0x7f4b039249e5]
 6  /opt/conda/envs/gdf/lib/./libuct.so.0(+0x21dd6) [0x7f4b03828dd6]
 7  /opt/conda/envs/gdf/lib/./libuct.so.0(+0x24f48) [0x7f4b0382bf48]
 8  /opt/conda/envs/gdf/lib/libucs.so.0(ucs_event_set_wait+0xb1) [0x7f4b0387d851]
 9  /opt/conda/envs/gdf/lib/./libuct.so.0(uct_tcp_iface_progress+0x7c) [0x7f4b0382afbc]
10  /opt/conda/envs/gdf/lib/libucp.so.0(ucp_worker_progress+0x5a) [0x7f4b038f5d5a]
11  /opt/conda/envs/gdf/lib/python3.10/site-packages/ucp/_libs/ucx_api.cpython-310-x86_64-linux-gnu.so(+0x31dca) [0x7f4b039b9dca]
12  /opt/conda/envs/gdf/bin/python(_PyEval_EvalFrameDefault+0x2c3e) [0x56174197d6de]
13  /opt/conda/envs/gdf/bin/python(_PyFunction_Vectorcall+0x6c) [0x56174198ab7c]
14  /opt/conda/envs/gdf/bin/python(_PyEval_EvalFrameDefault+0x6fd) [0x56174197b19d]
15  /opt/conda/envs/gdf/bin/python(+0x147234) [0x561741996234]
16  /opt/conda/envs/gdf/bin/python(+0x252f7c) [0x561741aa1f7c]
17  /opt/conda/envs/gdf/bin/python(+0xf745f) [0x56174194645f]
18  /opt/conda/envs/gdf/bin/python(+0x1331b3) [0x5617419821b3]
19  /opt/conda/envs/gdf/bin/python(_PyEval_EvalFrameDefault+0x593b) [0x5617419803db]
20  /opt/conda/envs/gdf/bin/python(_PyFunction_Vectorcall+0x6c) [0x56174198ab7c]
21  /opt/conda/envs/gdf/bin/python(_PyEval_EvalFrameDefault+0x6fd) [0x56174197b19d]
22  /opt/conda/envs/gdf/bin/python(_PyFunction_Vectorcall+0x6c) [0x56174198ab7c]
23  /opt/conda/envs/gdf/bin/python(_PyEval_EvalFrameDefault+0x6fd) [0x56174197b19d]
24  /opt/conda/envs/gdf/bin/python(_PyFunction_Vectorcall+0x6c) [0x56174198ab7c]
25  /opt/conda/envs/gdf/bin/python(_PyEval_EvalFrameDefault+0x6fd) [0x56174197b19d]
26  /opt/conda/envs/gdf/bin/python(_PyFunction_Vectorcall+0x6c) [0x56174198ab7c]
27  /opt/conda/envs/gdf/bin/python(_PyEval_EvalFrameDefault+0x6fd) [0x56174197b19d]
28  /opt/conda/envs/gdf/bin/python(_PyFunction_Vectorcall+0x6c) [0x56174198ab7c]
29  /opt/conda/envs/gdf/bin/python(_PyEval_EvalFrameDefault+0x1341) [0x56174197bde1]
30  /opt/conda/envs/gdf/bin/python(+0x146fb2) [0x561741995fb2]
31  /opt/conda/envs/gdf/bin/python(PyObject_Call+0xbc) [0x56174199694c]
32  /opt/conda/envs/gdf/bin/python(+0x1ff72d) [0x561741a4e72d]
33  /opt/conda/envs/gdf/bin/python(_PyObject_MakeTpCall+0x2d3) [0x561741983a03]
34  /opt/conda/envs/gdf/bin/python(_PyEval_EvalFrameDefault+0x2c3e) [0x56174197d6de]
35  /opt/conda/envs/gdf/bin/python(+0x147108) [0x561741996108]
36  /opt/conda/envs/gdf/bin/python(_PyEval_EvalFrameDefault+0x2c3e) [0x56174197d6de]
37  /opt/conda/envs/gdf/bin/python(_PyFunction_Vectorcall+0x6c) [0x56174198ab7c]
38  /opt/conda/envs/gdf/bin/python(_PyEval_EvalFrameDefault+0x6fd) [0x56174197b19d]
39  /opt/conda/envs/gdf/bin/python(_PyFunction_Vectorcall+0x6c) [0x56174198ab7c]
40  /opt/conda/envs/gdf/bin/python(_PyEval_EvalFrameDefault+0x6fd) [0x56174197b19d]
41  /opt/conda/envs/gdf/bin/python(_PyFunction_Vectorcall+0x6c) [0x56174198ab7c]
42  /opt/conda/envs/gdf/bin/python(_PyEval_EvalFrameDefault+0x309) [0x56174197ada9]
43  /opt/conda/envs/gdf/bin/python(_PyFunction_Vectorcall+0x6c) [0x56174198ab7c]
44  /opt/conda/envs/gdf/bin/python(_PyEval_EvalFrameDefault+0x1341) [0x56174197bde1]
45  /opt/conda/envs/gdf/bin/python(+0x1cca8c) [0x561741a1ba8c]
46  /opt/conda/envs/gdf/bin/python(PyEval_EvalCode+0x87) [0x561741a1b9d7]
47  /opt/conda/envs/gdf/bin/python(+0x1fceba) [0x561741a4beba]
48  /opt/conda/envs/gdf/bin/python(+0x1f8343) [0x561741a47343]
49  /opt/conda/envs/gdf/bin/python(PyRun_StringFlags+0x7d) [0x561741a3fadd]
50  /opt/conda/envs/gdf/bin/python(PyRun_SimpleStringFlags+0x3c) [0x561741a3f91c]
51  /opt/conda/envs/gdf/bin/python(Py_RunMain+0x3ba) [0x561741a3eb1a]
52  /opt/conda/envs/gdf/bin/python(Py_BytesMain+0x37) [0x561741a0f117]
53  /usr/lib/x86_64-linux-gnu/libc.so.6(__libc_start_main+0xf3) [0x7f4b535fc083]
54  /opt/conda/envs/gdf/bin/python(+0x1c002e) [0x561741a0f02e]
=================================
[dgx13:76534:0:76534] Caught signal 11 (Segmentation fault: address not mapped to object at address 0x450)
==== backtrace (tid:  76534) ====
 0  /opt/conda/envs/gdf/lib/libucs.so.0(ucs_handle_error+0x305) [0x7fd9249aa025]
 1  /opt/conda/envs/gdf/lib/libucs.so.0(+0x2f221) [0x7fd9249aa221]
 2  /opt/conda/envs/gdf/lib/libucs.so.0(+0x2f3ea) [0x7fd9249aa3ea]
 3  /usr/lib/x86_64-linux-gnu/libpthread.so.0(+0x14420) [0x7fd962a76420]
 4  /opt/conda/envs/gdf/lib/libucp.so.0(ucp_mem_type_unpack+0x17) [0x7fd924a2f197]
 5  /opt/conda/envs/gdf/lib/libucp.so.0(ucp_rndv_data_handler+0x5f5) [0x7fd924a5a9e5]
 6  /opt/conda/envs/gdf/lib/./libuct.so.0(+0x21dd6) [0x7fd92495edd6]
 7  /opt/conda/envs/gdf/lib/./libuct.so.0(+0x24f48) [0x7fd924961f48]
 8  /opt/conda/envs/gdf/lib/libucs.so.0(ucs_event_set_wait+0xb1) [0x7fd9249b3851]
 9  /opt/conda/envs/gdf/lib/./libuct.so.0(uct_tcp_iface_progress+0x7c) [0x7fd924960fbc]
10  /opt/conda/envs/gdf/lib/libucp.so.0(ucp_worker_progress+0x5a) [0x7fd924a2bd5a]
11  /opt/conda/envs/gdf/lib/python3.10/site-packages/ucp/_libs/ucx_api.cpython-310-x86_64-linux-gnu.so(+0x31dca) [0x7fd924aefdca]
12  /opt/conda/envs/gdf/bin/python(_PyEval_EvalFrameDefault+0x2c3e) [0x558a493606de]
13  /opt/conda/envs/gdf/bin/python(_PyFunction_Vectorcall+0x6c) [0x558a4936db7c]
14  /opt/conda/envs/gdf/bin/python(_PyEval_EvalFrameDefault+0x6fd) [0x558a4935e19d]
15  /opt/conda/envs/gdf/bin/python(+0x147234) [0x558a49379234]
16  /opt/conda/envs/gdf/bin/python(+0x252f7c) [0x558a49484f7c]
17  /opt/conda/envs/gdf/bin/python(+0xf745f) [0x558a4932945f]
18  /opt/conda/envs/gdf/bin/python(+0x1331b3) [0x558a493651b3]
19  /opt/conda/envs/gdf/bin/python(_PyEval_EvalFrameDefault+0x593b) [0x558a493633db]
20  /opt/conda/envs/gdf/bin/python(_PyFunction_Vectorcall+0x6c) [0x558a4936db7c]
21  /opt/conda/envs/gdf/bin/python(_PyEval_EvalFrameDefault+0x6fd) [0x558a4935e19d]
22  /opt/conda/envs/gdf/bin/python(_PyFunction_Vectorcall+0x6c) [0x558a4936db7c]
23  /opt/conda/envs/gdf/bin/python(_PyEval_EvalFrameDefault+0x6fd) [0x558a4935e19d]
24  /opt/conda/envs/gdf/bin/python(_PyFunction_Vectorcall+0x6c) [0x558a4936db7c]
25  /opt/conda/envs/gdf/bin/python(_PyEval_EvalFrameDefault+0x6fd) [0x558a4935e19d]
26  /opt/conda/envs/gdf/bin/python(_PyFunction_Vectorcall+0x6c) [0x558a4936db7c]
27  /opt/conda/envs/gdf/bin/python(_PyEval_EvalFrameDefault+0x6fd) [0x558a4935e19d]
28  /opt/conda/envs/gdf/bin/python(_PyFunction_Vectorcall+0x6c) [0x558a4936db7c]
29  /opt/conda/envs/gdf/bin/python(_PyEval_EvalFrameDefault+0x1341) [0x558a4935ede1]
30  /opt/conda/envs/gdf/bin/python(+0x146fb2) [0x558a49378fb2]
31  /opt/conda/envs/gdf/bin/python(PyObject_Call+0xbc) [0x558a4937994c]
32  /opt/conda/envs/gdf/bin/python(+0x1ff72d) [0x558a4943172d]
33  /opt/conda/envs/gdf/bin/python(_PyObject_MakeTpCall+0x2d3) [0x558a49366a03]
34  /opt/conda/envs/gdf/bin/python(_PyEval_EvalFrameDefault+0x2c3e) [0x558a493606de]
35  /opt/conda/envs/gdf/bin/python(+0x147108) [0x558a49379108]
36  /opt/conda/envs/gdf/bin/python(_PyEval_EvalFrameDefault+0x2c3e) [0x558a493606de]
37  /opt/conda/envs/gdf/bin/python(_PyFunction_Vectorcall+0x6c) [0x558a4936db7c]
38  /opt/conda/envs/gdf/bin/python(_PyEval_EvalFrameDefault+0x6fd) [0x558a4935e19d]
39  /opt/conda/envs/gdf/bin/python(_PyFunction_Vectorcall+0x6c) [0x558a4936db7c]
40  /opt/conda/envs/gdf/bin/python(_PyEval_EvalFrameDefault+0x6fd) [0x558a4935e19d]
41  /opt/conda/envs/gdf/bin/python(_PyFunction_Vectorcall+0x6c) [0x558a4936db7c]
42  /opt/conda/envs/gdf/bin/python(_PyEval_EvalFrameDefault+0x309) [0x558a4935dda9]
43  /opt/conda/envs/gdf/bin/python(_PyFunction_Vectorcall+0x6c) [0x558a4936db7c]
44  /opt/conda/envs/gdf/bin/python(_PyEval_EvalFrameDefault+0x1341) [0x558a4935ede1]
45  /opt/conda/envs/gdf/bin/python(+0x1cca8c) [0x558a493fea8c]
46  /opt/conda/envs/gdf/bin/python(PyEval_EvalCode+0x87) [0x558a493fe9d7]
47  /opt/conda/envs/gdf/bin/python(+0x1fceba) [0x558a4942eeba]
48  /opt/conda/envs/gdf/bin/python(+0x1f8343) [0x558a4942a343]
49  /opt/conda/envs/gdf/bin/python(PyRun_StringFlags+0x7d) [0x558a49422add]
50  /opt/conda/envs/gdf/bin/python(PyRun_SimpleStringFlags+0x3c) [0x558a4942291c]
51  /opt/conda/envs/gdf/bin/python(Py_RunMain+0x3ba) [0x558a49421b1a]
52  /opt/conda/envs/gdf/bin/python(Py_BytesMain+0x37) [0x558a493f2117]
53  /usr/lib/x86_64-linux-gnu/libc.so.6(__libc_start_main+0xf3) [0x7fd96273a083]
54  /opt/conda/envs/gdf/bin/python(+0x1c002e) [0x558a493f202e]
=================================
2025-02-07 07:12:17,642 - distributed.worker - ERROR - Worker stream died during communication: ucx://127.0.0.1:39339
Traceback (most recent call last):
  File "/opt/conda/envs/gdf/lib/python3.10/site-packages/rapids_dask_dependency/patches/distributed/comm/__rdd_patch_ucx.py", line 353, in read
    await self.ep.recv(msg)
  File "/opt/conda/envs/gdf/lib/python3.10/site-packages/ucp/core.py", line 748, in recv
    ret = await comm.tag_recv(self._ep, buffer, nbytes, tag, name=log)
ucp._libs.exceptions.UCXCanceled: <[Recv #003] ep: 0x7f3b151e1240, tag: 0xa2adf43e2d563, nbytes: 16, type: <class 'numpy.ndarray'>>: 

During handling of the above exception, another exception occurred:

Traceback (most recent call last):
  File "/opt/conda/envs/gdf/lib/python3.10/site-packages/distributed/worker.py", line 2075, in gather_dep
    response = await get_data_from_worker(
  File "/opt/conda/envs/gdf/lib/python3.10/site-packages/distributed/worker.py", line 2881, in get_data_from_worker
    response = await send_recv(
  File "/opt/conda/envs/gdf/lib/python3.10/site-packages/distributed/core.py", line 1018, in send_recv
    response = await comm.read(deserializers=deserializers)
  File "/opt/conda/envs/gdf/lib/python3.10/site-packages/distributed/utils.py", line 805, in wrapper
    return await func(*args, **kwargs)
  File "/opt/conda/envs/gdf/lib/python3.10/site-packages/rapids_dask_dependency/patches/distributed/comm/__rdd_patch_ucx.py", line 371, in read
    raise CommClosedError(
distributed.comm.core.CommClosedError: Connection closed by writer.
Inner exception: UCXCanceled("<[Recv #003] ep: 0x7f3b151e1240, tag: 0xa2adf43e2d563, nbytes: 16, type: <class 'numpy.ndarray'>>: ")
2025-02-07 07:12:17,643 - distributed.worker - ERROR - failed during get data with ucx://127.0.0.1:48885 -> ucx://127.0.0.1:39339
Traceback (most recent call last):
  File "/opt/conda/envs/gdf/lib/python3.10/site-packages/rapids_dask_dependency/patches/distributed/comm/__rdd_patch_ucx.py", line 337, in write
    await self.ep.send(each_frame)
  File "/opt/conda/envs/gdf/lib/python3.10/site-packages/ucp/core.py", line 673, in send
    return await comm.tag_send(self._ep, buffer, nbytes, tag, name=log)
ucp._libs.exceptions.UCXError: <[Send #007] ep: 0x7f3b151e1100, tag: 0xa1e050fae1ab6837, nbytes: 100000000, type: <class 'cudf.core.buffer.buffer.Buffer'>>: Connection reset by remote peer

During handling of the above exception, another exception occurred:

Traceback (most recent call last):
  File "/opt/conda/envs/gdf/lib/python3.10/site-packages/distributed/worker.py", line 1796, in get_data
    compressed = await comm.write(msg, serializers=serializers)
  File "/opt/conda/envs/gdf/lib/python3.10/site-packages/distributed/utils.py", line 805, in wrapper
    return await func(*args, **kwargs)
  File "/opt/conda/envs/gdf/lib/python3.10/site-packages/rapids_dask_dependency/patches/distributed/comm/__rdd_patch_ucx.py", line 341, in write
    raise CommClosedError("While writing, the connection was closed")
distributed.comm.core.CommClosedError: While writing, the connection was closed
2025-02-07 07:12:17,644 - distributed.scheduler - WARNING - Removing worker 'ucx://127.0.0.1:39339' caused the cluster to lose already computed task(s), which will be recomputed elsewhere: {('split-taskshuffle-42c82307b2f5928bce72459b455e28a0', 4, 1), ('split-taskshuffle-42c82307b2f5928bce72459b455e28a0', 5, 1), ('split-taskshuffle-42c82307b2f5928bce72459b455e28a0', 0, 1), ('split-taskshuffle-42c82307b2f5928bce72459b455e28a0', 6, 1), ('split-taskshuffle-42c82307b2f5928bce72459b455e28a0', 1, 1), ('split-taskshuffle-42c82307b2f5928bce72459b455e28a0', 7, 1), ('split-taskshuffle-42c82307b2f5928bce72459b455e28a0', 2, 1), ('split-taskshuffle-42c82307b2f5928bce72459b455e28a0', 3, 1), ('generate_chunk-_to_string_dtype-a0180b72cbed01de5a9fb7d9b0e1ee1a', 6)} (stimulus_id='handle-worker-cleanup-1738912337.6441019')
Task exception was never retrieved
future: <Task finished name='Task-491' coro=<_listener_handler_coroutine() done, defined at /opt/conda/envs/gdf/lib/python3.10/site-packages/ucp/core.py:142> exception=UCXError('<stream_send>: Connection reset by remote peer')>
Traceback (most recent call last):
  File "/opt/conda/envs/gdf/lib/python3.10/site-packages/ucp/core.py", line 157, in _listener_handler_coroutine
    peer_info = await exchange_peer_info(
  File "/opt/conda/envs/gdf/lib/python3.10/site-packages/ucp/core.py", line 53, in exchange_peer_info
    await asyncio.wait_for(
  File "/opt/conda/envs/gdf/lib/python3.10/asyncio/tasks.py", line 445, in wait_for
    return fut.result()
ucp._libs.exceptions.UCXError: <stream_send>: Connection reset by remote peer
Task exception was never retrieved
future: <Task finished name='Task-455' coro=<_listener_handler_coroutine() done, defined at /opt/conda/envs/gdf/lib/python3.10/site-packages/ucp/core.py:142> exception=UCXError('<stream_send>: Connection reset by remote peer')>
Traceback (most recent call last):
  File "/opt/conda/envs/gdf/lib/python3.10/site-packages/ucp/core.py", line 157, in _listener_handler_coroutine
    peer_info = await exchange_peer_info(
  File "/opt/conda/envs/gdf/lib/python3.10/site-packages/ucp/core.py", line 53, in exchange_peer_info
    await asyncio.wait_for(
  File "/opt/conda/envs/gdf/lib/python3.10/asyncio/tasks.py", line 445, in wait_for
    return fut.result()
ucp._libs.exceptions.UCXError: <stream_send>: Connection reset by remote peer
2025-02-07 07:12:17,654 - distributed.worker - ERROR - Worker stream died during communication: ucx://127.0.0.1:39339
Traceback (most recent call last):
  File "/opt/conda/envs/gdf/lib/python3.10/site-packages/rapids_dask_dependency/patches/distributed/comm/__rdd_patch_ucx.py", line 470, in connect
    ep = await ucp.create_endpoint(ip, port)
  File "/opt/conda/envs/gdf/lib/python3.10/site-packages/ucp/core.py", line 1040, in create_endpoint
    return await _get_ctx().create_endpoint(
  File "/opt/conda/envs/gdf/lib/python3.10/site-packages/ucp/core.py", line 337, in create_endpoint
    peer_info = await exchange_peer_info(
  File "/opt/conda/envs/gdf/lib/python3.10/site-packages/ucp/core.py", line 62, in exchange_peer_info
    await asyncio.wait_for(
  File "/opt/conda/envs/gdf/lib/python3.10/asyncio/tasks.py", line 445, in wait_for
    return fut.result()
ucp._libs.exceptions.UCXError: <stream_recv>: Connection reset by remote peer

During handling of the above exception, another exception occurred:

Traceback (most recent call last):
  File "/opt/conda/envs/gdf/lib/python3.10/site-packages/distributed/comm/core.py", line 342, in connect
    comm = await wait_for(
  File "/opt/conda/envs/gdf/lib/python3.10/site-packages/distributed/utils.py", line 1915, in wait_for
    return await asyncio.wait_for(fut, timeout)
  File "/opt/conda/envs/gdf/lib/python3.10/asyncio/tasks.py", line 445, in wait_for
    return fut.result()
  File "/opt/conda/envs/gdf/lib/python3.10/site-packages/rapids_dask_dependency/patches/distributed/comm/__rdd_patch_ucx.py", line 472, in connect
    raise CommClosedError("Connection closed before handshake completed")
distributed.comm.core.CommClosedError: Connection closed before handshake completed

During handling of the above exception, another exception occurred:

Traceback (most recent call last):
  File "/opt/conda/envs/gdf/lib/python3.10/site-packages/distributed/core.py", line 1429, in _connect
    comm = await connect(
  File "/opt/conda/envs/gdf/lib/python3.10/site-packages/distributed/comm/core.py", line 366, in connect
    await asyncio.sleep(backoff)
  File "/opt/conda/envs/gdf/lib/python3.10/asyncio/tasks.py", line 605, in sleep
    return await future
asyncio.exceptions.CancelledError

During handling of the above exception, another exception occurred:

Traceback (most recent call last):
  File "/opt/conda/envs/gdf/lib/python3.10/site-packages/distributed/core.py", line 1539, in connect
    return connect_attempt.result()
asyncio.exceptions.CancelledError

During handling of the above exception, another exception occurred:

Traceback (most recent call last):
  File "/opt/conda/envs/gdf/lib/python3.10/site-packages/distributed/worker.py", line 2075, in gather_dep
    response = await get_data_from_worker(
  File "/opt/conda/envs/gdf/lib/python3.10/site-packages/distributed/worker.py", line 2878, in get_data_from_worker
    comm = await rpc.connect(worker)
  File "/opt/conda/envs/gdf/lib/python3.10/site-packages/distributed/core.py", line 1542, in connect
    raise CommClosedError(reason)
distributed.comm.core.CommClosedError: Address removed.
2025-02-07 07:12:17,654 - distributed.worker - ERROR - Worker stream died during communication: ucx://127.0.0.1:39339
Traceback (most recent call last):
  File "/opt/conda/envs/gdf/lib/python3.10/site-packages/rapids_dask_dependency/patches/distributed/comm/__rdd_patch_ucx.py", line 470, in connect
    ep = await ucp.create_endpoint(ip, port)
  File "/opt/conda/envs/gdf/lib/python3.10/site-packages/ucp/core.py", line 1040, in create_endpoint
    return await _get_ctx().create_endpoint(
  File "/opt/conda/envs/gdf/lib/python3.10/site-packages/ucp/core.py", line 337, in create_endpoint
    peer_info = await exchange_peer_info(
  File "/opt/conda/envs/gdf/lib/python3.10/site-packages/ucp/core.py", line 62, in exchange_peer_info
    await asyncio.wait_for(
  File "/opt/conda/envs/gdf/lib/python3.10/asyncio/tasks.py", line 445, in wait_for
    return fut.result()
ucp._libs.exceptions.UCXNotConnected: <stream_recv>: 

During handling of the above exception, another exception occurred:

Traceback (most recent call last):
  File "/opt/conda/envs/gdf/lib/python3.10/site-packages/distributed/comm/core.py", line 342, in connect
    comm = await wait_for(
  File "/opt/conda/envs/gdf/lib/python3.10/site-packages/distributed/utils.py", line 1915, in wait_for
    return await asyncio.wait_for(fut, timeout)
  File "/opt/conda/envs/gdf/lib/python3.10/asyncio/tasks.py", line 445, in wait_for
    return fut.result()
  File "/opt/conda/envs/gdf/lib/python3.10/site-packages/rapids_dask_dependency/patches/distributed/comm/__rdd_patch_ucx.py", line 472, in connect
    raise CommClosedError("Connection closed before handshake completed")
distributed.comm.core.CommClosedError: Connection closed before handshake completed

During handling of the above exception, another exception occurred:

Traceback (most recent call last):
  File "/opt/conda/envs/gdf/lib/python3.10/site-packages/distributed/core.py", line 1429, in _connect
    comm = await connect(
  File "/opt/conda/envs/gdf/lib/python3.10/site-packages/distributed/comm/core.py", line 366, in connect
    await asyncio.sleep(backoff)
  File "/opt/conda/envs/gdf/lib/python3.10/asyncio/tasks.py", line 605, in sleep
    return await future
asyncio.exceptions.CancelledError

During handling of the above exception, another exception occurred:

Traceback (most recent call last):
  File "/opt/conda/envs/gdf/lib/python3.10/site-packages/distributed/core.py", line 1539, in connect
    return connect_attempt.result()
asyncio.exceptions.CancelledError

During handling of the above exception, another exception occurred:

Traceback (most recent call last):
  File "/opt/conda/envs/gdf/lib/python3.10/site-packages/distributed/worker.py", line 2075, in gather_dep
    response = await get_data_from_worker(
  File "/opt/conda/envs/gdf/lib/python3.10/site-packages/distributed/worker.py", line 2878, in get_data_from_worker
    comm = await rpc.connect(worker)
  File "/opt/conda/envs/gdf/lib/python3.10/site-packages/distributed/core.py", line 1542, in connect
    raise CommClosedError(reason)
distributed.comm.core.CommClosedError: Address removed.
Task exception was never retrieved
future: <Task finished name='Task-452' coro=<_listener_handler_coroutine() done, defined at /opt/conda/envs/gdf/lib/python3.10/site-packages/ucp/core.py:142> exception=UCXError('<stream_recv>: Connection reset by remote peer')>
Traceback (most recent call last):
  File "/opt/conda/envs/gdf/lib/python3.10/site-packages/ucp/core.py", line 157, in _listener_handler_coroutine
    peer_info = await exchange_peer_info(
  File "/opt/conda/envs/gdf/lib/python3.10/site-packages/ucp/core.py", line 57, in exchange_peer_info
    await asyncio.wait_for(
  File "/opt/conda/envs/gdf/lib/python3.10/asyncio/tasks.py", line 445, in wait_for
    return fut.result()
ucp._libs.exceptions.UCXError: <stream_recv>: Connection reset by remote peer
Task exception was never retrieved
future: <Task finished name='Task-488' coro=<_listener_handler_coroutine() done, defined at /opt/conda/envs/gdf/lib/python3.10/site-packages/ucp/core.py:142> exception=UCXError('<stream_recv>: Connection reset by remote peer')>
Traceback (most recent call last):
  File "/opt/conda/envs/gdf/lib/python3.10/site-packages/ucp/core.py", line 157, in _listener_handler_coroutine
    peer_info = await exchange_peer_info(
  File "/opt/conda/envs/gdf/lib/python3.10/site-packages/ucp/core.py", line 57, in exchange_peer_info
    await asyncio.wait_for(
  File "/opt/conda/envs/gdf/lib/python3.10/asyncio/tasks.py", line 445, in wait_for
    return fut.result()
ucp._libs.exceptions.UCXError: <stream_recv>: Connection reset by remote peer
2025-02-07 07:12:17,684 - distributed.scheduler - WARNING - Removing worker 'ucx://127.0.0.1:54049' caused the cluster to lose already computed task(s), which will be recomputed elsewhere: {('split-taskshuffle-42c82307b2f5928bce72459b455e28a0', 4, 4), ('split-taskshuffle-42c82307b2f5928bce72459b455e28a0', 5, 4), ('split-taskshuffle-42c82307b2f5928bce72459b455e28a0', 0, 4), ('split-taskshuffle-42c82307b2f5928bce72459b455e28a0', 6, 4), ('split-taskshuffle-42c82307b2f5928bce72459b455e28a0', 1, 4), ('split-taskshuffle-42c82307b2f5928bce72459b455e28a0', 7, 4), ('split-taskshuffle-42c82307b2f5928bce72459b455e28a0', 2, 4), ('split-taskshuffle-42c82307b2f5928bce72459b455e28a0', 3, 4), ('generate_chunk-_to_string_dtype-a0180b72cbed01de5a9fb7d9b0e1ee1a', 0)} (stimulus_id='handle-worker-cleanup-1738912337.6844938')
2025-02-07 07:12:17,684 - distributed.worker - ERROR - Worker stream died during communication: ucx://127.0.0.1:54049
Traceback (most recent call last):
  File "/opt/conda/envs/gdf/lib/python3.10/site-packages/rapids_dask_dependency/patches/distributed/comm/__rdd_patch_ucx.py", line 353, in read
    await self.ep.recv(msg)
  File "/opt/conda/envs/gdf/lib/python3.10/site-packages/ucp/core.py", line 748, in recv
    ret = await comm.tag_recv(self._ep, buffer, nbytes, tag, name=log)
ucp._libs.exceptions.UCXCanceled: <[Recv #000] ep: 0x7f88426d6140, tag: 0xf025d42449f3c0ca, nbytes: 16, type: <class 'numpy.ndarray'>>: 

During handling of the above exception, another exception occurred:

Traceback (most recent call last):
  File "/opt/conda/envs/gdf/lib/python3.10/site-packages/distributed/worker.py", line 2075, in gather_dep
    response = await get_data_from_worker(
  File "/opt/conda/envs/gdf/lib/python3.10/site-packages/distributed/worker.py", line 2878, in get_data_from_worker
    comm = await rpc.connect(worker)
  File "/opt/conda/envs/gdf/lib/python3.10/site-packages/distributed/core.py", line 1539, in connect
    return connect_attempt.result()
  File "/opt/conda/envs/gdf/lib/python3.10/site-packages/distributed/core.py", line 1429, in _connect
    comm = await connect(
  File "/opt/conda/envs/gdf/lib/python3.10/site-packages/distributed/comm/core.py", line 377, in connect
    handshake = await comm.read()
  File "/opt/conda/envs/gdf/lib/python3.10/site-packages/distributed/utils.py", line 805, in wrapper
    return await func(*args, **kwargs)
  File "/opt/conda/envs/gdf/lib/python3.10/site-packages/rapids_dask_dependency/patches/distributed/comm/__rdd_patch_ucx.py", line 371, in read
    raise CommClosedError(
distributed.comm.core.CommClosedError: Connection closed by writer.
Inner exception: UCXCanceled("<[Recv #000] ep: 0x7f88426d6140, tag: 0xf025d42449f3c0ca, nbytes: 16, type: <class 'numpy.ndarray'>>: ")
2025-02-07 07:12:17,693 - distributed.worker - ERROR - Worker stream died during communication: ucx://127.0.0.1:54049
Traceback (most recent call last):
  File "/opt/conda/envs/gdf/lib/python3.10/site-packages/rapids_dask_dependency/patches/distributed/comm/__rdd_patch_ucx.py", line 470, in connect
    ep = await ucp.create_endpoint(ip, port)
  File "/opt/conda/envs/gdf/lib/python3.10/site-packages/ucp/core.py", line 1040, in create_endpoint
    return await _get_ctx().create_endpoint(
  File "/opt/conda/envs/gdf/lib/python3.10/site-packages/ucp/core.py", line 337, in create_endpoint
    peer_info = await exchange_peer_info(
  File "/opt/conda/envs/gdf/lib/python3.10/site-packages/ucp/core.py", line 62, in exchange_peer_info
    await asyncio.wait_for(
  File "/opt/conda/envs/gdf/lib/python3.10/asyncio/tasks.py", line 445, in wait_for
    return fut.result()
ucp._libs.exceptions.UCXNotConnected: <stream_recv>: 

During handling of the above exception, another exception occurred:

Traceback (most recent call last):
  File "/opt/conda/envs/gdf/lib/python3.10/site-packages/distributed/comm/core.py", line 342, in connect
    comm = await wait_for(
  File "/opt/conda/envs/gdf/lib/python3.10/site-packages/distributed/utils.py", line 1915, in wait_for
    return await asyncio.wait_for(fut, timeout)
  File "/opt/conda/envs/gdf/lib/python3.10/asyncio/tasks.py", line 445, in wait_for
    return fut.result()
  File "/opt/conda/envs/gdf/lib/python3.10/site-packages/rapids_dask_dependency/patches/distributed/comm/__rdd_patch_ucx.py", line 472, in connect
    raise CommClosedError("Connection closed before handshake completed")
distributed.comm.core.CommClosedError: Connection closed before handshake completed

During handling of the above exception, another exception occurred:

Traceback (most recent call last):
  File "/opt/conda/envs/gdf/lib/python3.10/site-packages/distributed/core.py", line 1429, in _connect
    comm = await connect(
  File "/opt/conda/envs/gdf/lib/python3.10/site-packages/distributed/comm/core.py", line 366, in connect
    await asyncio.sleep(backoff)
  File "/opt/conda/envs/gdf/lib/python3.10/asyncio/tasks.py", line 605, in sleep
    return await future
asyncio.exceptions.CancelledError

During handling of the above exception, another exception occurred:

Traceback (most recent call last):
  File "/opt/conda/envs/gdf/lib/python3.10/site-packages/distributed/core.py", line 1539, in connect
    return connect_attempt.result()
asyncio.exceptions.CancelledError

During handling of the above exception, another exception occurred:

Traceback (most recent call last):
  File "/opt/conda/envs/gdf/lib/python3.10/site-packages/distributed/worker.py", line 2075, in gather_dep
    response = await get_data_from_worker(
  File "/opt/conda/envs/gdf/lib/python3.10/site-packages/distributed/worker.py", line 2878, in get_data_from_worker
    comm = await rpc.connect(worker)
  File "/opt/conda/envs/gdf/lib/python3.10/site-packages/distributed/core.py", line 1542, in connect
    raise CommClosedError(reason)
distributed.comm.core.CommClosedError: Address removed.
2025-02-07 07:12:17,763 - distributed.nanny - WARNING - Restarting worker
2025-02-07 07:12:17,772 - distributed.worker - ERROR - failed during get data with ucx://127.0.0.1:48885 -> ucx://127.0.0.1:54049
Traceback (most recent call last):
  File "/opt/conda/envs/gdf/lib/python3.10/site-packages/rapids_dask_dependency/patches/distributed/comm/__rdd_patch_ucx.py", line 337, in write
    await self.ep.send(each_frame)
  File "/opt/conda/envs/gdf/lib/python3.10/site-packages/ucp/core.py", line 673, in send
    return await comm.tag_send(self._ep, buffer, nbytes, tag, name=log)
ucp._libs.exceptions.UCXError: <[Send #007] ep: 0x7f3b151e1440, tag: 0xa42ddfdb575186f1, nbytes: 100000000, type: <class 'cudf.core.buffer.buffer.Buffer'>>: Connection reset by remote peer

During handling of the above exception, another exception occurred:

Traceback (most recent call last):
  File "/opt/conda/envs/gdf/lib/python3.10/site-packages/distributed/worker.py", line 1796, in get_data
    compressed = await comm.write(msg, serializers=serializers)
  File "/opt/conda/envs/gdf/lib/python3.10/site-packages/distributed/utils.py", line 805, in wrapper
    return await func(*args, **kwargs)
  File "/opt/conda/envs/gdf/lib/python3.10/site-packages/rapids_dask_dependency/patches/distributed/comm/__rdd_patch_ucx.py", line 341, in write
    raise CommClosedError("While writing, the connection was closed")
distributed.comm.core.CommClosedError: While writing, the connection was closed
2025-02-07 07:12:17,773 - distributed.worker - ERROR - Worker stream died during communication: ucx://127.0.0.1:54049
Traceback (most recent call last):
  File "/opt/conda/envs/gdf/lib/python3.10/site-packages/rapids_dask_dependency/patches/distributed/comm/__rdd_patch_ucx.py", line 395, in read
    await self.ep.recv(each_frame)
  File "/opt/conda/envs/gdf/lib/python3.10/site-packages/ucp/core.py", line 748, in recv
    ret = await comm.tag_recv(self._ep, buffer, nbytes, tag, name=log)
ucp._libs.exceptions.UCXError: <[Recv #007] ep: 0x7f3b151e11c0, tag: 0xc0cd7ef56af82563, nbytes: 100000000, type: <class 'rmm.pylibrmm.device_buffer.DeviceBuffer'>>: Connection reset by remote peer

During handling of the above exception, another exception occurred:

Traceback (most recent call last):
  File "/opt/conda/envs/gdf/lib/python3.10/site-packages/distributed/worker.py", line 2075, in gather_dep
    response = await get_data_from_worker(
  File "/opt/conda/envs/gdf/lib/python3.10/site-packages/distributed/worker.py", line 2881, in get_data_from_worker
    response = await send_recv(
  File "/opt/conda/envs/gdf/lib/python3.10/site-packages/distributed/core.py", line 1018, in send_recv
    response = await comm.read(deserializers=deserializers)
  File "/opt/conda/envs/gdf/lib/python3.10/site-packages/distributed/utils.py", line 805, in wrapper
    return await func(*args, **kwargs)
  File "/opt/conda/envs/gdf/lib/python3.10/site-packages/rapids_dask_dependency/patches/distributed/comm/__rdd_patch_ucx.py", line 401, in read
    raise CommClosedError(
distributed.comm.core.CommClosedError: Connection closed by writer.
Inner exception: UCXError("<[Recv #007] ep: 0x7f3b151e11c0, tag: 0xc0cd7ef56af82563, nbytes: 100000000, type: <class 'rmm.pylibrmm.device_buffer.DeviceBuffer'>>: Connection reset by remote peer")
Task exception was never retrieved
future: <Task finished name='Task-466' coro=<_listener_handler_coroutine() done, defined at /opt/conda/envs/gdf/lib/python3.10/site-packages/ucp/core.py:142> exception=UCXError('<stream_send>: Connection reset by remote peer')>
Traceback (most recent call last):
  File "/opt/conda/envs/gdf/lib/python3.10/site-packages/ucp/core.py", line 157, in _listener_handler_coroutine
    peer_info = await exchange_peer_info(
  File "/opt/conda/envs/gdf/lib/python3.10/site-packages/ucp/core.py", line 53, in exchange_peer_info
    await asyncio.wait_for(
  File "/opt/conda/envs/gdf/lib/python3.10/asyncio/tasks.py", line 445, in wait_for
    return fut.result()
ucp._libs.exceptions.UCXError: <stream_send>: Connection reset by remote peer
2025-02-07 07:12:17,826 - distributed.worker - ERROR - Worker stream died during communication: ucx://127.0.0.1:54049
Traceback (most recent call last):
  File "/opt/conda/envs/gdf/lib/python3.10/site-packages/distributed/core.py", line 1429, in _connect
    comm = await connect(
  File "/opt/conda/envs/gdf/lib/python3.10/site-packages/distributed/comm/core.py", line 342, in connect
    comm = await wait_for(
  File "/opt/conda/envs/gdf/lib/python3.10/site-packages/distributed/utils.py", line 1915, in wait_for
    return await asyncio.wait_for(fut, timeout)
  File "/opt/conda/envs/gdf/lib/python3.10/asyncio/tasks.py", line 432, in wait_for
    await waiter
asyncio.exceptions.CancelledError

During handling of the above exception, another exception occurred:

Traceback (most recent call last):
  File "/opt/conda/envs/gdf/lib/python3.10/site-packages/distributed/core.py", line 1539, in connect
    return connect_attempt.result()
asyncio.exceptions.CancelledError

During handling of the above exception, another exception occurred:

Traceback (most recent call last):
  File "/opt/conda/envs/gdf/lib/python3.10/site-packages/distributed/worker.py", line 2075, in gather_dep
    response = await get_data_from_worker(
  File "/opt/conda/envs/gdf/lib/python3.10/site-packages/distributed/worker.py", line 2878, in get_data_from_worker
    comm = await rpc.connect(worker)
  File "/opt/conda/envs/gdf/lib/python3.10/site-packages/distributed/core.py", line 1542, in connect
    raise CommClosedError(reason)
distributed.comm.core.CommClosedError: Address removed.
2025-02-07 07:12:17,830 - distributed.scheduler - WARNING - Removing worker 'ucx://127.0.0.1:46285' caused the cluster to lose already computed task(s), which will be recomputed elsewhere: {('split-taskshuffle-42c82307b2f5928bce72459b455e28a0', 7, 2), ('split-taskshuffle-42c82307b2f5928bce72459b455e28a0', 2, 2), ('generate_chunk-_to_string_dtype-a0180b72cbed01de5a9fb7d9b0e1ee1a', 2), ('split-taskshuffle-42c82307b2f5928bce72459b455e28a0', 3, 2), ('split-taskshuffle-42c82307b2f5928bce72459b455e28a0', 4, 2), ('split-taskshuffle-42c82307b2f5928bce72459b455e28a0', 5, 2), ('split-taskshuffle-42c82307b2f5928bce72459b455e28a0', 0, 2), ('split-taskshuffle-42c82307b2f5928bce72459b455e28a0', 6, 2), ('split-taskshuffle-42c82307b2f5928bce72459b455e28a0', 1, 2)} (stimulus_id='handle-worker-cleanup-1738912337.8301454')
2025-02-07 07:12:17,831 - distributed.scheduler - WARNING - Removing worker 'ucx://127.0.0.1:35741' caused the cluster to lose already computed task(s), which will be recomputed elsewhere: {('split-taskshuffle-42c82307b2f5928bce72459b455e28a0', 4, 7), ('split-taskshuffle-42c82307b2f5928bce72459b455e28a0', 5, 7), ('split-taskshuffle-42c82307b2f5928bce72459b455e28a0', 0, 7), ('split-taskshuffle-42c82307b2f5928bce72459b455e28a0', 6, 7), ('split-taskshuffle-42c82307b2f5928bce72459b455e28a0', 1, 7), ('split-taskshuffle-42c82307b2f5928bce72459b455e28a0', 7, 7), ('split-taskshuffle-42c82307b2f5928bce72459b455e28a0', 2, 7), ('generate_chunk-_to_string_dtype-a0180b72cbed01de5a9fb7d9b0e1ee1a', 7), ('split-taskshuffle-42c82307b2f5928bce72459b455e28a0', 3, 7)} (stimulus_id='handle-worker-cleanup-1738912337.831574')
2025-02-07 07:12:17,858 - distributed.worker - ERROR - Worker stream died during communication: ucx://127.0.0.1:35741
Traceback (most recent call last):
  File "/opt/conda/envs/gdf/lib/python3.10/site-packages/rapids_dask_dependency/patches/distributed/comm/__rdd_patch_ucx.py", line 395, in read
    await self.ep.recv(each_frame)
  File "/opt/conda/envs/gdf/lib/python3.10/site-packages/ucp/core.py", line 748, in recv
    ret = await comm.tag_recv(self._ep, buffer, nbytes, tag, name=log)
ucp._libs.exceptions.UCXError: <[Recv #007] ep: 0x7f88426d6100, tag: 0x168602b5c877287c, nbytes: 100000000, type: <class 'rmm.pylibrmm.device_buffer.DeviceBuffer'>>: Connection reset by remote peer

During handling of the above exception, another exception occurred:

Traceback (most recent call last):
  File "/opt/conda/envs/gdf/lib/python3.10/site-packages/distributed/worker.py", line 2075, in gather_dep
    response = await get_data_from_worker(
  File "/opt/conda/envs/gdf/lib/python3.10/site-packages/distributed/worker.py", line 2881, in get_data_from_worker
    response = await send_recv(
  File "/opt/conda/envs/gdf/lib/python3.10/site-packages/distributed/core.py", line 1018, in send_recv
    response = await comm.read(deserializers=deserializers)
  File "/opt/conda/envs/gdf/lib/python3.10/site-packages/distributed/utils.py", line 805, in wrapper
    return await func(*args, **kwargs)
  File "/opt/conda/envs/gdf/lib/python3.10/site-packages/rapids_dask_dependency/patches/distributed/comm/__rdd_patch_ucx.py", line 401, in read
    raise CommClosedError(
distributed.comm.core.CommClosedError: Connection closed by writer.
Inner exception: UCXError("<[Recv #007] ep: 0x7f88426d6100, tag: 0x168602b5c877287c, nbytes: 100000000, type: <class 'rmm.pylibrmm.device_buffer.DeviceBuffer'>>: Connection reset by remote peer")
2025-02-07 07:12:17,861 - distributed.nanny - WARNING - Restarting worker
2025-02-07 07:12:17,861 - distributed.worker - ERROR - Worker stream died during communication: ucx://127.0.0.1:46285
Traceback (most recent call last):
  File "/opt/conda/envs/gdf/lib/python3.10/site-packages/rapids_dask_dependency/patches/distributed/comm/__rdd_patch_ucx.py", line 353, in read
    await self.ep.recv(msg)
  File "/opt/conda/envs/gdf/lib/python3.10/site-packages/ucp/core.py", line 748, in recv
    ret = await comm.tag_recv(self._ep, buffer, nbytes, tag, name=log)
asyncio.exceptions.CancelledError

During handling of the above exception, another exception occurred:

Traceback (most recent call last):
  File "/opt/conda/envs/gdf/lib/python3.10/site-packages/distributed/worker.py", line 2075, in gather_dep
    response = await get_data_from_worker(
  File "/opt/conda/envs/gdf/lib/python3.10/site-packages/distributed/worker.py", line 2878, in get_data_from_worker
    comm = await rpc.connect(worker)
  File "/opt/conda/envs/gdf/lib/python3.10/site-packages/distributed/core.py", line 1539, in connect
    return connect_attempt.result()
  File "/opt/conda/envs/gdf/lib/python3.10/site-packages/distributed/core.py", line 1429, in _connect
    comm = await connect(
  File "/opt/conda/envs/gdf/lib/python3.10/site-packages/distributed/comm/core.py", line 377, in connect
    handshake = await comm.read()
  File "/opt/conda/envs/gdf/lib/python3.10/site-packages/distributed/utils.py", line 805, in wrapper
    return await func(*args, **kwargs)
  File "/opt/conda/envs/gdf/lib/python3.10/site-packages/rapids_dask_dependency/patches/distributed/comm/__rdd_patch_ucx.py", line 371, in read
    raise CommClosedError(
distributed.comm.core.CommClosedError: Connection closed by writer.
Inner exception: CancelledError()
2025-02-07 07:12:17,892 - distributed.worker - ERROR - Worker stream died during communication: ucx://127.0.0.1:46285
Traceback (most recent call last):
  File "/opt/conda/envs/gdf/lib/python3.10/site-packages/rapids_dask_dependency/patches/distributed/comm/__rdd_patch_ucx.py", line 353, in read
    await self.ep.recv(msg)
  File "/opt/conda/envs/gdf/lib/python3.10/site-packages/ucp/core.py", line 748, in recv
    ret = await comm.tag_recv(self._ep, buffer, nbytes, tag, name=log)
ucp._libs.exceptions.UCXCanceled: <[Recv #003] ep: 0x7f844404b2c0, tag: 0xce12e54c5a6e449b, nbytes: 16, type: <class 'numpy.ndarray'>>: 

During handling of the above exception, another exception occurred:

Traceback (most recent call last):
  File "/opt/conda/envs/gdf/lib/python3.10/site-packages/distributed/worker.py", line 2075, in gather_dep
    response = await get_data_from_worker(
  File "/opt/conda/envs/gdf/lib/python3.10/site-packages/distributed/worker.py", line 2881, in get_data_from_worker
    response = await send_recv(
  File "/opt/conda/envs/gdf/lib/python3.10/site-packages/distributed/core.py", line 1018, in send_recv
    response = await comm.read(deserializers=deserializers)
  File "/opt/conda/envs/gdf/lib/python3.10/site-packages/distributed/utils.py", line 805, in wrapper
    return await func(*args, **kwargs)
  File "/opt/conda/envs/gdf/lib/python3.10/site-packages/rapids_dask_dependency/patches/distributed/comm/__rdd_patch_ucx.py", line 371, in read
    raise CommClosedError(
distributed.comm.core.CommClosedError: Connection closed by writer.
Inner exception: UCXCanceled("<[Recv #003] ep: 0x7f844404b2c0, tag: 0xce12e54c5a6e449b, nbytes: 16, type: <class 'numpy.ndarray'>>: ")
2025-02-07 07:12:17,894 - distributed.worker - ERROR - Worker stream died during communication: ucx://127.0.0.1:35741
Traceback (most recent call last):
  File "/opt/conda/envs/gdf/lib/python3.10/site-packages/rapids_dask_dependency/patches/distributed/comm/__rdd_patch_ucx.py", line 353, in read
    await self.ep.recv(msg)
  File "/opt/conda/envs/gdf/lib/python3.10/site-packages/ucp/core.py", line 748, in recv
    ret = await comm.tag_recv(self._ep, buffer, nbytes, tag, name=log)
asyncio.exceptions.CancelledError

During handling of the above exception, another exception occurred:

Traceback (most recent call last):
  File "/opt/conda/envs/gdf/lib/python3.10/site-packages/distributed/worker.py", line 2075, in gather_dep
    response = await get_data_from_worker(
  File "/opt/conda/envs/gdf/lib/python3.10/site-packages/distributed/worker.py", line 2878, in get_data_from_worker
    comm = await rpc.connect(worker)
  File "/opt/conda/envs/gdf/lib/python3.10/site-packages/distributed/core.py", line 1539, in connect
    return connect_attempt.result()
  File "/opt/conda/envs/gdf/lib/python3.10/site-packages/distributed/core.py", line 1429, in _connect
    comm = await connect(
  File "/opt/conda/envs/gdf/lib/python3.10/site-packages/distributed/comm/core.py", line 377, in connect
    handshake = await comm.read()
  File "/opt/conda/envs/gdf/lib/python3.10/site-packages/distributed/utils.py", line 805, in wrapper
    return await func(*args, **kwargs)
  File "/opt/conda/envs/gdf/lib/python3.10/site-packages/rapids_dask_dependency/patches/distributed/comm/__rdd_patch_ucx.py", line 371, in read
    raise CommClosedError(
distributed.comm.core.CommClosedError: Connection closed by writer.
Inner exception: CancelledError()
2025-02-07 07:12:17,902 - distributed.worker - ERROR - failed during get data with ucx://127.0.0.1:42519 -> ucx://127.0.0.1:35741
Traceback (most recent call last):
  File "/opt/conda/envs/gdf/lib/python3.10/site-packages/rapids_dask_dependency/patches/distributed/comm/__rdd_patch_ucx.py", line 337, in write
    await self.ep.send(each_frame)
  File "/opt/conda/envs/gdf/lib/python3.10/site-packages/ucp/core.py", line 673, in send
    return await comm.tag_send(self._ep, buffer, nbytes, tag, name=log)
ucp._libs.exceptions.UCXError: <[Send #007] ep: 0x7f4998fcb140, tag: 0x6521aa1c3cdc2ceb, nbytes: 100000000, type: <class 'cudf.core.buffer.buffer.Buffer'>>: Connection reset by remote peer

During handling of the above exception, another exception occurred:

Traceback (most recent call last):
  File "/opt/conda/envs/gdf/lib/python3.10/site-packages/distributed/worker.py", line 1796, in get_data
    compressed = await comm.write(msg, serializers=serializers)
  File "/opt/conda/envs/gdf/lib/python3.10/site-packages/distributed/utils.py", line 805, in wrapper
    return await func(*args, **kwargs)
  File "/opt/conda/envs/gdf/lib/python3.10/site-packages/rapids_dask_dependency/patches/distributed/comm/__rdd_patch_ucx.py", line 341, in write
    raise CommClosedError("While writing, the connection was closed")
distributed.comm.core.CommClosedError: While writing, the connection was closed
2025-02-07 07:12:17,903 - distributed.worker - ERROR - failed during get data with ucx://127.0.0.1:42519 -> ucx://127.0.0.1:46285
Traceback (most recent call last):
  File "/opt/conda/envs/gdf/lib/python3.10/site-packages/rapids_dask_dependency/patches/distributed/comm/__rdd_patch_ucx.py", line 337, in write
    await self.ep.send(each_frame)
  File "/opt/conda/envs/gdf/lib/python3.10/site-packages/ucp/core.py", line 673, in send
    return await comm.tag_send(self._ep, buffer, nbytes, tag, name=log)
ucp._libs.exceptions.UCXError: <[Send #007] ep: 0x7f4998fcb180, tag: 0xeecc70d1081d3d78, nbytes: 100000000, type: <class 'cudf.core.buffer.buffer.Buffer'>>: Connection reset by remote peer

During handling of the above exception, another exception occurred:

Traceback (most recent call last):
  File "/opt/conda/envs/gdf/lib/python3.10/site-packages/distributed/worker.py", line 1796, in get_data
    compressed = await comm.write(msg, serializers=serializers)
  File "/opt/conda/envs/gdf/lib/python3.10/site-packages/distributed/utils.py", line 805, in wrapper
    return await func(*args, **kwargs)
  File "/opt/conda/envs/gdf/lib/python3.10/site-packages/rapids_dask_dependency/patches/distributed/comm/__rdd_patch_ucx.py", line 341, in write
    raise CommClosedError("While writing, the connection was closed")
distributed.comm.core.CommClosedError: While writing, the connection was closed
2025-02-07 07:12:17,904 - distributed.worker - ERROR - Worker stream died during communication: ucx://127.0.0.1:46285
Traceback (most recent call last):
  File "/opt/conda/envs/gdf/lib/python3.10/site-packages/rapids_dask_dependency/patches/distributed/comm/__rdd_patch_ucx.py", line 395, in read
    await self.ep.recv(each_frame)
  File "/opt/conda/envs/gdf/lib/python3.10/site-packages/ucp/core.py", line 748, in recv
    ret = await comm.tag_recv(self._ep, buffer, nbytes, tag, name=log)
ucp._libs.exceptions.UCXError: <[Recv #007] ep: 0x7f4998fcb340, tag: 0xa9fed44273306c28, nbytes: 100000000, type: <class 'rmm.pylibrmm.device_buffer.DeviceBuffer'>>: Connection reset by remote peer

During handling of the above exception, another exception occurred:

Traceback (most recent call last):
  File "/opt/conda/envs/gdf/lib/python3.10/site-packages/distributed/worker.py", line 2075, in gather_dep
    response = await get_data_from_worker(
  File "/opt/conda/envs/gdf/lib/python3.10/site-packages/distributed/worker.py", line 2881, in get_data_from_worker
    response = await send_recv(
  File "/opt/conda/envs/gdf/lib/python3.10/site-packages/distributed/core.py", line 1018, in send_recv
    response = await comm.read(deserializers=deserializers)
  File "/opt/conda/envs/gdf/lib/python3.10/site-packages/distributed/utils.py", line 805, in wrapper
    return await func(*args, **kwargs)
  File "/opt/conda/envs/gdf/lib/python3.10/site-packages/rapids_dask_dependency/patches/distributed/comm/__rdd_patch_ucx.py", line 401, in read
    raise CommClosedError(
distributed.comm.core.CommClosedError: Connection closed by writer.
Inner exception: UCXError("<[Recv #007] ep: 0x7f4998fcb340, tag: 0xa9fed44273306c28, nbytes: 100000000, type: <class 'rmm.pylibrmm.device_buffer.DeviceBuffer'>>: Connection reset by remote peer")
2025-02-07 07:12:17,905 - distributed.worker - ERROR - Worker stream died during communication: ucx://127.0.0.1:35741
Traceback (most recent call last):
  File "/opt/conda/envs/gdf/lib/python3.10/site-packages/rapids_dask_dependency/patches/distributed/comm/__rdd_patch_ucx.py", line 353, in read
    await self.ep.recv(msg)
  File "/opt/conda/envs/gdf/lib/python3.10/site-packages/ucp/core.py", line 748, in recv
    ret = await comm.tag_recv(self._ep, buffer, nbytes, tag, name=log)
ucp._libs.exceptions.UCXCanceled: <[Recv #003] ep: 0x7f4998fcb280, tag: 0xd216b33c8b4f5bba, nbytes: 16, type: <class 'numpy.ndarray'>>: 

During handling of the above exception, another exception occurred:

Traceback (most recent call last):
  File "/opt/conda/envs/gdf/lib/python3.10/site-packages/distributed/worker.py", line 2075, in gather_dep
    response = await get_data_from_worker(
  File "/opt/conda/envs/gdf/lib/python3.10/site-packages/distributed/worker.py", line 2881, in get_data_from_worker
    response = await send_recv(
  File "/opt/conda/envs/gdf/lib/python3.10/site-packages/distributed/core.py", line 1018, in send_recv
    response = await comm.read(deserializers=deserializers)
  File "/opt/conda/envs/gdf/lib/python3.10/site-packages/distributed/utils.py", line 805, in wrapper
    return await func(*args, **kwargs)
  File "/opt/conda/envs/gdf/lib/python3.10/site-packages/rapids_dask_dependency/patches/distributed/comm/__rdd_patch_ucx.py", line 371, in read
    raise CommClosedError(
distributed.comm.core.CommClosedError: Connection closed by writer.
Inner exception: UCXCanceled("<[Recv #003] ep: 0x7f4998fcb280, tag: 0xd216b33c8b4f5bba, nbytes: 16, type: <class 'numpy.ndarray'>>: ")
2025-02-07 07:12:17,933 - distributed.nanny - WARNING - Restarting worker
2025-02-07 07:12:17,937 - distributed.worker - ERROR - failed during get data with ucx://127.0.0.1:40683 -> ucx://127.0.0.1:35741
Traceback (most recent call last):
  File "/opt/conda/envs/gdf/lib/python3.10/site-packages/rapids_dask_dependency/patches/distributed/comm/__rdd_patch_ucx.py", line 337, in write
    await self.ep.send(each_frame)
  File "/opt/conda/envs/gdf/lib/python3.10/site-packages/ucp/core.py", line 673, in send
    return await comm.tag_send(self._ep, buffer, nbytes, tag, name=log)
ucp._libs.exceptions.UCXError: <[Send #007] ep: 0x7f88426d62c0, tag: 0xee1d506e79080b2f, nbytes: 100000000, type: <class 'cudf.core.buffer.buffer.Buffer'>>: Connection reset by remote peer

During handling of the above exception, another exception occurred:

Traceback (most recent call last):
  File "/opt/conda/envs/gdf/lib/python3.10/site-packages/distributed/worker.py", line 1796, in get_data
    compressed = await comm.write(msg, serializers=serializers)
  File "/opt/conda/envs/gdf/lib/python3.10/site-packages/distributed/utils.py", line 805, in wrapper
    return await func(*args, **kwargs)
  File "/opt/conda/envs/gdf/lib/python3.10/site-packages/rapids_dask_dependency/patches/distributed/comm/__rdd_patch_ucx.py", line 341, in write
    raise CommClosedError("While writing, the connection was closed")
distributed.comm.core.CommClosedError: While writing, the connection was closed
2025-02-07 07:12:17,991 - distributed.nanny - WARNING - Restarting worker
2025-02-07 07:12:18,004 - distributed.worker - ERROR - Worker stream died during communication: ucx://127.0.0.1:46285
Traceback (most recent call last):
  File "/opt/conda/envs/gdf/lib/python3.10/site-packages/rapids_dask_dependency/patches/distributed/comm/__rdd_patch_ucx.py", line 353, in read
    await self.ep.recv(msg)
  File "/opt/conda/envs/gdf/lib/python3.10/site-packages/ucp/core.py", line 748, in recv
    ret = await comm.tag_recv(self._ep, buffer, nbytes, tag, name=log)
ucp._libs.exceptions.UCXCanceled: <[Recv #003] ep: 0x7f3b151e1300, tag: 0x51f5320ef0996ca6, nbytes: 16, type: <class 'numpy.ndarray'>>: 

During handling of the above exception, another exception occurred:

Traceback (most recent call last):
  File "/opt/conda/envs/gdf/lib/python3.10/site-packages/distributed/worker.py", line 2075, in gather_dep
    response = await get_data_from_worker(
  File "/opt/conda/envs/gdf/lib/python3.10/site-packages/distributed/worker.py", line 2881, in get_data_from_worker
    response = await send_recv(
  File "/opt/conda/envs/gdf/lib/python3.10/site-packages/distributed/core.py", line 1018, in send_recv
    response = await comm.read(deserializers=deserializers)
  File "/opt/conda/envs/gdf/lib/python3.10/site-packages/distributed/utils.py", line 805, in wrapper
    return await func(*args, **kwargs)
  File "/opt/conda/envs/gdf/lib/python3.10/site-packages/rapids_dask_dependency/patches/distributed/comm/__rdd_patch_ucx.py", line 371, in read
    raise CommClosedError(
distributed.comm.core.CommClosedError: Connection closed by writer.
Inner exception: UCXCanceled("<[Recv #003] ep: 0x7f3b151e1300, tag: 0x51f5320ef0996ca6, nbytes: 16, type: <class 'numpy.ndarray'>>: ")
2025-02-07 07:12:18,005 - distributed.worker - ERROR - Worker stream died during communication: ucx://127.0.0.1:35741
Traceback (most recent call last):
  File "/opt/conda/envs/gdf/lib/python3.10/site-packages/rapids_dask_dependency/patches/distributed/comm/__rdd_patch_ucx.py", line 395, in read
    await self.ep.recv(each_frame)
  File "/opt/conda/envs/gdf/lib/python3.10/site-packages/ucp/core.py", line 748, in recv
    ret = await comm.tag_recv(self._ep, buffer, nbytes, tag, name=log)
ucp._libs.exceptions.UCXCanceled: <[Recv #008] ep: 0x7f3b151e1180, tag: 0xd09b390adb4358f4, nbytes: 100000000, type: <class 'rmm.pylibrmm.device_buffer.DeviceBuffer'>>: 

During handling of the above exception, another exception occurred:

Traceback (most recent call last):
  File "/opt/conda/envs/gdf/lib/python3.10/site-packages/distributed/worker.py", line 2075, in gather_dep
    response = await get_data_from_worker(
  File "/opt/conda/envs/gdf/lib/python3.10/site-packages/distributed/worker.py", line 2881, in get_data_from_worker
    response = await send_recv(
  File "/opt/conda/envs/gdf/lib/python3.10/site-packages/distributed/core.py", line 1018, in send_recv
    response = await comm.read(deserializers=deserializers)
  File "/opt/conda/envs/gdf/lib/python3.10/site-packages/distributed/utils.py", line 805, in wrapper
    return await func(*args, **kwargs)
  File "/opt/conda/envs/gdf/lib/python3.10/site-packages/rapids_dask_dependency/patches/distributed/comm/__rdd_patch_ucx.py", line 401, in read
    raise CommClosedError(
distributed.comm.core.CommClosedError: Connection closed by writer.
Inner exception: UCXCanceled("<[Recv #008] ep: 0x7f3b151e1180, tag: 0xd09b390adb4358f4, nbytes: 100000000, type: <class 'rmm.pylibrmm.device_buffer.DeviceBuffer'>>: ")
2025-02-07 07:12:18,009 - distributed.worker - ERROR - failed during get data with ucx://127.0.0.1:48885 -> ucx://127.0.0.1:46285
Traceback (most recent call last):
  File "/opt/conda/envs/gdf/lib/python3.10/site-packages/rapids_dask_dependency/patches/distributed/comm/__rdd_patch_ucx.py", line 337, in write
    await self.ep.send(each_frame)
  File "/opt/conda/envs/gdf/lib/python3.10/site-packages/ucp/core.py", line 673, in send
    return await comm.tag_send(self._ep, buffer, nbytes, tag, name=log)
ucp._libs.exceptions.UCXError: <[Send #007] ep: 0x7f3b151e1340, tag: 0x4c5b45a5980f6f54, nbytes: 100000000, type: <class 'cudf.core.buffer.buffer.Buffer'>>: Connection reset by remote peer

During handling of the above exception, another exception occurred:

Traceback (most recent call last):
  File "/opt/conda/envs/gdf/lib/python3.10/site-packages/distributed/worker.py", line 1796, in get_data
    compressed = await comm.write(msg, serializers=serializers)
  File "/opt/conda/envs/gdf/lib/python3.10/site-packages/distributed/utils.py", line 805, in wrapper
    return await func(*args, **kwargs)
  File "/opt/conda/envs/gdf/lib/python3.10/site-packages/rapids_dask_dependency/patches/distributed/comm/__rdd_patch_ucx.py", line 341, in write
    raise CommClosedError("While writing, the connection was closed")
distributed.comm.core.CommClosedError: While writing, the connection was closed
2025-02-07 07:12:18,010 - distributed.worker - ERROR - failed during get data with ucx://127.0.0.1:48885 -> ucx://127.0.0.1:35741
Traceback (most recent call last):
  File "/opt/conda/envs/gdf/lib/python3.10/site-packages/rapids_dask_dependency/patches/distributed/comm/__rdd_patch_ucx.py", line 337, in write
    await self.ep.send(each_frame)
  File "/opt/conda/envs/gdf/lib/python3.10/site-packages/ucp/core.py", line 673, in send
    return await comm.tag_send(self._ep, buffer, nbytes, tag, name=log)
ucp._libs.exceptions.UCXError: <[Send #007] ep: 0x7f3b151e1140, tag: 0xb1b9ace5134d2b48, nbytes: 100000000, type: <class 'cudf.core.buffer.buffer.Buffer'>>: Connection reset by remote peer

During handling of the above exception, another exception occurred:

Traceback (most recent call last):
  File "/opt/conda/envs/gdf/lib/python3.10/site-packages/distributed/worker.py", line 1796, in get_data
    compressed = await comm.write(msg, serializers=serializers)
  File "/opt/conda/envs/gdf/lib/python3.10/site-packages/distributed/utils.py", line 805, in wrapper
    return await func(*args, **kwargs)
  File "/opt/conda/envs/gdf/lib/python3.10/site-packages/rapids_dask_dependency/patches/distributed/comm/__rdd_patch_ucx.py", line 341, in write
    raise CommClosedError("While writing, the connection was closed")
distributed.comm.core.CommClosedError: While writing, the connection was closed
2025-02-07 07:12:47,311 - distributed.worker - ERROR - Worker stream died during communication: ucx://127.0.0.1:39339
Traceback (most recent call last):
  File "/opt/conda/envs/gdf/lib/python3.10/site-packages/rapids_dask_dependency/patches/distributed/comm/__rdd_patch_ucx.py", line 470, in connect
    ep = await ucp.create_endpoint(ip, port)
  File "/opt/conda/envs/gdf/lib/python3.10/site-packages/ucp/core.py", line 1040, in create_endpoint
    return await _get_ctx().create_endpoint(
  File "/opt/conda/envs/gdf/lib/python3.10/site-packages/ucp/core.py", line 337, in create_endpoint
    peer_info = await exchange_peer_info(
  File "/opt/conda/envs/gdf/lib/python3.10/site-packages/ucp/core.py", line 62, in exchange_peer_info
    await asyncio.wait_for(
  File "/opt/conda/envs/gdf/lib/python3.10/asyncio/tasks.py", line 432, in wait_for
    await waiter
asyncio.exceptions.CancelledError

During handling of the above exception, another exception occurred:

Traceback (most recent call last):
  File "/opt/conda/envs/gdf/lib/python3.10/asyncio/tasks.py", line 456, in wait_for
    return fut.result()
asyncio.exceptions.CancelledError

The above exception was the direct cause of the following exception:

Traceback (most recent call last):
  File "/opt/conda/envs/gdf/lib/python3.10/site-packages/distributed/comm/core.py", line 342, in connect
    comm = await wait_for(
  File "/opt/conda/envs/gdf/lib/python3.10/site-packages/distributed/utils.py", line 1915, in wait_for
    return await asyncio.wait_for(fut, timeout)
  File "/opt/conda/envs/gdf/lib/python3.10/asyncio/tasks.py", line 458, in wait_for
    raise exceptions.TimeoutError() from exc
asyncio.exceptions.TimeoutError

The above exception was the direct cause of the following exception:

Traceback (most recent call last):
  File "/opt/conda/envs/gdf/lib/python3.10/site-packages/distributed/worker.py", line 2075, in gather_dep
    response = await get_data_from_worker(
  File "/opt/conda/envs/gdf/lib/python3.10/site-packages/distributed/worker.py", line 2878, in get_data_from_worker
    comm = await rpc.connect(worker)
  File "/opt/conda/envs/gdf/lib/python3.10/site-packages/distributed/core.py", line 1539, in connect
    return connect_attempt.result()
  File "/opt/conda/envs/gdf/lib/python3.10/site-packages/distributed/core.py", line 1429, in _connect
    comm = await connect(
  File "/opt/conda/envs/gdf/lib/python3.10/site-packages/distributed/comm/core.py", line 368, in connect
    raise OSError(
OSError: Timed out trying to connect to ucx://127.0.0.1:39339 after 30 s
[dgx13:76755:0:76755] Caught signal 11 (Segmentation fault: address not mapped to object at address 0x450)
==== backtrace (tid:  76755) ====
 0  /opt/conda/envs/gdf/lib/libucs.so.0(ucs_handle_error+0x305) [0x7f94fc52c025]
 1  /opt/conda/envs/gdf/lib/libucs.so.0(+0x2f221) [0x7f94fc52c221]
 2  /opt/conda/envs/gdf/lib/libucs.so.0(+0x2f3ea) [0x7f94fc52c3ea]
 3  /usr/lib/x86_64-linux-gnu/libpthread.so.0(+0x14420) [0x7f953a3e7420]
 4  /opt/conda/envs/gdf/lib/libucp.so.0(ucp_mem_type_unpack+0x17) [0x7f94fc5b1197]
 5  /opt/conda/envs/gdf/lib/libucp.so.0(ucp_rndv_data_handler+0x5f5) [0x7f94fc5dc9e5]
 6  /opt/conda/envs/gdf/lib/./libuct.so.0(+0x21dd6) [0x7f94fc4e0dd6]
 7  /opt/conda/envs/gdf/lib/./libuct.so.0(+0x24f48) [0x7f94fc4e3f48]
 8  /opt/conda/envs/gdf/lib/libucs.so.0(ucs_event_set_wait+0xb1) [0x7f94fc535851]
 9  /opt/conda/envs/gdf/lib/./libuct.so.0(uct_tcp_iface_progress+0x7c) [0x7f94fc4e2fbc]
10  /opt/conda/envs/gdf/lib/libucp.so.0(ucp_worker_progress+0x5a) [0x7f94fc5add5a]
11  /opt/conda/envs/gdf/lib/python3.10/site-packages/ucp/_libs/ucx_api.cpython-310-x86_64-linux-gnu.so(+0x31dca) [0x7f94fc671dca]
12  /opt/conda/envs/gdf/bin/python(_PyEval_EvalFrameDefault+0x2c3e) [0x5606409dd6de]
13  /opt/conda/envs/gdf/bin/python(_PyFunction_Vectorcall+0x6c) [0x5606409eab7c]
14  /opt/conda/envs/gdf/bin/python(_PyEval_EvalFrameDefault+0x6fd) [0x5606409db19d]
15  /opt/conda/envs/gdf/bin/python(+0x147234) [0x5606409f6234]
16  /opt/conda/envs/gdf/bin/python(+0x252f7c) [0x560640b01f7c]
17  /opt/conda/envs/gdf/bin/python(+0xf745f) [0x5606409a645f]
18  /opt/conda/envs/gdf/bin/python(+0x1331b3) [0x5606409e21b3]
19  /opt/conda/envs/gdf/bin/python(_PyEval_EvalFrameDefault+0x593b) [0x5606409e03db]
20  /opt/conda/envs/gdf/bin/python(_PyFunction_Vectorcall+0x6c) [0x5606409eab7c]
21  /opt/conda/envs/gdf/bin/python(_PyEval_EvalFrameDefault+0x6fd) [0x5606409db19d]
22  /opt/conda/envs/gdf/bin/python(_PyFunction_Vectorcall+0x6c) [0x5606409eab7c]
23  /opt/conda/envs/gdf/bin/python(_PyEval_EvalFrameDefault+0x6fd) [0x5606409db19d]
24  /opt/conda/envs/gdf/bin/python(_PyFunction_Vectorcall+0x6c) [0x5606409eab7c]
25  /opt/conda/envs/gdf/bin/python(_PyEval_EvalFrameDefault+0x6fd) [0x5606409db19d]
26  /opt/conda/envs/gdf/bin/python(_PyFunction_Vectorcall+0x6c) [0x5606409eab7c]
27  /opt/conda/envs/gdf/bin/python(_PyEval_EvalFrameDefault+0x6fd) [0x5606409db19d]
28  /opt/conda/envs/gdf/bin/python(_PyFunction_Vectorcall+0x6c) [0x5606409eab7c]
29  /opt/conda/envs/gdf/bin/python(_PyEval_EvalFrameDefault+0x1341) [0x5606409dbde1]
30  /opt/conda/envs/gdf/bin/python(+0x146fb2) [0x5606409f5fb2]
31  /opt/conda/envs/gdf/bin/python(PyObject_Call+0xbc) [0x5606409f694c]
32  /opt/conda/envs/gdf/bin/python(+0x1ff72d) [0x560640aae72d]
33  /opt/conda/envs/gdf/bin/python(_PyObject_MakeTpCall+0x2d3) [0x5606409e3a03]
34  /opt/conda/envs/gdf/bin/python(_PyEval_EvalFrameDefault+0x2c3e) [0x5606409dd6de]
35  /opt/conda/envs/gdf/bin/python(+0x147108) [0x5606409f6108]
36  /opt/conda/envs/gdf/bin/python(_PyEval_EvalFrameDefault+0x2c3e) [0x5606409dd6de]
37  /opt/conda/envs/gdf/bin/python(_PyFunction_Vectorcall+0x6c) [0x5606409eab7c]
38  /opt/conda/envs/gdf/bin/python(_PyEval_EvalFrameDefault+0x6fd) [0x5606409db19d]
39  /opt/conda/envs/gdf/bin/python(_PyFunction_Vectorcall+0x6c) [0x5606409eab7c]
40  /opt/conda/envs/gdf/bin/python(_PyEval_EvalFrameDefault+0x6fd) [0x5606409db19d]
41  /opt/conda/envs/gdf/bin/python(_PyFunction_Vectorcall+0x6c) [0x5606409eab7c]
42  /opt/conda/envs/gdf/bin/python(_PyEval_EvalFrameDefault+0x309) [0x5606409dada9]
43  /opt/conda/envs/gdf/bin/python(_PyFunction_Vectorcall+0x6c) [0x5606409eab7c]
44  /opt/conda/envs/gdf/bin/python(_PyEval_EvalFrameDefault+0x1341) [0x5606409dbde1]
45  /opt/conda/envs/gdf/bin/python(+0x1cca8c) [0x560640a7ba8c]
46  /opt/conda/envs/gdf/bin/python(PyEval_EvalCode+0x87) [0x560640a7b9d7]
47  /opt/conda/envs/gdf/bin/python(+0x1fceba) [0x560640aabeba]
48  /opt/conda/envs/gdf/bin/python(+0x1f8343) [0x560640aa7343]
49  /opt/conda/envs/gdf/bin/python(PyRun_StringFlags+0x7d) [0x560640a9fadd]
50  /opt/conda/envs/gdf/bin/python(PyRun_SimpleStringFlags+0x3c) [0x560640a9f91c]
51  /opt/conda/envs/gdf/bin/python(Py_RunMain+0x3ba) [0x560640a9eb1a]
52  /opt/conda/envs/gdf/bin/python(Py_BytesMain+0x37) [0x560640a6f117]
53  /usr/lib/x86_64-linux-gnu/libc.so.6(__libc_start_main+0xf3) [0x7f953a0ab083]
54  /opt/conda/envs/gdf/bin/python(+0x1c002e) [0x560640a6f02e]
=================================
[dgx13:76745:0:76745] Caught signal 11 (Segmentation fault: address not mapped to object at address 0x450)
==== backtrace (tid:  76745) ====
 0  /opt/conda/envs/gdf/lib/libucs.so.0(ucs_handle_error+0x305) [0x7f826ca93025]
 1  /opt/conda/envs/gdf/lib/libucs.so.0(+0x2f221) [0x7f826ca93221]
 2  /opt/conda/envs/gdf/lib/libucs.so.0(+0x2f3ea) [0x7f826ca933ea]
 3  /usr/lib/x86_64-linux-gnu/libpthread.so.0(+0x14420) [0x7f82b8934420]
 4  /opt/conda/envs/gdf/lib/libucp.so.0(ucp_mem_type_unpack+0x17) [0x7f826cb18197]
 5  /opt/conda/envs/gdf/lib/libucp.so.0(ucp_rndv_data_handler+0x5f5) [0x7f826cb439e5]
 6  /opt/conda/envs/gdf/lib/./libuct.so.0(+0x21dd6) [0x7f826ca47dd6]
 7  /opt/conda/envs/gdf/lib/./libuct.so.0(+0x24f48) [0x7f826ca4af48]
 8  /opt/conda/envs/gdf/lib/libucs.so.0(ucs_event_set_wait+0xb1) [0x7f826ca9c851]
 9  /opt/conda/envs/gdf/lib/./libuct.so.0(uct_tcp_iface_progress+0x7c) [0x7f826ca49fbc]
10  /opt/conda/envs/gdf/lib/libucp.so.0(ucp_worker_progress+0x5a) [0x7f826cb14d5a]
11  /opt/conda/envs/gdf/lib/python3.10/site-packages/ucp/_libs/ucx_api.cpython-310-x86_64-linux-gnu.so(+0x31dca) [0x7f826cbd8dca]
12  /opt/conda/envs/gdf/bin/python(_PyEval_EvalFrameDefault+0x2c3e) [0x5622e619d6de]
13  /opt/conda/envs/gdf/bin/python(_PyFunction_Vectorcall+0x6c) [0x5622e61aab7c]
14  /opt/conda/envs/gdf/bin/python(_PyEval_EvalFrameDefault+0x6fd) [0x5622e619b19d]
15  /opt/conda/envs/gdf/bin/python(+0x147234) [0x5622e61b6234]
16  /opt/conda/envs/gdf/bin/python(+0x252f7c) [0x5622e62c1f7c]
17  /opt/conda/envs/gdf/bin/python(+0xf745f) [0x5622e616645f]
18  /opt/conda/envs/gdf/bin/python(+0x1331b3) [0x5622e61a21b3]
19  /opt/conda/envs/gdf/bin/python(_PyEval_EvalFrameDefault+0x593b) [0x5622e61a03db]
20  /opt/conda/envs/gdf/bin/python(_PyFunction_Vectorcall+0x6c) [0x5622e61aab7c]
21  /opt/conda/envs/gdf/bin/python(_PyEval_EvalFrameDefault+0x6fd) [0x5622e619b19d]
22  /opt/conda/envs/gdf/bin/python(_PyFunction_Vectorcall+0x6c) [0x5622e61aab7c]
23  /opt/conda/envs/gdf/bin/python(_PyEval_EvalFrameDefault+0x6fd) [0x5622e619b19d]
24  /opt/conda/envs/gdf/bin/python(_PyFunction_Vectorcall+0x6c) [0x5622e61aab7c]
25  /opt/conda/envs/gdf/bin/python(_PyEval_EvalFrameDefault+0x6fd) [0x5622e619b19d]
26  /opt/conda/envs/gdf/bin/python(_PyFunction_Vectorcall+0x6c) [0x5622e61aab7c]
27  /opt/conda/envs/gdf/bin/python(_PyEval_EvalFrameDefault+0x6fd) [0x5622e619b19d]
28  /opt/conda/envs/gdf/bin/python(_PyFunction_Vectorcall+0x6c) [0x5622e61aab7c]
29  /opt/conda/envs/gdf/bin/python(_PyEval_EvalFrameDefault+0x1341) [0x5622e619bde1]
30  /opt/conda/envs/gdf/bin/python(+0x146fb2) [0x5622e61b5fb2]
31  /opt/conda/envs/gdf/bin/python(PyObject_Call+0xbc) [0x5622e61b694c]
32  /opt/conda/envs/gdf/bin/python(+0x1ff72d) [0x5622e626e72d]
33  /opt/conda/envs/gdf/bin/python(_PyObject_MakeTpCall+0x2d3) [0x5622e61a3a03]
34  /opt/conda/envs/gdf/bin/python(_PyEval_EvalFrameDefault+0x2c3e) [0x5622e619d6de]
35  /opt/conda/envs/gdf/bin/python(+0x147108) [0x5622e61b6108]
36  /opt/conda/envs/gdf/bin/python(_PyEval_EvalFrameDefault+0x2c3e) [0x5622e619d6de]
37  /opt/conda/envs/gdf/bin/python(_PyFunction_Vectorcall+0x6c) [0x5622e61aab7c]
38  /opt/conda/envs/gdf/bin/python(_PyEval_EvalFrameDefault+0x6fd) [0x5622e619b19d]
39  /opt/conda/envs/gdf/bin/python(_PyFunction_Vectorcall+0x6c) [0x5622e61aab7c]
40  /opt/conda/envs/gdf/bin/python(_PyEval_EvalFrameDefault+0x6fd) [0x5622e619b19d]
41  /opt/conda/envs/gdf/bin/python(_PyFunction_Vectorcall+0x6c) [0x5622e61aab7c]
42  /opt/conda/envs/gdf/bin/python(_PyEval_EvalFrameDefault+0x309) [0x5622e619ada9]
43  /opt/conda/envs/gdf/bin/python(_PyFunction_Vectorcall+0x6c) [0x5622e61aab7c]
44  /opt/conda/envs/gdf/bin/python(_PyEval_EvalFrameDefault+0x1341) [0x5622e619bde1]
45  /opt/conda/envs/gdf/bin/python(+0x1cca8c) [0x5622e623ba8c]
46  /opt/conda/envs/gdf/bin/python(PyEval_EvalCode+0x87) [0x5622e623b9d7]
47  /opt/conda/envs/gdf/bin/python(+0x1fceba) [0x5622e626beba]
48  /opt/conda/envs/gdf/bin/python(+0x1f8343) [0x5622e6267343]
49  /opt/conda/envs/gdf/bin/python(PyRun_StringFlags+0x7d) [0x5622e625fadd]
50  /opt/conda/envs/gdf/bin/python(PyRun_SimpleStringFlags+0x3c) [0x5622e625f91c]
51  /opt/conda/envs/gdf/bin/python(Py_RunMain+0x3ba) [0x5622e625eb1a]
52  /opt/conda/envs/gdf/bin/python(Py_BytesMain+0x37) [0x5622e622f117]
53  /usr/lib/x86_64-linux-gnu/libc.so.6(__libc_start_main+0xf3) [0x7f82b85f8083]
54  /opt/conda/envs/gdf/bin/python(+0x1c002e) [0x5622e622f02e]
=================================
[dgx13:76750:0:76750] Caught signal 11 (Segmentation fault: address not mapped to object at address 0x450)
==== backtrace (tid:  76750) ====
 0  /opt/conda/envs/gdf/lib/libucs.so.0(ucs_handle_error+0x305) [0x7fc49763d025]
 1  /opt/conda/envs/gdf/lib/libucs.so.0(+0x2f221) [0x7fc49763d221]
 2  /opt/conda/envs/gdf/lib/libucs.so.0(+0x2f3ea) [0x7fc49763d3ea]
 3  /usr/lib/x86_64-linux-gnu/libpthread.so.0(+0x14420) [0x7fc4fb523420]
 4  /opt/conda/envs/gdf/lib/libucp.so.0(ucp_mem_type_unpack+0x17) [0x7fc4976c2197]
 5  /opt/conda/envs/gdf/lib/libucp.so.0(ucp_rndv_data_handler+0x5f5) [0x7fc4976ed9e5]
 6  /opt/conda/envs/gdf/lib/./libuct.so.0(+0x21dd6) [0x7fc4975f1dd6]
 7  /opt/conda/envs/gdf/lib/./libuct.so.0(+0x24f48) [0x7fc4975f4f48]
 8  /opt/conda/envs/gdf/lib/libucs.so.0(ucs_event_set_wait+0xb1) [0x7fc497646851]
 9  /opt/conda/envs/gdf/lib/./libuct.so.0(uct_tcp_iface_progress+0x7c) [0x7fc4975f3fbc]
10  /opt/conda/envs/gdf/lib/libucp.so.0(ucp_worker_progress+0x5a) [0x7fc4976bed5a]
11  /opt/conda/envs/gdf/lib/python3.10/site-packages/ucp/_libs/ucx_api.cpython-310-x86_64-linux-gnu.so(+0x31dca) [0x7fc497782dca]
12  /opt/conda/envs/gdf/bin/python(_PyEval_EvalFrameDefault+0x2c3e) [0x559217c266de]
13  /opt/conda/envs/gdf/bin/python(_PyFunction_Vectorcall+0x6c) [0x559217c33b7c]
14  /opt/conda/envs/gdf/bin/python(_PyEval_EvalFrameDefault+0x6fd) [0x559217c2419d]
15  /opt/conda/envs/gdf/bin/python(+0x1d62c9) [0x559217cce2c9]
16  /opt/conda/envs/gdf/lib/python3.10/lib-dynload/_asyncio.cpython-310-x86_64-linux-gnu.so(+0x7782) [0x7fc4e4094782]
17  /opt/conda/envs/gdf/bin/python(_PyObject_MakeTpCall+0x2d3) [0x559217c2ca03]
18  /opt/conda/envs/gdf/bin/python(+0xf745f) [0x559217bef45f]
19  /opt/conda/envs/gdf/bin/python(+0x1331b3) [0x559217c2b1b3]
20  /opt/conda/envs/gdf/bin/python(_PyEval_EvalFrameDefault+0x593b) [0x559217c293db]
21  /opt/conda/envs/gdf/bin/python(_PyFunction_Vectorcall+0x6c) [0x559217c33b7c]
22  /opt/conda/envs/gdf/bin/python(_PyEval_EvalFrameDefault+0x6fd) [0x559217c2419d]
23  /opt/conda/envs/gdf/bin/python(_PyFunction_Vectorcall+0x6c) [0x559217c33b7c]
24  /opt/conda/envs/gdf/bin/python(_PyEval_EvalFrameDefault+0x6fd) [0x559217c2419d]
25  /opt/conda/envs/gdf/bin/python(_PyFunction_Vectorcall+0x6c) [0x559217c33b7c]
26  /opt/conda/envs/gdf/bin/python(_PyEval_EvalFrameDefault+0x6fd) [0x559217c2419d]
27  /opt/conda/envs/gdf/bin/python(_PyFunction_Vectorcall+0x6c) [0x559217c33b7c]
28  /opt/conda/envs/gdf/bin/python(_PyEval_EvalFrameDefault+0x6fd) [0x559217c2419d]
29  /opt/conda/envs/gdf/bin/python(_PyFunction_Vectorcall+0x6c) [0x559217c33b7c]
30  /opt/conda/envs/gdf/bin/python(_PyEval_EvalFrameDefault+0x1341) [0x559217c24de1]
31  /opt/conda/envs/gdf/bin/python(+0x146fb2) [0x559217c3efb2]
32  /opt/conda/envs/gdf/bin/python(PyObject_Call+0xbc) [0x559217c3f94c]
33  /opt/conda/envs/gdf/bin/python(+0x1ff72d) [0x559217cf772d]
34  /opt/conda/envs/gdf/bin/python(_PyObject_MakeTpCall+0x2d3) [0x559217c2ca03]
35  /opt/conda/envs/gdf/bin/python(_PyEval_EvalFrameDefault+0x2c3e) [0x559217c266de]
36  /opt/conda/envs/gdf/bin/python(+0x147108) [0x559217c3f108]
37  /opt/conda/envs/gdf/bin/python(_PyEval_EvalFrameDefault+0x2c3e) [0x559217c266de]
38  /opt/conda/envs/gdf/bin/python(_PyFunction_Vectorcall+0x6c) [0x559217c33b7c]
39  /opt/conda/envs/gdf/bin/python(_PyEval_EvalFrameDefault+0x6fd) [0x559217c2419d]
40  /opt/conda/envs/gdf/bin/python(_PyFunction_Vectorcall+0x6c) [0x559217c33b7c]
41  /opt/conda/envs/gdf/bin/python(_PyEval_EvalFrameDefault+0x6fd) [0x559217c2419d]
42  /opt/conda/envs/gdf/bin/python(_PyFunction_Vectorcall+0x6c) [0x559217c33b7c]
43  /opt/conda/envs/gdf/bin/python(_PyEval_EvalFrameDefault+0x309) [0x559217c23da9]
44  /opt/conda/envs/gdf/bin/python(_PyFunction_Vectorcall+0x6c) [0x559217c33b7c]
45  /opt/conda/envs/gdf/bin/python(_PyEval_EvalFrameDefault+0x1341) [0x559217c24de1]
46  /opt/conda/envs/gdf/bin/python(+0x1cca8c) [0x559217cc4a8c]
47  /opt/conda/envs/gdf/bin/python(PyEval_EvalCode+0x87) [0x559217cc49d7]
48  /opt/conda/envs/gdf/bin/python(+0x1fceba) [0x559217cf4eba]
49  /opt/conda/envs/gdf/bin/python(+0x1f8343) [0x559217cf0343]
50  /opt/conda/envs/gdf/bin/python(PyRun_StringFlags+0x7d) [0x559217ce8add]
51  /opt/conda/envs/gdf/bin/python(PyRun_SimpleStringFlags+0x3c) [0x559217ce891c]
52  /opt/conda/envs/gdf/bin/python(Py_RunMain+0x3ba) [0x559217ce7b1a]
53  /opt/conda/envs/gdf/bin/python(Py_BytesMain+0x37) [0x559217cb8117]
54  /usr/lib/x86_64-linux-gnu/libc.so.6(__libc_start_main+0xf3) [0x7fc4fb1e7083]
55  /opt/conda/envs/gdf/bin/python(+0x1c002e) [0x559217cb802e]
=================================
Task exception was never retrieved
future: <Task finished name='Task-5949' coro=<_listener_handler_coroutine() done, defined at /opt/conda/envs/gdf/lib/python3.10/site-packages/ucp/core.py:142> exception=UCXError('<stream_send>: Connection reset by remote peer')>
Traceback (most recent call last):
  File "/opt/conda/envs/gdf/lib/python3.10/site-packages/ucp/core.py", line 157, in _listener_handler_coroutine
    peer_info = await exchange_peer_info(
  File "/opt/conda/envs/gdf/lib/python3.10/site-packages/ucp/core.py", line 53, in exchange_peer_info
    await asyncio.wait_for(
  File "/opt/conda/envs/gdf/lib/python3.10/asyncio/tasks.py", line 445, in wait_for
    return fut.result()
ucp._libs.exceptions.UCXError: <stream_send>: Connection reset by remote peer
[dgx13:76741:0:76741] Caught signal 11 (Segmentation fault: address not mapped to object at address 0x450)
==== backtrace (tid:  76741) ====
 0  /opt/conda/envs/gdf/lib/libucs.so.0(ucs_handle_error+0x305) [0x7f028419f025]
 1  /opt/conda/envs/gdf/lib/libucs.so.0(+0x2f221) [0x7f028419f221]
 2  /opt/conda/envs/gdf/lib/libucs.so.0(+0x2f3ea) [0x7f028419f3ea]
 3  /usr/lib/x86_64-linux-gnu/libpthread.so.0(+0x14420) [0x7f02d006f420]
 4  /opt/conda/envs/gdf/lib/libucp.so.0(ucp_mem_type_unpack+0x17) [0x7f0284224197]
 5  /opt/conda/envs/gdf/lib/libucp.so.0(ucp_rndv_data_handler+0x5f5) [0x7f028424f9e5]
 6  /opt/conda/envs/gdf/lib/./libuct.so.0(+0x21dd6) [0x7f0284153dd6]
 7  /opt/conda/envs/gdf/lib/./libuct.so.0(+0x24f48) [0x7f0284156f48]
 8  /opt/conda/envs/gdf/lib/libucs.so.0(ucs_event_set_wait+0xb1) [0x7f02841a8851]
 9  /opt/conda/envs/gdf/lib/./libuct.so.0(uct_tcp_iface_progress+0x7c) [0x7f0284155fbc]
10  /opt/conda/envs/gdf/lib/libucp.so.0(ucp_worker_progress+0x5a) [0x7f0284220d5a]
11  /opt/conda/envs/gdf/lib/python3.10/site-packages/ucp/_libs/ucx_api.cpython-310-x86_64-linux-gnu.so(+0x31dca) [0x7f02842e4dca]
12  /opt/conda/envs/gdf/bin/python(_PyEval_EvalFrameDefault+0x2c3e) [0x55f618d5c6de]
13  /opt/conda/envs/gdf/bin/python(_PyFunction_Vectorcall+0x6c) [0x55f618d69b7c]
14  /opt/conda/envs/gdf/bin/python(_PyEval_EvalFrameDefault+0x6fd) [0x55f618d5a19d]
15  /opt/conda/envs/gdf/bin/python(+0x147234) [0x55f618d75234]
16  /opt/conda/envs/gdf/bin/python(+0x252f7c) [0x55f618e80f7c]
17  /opt/conda/envs/gdf/bin/python(+0xf745f) [0x55f618d2545f]
18  /opt/conda/envs/gdf/bin/python(+0x1331b3) [0x55f618d611b3]
19  /opt/conda/envs/gdf/bin/python(_PyEval_EvalFrameDefault+0x593b) [0x55f618d5f3db]
20  /opt/conda/envs/gdf/bin/python(_PyFunction_Vectorcall+0x6c) [0x55f618d69b7c]
21  /opt/conda/envs/gdf/bin/python(_PyEval_EvalFrameDefault+0x6fd) [0x55f618d5a19d]
22  /opt/conda/envs/gdf/bin/python(_PyFunction_Vectorcall+0x6c) [0x55f618d69b7c]
23  /opt/conda/envs/gdf/bin/python(_PyEval_EvalFrameDefault+0x6fd) [0x55f618d5a19d]
24  /opt/conda/envs/gdf/bin/python(_PyFunction_Vectorcall+0x6c) [0x55f618d69b7c]
25  /opt/conda/envs/gdf/bin/python(_PyEval_EvalFrameDefault+0x6fd) [0x55f618d5a19d]
26  /opt/conda/envs/gdf/bin/python(_PyFunction_Vectorcall+0x6c) [0x55f618d69b7c]
27  /opt/conda/envs/gdf/bin/python(_PyEval_EvalFrameDefault+0x6fd) [0x55f618d5a19d]
28  /opt/conda/envs/gdf/bin/python(_PyFunction_Vectorcall+0x6c) [0x55f618d69b7c]
29  /opt/conda/envs/gdf/bin/python(_PyEval_EvalFrameDefault+0x1341) [0x55f618d5ade1]
30  /opt/conda/envs/gdf/bin/python(+0x146fb2) [0x55f618d74fb2]
31  /opt/conda/envs/gdf/bin/python(PyObject_Call+0xbc) [0x55f618d7594c]
32  /opt/conda/envs/gdf/bin/python(+0x1ff72d) [0x55f618e2d72d]
33  /opt/conda/envs/gdf/bin/python(_PyObject_MakeTpCall+0x2d3) [0x55f618d62a03]
34  /opt/conda/envs/gdf/bin/python(_PyEval_EvalFrameDefault+0x2c3e) [0x55f618d5c6de]
35  /opt/conda/envs/gdf/bin/python(+0x147108) [0x55f618d75108]
36  /opt/conda/envs/gdf/bin/python(_PyEval_EvalFrameDefault+0x2c3e) [0x55f618d5c6de]
37  /opt/conda/envs/gdf/bin/python(_PyFunction_Vectorcall+0x6c) [0x55f618d69b7c]
38  /opt/conda/envs/gdf/bin/python(_PyEval_EvalFrameDefault+0x6fd) [0x55f618d5a19d]
39  /opt/conda/envs/gdf/bin/python(_PyFunction_Vectorcall+0x6c) [0x55f618d69b7c]
40  /opt/conda/envs/gdf/bin/python(_PyEval_EvalFrameDefault+0x6fd) [0x55f618d5a19d]
41  /opt/conda/envs/gdf/bin/python(_PyFunction_Vectorcall+0x6c) [0x55f618d69b7c]
42  /opt/conda/envs/gdf/bin/python(_PyEval_EvalFrameDefault+0x309) [0x55f618d59da9]
43  /opt/conda/envs/gdf/bin/python(_PyFunction_Vectorcall+0x6c) [0x55f618d69b7c]
44  /opt/conda/envs/gdf/bin/python(_PyEval_EvalFrameDefault+0x1341) [0x55f618d5ade1]
45  /opt/conda/envs/gdf/bin/python(+0x1cca8c) [0x55f618dfaa8c]
46  /opt/conda/envs/gdf/bin/python(PyEval_EvalCode+0x87) [0x55f618dfa9d7]
47  /opt/conda/envs/gdf/bin/python(+0x1fceba) [0x55f618e2aeba]
48  /opt/conda/envs/gdf/bin/python(+0x1f8343) [0x55f618e26343]
49  /opt/conda/envs/gdf/bin/python(PyRun_StringFlags+0x7d) [0x55f618e1eadd]
50  /opt/conda/envs/gdf/bin/python(PyRun_SimpleStringFlags+0x3c) [0x55f618e1e91c]
51  /opt/conda/envs/gdf/bin/python(Py_RunMain+0x3ba) [0x55f618e1db1a]
52  /opt/conda/envs/gdf/bin/python(Py_BytesMain+0x37) [0x55f618dee117]
53  /usr/lib/x86_64-linux-gnu/libc.so.6(__libc_start_main+0xf3) [0x7f02cfd33083]
54  /opt/conda/envs/gdf/bin/python(+0x1c002e) [0x55f618dee02e]
=================================
Task exception was never retrieved
future: <Task finished name='Task-5951' coro=<_listener_handler_coroutine() done, defined at /opt/conda/envs/gdf/lib/python3.10/site-packages/ucp/core.py:142> exception=UCXError('<stream_send>: Connection reset by remote peer')>
Traceback (most recent call last):
  File "/opt/conda/envs/gdf/lib/python3.10/site-packages/ucp/core.py", line 157, in _listener_handler_coroutine
    peer_info = await exchange_peer_info(
  File "/opt/conda/envs/gdf/lib/python3.10/site-packages/ucp/core.py", line 53, in exchange_peer_info
    await asyncio.wait_for(
  File "/opt/conda/envs/gdf/lib/python3.10/asyncio/tasks.py", line 445, in wait_for
    return fut.result()
ucp._libs.exceptions.UCXError: <stream_send>: Connection reset by remote peer
Task exception was never retrieved
future: <Task finished name='Task-5952' coro=<_listener_handler_coroutine() done, defined at /opt/conda/envs/gdf/lib/python3.10/site-packages/ucp/core.py:142> exception=UCXError('<stream_send>: Connection reset by remote peer')>
Traceback (most recent call last):
  File "/opt/conda/envs/gdf/lib/python3.10/site-packages/ucp/core.py", line 157, in _listener_handler_coroutine
    peer_info = await exchange_peer_info(
  File "/opt/conda/envs/gdf/lib/python3.10/site-packages/ucp/core.py", line 53, in exchange_peer_info
    await asyncio.wait_for(
  File "/opt/conda/envs/gdf/lib/python3.10/asyncio/tasks.py", line 445, in wait_for
    return fut.result()
ucp._libs.exceptions.UCXError: <stream_send>: Connection reset by remote peer
[1738912368.922477] [dgx13:76525:0]            sock.c:334  UCX  ERROR   connect(fd=124, dest_addr=127.0.0.1:58609) failed: Connection refused
Task exception was never retrieved
future: <Task finished name='Task-6125' coro=<_listener_handler_coroutine() done, defined at /opt/conda/envs/gdf/lib/python3.10/site-packages/ucp/core.py:142> exception=UCXError('Destination is unreachable')>
Traceback (most recent call last):
  File "/opt/conda/envs/gdf/lib/python3.10/site-packages/ucp/core.py", line 149, in _listener_handler_coroutine
    endpoint = ucx_api.UCXEndpoint.create_from_conn_request(
  File "ucp/_libs/ucx_endpoint.pyx", line 315, in ucp._libs.ucx_api.UCXEndpoint.create_from_conn_request
  File "ucp/_libs/ucx_endpoint.pyx", line 231, in ucp._libs.ucx_api.UCXEndpoint.__init__
  File "ucp/_libs/utils.pyx", line 107, in ucp._libs.ucx_api.assert_ucs_status
ucp._libs.exceptions.UCXError: Destination is unreachable
2025-02-07 07:12:48,921 - distributed.worker - ERROR - failed during get data with ucx://127.0.0.1:42519 -> ucx://127.0.0.1:33143
Traceback (most recent call last):
  File "/opt/conda/envs/gdf/lib/python3.10/site-packages/rapids_dask_dependency/patches/distributed/comm/__rdd_patch_ucx.py", line 337, in write
    await self.ep.send(each_frame)
  File "/opt/conda/envs/gdf/lib/python3.10/site-packages/ucp/core.py", line 673, in send
    return await comm.tag_send(self._ep, buffer, nbytes, tag, name=log)
ucp._libs.exceptions.UCXError: <[Send #007] ep: 0x7f4998fcb140, tag: 0xf9904cde55f951b7, nbytes: 100037184, type: <class 'cudf.core.buffer.buffer.Buffer'>>: Connection reset by remote peer

During handling of the above exception, another exception occurred:

Traceback (most recent call last):
  File "/opt/conda/envs/gdf/lib/python3.10/site-packages/distributed/worker.py", line 1796, in get_data
    compressed = await comm.write(msg, serializers=serializers)
  File "/opt/conda/envs/gdf/lib/python3.10/site-packages/distributed/utils.py", line 805, in wrapper
    return await func(*args, **kwargs)
  File "/opt/conda/envs/gdf/lib/python3.10/site-packages/rapids_dask_dependency/patches/distributed/comm/__rdd_patch_ucx.py", line 341, in write
    raise CommClosedError("While writing, the connection was closed")
distributed.comm.core.CommClosedError: While writing, the connection was closed
[1738912368.922496] [dgx13:76525:0]       wireup_cm.c:1264 UCX  WARN  server ep 0x7f3b151e1340 failed to connect to remote address on device lo, tl_bitmap 0x20 0x0, status Destination is unreachable
[1738912368.923305] [dgx13:76525:0]            sock.c:334  UCX  ERROR   connect(fd=119, dest_addr=127.0.0.1:41359) failed: Connection refused
Task exception was never retrieved
future: <Task finished name='Task-6126' coro=<_listener_handler_coroutine() done, defined at /opt/conda/envs/gdf/lib/python3.10/site-packages/ucp/core.py:142> exception=UCXError('Destination is unreachable')>
Traceback (most recent call last):
  File "/opt/conda/envs/gdf/lib/python3.10/site-packages/ucp/core.py", line 149, in _listener_handler_coroutine
    endpoint = ucx_api.UCXEndpoint.create_from_conn_request(
  File "ucp/_libs/ucx_endpoint.pyx", line 315, in ucp._libs.ucx_api.UCXEndpoint.create_from_conn_request
  File "ucp/_libs/ucx_endpoint.pyx", line 231, in ucp._libs.ucx_api.UCXEndpoint.__init__
  File "ucp/_libs/utils.pyx", line 107, in ucp._libs.ucx_api.assert_ucs_status
ucp._libs.exceptions.UCXError: Destination is unreachable
2025-02-07 07:12:48,924 - distributed.worker - ERROR - failed during get data with ucx://127.0.0.1:42519 -> ucx://127.0.0.1:38449
Traceback (most recent call last):
  File "/opt/conda/envs/gdf/lib/python3.10/site-packages/rapids_dask_dependency/patches/distributed/comm/__rdd_patch_ucx.py", line 337, in write
    await self.ep.send(each_frame)
  File "/opt/conda/envs/gdf/lib/python3.10/site-packages/ucp/core.py", line 673, in send
    return await comm.tag_send(self._ep, buffer, nbytes, tag, name=log)
ucp._libs.exceptions.UCXError: <[Send #007] ep: 0x7f4998fcb480, tag: 0xdc5f060d6b247bb1, nbytes: 99970368, type: <class 'cudf.core.buffer.buffer.Buffer'>>: Connection reset by remote peer

During handling of the above exception, another exception occurred:

Traceback (most recent call last):
  File "/opt/conda/envs/gdf/lib/python3.10/site-packages/distributed/worker.py", line 1796, in get_data
    compressed = await comm.write(msg, serializers=serializers)
  File "/opt/conda/envs/gdf/lib/python3.10/site-packages/distributed/utils.py", line 805, in wrapper
    return await func(*args, **kwargs)
  File "/opt/conda/envs/gdf/lib/python3.10/site-packages/rapids_dask_dependency/patches/distributed/comm/__rdd_patch_ucx.py", line 341, in write
    raise CommClosedError("While writing, the connection was closed")
distributed.comm.core.CommClosedError: While writing, the connection was closed
Task exception was never retrieved
future: <Task finished name='Task-6124' coro=<_listener_handler_coroutine() done, defined at /opt/conda/envs/gdf/lib/python3.10/site-packages/ucp/core.py:142> exception=UCXError('<stream_send>: Connection reset by remote peer')>
Traceback (most recent call last):
  File "/opt/conda/envs/gdf/lib/python3.10/site-packages/ucp/core.py", line 157, in _listener_handler_coroutine
    peer_info = await exchange_peer_info(
  File "/opt/conda/envs/gdf/lib/python3.10/site-packages/ucp/core.py", line 53, in exchange_peer_info
    await asyncio.wait_for(
  File "/opt/conda/envs/gdf/lib/python3.10/asyncio/tasks.py", line 445, in wait_for
    return fut.result()
ucp._libs.exceptions.UCXError: <stream_send>: Connection reset by remote peer
2025-02-07 07:12:48,938 - distributed.worker - ERROR - failed during get data with ucx://127.0.0.1:40683 -> ucx://127.0.0.1:38449
Traceback (most recent call last):
  File "/opt/conda/envs/gdf/lib/python3.10/site-packages/rapids_dask_dependency/patches/distributed/comm/__rdd_patch_ucx.py", line 337, in write
    await self.ep.send(each_frame)
  File "/opt/conda/envs/gdf/lib/python3.10/site-packages/ucp/core.py", line 673, in send
    return await comm.tag_send(self._ep, buffer, nbytes, tag, name=log)
ucp._libs.exceptions.UCXError: <[Send #007] ep: 0x7f88426d61c0, tag: 0x72e3e89a8a44c75f, nbytes: 99993448, type: <class 'cudf.core.buffer.buffer.Buffer'>>: Connection reset by remote peer

During handling of the above exception, another exception occurred:

Traceback (most recent call last):
  File "/opt/conda/envs/gdf/lib/python3.10/site-packages/distributed/worker.py", line 1796, in get_data
    compressed = await comm.write(msg, serializers=serializers)
  File "/opt/conda/envs/gdf/lib/python3.10/site-packages/distributed/utils.py", line 805, in wrapper
    return await func(*args, **kwargs)
  File "/opt/conda/envs/gdf/lib/python3.10/site-packages/rapids_dask_dependency/patches/distributed/comm/__rdd_patch_ucx.py", line 341, in write
    raise CommClosedError("While writing, the connection was closed")
distributed.comm.core.CommClosedError: While writing, the connection was closed
2025-02-07 07:12:48,939 - distributed.worker - ERROR - failed during get data with ucx://127.0.0.1:40683 -> ucx://127.0.0.1:53701
Traceback (most recent call last):
  File "/opt/conda/envs/gdf/lib/python3.10/site-packages/rapids_dask_dependency/patches/distributed/comm/__rdd_patch_ucx.py", line 337, in write
    await self.ep.send(each_frame)
  File "/opt/conda/envs/gdf/lib/python3.10/site-packages/ucp/core.py", line 673, in send
    return await comm.tag_send(self._ep, buffer, nbytes, tag, name=log)
ucp._libs.exceptions.UCXError: <[Send #007] ep: 0x7f88426d6400, tag: 0xea6160ec86da742f, nbytes: 100018424, type: <class 'cudf.core.buffer.buffer.Buffer'>>: Connection reset by remote peer

During handling of the above exception, another exception occurred:

Traceback (most recent call last):
  File "/opt/conda/envs/gdf/lib/python3.10/site-packages/distributed/worker.py", line 1796, in get_data
    compressed = await comm.write(msg, serializers=serializers)
  File "/opt/conda/envs/gdf/lib/python3.10/site-packages/distributed/utils.py", line 805, in wrapper
    return await func(*args, **kwargs)
  File "/opt/conda/envs/gdf/lib/python3.10/site-packages/rapids_dask_dependency/patches/distributed/comm/__rdd_patch_ucx.py", line 341, in write
    raise CommClosedError("While writing, the connection was closed")
distributed.comm.core.CommClosedError: While writing, the connection was closed
2025-02-07 07:12:48,975 - distributed.nanny - WARNING - Restarting worker
2025-02-07 07:12:49,058 - distributed.nanny - WARNING - Restarting worker
Task exception was never retrieved
future: <Task finished name='Task-6132' coro=<_listener_handler_coroutine() done, defined at /opt/conda/envs/gdf/lib/python3.10/site-packages/ucp/core.py:142> exception=UCXError('<stream_send>: Connection reset by remote peer')>
Traceback (most recent call last):
  File "/opt/conda/envs/gdf/lib/python3.10/site-packages/ucp/core.py", line 157, in _listener_handler_coroutine
    peer_info = await exchange_peer_info(
  File "/opt/conda/envs/gdf/lib/python3.10/site-packages/ucp/core.py", line 53, in exchange_peer_info
    await asyncio.wait_for(
  File "/opt/conda/envs/gdf/lib/python3.10/asyncio/tasks.py", line 445, in wait_for
    return fut.result()
ucp._libs.exceptions.UCXError: <stream_send>: Connection reset by remote peer
Task exception was never retrieved
future: <Task finished name='Task-6100' coro=<_listener_handler_coroutine() done, defined at /opt/conda/envs/gdf/lib/python3.10/site-packages/ucp/core.py:142> exception=UCXError('<stream_send>: Connection reset by remote peer')>
Traceback (most recent call last):
  File "/opt/conda/envs/gdf/lib/python3.10/site-packages/ucp/core.py", line 157, in _listener_handler_coroutine
    peer_info = await exchange_peer_info(
  File "/opt/conda/envs/gdf/lib/python3.10/site-packages/ucp/core.py", line 53, in exchange_peer_info
    await asyncio.wait_for(
  File "/opt/conda/envs/gdf/lib/python3.10/asyncio/tasks.py", line 445, in wait_for
    return fut.result()
ucp._libs.exceptions.UCXError: <stream_send>: Connection reset by remote peer
2025-02-07 07:12:49,151 - distributed.nanny - WARNING - Restarting worker
2025-02-07 07:12:49,429 - distributed.worker - ERROR - failed during get data with ucx://127.0.0.1:44999 -> ucx://127.0.0.1:46887
Traceback (most recent call last):
  File "/opt/conda/envs/gdf/lib/python3.10/site-packages/rapids_dask_dependency/patches/distributed/comm/__rdd_patch_ucx.py", line 337, in write
    await self.ep.send(each_frame)
  File "/opt/conda/envs/gdf/lib/python3.10/site-packages/ucp/core.py", line 673, in send
    return await comm.tag_send(self._ep, buffer, nbytes, tag, name=log)
ucp._libs.exceptions.UCXError: <[Send #007] ep: 0x7f844404b140, tag: 0x6c5ca38397f0e45a, nbytes: 100007528, type: <class 'cudf.core.buffer.buffer.Buffer'>>: Connection reset by remote peer

During handling of the above exception, another exception occurred:

Traceback (most recent call last):
  File "/opt/conda/envs/gdf/lib/python3.10/site-packages/distributed/worker.py", line 1796, in get_data
    compressed = await comm.write(msg, serializers=serializers)
  File "/opt/conda/envs/gdf/lib/python3.10/site-packages/distributed/utils.py", line 805, in wrapper
    return await func(*args, **kwargs)
  File "/opt/conda/envs/gdf/lib/python3.10/site-packages/rapids_dask_dependency/patches/distributed/comm/__rdd_patch_ucx.py", line 341, in write
    raise CommClosedError("While writing, the connection was closed")
distributed.comm.core.CommClosedError: While writing, the connection was closed
2025-02-07 07:12:49,479 - distributed.nanny - WARNING - Restarting worker
[1738912369.487426] [dgx13:76551:0]            sock.c:334  UCX  ERROR   connect(fd=117, dest_addr=127.0.0.1:52847) failed: Connection refused
Task exception was never retrieved
future: <Task finished name='Task-6071' coro=<_listener_handler_coroutine() done, defined at /opt/conda/envs/gdf/lib/python3.10/site-packages/ucp/core.py:142> exception=UCXError('Destination is unreachable')>
Traceback (most recent call last):
  File "/opt/conda/envs/gdf/lib/python3.10/site-packages/ucp/core.py", line 149, in _listener_handler_coroutine
    endpoint = ucx_api.UCXEndpoint.create_from_conn_request(
  File "ucp/_libs/ucx_endpoint.pyx", line 315, in ucp._libs.ucx_api.UCXEndpoint.create_from_conn_request
  File "ucp/_libs/ucx_endpoint.pyx", line 231, in ucp._libs.ucx_api.UCXEndpoint.__init__
  File "ucp/_libs/utils.pyx", line 107, in ucp._libs.ucx_api.assert_ucs_status
ucp._libs.exceptions.UCXError: Destination is unreachable
Task exception was never retrieved
future: <Task finished name='Task-5962' coro=<_listener_handler_coroutine() done, defined at /opt/conda/envs/gdf/lib/python3.10/site-packages/ucp/core.py:142> exception=UCXError('<stream_send>: Connection reset by remote peer')>
Traceback (most recent call last):
  File "/opt/conda/envs/gdf/lib/python3.10/site-packages/ucp/core.py", line 157, in _listener_handler_coroutine
    peer_info = await exchange_peer_info(
  File "/opt/conda/envs/gdf/lib/python3.10/site-packages/ucp/core.py", line 53, in exchange_peer_info
    await asyncio.wait_for(
  File "/opt/conda/envs/gdf/lib/python3.10/asyncio/tasks.py", line 445, in wait_for
    return fut.result()
ucp._libs.exceptions.UCXError: <stream_send>: Connection reset by remote peer
/opt/conda/envs/gdf/lib/python3.10/multiprocessing/resource_tracker.py:224: UserWarning: resource_tracker: There appear to be 48 leaked semaphore objects to clean up at shutdown
  warnings.warn('resource_tracker: There appear to be %d '
