[dgx13:84131:0:84131] Caught signal 11 (Segmentation fault: address not mapped to object at address 0x450)
==== backtrace (tid:  84131) ====
 0  /opt/conda/envs/gdf/lib/libucs.so.0(ucs_handle_error+0x2fd) [0x7f7e14dcccfd]
 1  /opt/conda/envs/gdf/lib/libucs.so.0(+0x2def4) [0x7f7e14dccef4]
 2  /opt/conda/envs/gdf/lib/libucs.so.0(+0x2e0ba) [0x7f7e14dcd0ba]
 3  /usr/lib/x86_64-linux-gnu/libpthread.so.0(+0x14420) [0x7f7e516cb420]
 4  /opt/conda/envs/gdf/lib/libucp.so.0(ucp_mem_type_unpack+0x17) [0x7f7e14e50197]
 5  /opt/conda/envs/gdf/lib/libucp.so.0(ucp_rndv_data_handler+0x65d) [0x7f7e14e7a64d]
 6  /opt/conda/envs/gdf/lib/libuct.so.0(+0x21bdf) [0x7f7e14d82bdf]
 7  /opt/conda/envs/gdf/lib/libuct.so.0(+0x24db8) [0x7f7e14d85db8]
 8  /opt/conda/envs/gdf/lib/libucs.so.0(ucs_event_set_wait+0xb9) [0x7f7e14dd6619]
 9  /opt/conda/envs/gdf/lib/libuct.so.0(uct_tcp_iface_progress+0x7d) [0x7f7e14d84ecd]
10  /opt/conda/envs/gdf/lib/libucp.so.0(ucp_worker_progress+0x5a) [0x7f7e14e4ceea]
11  /opt/conda/envs/gdf/lib/python3.10/site-packages/ucp/_libs/ucx_api.cpython-310-x86_64-linux-gnu.so(+0x31d7a) [0x7f7e14f0dd7a]
12  /opt/conda/envs/gdf/bin/python(_PyEval_EvalFrameDefault+0x2d62) [0x556c91407ce2]
13  /opt/conda/envs/gdf/bin/python(_PyFunction_Vectorcall+0x6c) [0x556c914150cc]
14  /opt/conda/envs/gdf/bin/python(_PyEval_EvalFrameDefault+0x700) [0x556c91405680]
15  /opt/conda/envs/gdf/bin/python(+0x147764) [0x556c91420764]
16  /opt/conda/envs/gdf/bin/python(+0x25292c) [0x556c9152b92c]
17  /opt/conda/envs/gdf/bin/python(+0xf7850) [0x556c913d0850]
18  /opt/conda/envs/gdf/bin/python(+0x133703) [0x556c9140c703]
19  /opt/conda/envs/gdf/bin/python(_PyEval_EvalFrameDefault+0x596c) [0x556c9140a8ec]
20  /opt/conda/envs/gdf/bin/python(_PyFunction_Vectorcall+0x6c) [0x556c914150cc]
21  /opt/conda/envs/gdf/bin/python(_PyEval_EvalFrameDefault+0x700) [0x556c91405680]
22  /opt/conda/envs/gdf/bin/python(_PyFunction_Vectorcall+0x6c) [0x556c914150cc]
23  /opt/conda/envs/gdf/bin/python(_PyEval_EvalFrameDefault+0x700) [0x556c91405680]
24  /opt/conda/envs/gdf/bin/python(_PyFunction_Vectorcall+0x6c) [0x556c914150cc]
25  /opt/conda/envs/gdf/bin/python(_PyEval_EvalFrameDefault+0x700) [0x556c91405680]
26  /opt/conda/envs/gdf/bin/python(_PyFunction_Vectorcall+0x6c) [0x556c914150cc]
27  /opt/conda/envs/gdf/bin/python(_PyEval_EvalFrameDefault+0x700) [0x556c91405680]
28  /opt/conda/envs/gdf/bin/python(_PyFunction_Vectorcall+0x6c) [0x556c914150cc]
29  /opt/conda/envs/gdf/bin/python(_PyEval_EvalFrameDefault+0x133e) [0x556c914062be]
30  /opt/conda/envs/gdf/bin/python(+0x1474e2) [0x556c914204e2]
31  /opt/conda/envs/gdf/bin/python(PyObject_Call+0xbc) [0x556c91420e7c]
32  /opt/conda/envs/gdf/bin/python(+0x1ff38d) [0x556c914d838d]
33  /opt/conda/envs/gdf/bin/python(_PyObject_MakeTpCall+0x2d3) [0x556c9140df73]
34  /opt/conda/envs/gdf/bin/python(_PyEval_EvalFrameDefault+0x2d62) [0x556c91407ce2]
35  /opt/conda/envs/gdf/bin/python(+0x147638) [0x556c91420638]
36  /opt/conda/envs/gdf/bin/python(_PyEval_EvalFrameDefault+0x2d62) [0x556c91407ce2]
37  /opt/conda/envs/gdf/bin/python(_PyFunction_Vectorcall+0x6c) [0x556c914150cc]
38  /opt/conda/envs/gdf/bin/python(_PyEval_EvalFrameDefault+0x700) [0x556c91405680]
39  /opt/conda/envs/gdf/bin/python(_PyFunction_Vectorcall+0x6c) [0x556c914150cc]
40  /opt/conda/envs/gdf/bin/python(_PyEval_EvalFrameDefault+0x700) [0x556c91405680]
41  /opt/conda/envs/gdf/bin/python(_PyFunction_Vectorcall+0x6c) [0x556c914150cc]
42  /opt/conda/envs/gdf/bin/python(_PyEval_EvalFrameDefault+0x30c) [0x556c9140528c]
43  /opt/conda/envs/gdf/bin/python(_PyFunction_Vectorcall+0x6c) [0x556c914150cc]
44  /opt/conda/envs/gdf/bin/python(_PyEval_EvalFrameDefault+0x133e) [0x556c914062be]
45  /opt/conda/envs/gdf/bin/python(+0x1cc80c) [0x556c914a580c]
46  /opt/conda/envs/gdf/bin/python(PyEval_EvalCode+0x87) [0x556c914a5757]
47  /opt/conda/envs/gdf/bin/python(+0x1fcb1a) [0x556c914d5b1a]
48  /opt/conda/envs/gdf/bin/python(+0x1f7fa3) [0x556c914d0fa3]
49  /opt/conda/envs/gdf/bin/python(PyRun_StringFlags+0x7d) [0x556c914c973d]
50  /opt/conda/envs/gdf/bin/python(PyRun_SimpleStringFlags+0x3c) [0x556c914c957c]
51  /opt/conda/envs/gdf/bin/python(Py_RunMain+0x3ba) [0x556c914c877a]
52  /opt/conda/envs/gdf/bin/python(Py_BytesMain+0x37) [0x556c91498e97]
53  /usr/lib/x86_64-linux-gnu/libc.so.6(__libc_start_main+0xf3) [0x7f7e5138f083]
54  /opt/conda/envs/gdf/bin/python(+0x1bfdae) [0x556c91498dae]
=================================
[dgx13:84144:0:84144] Caught signal 11 (Segmentation fault: address not mapped to object at address 0x450)
==== backtrace (tid:  84144) ====
 0  /opt/conda/envs/gdf/lib/libucs.so.0(ucs_handle_error+0x2fd) [0x7f11a93b1cfd]
 1  /opt/conda/envs/gdf/lib/libucs.so.0(+0x2def4) [0x7f11a93b1ef4]
 2  /opt/conda/envs/gdf/lib/libucs.so.0(+0x2e0ba) [0x7f11a93b20ba]
 3  /usr/lib/x86_64-linux-gnu/libpthread.so.0(+0x14420) [0x7f11e9ed8420]
 4  /opt/conda/envs/gdf/lib/libucp.so.0(ucp_mem_type_unpack+0x17) [0x7f11a9435197]
 5  /opt/conda/envs/gdf/lib/libucp.so.0(ucp_rndv_data_handler+0x65d) [0x7f11a945f64d]
 6  /opt/conda/envs/gdf/lib/libuct.so.0(+0x21bdf) [0x7f11a9367bdf]
 7  /opt/conda/envs/gdf/lib/libuct.so.0(+0x24db8) [0x7f11a936adb8]
 8  /opt/conda/envs/gdf/lib/libucs.so.0(ucs_event_set_wait+0xb9) [0x7f11a93bb619]
 9  /opt/conda/envs/gdf/lib/libuct.so.0(uct_tcp_iface_progress+0x7d) [0x7f11a9369ecd]
10  /opt/conda/envs/gdf/lib/libucp.so.0(ucp_worker_progress+0x5a) [0x7f11a9431eea]
11  /opt/conda/envs/gdf/lib/python3.10/site-packages/ucp/_libs/ucx_api.cpython-310-x86_64-linux-gnu.so(+0x31d7a) [0x7f11a94f2d7a]
12  /opt/conda/envs/gdf/bin/python(_PyEval_EvalFrameDefault+0x2d62) [0x5572be249ce2]
13  /opt/conda/envs/gdf/bin/python(_PyFunction_Vectorcall+0x6c) [0x5572be2570cc]
14  /opt/conda/envs/gdf/bin/python(_PyEval_EvalFrameDefault+0x700) [0x5572be247680]
15  /opt/conda/envs/gdf/bin/python(+0x147764) [0x5572be262764]
16  /opt/conda/envs/gdf/bin/python(+0x25292c) [0x5572be36d92c]
17  /opt/conda/envs/gdf/bin/python(+0xf7850) [0x5572be212850]
18  /opt/conda/envs/gdf/bin/python(+0x133703) [0x5572be24e703]
19  /opt/conda/envs/gdf/bin/python(_PyEval_EvalFrameDefault+0x596c) [0x5572be24c8ec]
20  /opt/conda/envs/gdf/bin/python(_PyFunction_Vectorcall+0x6c) [0x5572be2570cc]
21  /opt/conda/envs/gdf/bin/python(_PyEval_EvalFrameDefault+0x700) [0x5572be247680]
22  /opt/conda/envs/gdf/bin/python(_PyFunction_Vectorcall+0x6c) [0x5572be2570cc]
23  /opt/conda/envs/gdf/bin/python(_PyEval_EvalFrameDefault+0x700) [0x5572be247680]
24  /opt/conda/envs/gdf/bin/python(_PyFunction_Vectorcall+0x6c) [0x5572be2570cc]
25  /opt/conda/envs/gdf/bin/python(_PyEval_EvalFrameDefault+0x700) [0x5572be247680]
26  /opt/conda/envs/gdf/bin/python(_PyFunction_Vectorcall+0x6c) [0x5572be2570cc]
27  /opt/conda/envs/gdf/bin/python(_PyEval_EvalFrameDefault+0x700) [0x5572be247680]
28  /opt/conda/envs/gdf/bin/python(_PyFunction_Vectorcall+0x6c) [0x5572be2570cc]
29  /opt/conda/envs/gdf/bin/python(_PyEval_EvalFrameDefault+0x133e) [0x5572be2482be]
30  /opt/conda/envs/gdf/bin/python(+0x1474e2) [0x5572be2624e2]
31  /opt/conda/envs/gdf/bin/python(PyObject_Call+0xbc) [0x5572be262e7c]
32  /opt/conda/envs/gdf/bin/python(+0x1ff38d) [0x5572be31a38d]
33  /opt/conda/envs/gdf/bin/python(_PyObject_MakeTpCall+0x2d3) [0x5572be24ff73]
34  /opt/conda/envs/gdf/bin/python(_PyEval_EvalFrameDefault+0x2d62) [0x5572be249ce2]
35  /opt/conda/envs/gdf/bin/python(+0x147638) [0x5572be262638]
36  /opt/conda/envs/gdf/bin/python(_PyEval_EvalFrameDefault+0x2d62) [0x5572be249ce2]
37  /opt/conda/envs/gdf/bin/python(_PyFunction_Vectorcall+0x6c) [0x5572be2570cc]
38  /opt/conda/envs/gdf/bin/python(_PyEval_EvalFrameDefault+0x700) [0x5572be247680]
39  /opt/conda/envs/gdf/bin/python(_PyFunction_Vectorcall+0x6c) [0x5572be2570cc]
40  /opt/conda/envs/gdf/bin/python(_PyEval_EvalFrameDefault+0x700) [0x5572be247680]
41  /opt/conda/envs/gdf/bin/python(_PyFunction_Vectorcall+0x6c) [0x5572be2570cc]
42  /opt/conda/envs/gdf/bin/python(_PyEval_EvalFrameDefault+0x30c) [0x5572be24728c]
43  /opt/conda/envs/gdf/bin/python(_PyFunction_Vectorcall+0x6c) [0x5572be2570cc]
44  /opt/conda/envs/gdf/bin/python(_PyEval_EvalFrameDefault+0x133e) [0x5572be2482be]
45  /opt/conda/envs/gdf/bin/python(+0x1cc80c) [0x5572be2e780c]
46  /opt/conda/envs/gdf/bin/python(PyEval_EvalCode+0x87) [0x5572be2e7757]
47  /opt/conda/envs/gdf/bin/python(+0x1fcb1a) [0x5572be317b1a]
48  /opt/conda/envs/gdf/bin/python(+0x1f7fa3) [0x5572be312fa3]
49  /opt/conda/envs/gdf/bin/python(PyRun_StringFlags+0x7d) [0x5572be30b73d]
50  /opt/conda/envs/gdf/bin/python(PyRun_SimpleStringFlags+0x3c) [0x5572be30b57c]
51  /opt/conda/envs/gdf/bin/python(Py_RunMain+0x3ba) [0x5572be30a77a]
52  /opt/conda/envs/gdf/bin/python(Py_BytesMain+0x37) [0x5572be2dae97]
53  /usr/lib/x86_64-linux-gnu/libc.so.6(__libc_start_main+0xf3) [0x7f11e9b9c083]
54  /opt/conda/envs/gdf/bin/python(+0x1bfdae) [0x5572be2dadae]
=================================
2024-10-18 07:03:08,504 - distributed.scheduler - WARNING - Removing worker 'ucx://127.0.0.1:51261' caused the cluster to lose already computed task(s), which will be recomputed elsewhere: {('random_sample-cb66fcc1687bd291bff7032082c4626d', 6, 2), ('random_sample-cb66fcc1687bd291bff7032082c4626d', 7, 7), ('random_sample-cb66fcc1687bd291bff7032082c4626d', 4, 7), ('random_sample-cb66fcc1687bd291bff7032082c4626d', 8, 0), ('random_sample-cb66fcc1687bd291bff7032082c4626d', 7, 3), ('random_sample-cb66fcc1687bd291bff7032082c4626d', 8, 7), ('random_sample-cb66fcc1687bd291bff7032082c4626d', 2, 3), ('random_sample-cb66fcc1687bd291bff7032082c4626d', 4, 0), ('random_sample-cb66fcc1687bd291bff7032082c4626d', 1, 0), ('random_sample-cb66fcc1687bd291bff7032082c4626d', 1, 9), ('sum-cd1c48db4965fd9666834163f64376da', 7, 7), ('random_sample-cb66fcc1687bd291bff7032082c4626d', 4, 9), ('random_sample-cb66fcc1687bd291bff7032082c4626d', 9, 5)} (stimulus_id='handle-worker-cleanup-1729234988.5039883')
2024-10-18 07:03:08,503 - distributed.worker - ERROR - Worker stream died during communication: ucx://127.0.0.1:51261
Traceback (most recent call last):
  File "/opt/conda/envs/gdf/lib/python3.10/site-packages/distributed/comm/ucx.py", line 351, in read
    await self.ep.recv(msg)
  File "/opt/conda/envs/gdf/lib/python3.10/site-packages/ucp/core.py", line 737, in recv
    ret = await comm.tag_recv(self._ep, buffer, nbytes, tag, name=log)
ucp._libs.exceptions.UCXCanceled: <[Recv #000] ep: 0x7f39f470f0c0, tag: 0xf25692b700083021, nbytes: 16, type: <class 'numpy.ndarray'>>: 

During handling of the above exception, another exception occurred:

Traceback (most recent call last):
  File "/opt/conda/envs/gdf/lib/python3.10/site-packages/distributed/worker.py", line 2056, in gather_dep
    response = await get_data_from_worker(
  File "/opt/conda/envs/gdf/lib/python3.10/site-packages/distributed/worker.py", line 2871, in get_data_from_worker
    comm = await rpc.connect(worker)
  File "/opt/conda/envs/gdf/lib/python3.10/site-packages/distributed/core.py", line 1535, in connect
    return connect_attempt.result()
  File "/opt/conda/envs/gdf/lib/python3.10/site-packages/distributed/core.py", line 1425, in _connect
    comm = await connect(
  File "/opt/conda/envs/gdf/lib/python3.10/site-packages/distributed/comm/core.py", line 377, in connect
    handshake = await comm.read()
  File "/opt/conda/envs/gdf/lib/python3.10/site-packages/distributed/utils.py", line 806, in wrapper
    return await func(*args, **kwargs)
  File "/opt/conda/envs/gdf/lib/python3.10/site-packages/distributed/comm/ucx.py", line 369, in read
    raise CommClosedError(
distributed.comm.core.CommClosedError: Connection closed by writer.
Inner exception: UCXCanceled("<[Recv #000] ep: 0x7f39f470f0c0, tag: 0xf25692b700083021, nbytes: 16, type: <class 'numpy.ndarray'>>: ")
[dgx13:84152:0:84152] Caught signal 11 (Segmentation fault: address not mapped to object at address 0x450)
==== backtrace (tid:  84152) ====
 0  /opt/conda/envs/gdf/lib/libucs.so.0(ucs_handle_error+0x2fd) [0x7f39f523bcfd]
 1  /opt/conda/envs/gdf/lib/libucs.so.0(+0x2def4) [0x7f39f523bef4]
 2  /opt/conda/envs/gdf/lib/libucs.so.0(+0x2e0ba) [0x7f39f523c0ba]
 3  /usr/lib/x86_64-linux-gnu/libpthread.so.0(+0x14420) [0x7f3a35d35420]
 4  /opt/conda/envs/gdf/lib/libucp.so.0(ucp_mem_type_unpack+0x17) [0x7f39f52bf197]
 5  /opt/conda/envs/gdf/lib/libucp.so.0(ucp_rndv_data_handler+0x65d) [0x7f39f52e964d]
 6  /opt/conda/envs/gdf/lib/libuct.so.0(+0x21bdf) [0x7f39f51f1bdf]
 7  /opt/conda/envs/gdf/lib/libuct.so.0(+0x24db8) [0x7f39f51f4db8]
 8  /opt/conda/envs/gdf/lib/libucs.so.0(ucs_event_set_wait+0xb9) [0x7f39f5245619]
 9  /opt/conda/envs/gdf/lib/libuct.so.0(uct_tcp_iface_progress+0x7d) [0x7f39f51f3ecd]
10  /opt/conda/envs/gdf/lib/libucp.so.0(ucp_worker_progress+0x5a) [0x7f39f52bbeea]
11  /opt/conda/envs/gdf/lib/python3.10/site-packages/ucp/_libs/ucx_api.cpython-310-x86_64-linux-gnu.so(+0x31d7a) [0x7f39f537cd7a]
12  /opt/conda/envs/gdf/bin/python(_PyEval_EvalFrameDefault+0x2d62) [0x55fc5e062ce2]
13  /opt/conda/envs/gdf/bin/python(_PyFunction_Vectorcall+0x6c) [0x55fc5e0700cc]
14  /opt/conda/envs/gdf/bin/python(_PyEval_EvalFrameDefault+0x700) [0x55fc5e060680]
15  /opt/conda/envs/gdf/bin/python(+0x147764) [0x55fc5e07b764]
16  /opt/conda/envs/gdf/bin/python(+0x25292c) [0x55fc5e18692c]
17  /opt/conda/envs/gdf/bin/python(+0xf7850) [0x55fc5e02b850]
18  /opt/conda/envs/gdf/bin/python(+0x133703) [0x55fc5e067703]
19  /opt/conda/envs/gdf/bin/python(_PyEval_EvalFrameDefault+0x596c) [0x55fc5e0658ec]
20  /opt/conda/envs/gdf/bin/python(_PyFunction_Vectorcall+0x6c) [0x55fc5e0700cc]
21  /opt/conda/envs/gdf/bin/python(_PyEval_EvalFrameDefault+0x700) [0x55fc5e060680]
22  /opt/conda/envs/gdf/bin/python(_PyFunction_Vectorcall+0x6c) [0x55fc5e0700cc]
23  /opt/conda/envs/gdf/bin/python(_PyEval_EvalFrameDefault+0x700) [0x55fc5e060680]
24  /opt/conda/envs/gdf/bin/python(_PyFunction_Vectorcall+0x6c) [0x55fc5e0700cc]
25  /opt/conda/envs/gdf/bin/python(_PyEval_EvalFrameDefault+0x700) [0x55fc5e060680]
26  /opt/conda/envs/gdf/bin/python(_PyFunction_Vectorcall+0x6c) [0x55fc5e0700cc]
27  /opt/conda/envs/gdf/bin/python(_PyEval_EvalFrameDefault+0x700) [0x55fc5e060680]
28  /opt/conda/envs/gdf/bin/python(_PyFunction_Vectorcall+0x6c) [0x55fc5e0700cc]
29  /opt/conda/envs/gdf/bin/python(_PyEval_EvalFrameDefault+0x133e) [0x55fc5e0612be]
30  /opt/conda/envs/gdf/bin/python(+0x1474e2) [0x55fc5e07b4e2]
31  /opt/conda/envs/gdf/bin/python(PyObject_Call+0xbc) [0x55fc5e07be7c]
32  /opt/conda/envs/gdf/bin/python(+0x1ff38d) [0x55fc5e13338d]
33  /opt/conda/envs/gdf/bin/python(_PyObject_MakeTpCall+0x2d3) [0x55fc5e068f73]
34  /opt/conda/envs/gdf/bin/python(_PyEval_EvalFrameDefault+0x2d62) [0x55fc5e062ce2]
35  /opt/conda/envs/gdf/bin/python(+0x147638) [0x55fc5e07b638]
36  /opt/conda/envs/gdf/bin/python(_PyEval_EvalFrameDefault+0x2d62) [0x55fc5e062ce2]
37  /opt/conda/envs/gdf/bin/python(_PyFunction_Vectorcall+0x6c) [0x55fc5e0700cc]
38  /opt/conda/envs/gdf/bin/python(_PyEval_EvalFrameDefault+0x700) [0x55fc5e060680]
39  /opt/conda/envs/gdf/bin/python(_PyFunction_Vectorcall+0x6c) [0x55fc5e0700cc]
40  /opt/conda/envs/gdf/bin/python(_PyEval_EvalFrameDefault+0x700) [0x55fc5e060680]
41  /opt/conda/envs/gdf/bin/python(_PyFunction_Vectorcall+0x6c) [0x55fc5e0700cc]
42  /opt/conda/envs/gdf/bin/python(_PyEval_EvalFrameDefault+0x30c) [0x55fc5e06028c]
43  /opt/conda/envs/gdf/bin/python(_PyFunction_Vectorcall+0x6c) [0x55fc5e0700cc]
44  /opt/conda/envs/gdf/bin/python(_PyEval_EvalFrameDefault+0x133e) [0x55fc5e0612be]
45  /opt/conda/envs/gdf/bin/python(+0x1cc80c) [0x55fc5e10080c]
46  /opt/conda/envs/gdf/bin/python(PyEval_EvalCode+0x87) [0x55fc5e100757]
47  /opt/conda/envs/gdf/bin/python(+0x1fcb1a) [0x55fc5e130b1a]
48  /opt/conda/envs/gdf/bin/python(+0x1f7fa3) [0x55fc5e12bfa3]
49  /opt/conda/envs/gdf/bin/python(PyRun_StringFlags+0x7d) [0x55fc5e12473d]
50  /opt/conda/envs/gdf/bin/python(PyRun_SimpleStringFlags+0x3c) [0x55fc5e12457c]
51  /opt/conda/envs/gdf/bin/python(Py_RunMain+0x3ba) [0x55fc5e12377a]
52  /opt/conda/envs/gdf/bin/python(Py_BytesMain+0x37) [0x55fc5e0f3e97]
53  /usr/lib/x86_64-linux-gnu/libc.so.6(__libc_start_main+0xf3) [0x7f3a359f9083]
54  /opt/conda/envs/gdf/bin/python(+0x1bfdae) [0x55fc5e0f3dae]
=================================
2024-10-18 07:03:08,568 - distributed.worker - ERROR - Worker stream died during communication: ucx://127.0.0.1:51261
Traceback (most recent call last):
  File "/opt/conda/envs/gdf/lib/python3.10/site-packages/distributed/comm/ucx.py", line 351, in read
    await self.ep.recv(msg)
  File "/opt/conda/envs/gdf/lib/python3.10/site-packages/ucp/core.py", line 737, in recv
    ret = await comm.tag_recv(self._ep, buffer, nbytes, tag, name=log)
ucp._libs.exceptions.UCXCanceled: <[Recv #008] ep: 0x7f47815950c0, tag: 0x2a0e5c0aa2fca4d0, nbytes: 16, type: <class 'numpy.ndarray'>>: 

During handling of the above exception, another exception occurred:

Traceback (most recent call last):
  File "/opt/conda/envs/gdf/lib/python3.10/site-packages/distributed/worker.py", line 2056, in gather_dep
    response = await get_data_from_worker(
  File "/opt/conda/envs/gdf/lib/python3.10/site-packages/distributed/worker.py", line 2874, in get_data_from_worker
    response = await send_recv(
  File "/opt/conda/envs/gdf/lib/python3.10/site-packages/distributed/core.py", line 1015, in send_recv
    response = await comm.read(deserializers=deserializers)
  File "/opt/conda/envs/gdf/lib/python3.10/site-packages/distributed/utils.py", line 806, in wrapper
    return await func(*args, **kwargs)
  File "/opt/conda/envs/gdf/lib/python3.10/site-packages/distributed/comm/ucx.py", line 369, in read
    raise CommClosedError(
distributed.comm.core.CommClosedError: Connection closed by writer.
Inner exception: UCXCanceled("<[Recv #008] ep: 0x7f47815950c0, tag: 0x2a0e5c0aa2fca4d0, nbytes: 16, type: <class 'numpy.ndarray'>>: ")
2024-10-18 07:03:08,628 - distributed.nanny - WARNING - Restarting worker
2024-10-18 07:03:08,625 - distributed.worker - ERROR - failed during get data with ucx://127.0.0.1:36765 -> ucx://127.0.0.1:51261
Traceback (most recent call last):
  File "/opt/conda/envs/gdf/lib/python3.10/site-packages/distributed/comm/ucx.py", line 335, in write
    await self.ep.send(each_frame)
  File "/opt/conda/envs/gdf/lib/python3.10/site-packages/ucp/core.py", line 662, in send
    return await comm.tag_send(self._ep, buffer, nbytes, tag, name=log)
ucp._libs.exceptions.UCXError: <[Send #007] ep: 0x7fb57ebe9240, tag: 0x526c89d13193997d, nbytes: 50000000, type: <class 'cupy.ndarray'>>: Connection reset by remote peer

During handling of the above exception, another exception occurred:

Traceback (most recent call last):
  File "/opt/conda/envs/gdf/lib/python3.10/site-packages/distributed/worker.py", line 1777, in get_data
    compressed = await comm.write(msg, serializers=serializers)
  File "/opt/conda/envs/gdf/lib/python3.10/site-packages/distributed/utils.py", line 806, in wrapper
    return await func(*args, **kwargs)
  File "/opt/conda/envs/gdf/lib/python3.10/site-packages/distributed/comm/ucx.py", line 339, in write
    raise CommClosedError("While writing, the connection was closed")
distributed.comm.core.CommClosedError: While writing, the connection was closed
2024-10-18 07:03:08,633 - distributed.worker - ERROR - Worker stream died during communication: ucx://127.0.0.1:51261
Traceback (most recent call last):
  File "/opt/conda/envs/gdf/lib/python3.10/site-packages/distributed/comm/ucx.py", line 393, in read
    await self.ep.recv(each_frame)
  File "/opt/conda/envs/gdf/lib/python3.10/site-packages/ucp/core.py", line 737, in recv
    ret = await comm.tag_recv(self._ep, buffer, nbytes, tag, name=log)
ucp._libs.exceptions.UCXError: <[Recv #007] ep: 0x7fb57ebe9180, tag: 0x2cb1898358597933, nbytes: 50000000, type: <class 'rmm._lib.device_buffer.DeviceBuffer'>>: Connection reset by remote peer

During handling of the above exception, another exception occurred:

Traceback (most recent call last):
  File "/opt/conda/envs/gdf/lib/python3.10/site-packages/distributed/worker.py", line 2056, in gather_dep
    response = await get_data_from_worker(
  File "/opt/conda/envs/gdf/lib/python3.10/site-packages/distributed/worker.py", line 2874, in get_data_from_worker
    response = await send_recv(
  File "/opt/conda/envs/gdf/lib/python3.10/site-packages/distributed/core.py", line 1015, in send_recv
    response = await comm.read(deserializers=deserializers)
  File "/opt/conda/envs/gdf/lib/python3.10/site-packages/distributed/utils.py", line 806, in wrapper
    return await func(*args, **kwargs)
  File "/opt/conda/envs/gdf/lib/python3.10/site-packages/distributed/comm/ucx.py", line 399, in read
    raise CommClosedError(
distributed.comm.core.CommClosedError: Connection closed by writer.
Inner exception: UCXError("<[Recv #007] ep: 0x7fb57ebe9180, tag: 0x2cb1898358597933, nbytes: 50000000, type: <class 'rmm._lib.device_buffer.DeviceBuffer'>>: Connection reset by remote peer")
2024-10-18 07:03:08,680 - distributed.scheduler - WARNING - Removing worker 'ucx://127.0.0.1:32821' caused the cluster to lose already computed task(s), which will be recomputed elsewhere: {('random_sample-cb66fcc1687bd291bff7032082c4626d', 3, 8), ('random_sample-cb66fcc1687bd291bff7032082c4626d', 1, 1), ('sum-cd1c48db4965fd9666834163f64376da', 3, 6), ('random_sample-cb66fcc1687bd291bff7032082c4626d', 5, 7), ('sum-cd1c48db4965fd9666834163f64376da', 6, 3), ('random_sample-cb66fcc1687bd291bff7032082c4626d', 2, 4), ('random_sample-cb66fcc1687bd291bff7032082c4626d', 3, 4), ('random_sample-cb66fcc1687bd291bff7032082c4626d', 9, 4), ('sum-cd1c48db4965fd9666834163f64376da', 1, 1), ('random_sample-cb66fcc1687bd291bff7032082c4626d', 2, 0), ('random_sample-cb66fcc1687bd291bff7032082c4626d', 8, 6), ('random_sample-cb66fcc1687bd291bff7032082c4626d', 5, 2), ('random_sample-cb66fcc1687bd291bff7032082c4626d', 6, 3)} (stimulus_id='handle-worker-cleanup-1729234988.6797214')
2024-10-18 07:03:08,679 - distributed.worker - ERROR - Worker stream died during communication: ucx://127.0.0.1:32821
Traceback (most recent call last):
  File "/opt/conda/envs/gdf/lib/python3.10/site-packages/distributed/comm/ucx.py", line 351, in read
    await self.ep.recv(msg)
  File "/opt/conda/envs/gdf/lib/python3.10/site-packages/ucp/core.py", line 737, in recv
    ret = await comm.tag_recv(self._ep, buffer, nbytes, tag, name=log)
ucp._libs.exceptions.UCXCanceled: <[Recv #003] ep: 0x7fe5c2f3c140, tag: 0xfad64d8c1283193b, nbytes: 16, type: <class 'numpy.ndarray'>>: 

During handling of the above exception, another exception occurred:

Traceback (most recent call last):
  File "/opt/conda/envs/gdf/lib/python3.10/site-packages/distributed/worker.py", line 2056, in gather_dep
    response = await get_data_from_worker(
  File "/opt/conda/envs/gdf/lib/python3.10/site-packages/distributed/worker.py", line 2874, in get_data_from_worker
    response = await send_recv(
  File "/opt/conda/envs/gdf/lib/python3.10/site-packages/distributed/core.py", line 1015, in send_recv
    response = await comm.read(deserializers=deserializers)
  File "/opt/conda/envs/gdf/lib/python3.10/site-packages/distributed/utils.py", line 806, in wrapper
    return await func(*args, **kwargs)
  File "/opt/conda/envs/gdf/lib/python3.10/site-packages/distributed/comm/ucx.py", line 369, in read
    raise CommClosedError(
distributed.comm.core.CommClosedError: Connection closed by writer.
Inner exception: UCXCanceled("<[Recv #003] ep: 0x7fe5c2f3c140, tag: 0xfad64d8c1283193b, nbytes: 16, type: <class 'numpy.ndarray'>>: ")
2024-10-18 07:03:08,684 - distributed.worker - ERROR - failed during get data with ucx://127.0.0.1:36765 -> ucx://127.0.0.1:32821
Traceback (most recent call last):
  File "/opt/conda/envs/gdf/lib/python3.10/site-packages/distributed/comm/ucx.py", line 335, in write
    await self.ep.send(each_frame)
  File "/opt/conda/envs/gdf/lib/python3.10/site-packages/ucp/core.py", line 662, in send
    return await comm.tag_send(self._ep, buffer, nbytes, tag, name=log)
ucp._libs.exceptions.UCXError: <[Send #012] ep: 0x7fb57ebe92c0, tag: 0x78a276c2a92f101e, nbytes: 50000000, type: <class 'cupy.ndarray'>>: Connection reset by remote peer

During handling of the above exception, another exception occurred:

Traceback (most recent call last):
  File "/opt/conda/envs/gdf/lib/python3.10/site-packages/distributed/worker.py", line 1777, in get_data
    compressed = await comm.write(msg, serializers=serializers)
  File "/opt/conda/envs/gdf/lib/python3.10/site-packages/distributed/utils.py", line 806, in wrapper
    return await func(*args, **kwargs)
  File "/opt/conda/envs/gdf/lib/python3.10/site-packages/distributed/comm/ucx.py", line 339, in write
    raise CommClosedError("While writing, the connection was closed")
distributed.comm.core.CommClosedError: While writing, the connection was closed
Task exception was never retrieved
future: <Task finished name='Task-292' coro=<_listener_handler_coroutine() done, defined at /opt/conda/envs/gdf/lib/python3.10/site-packages/ucp/core.py:140> exception=UCXError('<stream_recv>: Connection reset by remote peer')>
Traceback (most recent call last):
  File "/opt/conda/envs/gdf/lib/python3.10/site-packages/ucp/core.py", line 155, in _listener_handler_coroutine
    peer_info = await exchange_peer_info(
  File "/opt/conda/envs/gdf/lib/python3.10/site-packages/ucp/core.py", line 55, in exchange_peer_info
    await asyncio.wait_for(
  File "/opt/conda/envs/gdf/lib/python3.10/asyncio/tasks.py", line 445, in wait_for
    return fut.result()
ucp._libs.exceptions.UCXError: <stream_recv>: Connection reset by remote peer
2024-10-18 07:03:08,730 - distributed.worker - ERROR - Worker stream died during communication: ucx://127.0.0.1:32821
Traceback (most recent call last):
  File "/opt/conda/envs/gdf/lib/python3.10/site-packages/distributed/worker.py", line 2056, in gather_dep
    response = await get_data_from_worker(
  File "/opt/conda/envs/gdf/lib/python3.10/site-packages/distributed/worker.py", line 2888, in get_data_from_worker
    await comm.write("OK")
  File "/opt/conda/envs/gdf/lib/python3.10/site-packages/distributed/utils.py", line 806, in wrapper
    return await func(*args, **kwargs)
  File "/opt/conda/envs/gdf/lib/python3.10/site-packages/distributed/comm/ucx.py", line 291, in write
    raise CommClosedError("Endpoint is closed -- unable to send message")
distributed.comm.core.CommClosedError: Endpoint is closed -- unable to send message
2024-10-18 07:03:08,736 - distributed.worker - ERROR - Worker stream died during communication: ucx://127.0.0.1:51261
Traceback (most recent call last):
  File "/opt/conda/envs/gdf/lib/python3.10/site-packages/distributed/core.py", line 1425, in _connect
    comm = await connect(
  File "/opt/conda/envs/gdf/lib/python3.10/site-packages/distributed/comm/core.py", line 342, in connect
    comm = await wait_for(
  File "/opt/conda/envs/gdf/lib/python3.10/site-packages/distributed/utils.py", line 1926, in wait_for
    return await asyncio.wait_for(fut, timeout)
  File "/opt/conda/envs/gdf/lib/python3.10/asyncio/tasks.py", line 432, in wait_for
    await waiter
asyncio.exceptions.CancelledError

During handling of the above exception, another exception occurred:

Traceback (most recent call last):
  File "/opt/conda/envs/gdf/lib/python3.10/site-packages/distributed/core.py", line 1535, in connect
    return connect_attempt.result()
asyncio.exceptions.CancelledError

During handling of the above exception, another exception occurred:

Traceback (most recent call last):
  File "/opt/conda/envs/gdf/lib/python3.10/site-packages/distributed/worker.py", line 2056, in gather_dep
    response = await get_data_from_worker(
  File "/opt/conda/envs/gdf/lib/python3.10/site-packages/distributed/worker.py", line 2871, in get_data_from_worker
    comm = await rpc.connect(worker)
  File "/opt/conda/envs/gdf/lib/python3.10/site-packages/distributed/core.py", line 1537, in connect
    raise CommClosedError(reason)
distributed.comm.core.CommClosedError: Address removed.
2024-10-18 07:03:08,772 - distributed.worker - ERROR - failed during get data with ucx://127.0.0.1:40781 -> ucx://127.0.0.1:51261
Traceback (most recent call last):
  File "/opt/conda/envs/gdf/lib/python3.10/site-packages/distributed/comm/ucx.py", line 335, in write
    await self.ep.send(each_frame)
  File "/opt/conda/envs/gdf/lib/python3.10/site-packages/ucp/core.py", line 662, in send
    return await comm.tag_send(self._ep, buffer, nbytes, tag, name=log)
ucp._libs.exceptions.UCXError: <[Send #007] ep: 0x7f47815951c0, tag: 0xe67573f71b3659ae, nbytes: 50000000, type: <class 'cupy.ndarray'>>: Connection reset by remote peer

During handling of the above exception, another exception occurred:

Traceback (most recent call last):
  File "/opt/conda/envs/gdf/lib/python3.10/site-packages/distributed/worker.py", line 1777, in get_data
    compressed = await comm.write(msg, serializers=serializers)
  File "/opt/conda/envs/gdf/lib/python3.10/site-packages/distributed/utils.py", line 806, in wrapper
    return await func(*args, **kwargs)
  File "/opt/conda/envs/gdf/lib/python3.10/site-packages/distributed/comm/ucx.py", line 339, in write
    raise CommClosedError("While writing, the connection was closed")
distributed.comm.core.CommClosedError: While writing, the connection was closed
2024-10-18 07:03:08,779 - distributed.worker - ERROR - Worker stream died during communication: ucx://127.0.0.1:43013
Traceback (most recent call last):
  File "/opt/conda/envs/gdf/lib/python3.10/site-packages/distributed/comm/ucx.py", line 351, in read
    await self.ep.recv(msg)
  File "/opt/conda/envs/gdf/lib/python3.10/site-packages/ucp/core.py", line 737, in recv
    ret = await comm.tag_recv(self._ep, buffer, nbytes, tag, name=log)
ucp._libs.exceptions.UCXCanceled: <[Recv #008] ep: 0x7f4781595180, tag: 0x12defeb660c9b138, nbytes: 16, type: <class 'numpy.ndarray'>>: 

During handling of the above exception, another exception occurred:

Traceback (most recent call last):
  File "/opt/conda/envs/gdf/lib/python3.10/site-packages/distributed/worker.py", line 2056, in gather_dep
    response = await get_data_from_worker(
  File "/opt/conda/envs/gdf/lib/python3.10/site-packages/distributed/worker.py", line 2874, in get_data_from_worker
    response = await send_recv(
  File "/opt/conda/envs/gdf/lib/python3.10/site-packages/distributed/core.py", line 1015, in send_recv
    response = await comm.read(deserializers=deserializers)
  File "/opt/conda/envs/gdf/lib/python3.10/site-packages/distributed/utils.py", line 806, in wrapper
    return await func(*args, **kwargs)
  File "/opt/conda/envs/gdf/lib/python3.10/site-packages/distributed/comm/ucx.py", line 369, in read
    raise CommClosedError(
distributed.comm.core.CommClosedError: Connection closed by writer.
Inner exception: UCXCanceled("<[Recv #008] ep: 0x7f4781595180, tag: 0x12defeb660c9b138, nbytes: 16, type: <class 'numpy.ndarray'>>: ")
2024-10-18 07:03:08,779 - distributed.worker - ERROR - Worker stream died during communication: ucx://127.0.0.1:43013
Traceback (most recent call last):
  File "/opt/conda/envs/gdf/lib/python3.10/site-packages/distributed/comm/ucx.py", line 351, in read
    await self.ep.recv(msg)
  File "/opt/conda/envs/gdf/lib/python3.10/site-packages/ucp/core.py", line 737, in recv
    ret = await comm.tag_recv(self._ep, buffer, nbytes, tag, name=log)
ucp._libs.exceptions.UCXCanceled: <[Recv #008] ep: 0x7fb57ebe90c0, tag: 0xfb18ceb92345a38b, nbytes: 16, type: <class 'numpy.ndarray'>>: 

During handling of the above exception, another exception occurred:

Traceback (most recent call last):
  File "/opt/conda/envs/gdf/lib/python3.10/site-packages/distributed/worker.py", line 2056, in gather_dep
    response = await get_data_from_worker(
  File "/opt/conda/envs/gdf/lib/python3.10/site-packages/distributed/worker.py", line 2874, in get_data_from_worker
    response = await send_recv(
  File "/opt/conda/envs/gdf/lib/python3.10/site-packages/distributed/core.py", line 1015, in send_recv
    response = await comm.read(deserializers=deserializers)
  File "/opt/conda/envs/gdf/lib/python3.10/site-packages/distributed/utils.py", line 806, in wrapper
    return await func(*args, **kwargs)
  File "/opt/conda/envs/gdf/lib/python3.10/site-packages/distributed/comm/ucx.py", line 369, in read
    raise CommClosedError(
distributed.comm.core.CommClosedError: Connection closed by writer.
Inner exception: UCXCanceled("<[Recv #008] ep: 0x7fb57ebe90c0, tag: 0xfb18ceb92345a38b, nbytes: 16, type: <class 'numpy.ndarray'>>: ")
2024-10-18 07:03:08,782 - distributed.scheduler - WARNING - Removing worker 'ucx://127.0.0.1:43013' caused the cluster to lose already computed task(s), which will be recomputed elsewhere: {('random_sample-cb66fcc1687bd291bff7032082c4626d', 9, 8), ('random_sample-cb66fcc1687bd291bff7032082c4626d', 4, 2), ('random_sample-cb66fcc1687bd291bff7032082c4626d', 1, 4), ('random_sample-cb66fcc1687bd291bff7032082c4626d', 7, 4), ('sum-cd1c48db4965fd9666834163f64376da', 8, 9), ('random_sample-cb66fcc1687bd291bff7032082c4626d', 6, 8), ('random_sample-cb66fcc1687bd291bff7032082c4626d', 9, 0), ('sum-cd1c48db4965fd9666834163f64376da', 5, 0), ('random_sample-cb66fcc1687bd291bff7032082c4626d', 4, 3), ('random_sample-cb66fcc1687bd291bff7032082c4626d', 0, 5), ('random_sample-cb66fcc1687bd291bff7032082c4626d', 2, 9), ('random_sample-cb66fcc1687bd291bff7032082c4626d', 7, 5), ('random_sample-cb66fcc1687bd291bff7032082c4626d', 0, 1)} (stimulus_id='handle-worker-cleanup-1729234988.7822309')
2024-10-18 07:03:08,806 - distributed.nanny - WARNING - Restarting worker
2024-10-18 07:03:08,822 - distributed.worker - ERROR - failed during get data with ucx://127.0.0.1:37469 -> ucx://127.0.0.1:43013
Traceback (most recent call last):
  File "/opt/conda/envs/gdf/lib/python3.10/site-packages/distributed/comm/ucx.py", line 335, in write
    await self.ep.send(each_frame)
  File "/opt/conda/envs/gdf/lib/python3.10/site-packages/ucp/core.py", line 662, in send
    return await comm.tag_send(self._ep, buffer, nbytes, tag, name=log)
ucp._libs.exceptions.UCXError: <[Send #007] ep: 0x7f75d536e200, tag: 0xd5d75fbc5187064f, nbytes: 50000000, type: <class 'cupy.ndarray'>>: Connection reset by remote peer

During handling of the above exception, another exception occurred:

Traceback (most recent call last):
  File "/opt/conda/envs/gdf/lib/python3.10/site-packages/distributed/worker.py", line 1777, in get_data
    compressed = await comm.write(msg, serializers=serializers)
  File "/opt/conda/envs/gdf/lib/python3.10/site-packages/distributed/utils.py", line 806, in wrapper
    return await func(*args, **kwargs)
  File "/opt/conda/envs/gdf/lib/python3.10/site-packages/distributed/comm/ucx.py", line 339, in write
    raise CommClosedError("While writing, the connection was closed")
distributed.comm.core.CommClosedError: While writing, the connection was closed
2024-10-18 07:03:08,823 - distributed.worker - ERROR - Worker stream died during communication: ucx://127.0.0.1:43013
Traceback (most recent call last):
  File "/opt/conda/envs/gdf/lib/python3.10/site-packages/distributed/comm/ucx.py", line 393, in read
    await self.ep.recv(each_frame)
  File "/opt/conda/envs/gdf/lib/python3.10/site-packages/ucp/core.py", line 737, in recv
    ret = await comm.tag_recv(self._ep, buffer, nbytes, tag, name=log)
ucp._libs.exceptions.UCXError: <[Recv #007] ep: 0x7f75d536e180, tag: 0xf30584cd16423338, nbytes: 50000000, type: <class 'rmm._lib.device_buffer.DeviceBuffer'>>: Connection reset by remote peer

During handling of the above exception, another exception occurred:

Traceback (most recent call last):
  File "/opt/conda/envs/gdf/lib/python3.10/site-packages/distributed/worker.py", line 2056, in gather_dep
    response = await get_data_from_worker(
  File "/opt/conda/envs/gdf/lib/python3.10/site-packages/distributed/worker.py", line 2874, in get_data_from_worker
    response = await send_recv(
  File "/opt/conda/envs/gdf/lib/python3.10/site-packages/distributed/core.py", line 1015, in send_recv
    response = await comm.read(deserializers=deserializers)
  File "/opt/conda/envs/gdf/lib/python3.10/site-packages/distributed/utils.py", line 806, in wrapper
    return await func(*args, **kwargs)
  File "/opt/conda/envs/gdf/lib/python3.10/site-packages/distributed/comm/ucx.py", line 399, in read
    raise CommClosedError(
distributed.comm.core.CommClosedError: Connection closed by writer.
Inner exception: UCXError("<[Recv #007] ep: 0x7f75d536e180, tag: 0xf30584cd16423338, nbytes: 50000000, type: <class 'rmm._lib.device_buffer.DeviceBuffer'>>: Connection reset by remote peer")
2024-10-18 07:03:08,846 - distributed.worker - ERROR - failed during get data with ucx://127.0.0.1:48283 -> ucx://127.0.0.1:32821
Traceback (most recent call last):
  File "/opt/conda/envs/gdf/lib/python3.10/site-packages/distributed/comm/ucx.py", line 335, in write
    await self.ep.send(each_frame)
  File "/opt/conda/envs/gdf/lib/python3.10/site-packages/ucp/core.py", line 662, in send
    return await comm.tag_send(self._ep, buffer, nbytes, tag, name=log)
ucp._libs.exceptions.UCXError: <[Send #007] ep: 0x7fe5c2f3c280, tag: 0x3e4c08e6a195f208, nbytes: 50000000, type: <class 'cupy.ndarray'>>: Connection reset by remote peer

During handling of the above exception, another exception occurred:

Traceback (most recent call last):
  File "/opt/conda/envs/gdf/lib/python3.10/site-packages/distributed/worker.py", line 1777, in get_data
    compressed = await comm.write(msg, serializers=serializers)
  File "/opt/conda/envs/gdf/lib/python3.10/site-packages/distributed/utils.py", line 806, in wrapper
    return await func(*args, **kwargs)
  File "/opt/conda/envs/gdf/lib/python3.10/site-packages/distributed/comm/ucx.py", line 339, in write
    raise CommClosedError("While writing, the connection was closed")
distributed.comm.core.CommClosedError: While writing, the connection was closed
2024-10-18 07:03:08,946 - distributed.nanny - WARNING - Restarting worker
2024-10-18 07:03:08,980 - distributed.worker - ERROR - failed during get data with ucx://127.0.0.1:37749 -> ucx://127.0.0.1:43013
Traceback (most recent call last):
  File "/opt/conda/envs/gdf/lib/python3.10/site-packages/distributed/comm/ucx.py", line 335, in write
    await self.ep.send(each_frame)
  File "/opt/conda/envs/gdf/lib/python3.10/site-packages/ucp/core.py", line 662, in send
    return await comm.tag_send(self._ep, buffer, nbytes, tag, name=log)
ucp._libs.exceptions.UCXError: <[Send #007] ep: 0x7f674507d2c0, tag: 0x2b0130cee6deddf5, nbytes: 50000000, type: <class 'cupy.ndarray'>>: Connection reset by remote peer

During handling of the above exception, another exception occurred:

Traceback (most recent call last):
  File "/opt/conda/envs/gdf/lib/python3.10/site-packages/distributed/worker.py", line 1777, in get_data
    compressed = await comm.write(msg, serializers=serializers)
  File "/opt/conda/envs/gdf/lib/python3.10/site-packages/distributed/utils.py", line 806, in wrapper
    return await func(*args, **kwargs)
  File "/opt/conda/envs/gdf/lib/python3.10/site-packages/distributed/comm/ucx.py", line 339, in write
    raise CommClosedError("While writing, the connection was closed")
distributed.comm.core.CommClosedError: While writing, the connection was closed
[dgx13:84340:0:84340] Caught signal 11 (Segmentation fault: address not mapped to object at address 0x450)
==== backtrace (tid:  84340) ====
 0  /opt/conda/envs/gdf/lib/libucs.so.0(ucs_handle_error+0x2fd) [0x7fe12cc97cfd]
 1  /opt/conda/envs/gdf/lib/libucs.so.0(+0x2def4) [0x7fe12cc97ef4]
 2  /opt/conda/envs/gdf/lib/libucs.so.0(+0x2e0ba) [0x7fe12cc980ba]
 3  /usr/lib/x86_64-linux-gnu/libpthread.so.0(+0x14420) [0x7fe169592420]
 4  /opt/conda/envs/gdf/lib/libucp.so.0(ucp_mem_type_unpack+0x17) [0x7fe12cd1b197]
 5  /opt/conda/envs/gdf/lib/libucp.so.0(ucp_rndv_data_handler+0x65d) [0x7fe12cd4564d]
 6  /opt/conda/envs/gdf/lib/libuct.so.0(+0x21bdf) [0x7fe12cc4dbdf]
 7  /opt/conda/envs/gdf/lib/libuct.so.0(+0x24db8) [0x7fe12cc50db8]
 8  /opt/conda/envs/gdf/lib/libucs.so.0(ucs_event_set_wait+0xb9) [0x7fe12cca1619]
 9  /opt/conda/envs/gdf/lib/libuct.so.0(uct_tcp_iface_progress+0x7d) [0x7fe12cc4fecd]
10  /opt/conda/envs/gdf/lib/libucp.so.0(ucp_worker_progress+0x5a) [0x7fe12cd17eea]
11  /opt/conda/envs/gdf/lib/python3.10/site-packages/ucp/_libs/ucx_api.cpython-310-x86_64-linux-gnu.so(+0x31d7a) [0x7fe12cdd8d7a]
12  /opt/conda/envs/gdf/bin/python(_PyEval_EvalFrameDefault+0x2d62) [0x55cb33359ce2]
13  /opt/conda/envs/gdf/bin/python(_PyFunction_Vectorcall+0x6c) [0x55cb333670cc]
14  /opt/conda/envs/gdf/bin/python(_PyEval_EvalFrameDefault+0x700) [0x55cb33357680]
15  /opt/conda/envs/gdf/bin/python(+0x1d6029) [0x55cb33401029]
16  /opt/conda/envs/gdf/lib/python3.10/lib-dynload/_asyncio.cpython-310-x86_64-linux-gnu.so(+0x7782) [0x7fe157075782]
17  /opt/conda/envs/gdf/bin/python(_PyObject_MakeTpCall+0x2d3) [0x55cb3335ff73]
18  /opt/conda/envs/gdf/bin/python(+0xf7850) [0x55cb33322850]
19  /opt/conda/envs/gdf/bin/python(+0x133703) [0x55cb3335e703]
20  /opt/conda/envs/gdf/bin/python(_PyEval_EvalFrameDefault+0x596c) [0x55cb3335c8ec]
21  /opt/conda/envs/gdf/bin/python(_PyFunction_Vectorcall+0x6c) [0x55cb333670cc]
22  /opt/conda/envs/gdf/bin/python(_PyEval_EvalFrameDefault+0x700) [0x55cb33357680]
23  /opt/conda/envs/gdf/bin/python(_PyFunction_Vectorcall+0x6c) [0x55cb333670cc]
24  /opt/conda/envs/gdf/bin/python(_PyEval_EvalFrameDefault+0x700) [0x55cb33357680]
25  /opt/conda/envs/gdf/bin/python(_PyFunction_Vectorcall+0x6c) [0x55cb333670cc]
26  /opt/conda/envs/gdf/bin/python(_PyEval_EvalFrameDefault+0x700) [0x55cb33357680]
27  /opt/conda/envs/gdf/bin/python(_PyFunction_Vectorcall+0x6c) [0x55cb333670cc]
28  /opt/conda/envs/gdf/bin/python(_PyEval_EvalFrameDefault+0x700) [0x55cb33357680]
29  /opt/conda/envs/gdf/bin/python(_PyFunction_Vectorcall+0x6c) [0x55cb333670cc]
30  /opt/conda/envs/gdf/bin/python(_PyEval_EvalFrameDefault+0x133e) [0x55cb333582be]
31  /opt/conda/envs/gdf/bin/python(+0x1474e2) [0x55cb333724e2]
32  /opt/conda/envs/gdf/bin/python(PyObject_Call+0xbc) [0x55cb33372e7c]
33  /opt/conda/envs/gdf/bin/python(+0x1ff38d) [0x55cb3342a38d]
34  /opt/conda/envs/gdf/bin/python(_PyObject_MakeTpCall+0x2d3) [0x55cb3335ff73]
35  /opt/conda/envs/gdf/bin/python(_PyEval_EvalFrameDefault+0x2d62) [0x55cb33359ce2]
36  /opt/conda/envs/gdf/bin/python(+0x147638) [0x55cb33372638]
37  /opt/conda/envs/gdf/bin/python(_PyEval_EvalFrameDefault+0x2d62) [0x55cb33359ce2]
38  /opt/conda/envs/gdf/bin/python(_PyFunction_Vectorcall+0x6c) [0x55cb333670cc]
39  /opt/conda/envs/gdf/bin/python(_PyEval_EvalFrameDefault+0x700) [0x55cb33357680]
40  /opt/conda/envs/gdf/bin/python(_PyFunction_Vectorcall+0x6c) [0x55cb333670cc]
41  /opt/conda/envs/gdf/bin/python(_PyEval_EvalFrameDefault+0x700) [0x55cb33357680]
42  /opt/conda/envs/gdf/bin/python(_PyFunction_Vectorcall+0x6c) [0x55cb333670cc]
43  /opt/conda/envs/gdf/bin/python(_PyEval_EvalFrameDefault+0x30c) [0x55cb3335728c]
44  /opt/conda/envs/gdf/bin/python(_PyFunction_Vectorcall+0x6c) [0x55cb333670cc]
45  /opt/conda/envs/gdf/bin/python(_PyEval_EvalFrameDefault+0x133e) [0x55cb333582be]
46  /opt/conda/envs/gdf/bin/python(+0x1cc80c) [0x55cb333f780c]
47  /opt/conda/envs/gdf/bin/python(PyEval_EvalCode+0x87) [0x55cb333f7757]
48  /opt/conda/envs/gdf/bin/python(+0x1fcb1a) [0x55cb33427b1a]
49  /opt/conda/envs/gdf/bin/python(+0x1f7fa3) [0x55cb33422fa3]
50  /opt/conda/envs/gdf/bin/python(PyRun_StringFlags+0x7d) [0x55cb3341b73d]
51  /opt/conda/envs/gdf/bin/python(PyRun_SimpleStringFlags+0x3c) [0x55cb3341b57c]
52  /opt/conda/envs/gdf/bin/python(Py_RunMain+0x3ba) [0x55cb3341a77a]
53  /opt/conda/envs/gdf/bin/python(Py_BytesMain+0x37) [0x55cb333eae97]
54  /usr/lib/x86_64-linux-gnu/libc.so.6(__libc_start_main+0xf3) [0x7fe169256083]
55  /opt/conda/envs/gdf/bin/python(+0x1bfdae) [0x55cb333eadae]
=================================
2024-10-18 07:03:12,941 - distributed.worker - ERROR - failed during get data with ucx://127.0.0.1:36765 -> ucx://127.0.0.1:51475
Traceback (most recent call last):
  File "/opt/conda/envs/gdf/lib/python3.10/site-packages/distributed/comm/ucx.py", line 335, in write
    await self.ep.send(each_frame)
  File "/opt/conda/envs/gdf/lib/python3.10/site-packages/ucp/core.py", line 662, in send
    return await comm.tag_send(self._ep, buffer, nbytes, tag, name=log)
ucp._libs.exceptions.UCXError: <[Send #007] ep: 0x7fb57ebe90c0, tag: 0xa94e9862c8507de2, nbytes: 50000000, type: <class 'cupy.ndarray'>>: Connection reset by remote peer

During handling of the above exception, another exception occurred:

Traceback (most recent call last):
  File "/opt/conda/envs/gdf/lib/python3.10/site-packages/distributed/worker.py", line 1777, in get_data
    compressed = await comm.write(msg, serializers=serializers)
  File "/opt/conda/envs/gdf/lib/python3.10/site-packages/distributed/utils.py", line 806, in wrapper
    return await func(*args, **kwargs)
  File "/opt/conda/envs/gdf/lib/python3.10/site-packages/distributed/comm/ucx.py", line 339, in write
    raise CommClosedError("While writing, the connection was closed")
distributed.comm.core.CommClosedError: While writing, the connection was closed
2024-10-18 07:03:12,941 - distributed.scheduler - WARNING - Removing worker 'ucx://127.0.0.1:51475' caused the cluster to lose already computed task(s), which will be recomputed elsewhere: {('random_sample-cb66fcc1687bd291bff7032082c4626d', 9, 4), ('sum-cd1c48db4965fd9666834163f64376da', 4, 6), ('random_sample-cb66fcc1687bd291bff7032082c4626d', 9, 5)} (stimulus_id='handle-worker-cleanup-1729234992.9415166')
2024-10-18 07:03:12,942 - distributed.worker - ERROR - Worker stream died during communication: ucx://127.0.0.1:51475
Traceback (most recent call last):
  File "/opt/conda/envs/gdf/lib/python3.10/site-packages/distributed/comm/ucx.py", line 393, in read
    await self.ep.recv(each_frame)
  File "/opt/conda/envs/gdf/lib/python3.10/site-packages/ucp/core.py", line 737, in recv
    ret = await comm.tag_recv(self._ep, buffer, nbytes, tag, name=log)
ucp._libs.exceptions.UCXError: <[Recv #007] ep: 0x7fb57ebe9200, tag: 0x4dfb09051b9fdb20, nbytes: 50000000, type: <class 'rmm._lib.device_buffer.DeviceBuffer'>>: Connection reset by remote peer

During handling of the above exception, another exception occurred:

Traceback (most recent call last):
  File "/opt/conda/envs/gdf/lib/python3.10/site-packages/distributed/worker.py", line 2056, in gather_dep
    response = await get_data_from_worker(
  File "/opt/conda/envs/gdf/lib/python3.10/site-packages/distributed/worker.py", line 2874, in get_data_from_worker
    response = await send_recv(
  File "/opt/conda/envs/gdf/lib/python3.10/site-packages/distributed/core.py", line 1015, in send_recv
    response = await comm.read(deserializers=deserializers)
  File "/opt/conda/envs/gdf/lib/python3.10/site-packages/distributed/utils.py", line 806, in wrapper
    return await func(*args, **kwargs)
  File "/opt/conda/envs/gdf/lib/python3.10/site-packages/distributed/comm/ucx.py", line 399, in read
    raise CommClosedError(
distributed.comm.core.CommClosedError: Connection closed by writer.
Inner exception: UCXError("<[Recv #007] ep: 0x7fb57ebe9200, tag: 0x4dfb09051b9fdb20, nbytes: 50000000, type: <class 'rmm._lib.device_buffer.DeviceBuffer'>>: Connection reset by remote peer")
2024-10-18 07:03:13,112 - distributed.nanny - WARNING - Restarting worker
[dgx13:84349:0:84349] Caught signal 11 (Segmentation fault: address not mapped to object at address 0x450)
==== backtrace (tid:  84349) ====
 0  /opt/conda/envs/gdf/lib/libucs.so.0(ucs_handle_error+0x2fd) [0x7f861c063cfd]
 1  /opt/conda/envs/gdf/lib/libucs.so.0(+0x2def4) [0x7f861c063ef4]
 2  /opt/conda/envs/gdf/lib/libucs.so.0(+0x2e0ba) [0x7f861c0640ba]
 3  /usr/lib/x86_64-linux-gnu/libpthread.so.0(+0x14420) [0x7f86588e0420]
 4  /opt/conda/envs/gdf/lib/libucp.so.0(ucp_mem_type_unpack+0x17) [0x7f8615ec9197]
 5  /opt/conda/envs/gdf/lib/libucp.so.0(ucp_rndv_data_handler+0x65d) [0x7f8615ef364d]
 6  /opt/conda/envs/gdf/lib/libuct.so.0(+0x21bdf) [0x7f8615e5fbdf]
 7  /opt/conda/envs/gdf/lib/libuct.so.0(+0x24db8) [0x7f8615e62db8]
 8  /opt/conda/envs/gdf/lib/libucs.so.0(ucs_event_set_wait+0xb9) [0x7f861c06d619]
 9  /opt/conda/envs/gdf/lib/libuct.so.0(uct_tcp_iface_progress+0x7d) [0x7f8615e61ecd]
10  /opt/conda/envs/gdf/lib/libucp.so.0(ucp_worker_progress+0x5a) [0x7f8615ec5eea]
11  /opt/conda/envs/gdf/lib/python3.10/site-packages/ucp/_libs/ucx_api.cpython-310-x86_64-linux-gnu.so(+0x31d7a) [0x7f8615f86d7a]
12  /opt/conda/envs/gdf/bin/python(_PyEval_EvalFrameDefault+0x2d62) [0x5632b2837ce2]
13  /opt/conda/envs/gdf/bin/python(_PyFunction_Vectorcall+0x6c) [0x5632b28450cc]
14  /opt/conda/envs/gdf/bin/python(_PyEval_EvalFrameDefault+0x700) [0x5632b2835680]
15  /opt/conda/envs/gdf/bin/python(+0x147764) [0x5632b2850764]
16  /opt/conda/envs/gdf/bin/python(+0x25292c) [0x5632b295b92c]
17  /opt/conda/envs/gdf/bin/python(+0xf7850) [0x5632b2800850]
18  /opt/conda/envs/gdf/bin/python(+0x133703) [0x5632b283c703]
19  /opt/conda/envs/gdf/bin/python(_PyEval_EvalFrameDefault+0x596c) [0x5632b283a8ec]
20  /opt/conda/envs/gdf/bin/python(_PyFunction_Vectorcall+0x6c) [0x5632b28450cc]
21  /opt/conda/envs/gdf/bin/python(_PyEval_EvalFrameDefault+0x700) [0x5632b2835680]
22  /opt/conda/envs/gdf/bin/python(_PyFunction_Vectorcall+0x6c) [0x5632b28450cc]
23  /opt/conda/envs/gdf/bin/python(_PyEval_EvalFrameDefault+0x700) [0x5632b2835680]
24  /opt/conda/envs/gdf/bin/python(_PyFunction_Vectorcall+0x6c) [0x5632b28450cc]
25  /opt/conda/envs/gdf/bin/python(_PyEval_EvalFrameDefault+0x700) [0x5632b2835680]
26  /opt/conda/envs/gdf/bin/python(_PyFunction_Vectorcall+0x6c) [0x5632b28450cc]
27  /opt/conda/envs/gdf/bin/python(_PyEval_EvalFrameDefault+0x700) [0x5632b2835680]
28  /opt/conda/envs/gdf/bin/python(_PyFunction_Vectorcall+0x6c) [0x5632b28450cc]
29  /opt/conda/envs/gdf/bin/python(_PyEval_EvalFrameDefault+0x133e) [0x5632b28362be]
30  /opt/conda/envs/gdf/bin/python(+0x1474e2) [0x5632b28504e2]
31  /opt/conda/envs/gdf/bin/python(PyObject_Call+0xbc) [0x5632b2850e7c]
32  /opt/conda/envs/gdf/bin/python(+0x1ff38d) [0x5632b290838d]
33  /opt/conda/envs/gdf/bin/python(_PyObject_MakeTpCall+0x2d3) [0x5632b283df73]
34  /opt/conda/envs/gdf/bin/python(_PyEval_EvalFrameDefault+0x2d62) [0x5632b2837ce2]
35  /opt/conda/envs/gdf/bin/python(+0x147638) [0x5632b2850638]
36  /opt/conda/envs/gdf/bin/python(_PyEval_EvalFrameDefault+0x2d62) [0x5632b2837ce2]
37  /opt/conda/envs/gdf/bin/python(_PyFunction_Vectorcall+0x6c) [0x5632b28450cc]
38  /opt/conda/envs/gdf/bin/python(_PyEval_EvalFrameDefault+0x700) [0x5632b2835680]
39  /opt/conda/envs/gdf/bin/python(_PyFunction_Vectorcall+0x6c) [0x5632b28450cc]
40  /opt/conda/envs/gdf/bin/python(_PyEval_EvalFrameDefault+0x700) [0x5632b2835680]
41  /opt/conda/envs/gdf/bin/python(_PyFunction_Vectorcall+0x6c) [0x5632b28450cc]
42  /opt/conda/envs/gdf/bin/python(_PyEval_EvalFrameDefault+0x30c) [0x5632b283528c]
43  /opt/conda/envs/gdf/bin/python(_PyFunction_Vectorcall+0x6c) [0x5632b28450cc]
44  /opt/conda/envs/gdf/bin/python(_PyEval_EvalFrameDefault+0x133e) [0x5632b28362be]
45  /opt/conda/envs/gdf/bin/python(+0x1cc80c) [0x5632b28d580c]
46  /opt/conda/envs/gdf/bin/python(PyEval_EvalCode+0x87) [0x5632b28d5757]
47  /opt/conda/envs/gdf/bin/python(+0x1fcb1a) [0x5632b2905b1a]
48  /opt/conda/envs/gdf/bin/python(+0x1f7fa3) [0x5632b2900fa3]
49  /opt/conda/envs/gdf/bin/python(PyRun_StringFlags+0x7d) [0x5632b28f973d]
50  /opt/conda/envs/gdf/bin/python(PyRun_SimpleStringFlags+0x3c) [0x5632b28f957c]
51  /opt/conda/envs/gdf/bin/python(Py_RunMain+0x3ba) [0x5632b28f877a]
52  /opt/conda/envs/gdf/bin/python(Py_BytesMain+0x37) [0x5632b28c8e97]
53  /usr/lib/x86_64-linux-gnu/libc.so.6(__libc_start_main+0xf3) [0x7f86585a4083]
54  /opt/conda/envs/gdf/bin/python(+0x1bfdae) [0x5632b28c8dae]
=================================
2024-10-18 07:03:13,582 - distributed.worker - ERROR - failed during get data with ucx://127.0.0.1:48283 -> ucx://127.0.0.1:54947
Traceback (most recent call last):
  File "/opt/conda/envs/gdf/lib/python3.10/site-packages/distributed/comm/ucx.py", line 335, in write
    await self.ep.send(each_frame)
  File "/opt/conda/envs/gdf/lib/python3.10/site-packages/ucp/core.py", line 662, in send
    return await comm.tag_send(self._ep, buffer, nbytes, tag, name=log)
ucp._libs.exceptions.UCXError: <[Send #007] ep: 0x7fe5c2f3c340, tag: 0x5d497d01310bb504, nbytes: 50000000, type: <class 'cupy.ndarray'>>: Connection reset by remote peer

During handling of the above exception, another exception occurred:

Traceback (most recent call last):
  File "/opt/conda/envs/gdf/lib/python3.10/site-packages/distributed/worker.py", line 1777, in get_data
    compressed = await comm.write(msg, serializers=serializers)
  File "/opt/conda/envs/gdf/lib/python3.10/site-packages/distributed/utils.py", line 806, in wrapper
    return await func(*args, **kwargs)
  File "/opt/conda/envs/gdf/lib/python3.10/site-packages/distributed/comm/ucx.py", line 339, in write
    raise CommClosedError("While writing, the connection was closed")
distributed.comm.core.CommClosedError: While writing, the connection was closed
2024-10-18 07:03:13,583 - distributed.scheduler - WARNING - Removing worker 'ucx://127.0.0.1:54947' caused the cluster to lose already computed task(s), which will be recomputed elsewhere: {('sum-cd1c48db4965fd9666834163f64376da', 3, 6), ('random_sample-cb66fcc1687bd291bff7032082c4626d', 5, 7), ('sum-cd1c48db4965fd9666834163f64376da', 6, 3), ('sum-cd1c48db4965fd9666834163f64376da', 8, 2), ('random_sample-cb66fcc1687bd291bff7032082c4626d', 9, 4), ('sum-cd1c48db4965fd9666834163f64376da', 9, 0), ('sum-cd1c48db4965fd9666834163f64376da', 6, 8), ('sum-cd1c48db4965fd9666834163f64376da', 6, 2), ('random_sample-cb66fcc1687bd291bff7032082c4626d', 6, 3)} (stimulus_id='handle-worker-cleanup-1729234993.5831273')
2024-10-18 07:03:13,783 - distributed.nanny - WARNING - Restarting worker
[dgx13:84344:0:84344] Caught signal 11 (Segmentation fault: address not mapped to object at address 0x450)
==== backtrace (tid:  84344) ====
 0  /opt/conda/envs/gdf/lib/libucs.so.0(ucs_handle_error+0x2fd) [0x7f8444257cfd]
 1  /opt/conda/envs/gdf/lib/libucs.so.0(+0x2def4) [0x7f8444257ef4]
 2  /opt/conda/envs/gdf/lib/libucs.so.0(+0x2e0ba) [0x7f84442580ba]
 3  /usr/lib/x86_64-linux-gnu/libpthread.so.0(+0x14420) [0x7f8480b6f420]
 4  /opt/conda/envs/gdf/lib/libucp.so.0(ucp_mem_type_unpack+0x17) [0x7f84442db197]
 5  /opt/conda/envs/gdf/lib/libucp.so.0(ucp_rndv_data_handler+0x65d) [0x7f844430564d]
 6  /opt/conda/envs/gdf/lib/libuct.so.0(+0x21bdf) [0x7f844420dbdf]
 7  /opt/conda/envs/gdf/lib/libuct.so.0(+0x24db8) [0x7f8444210db8]
 8  /opt/conda/envs/gdf/lib/libucs.so.0(ucs_event_set_wait+0xb9) [0x7f8444261619]
 9  /opt/conda/envs/gdf/lib/libuct.so.0(uct_tcp_iface_progress+0x7d) [0x7f844420fecd]
10  /opt/conda/envs/gdf/lib/libucp.so.0(ucp_worker_progress+0x5a) [0x7f84442d7eea]
11  /opt/conda/envs/gdf/lib/python3.10/site-packages/ucp/_libs/ucx_api.cpython-310-x86_64-linux-gnu.so(+0x31d7a) [0x7f8444398d7a]
12  /opt/conda/envs/gdf/bin/python(_PyEval_EvalFrameDefault+0x2d62) [0x558ad8794ce2]
13  /opt/conda/envs/gdf/bin/python(_PyFunction_Vectorcall+0x6c) [0x558ad87a20cc]
14  /opt/conda/envs/gdf/bin/python(_PyEval_EvalFrameDefault+0x700) [0x558ad8792680]
15  /opt/conda/envs/gdf/bin/python(+0x147764) [0x558ad87ad764]
16  /opt/conda/envs/gdf/bin/python(+0x25292c) [0x558ad88b892c]
17  /opt/conda/envs/gdf/bin/python(+0xf7850) [0x558ad875d850]
18  /opt/conda/envs/gdf/bin/python(+0x133703) [0x558ad8799703]
19  /opt/conda/envs/gdf/bin/python(_PyEval_EvalFrameDefault+0x596c) [0x558ad87978ec]
20  /opt/conda/envs/gdf/bin/python(_PyFunction_Vectorcall+0x6c) [0x558ad87a20cc]
21  /opt/conda/envs/gdf/bin/python(_PyEval_EvalFrameDefault+0x700) [0x558ad8792680]
22  /opt/conda/envs/gdf/bin/python(_PyFunction_Vectorcall+0x6c) [0x558ad87a20cc]
23  /opt/conda/envs/gdf/bin/python(_PyEval_EvalFrameDefault+0x700) [0x558ad8792680]
24  /opt/conda/envs/gdf/bin/python(_PyFunction_Vectorcall+0x6c) [0x558ad87a20cc]
25  /opt/conda/envs/gdf/bin/python(_PyEval_EvalFrameDefault+0x700) [0x558ad8792680]
26  /opt/conda/envs/gdf/bin/python(_PyFunction_Vectorcall+0x6c) [0x558ad87a20cc]
27  /opt/conda/envs/gdf/bin/python(_PyEval_EvalFrameDefault+0x700) [0x558ad8792680]
28  /opt/conda/envs/gdf/bin/python(_PyFunction_Vectorcall+0x6c) [0x558ad87a20cc]
29  /opt/conda/envs/gdf/bin/python(_PyEval_EvalFrameDefault+0x133e) [0x558ad87932be]
30  /opt/conda/envs/gdf/bin/python(+0x1474e2) [0x558ad87ad4e2]
31  /opt/conda/envs/gdf/bin/python(PyObject_Call+0xbc) [0x558ad87ade7c]
32  /opt/conda/envs/gdf/bin/python(+0x1ff38d) [0x558ad886538d]
33  /opt/conda/envs/gdf/bin/python(_PyObject_MakeTpCall+0x2d3) [0x558ad879af73]
34  /opt/conda/envs/gdf/bin/python(_PyEval_EvalFrameDefault+0x2d62) [0x558ad8794ce2]
35  /opt/conda/envs/gdf/bin/python(+0x147638) [0x558ad87ad638]
36  /opt/conda/envs/gdf/bin/python(_PyEval_EvalFrameDefault+0x2d62) [0x558ad8794ce2]
37  /opt/conda/envs/gdf/bin/python(_PyFunction_Vectorcall+0x6c) [0x558ad87a20cc]
38  /opt/conda/envs/gdf/bin/python(_PyEval_EvalFrameDefault+0x700) [0x558ad8792680]
39  /opt/conda/envs/gdf/bin/python(_PyFunction_Vectorcall+0x6c) [0x558ad87a20cc]
40  /opt/conda/envs/gdf/bin/python(_PyEval_EvalFrameDefault+0x700) [0x558ad8792680]
41  /opt/conda/envs/gdf/bin/python(_PyFunction_Vectorcall+0x6c) [0x558ad87a20cc]
42  /opt/conda/envs/gdf/bin/python(_PyEval_EvalFrameDefault+0x30c) [0x558ad879228c]
43  /opt/conda/envs/gdf/bin/python(_PyFunction_Vectorcall+0x6c) [0x558ad87a20cc]
44  /opt/conda/envs/gdf/bin/python(_PyEval_EvalFrameDefault+0x133e) [0x558ad87932be]
45  /opt/conda/envs/gdf/bin/python(+0x1cc80c) [0x558ad883280c]
46  /opt/conda/envs/gdf/bin/python(PyEval_EvalCode+0x87) [0x558ad8832757]
47  /opt/conda/envs/gdf/bin/python(+0x1fcb1a) [0x558ad8862b1a]
48  /opt/conda/envs/gdf/bin/python(+0x1f7fa3) [0x558ad885dfa3]
49  /opt/conda/envs/gdf/bin/python(PyRun_StringFlags+0x7d) [0x558ad885673d]
50  /opt/conda/envs/gdf/bin/python(PyRun_SimpleStringFlags+0x3c) [0x558ad885657c]
51  /opt/conda/envs/gdf/bin/python(Py_RunMain+0x3ba) [0x558ad885577a]
52  /opt/conda/envs/gdf/bin/python(Py_BytesMain+0x37) [0x558ad8825e97]
53  /usr/lib/x86_64-linux-gnu/libc.so.6(__libc_start_main+0xf3) [0x7f8480833083]
54  /opt/conda/envs/gdf/bin/python(+0x1bfdae) [0x558ad8825dae]
=================================
2024-10-18 07:03:14,029 - distributed.worker - ERROR - failed during get data with ucx://127.0.0.1:40781 -> ucx://127.0.0.1:34673
Traceback (most recent call last):
  File "/opt/conda/envs/gdf/lib/python3.10/site-packages/distributed/comm/ucx.py", line 335, in write
    await self.ep.send(each_frame)
  File "/opt/conda/envs/gdf/lib/python3.10/site-packages/ucp/core.py", line 662, in send
    return await comm.tag_send(self._ep, buffer, nbytes, tag, name=log)
ucp._libs.exceptions.UCXError: <[Send #007] ep: 0x7f47815951c0, tag: 0x71dd48831af95ce6, nbytes: 50000000, type: <class 'cupy.ndarray'>>: Connection reset by remote peer

During handling of the above exception, another exception occurred:

Traceback (most recent call last):
  File "/opt/conda/envs/gdf/lib/python3.10/site-packages/distributed/worker.py", line 1777, in get_data
    compressed = await comm.write(msg, serializers=serializers)
  File "/opt/conda/envs/gdf/lib/python3.10/site-packages/distributed/utils.py", line 806, in wrapper
    return await func(*args, **kwargs)
  File "/opt/conda/envs/gdf/lib/python3.10/site-packages/distributed/comm/ucx.py", line 339, in write
    raise CommClosedError("While writing, the connection was closed")
distributed.comm.core.CommClosedError: While writing, the connection was closed
2024-10-18 07:03:14,030 - distributed.scheduler - WARNING - Removing worker 'ucx://127.0.0.1:34673' caused the cluster to lose already computed task(s), which will be recomputed elsewhere: {('sum-cd1c48db4965fd9666834163f64376da', 3, 6), ('sum-cd1c48db4965fd9666834163f64376da', 5, 9), ('sum-partial-7aeee0a8018858d2f24f41b8284c1963', 4, 2), ('sum-cd1c48db4965fd9666834163f64376da', 4, 7), ('random_sample-cb66fcc1687bd291bff7032082c4626d', 4, 2), ('random_sample-cb66fcc1687bd291bff7032082c4626d', 4, 8), ('random_sample-cb66fcc1687bd291bff7032082c4626d', 9, 4), ('random_sample-cb66fcc1687bd291bff7032082c4626d', 7, 8), ('sum-cd1c48db4965fd9666834163f64376da', 6, 3), ('sum-cd1c48db4965fd9666834163f64376da', 7, 8), ('sum-cd1c48db4965fd9666834163f64376da', 4, 9), ('random_sample-cb66fcc1687bd291bff7032082c4626d', 4, 7), ('sum-cd1c48db4965fd9666834163f64376da', 7, 5), ('sum-cd1c48db4965fd9666834163f64376da', 8, 3), ('random_sample-cb66fcc1687bd291bff7032082c4626d', 8, 7), ('random_sample-cb66fcc1687bd291bff7032082c4626d', 4, 0), ('sum-cd1c48db4965fd9666834163f64376da', 7, 4), ('random_sample-cb66fcc1687bd291bff7032082c4626d', 4, 3), ('random_sample-cb66fcc1687bd291bff7032082c4626d', 6, 3), ('random_sample-cb66fcc1687bd291bff7032082c4626d', 4, 9), ('random_sample-cb66fcc1687bd291bff7032082c4626d', 9, 5)} (stimulus_id='handle-worker-cleanup-1729234994.0301788')
2024-10-18 07:03:14,289 - distributed.nanny - WARNING - Restarting worker
[dgx13:84421:0:84421] Caught signal 11 (Segmentation fault: address not mapped to object at address 0x450)
==== backtrace (tid:  84421) ====
 0  /opt/conda/envs/gdf/lib/libucs.so.0(ucs_handle_error+0x2fd) [0x7fcdb3d45cfd]
 1  /opt/conda/envs/gdf/lib/libucs.so.0(+0x2def4) [0x7fcdb3d45ef4]
 2  /opt/conda/envs/gdf/lib/libucs.so.0(+0x2e0ba) [0x7fcdb3d460ba]
 3  /usr/lib/x86_64-linux-gnu/libpthread.so.0(+0x14420) [0x7fce1c782420]
 4  /opt/conda/envs/gdf/lib/libucp.so.0(ucp_mem_type_unpack+0x17) [0x7fcdb3dc9197]
 5  /opt/conda/envs/gdf/lib/libucp.so.0(ucp_rndv_data_handler+0x65d) [0x7fcdb3df364d]
 6  /opt/conda/envs/gdf/lib/libuct.so.0(+0x21bdf) [0x7fcdb3cfbbdf]
 7  /opt/conda/envs/gdf/lib/libuct.so.0(+0x24db8) [0x7fcdb3cfedb8]
 8  /opt/conda/envs/gdf/lib/libucs.so.0(ucs_event_set_wait+0xb9) [0x7fcdb3d4f619]
 9  /opt/conda/envs/gdf/lib/libuct.so.0(uct_tcp_iface_progress+0x7d) [0x7fcdb3cfdecd]
10  /opt/conda/envs/gdf/lib/libucp.so.0(ucp_worker_progress+0x5a) [0x7fcdb3dc5eea]
11  /opt/conda/envs/gdf/lib/python3.10/site-packages/ucp/_libs/ucx_api.cpython-310-x86_64-linux-gnu.so(+0x31d7a) [0x7fcdb3e86d7a]
12  /opt/conda/envs/gdf/bin/python(_PyEval_EvalFrameDefault+0x2d62) [0x55cd6889bce2]
13  /opt/conda/envs/gdf/bin/python(_PyFunction_Vectorcall+0x6c) [0x55cd688a90cc]
14  /opt/conda/envs/gdf/bin/python(_PyEval_EvalFrameDefault+0x700) [0x55cd68899680]
15  /opt/conda/envs/gdf/bin/python(+0x1d6029) [0x55cd68943029]
16  /opt/conda/envs/gdf/lib/python3.10/lib-dynload/_asyncio.cpython-310-x86_64-linux-gnu.so(+0x7782) [0x7fce0a26d782]
17  /opt/conda/envs/gdf/bin/python(_PyObject_MakeTpCall+0x2d3) [0x55cd688a1f73]
18  /opt/conda/envs/gdf/bin/python(+0xf7850) [0x55cd68864850]
19  /opt/conda/envs/gdf/bin/python(+0x133703) [0x55cd688a0703]
20  /opt/conda/envs/gdf/bin/python(_PyEval_EvalFrameDefault+0x596c) [0x55cd6889e8ec]
21  /opt/conda/envs/gdf/bin/python(_PyFunction_Vectorcall+0x6c) [0x55cd688a90cc]
22  /opt/conda/envs/gdf/bin/python(_PyEval_EvalFrameDefault+0x700) [0x55cd68899680]
23  /opt/conda/envs/gdf/bin/python(_PyFunction_Vectorcall+0x6c) [0x55cd688a90cc]
24  /opt/conda/envs/gdf/bin/python(_PyEval_EvalFrameDefault+0x700) [0x55cd68899680]
25  /opt/conda/envs/gdf/bin/python(_PyFunction_Vectorcall+0x6c) [0x55cd688a90cc]
26  /opt/conda/envs/gdf/bin/python(_PyEval_EvalFrameDefault+0x700) [0x55cd68899680]
27  /opt/conda/envs/gdf/bin/python(_PyFunction_Vectorcall+0x6c) [0x55cd688a90cc]
28  /opt/conda/envs/gdf/bin/python(_PyEval_EvalFrameDefault+0x700) [0x55cd68899680]
29  /opt/conda/envs/gdf/bin/python(_PyFunction_Vectorcall+0x6c) [0x55cd688a90cc]
30  /opt/conda/envs/gdf/bin/python(_PyEval_EvalFrameDefault+0x133e) [0x55cd6889a2be]
31  /opt/conda/envs/gdf/bin/python(+0x1474e2) [0x55cd688b44e2]
32  /opt/conda/envs/gdf/bin/python(PyObject_Call+0xbc) [0x55cd688b4e7c]
33  /opt/conda/envs/gdf/bin/python(+0x1ff38d) [0x55cd6896c38d]
34  /opt/conda/envs/gdf/bin/python(_PyObject_MakeTpCall+0x2d3) [0x55cd688a1f73]
35  /opt/conda/envs/gdf/bin/python(_PyEval_EvalFrameDefault+0x2d62) [0x55cd6889bce2]
36  /opt/conda/envs/gdf/bin/python(+0x147638) [0x55cd688b4638]
37  /opt/conda/envs/gdf/bin/python(_PyEval_EvalFrameDefault+0x2d62) [0x55cd6889bce2]
38  /opt/conda/envs/gdf/bin/python(_PyFunction_Vectorcall+0x6c) [0x55cd688a90cc]
39  /opt/conda/envs/gdf/bin/python(_PyEval_EvalFrameDefault+0x700) [0x55cd68899680]
40  /opt/conda/envs/gdf/bin/python(_PyFunction_Vectorcall+0x6c) [0x55cd688a90cc]
41  /opt/conda/envs/gdf/bin/python(_PyEval_EvalFrameDefault+0x700) [0x55cd68899680]
42  /opt/conda/envs/gdf/bin/python(_PyFunction_Vectorcall+0x6c) [0x55cd688a90cc]
43  /opt/conda/envs/gdf/bin/python(_PyEval_EvalFrameDefault+0x30c) [0x55cd6889928c]
44  /opt/conda/envs/gdf/bin/python(_PyFunction_Vectorcall+0x6c) [0x55cd688a90cc]
45  /opt/conda/envs/gdf/bin/python(_PyEval_EvalFrameDefault+0x133e) [0x55cd6889a2be]
46  /opt/conda/envs/gdf/bin/python(+0x1cc80c) [0x55cd6893980c]
47  /opt/conda/envs/gdf/bin/python(PyEval_EvalCode+0x87) [0x55cd68939757]
48  /opt/conda/envs/gdf/bin/python(+0x1fcb1a) [0x55cd68969b1a]
49  /opt/conda/envs/gdf/bin/python(+0x1f7fa3) [0x55cd68964fa3]
50  /opt/conda/envs/gdf/bin/python(PyRun_StringFlags+0x7d) [0x55cd6895d73d]
51  /opt/conda/envs/gdf/bin/python(PyRun_SimpleStringFlags+0x3c) [0x55cd6895d57c]
52  /opt/conda/envs/gdf/bin/python(Py_RunMain+0x3ba) [0x55cd6895c77a]
53  /opt/conda/envs/gdf/bin/python(Py_BytesMain+0x37) [0x55cd6892ce97]
54  /usr/lib/x86_64-linux-gnu/libc.so.6(__libc_start_main+0xf3) [0x7fce1c446083]
55  /opt/conda/envs/gdf/bin/python(+0x1bfdae) [0x55cd6892cdae]
=================================
2024-10-18 07:03:17,306 - distributed.worker - ERROR - failed during get data with ucx://127.0.0.1:36765 -> ucx://127.0.0.1:54607
Traceback (most recent call last):
  File "/opt/conda/envs/gdf/lib/python3.10/site-packages/distributed/comm/ucx.py", line 335, in write
    await self.ep.send(each_frame)
  File "/opt/conda/envs/gdf/lib/python3.10/site-packages/ucp/core.py", line 662, in send
    return await comm.tag_send(self._ep, buffer, nbytes, tag, name=log)
ucp._libs.exceptions.UCXError: <[Send #007] ep: 0x7fb57ebe9200, tag: 0x9555ba1d02c86c22, nbytes: 50000000, type: <class 'cupy.ndarray'>>: Connection reset by remote peer

During handling of the above exception, another exception occurred:

Traceback (most recent call last):
  File "/opt/conda/envs/gdf/lib/python3.10/site-packages/distributed/worker.py", line 1777, in get_data
    compressed = await comm.write(msg, serializers=serializers)
  File "/opt/conda/envs/gdf/lib/python3.10/site-packages/distributed/utils.py", line 806, in wrapper
    return await func(*args, **kwargs)
  File "/opt/conda/envs/gdf/lib/python3.10/site-packages/distributed/comm/ucx.py", line 339, in write
    raise CommClosedError("While writing, the connection was closed")
distributed.comm.core.CommClosedError: While writing, the connection was closed
2024-10-18 07:03:17,374 - distributed.nanny - WARNING - Restarting worker
2024-10-18 07:03:17,450 - distributed.worker - ERROR - failed during get data with ucx://127.0.0.1:40781 -> ucx://127.0.0.1:54607
Traceback (most recent call last):
  File "/opt/conda/envs/gdf/lib/python3.10/site-packages/distributed/comm/ucx.py", line 335, in write
    await self.ep.send(each_frame)
  File "/opt/conda/envs/gdf/lib/python3.10/site-packages/ucp/core.py", line 662, in send
    return await comm.tag_send(self._ep, buffer, nbytes, tag, name=log)
ucp._libs.exceptions.UCXError: <[Send #007] ep: 0x7f47815951c0, tag: 0x8fc3ffa0077206b7, nbytes: 50000000, type: <class 'cupy.ndarray'>>: Connection reset by remote peer

During handling of the above exception, another exception occurred:

Traceback (most recent call last):
  File "/opt/conda/envs/gdf/lib/python3.10/site-packages/distributed/worker.py", line 1777, in get_data
    compressed = await comm.write(msg, serializers=serializers)
  File "/opt/conda/envs/gdf/lib/python3.10/site-packages/distributed/utils.py", line 806, in wrapper
    return await func(*args, **kwargs)
  File "/opt/conda/envs/gdf/lib/python3.10/site-packages/distributed/comm/ucx.py", line 339, in write
    raise CommClosedError("While writing, the connection was closed")
distributed.comm.core.CommClosedError: While writing, the connection was closed
[dgx13:84433:0:84433] Caught signal 11 (Segmentation fault: address not mapped to object at address 0x450)
==== backtrace (tid:  84433) ====
 0  /opt/conda/envs/gdf/lib/libucs.so.0(ucs_handle_error+0x2fd) [0x7fc179a3ccfd]
 1  /opt/conda/envs/gdf/lib/libucs.so.0(+0x2def4) [0x7fc179a3cef4]
 2  /opt/conda/envs/gdf/lib/libucs.so.0(+0x2e0ba) [0x7fc179a3d0ba]
 3  /usr/lib/x86_64-linux-gnu/libpthread.so.0(+0x14420) [0x7fc1ba335420]
 4  /opt/conda/envs/gdf/lib/libucp.so.0(ucp_mem_type_unpack+0x17) [0x7fc179ac0197]
 5  /opt/conda/envs/gdf/lib/libucp.so.0(ucp_rndv_data_handler+0x65d) [0x7fc179aea64d]
 6  /opt/conda/envs/gdf/lib/libuct.so.0(+0x21bdf) [0x7fc1799f2bdf]
 7  /opt/conda/envs/gdf/lib/libuct.so.0(+0x24db8) [0x7fc1799f5db8]
 8  /opt/conda/envs/gdf/lib/libucs.so.0(ucs_event_set_wait+0xb9) [0x7fc179a46619]
 9  /opt/conda/envs/gdf/lib/libuct.so.0(uct_tcp_iface_progress+0x7d) [0x7fc1799f4ecd]
10  /opt/conda/envs/gdf/lib/libucp.so.0(ucp_worker_progress+0x5a) [0x7fc179abceea]
11  /opt/conda/envs/gdf/lib/python3.10/site-packages/ucp/_libs/ucx_api.cpython-310-x86_64-linux-gnu.so(+0x31d7a) [0x7fc179b7dd7a]
12  /opt/conda/envs/gdf/bin/python(_PyEval_EvalFrameDefault+0x2d62) [0x5569246f5ce2]
13  /opt/conda/envs/gdf/bin/python(_PyFunction_Vectorcall+0x6c) [0x5569247030cc]
14  /opt/conda/envs/gdf/bin/python(_PyEval_EvalFrameDefault+0x700) [0x5569246f3680]
15  /opt/conda/envs/gdf/bin/python(+0x147764) [0x55692470e764]
16  /opt/conda/envs/gdf/bin/python(+0x25292c) [0x55692481992c]
17  /opt/conda/envs/gdf/bin/python(+0xf7850) [0x5569246be850]
18  /opt/conda/envs/gdf/bin/python(+0x133703) [0x5569246fa703]
19  /opt/conda/envs/gdf/bin/python(_PyEval_EvalFrameDefault+0x596c) [0x5569246f88ec]
20  /opt/conda/envs/gdf/bin/python(_PyFunction_Vectorcall+0x6c) [0x5569247030cc]
21  /opt/conda/envs/gdf/bin/python(_PyEval_EvalFrameDefault+0x700) [0x5569246f3680]
22  /opt/conda/envs/gdf/bin/python(_PyFunction_Vectorcall+0x6c) [0x5569247030cc]
23  /opt/conda/envs/gdf/bin/python(_PyEval_EvalFrameDefault+0x700) [0x5569246f3680]
24  /opt/conda/envs/gdf/bin/python(_PyFunction_Vectorcall+0x6c) [0x5569247030cc]
25  /opt/conda/envs/gdf/bin/python(_PyEval_EvalFrameDefault+0x700) [0x5569246f3680]
26  /opt/conda/envs/gdf/bin/python(_PyFunction_Vectorcall+0x6c) [0x5569247030cc]
27  /opt/conda/envs/gdf/bin/python(_PyEval_EvalFrameDefault+0x700) [0x5569246f3680]
28  /opt/conda/envs/gdf/bin/python(_PyFunction_Vectorcall+0x6c) [0x5569247030cc]
29  /opt/conda/envs/gdf/bin/python(_PyEval_EvalFrameDefault+0x133e) [0x5569246f42be]
30  /opt/conda/envs/gdf/bin/python(+0x1474e2) [0x55692470e4e2]
31  /opt/conda/envs/gdf/bin/python(PyObject_Call+0xbc) [0x55692470ee7c]
32  /opt/conda/envs/gdf/bin/python(+0x1ff38d) [0x5569247c638d]
33  /opt/conda/envs/gdf/bin/python(_PyObject_MakeTpCall+0x2d3) [0x5569246fbf73]
34  /opt/conda/envs/gdf/bin/python(_PyEval_EvalFrameDefault+0x2d62) [0x5569246f5ce2]
35  /opt/conda/envs/gdf/bin/python(+0x147638) [0x55692470e638]
36  /opt/conda/envs/gdf/bin/python(_PyEval_EvalFrameDefault+0x2d62) [0x5569246f5ce2]
37  /opt/conda/envs/gdf/bin/python(_PyFunction_Vectorcall+0x6c) [0x5569247030cc]
38  /opt/conda/envs/gdf/bin/python(_PyEval_EvalFrameDefault+0x700) [0x5569246f3680]
39  /opt/conda/envs/gdf/bin/python(_PyFunction_Vectorcall+0x6c) [0x5569247030cc]
40  /opt/conda/envs/gdf/bin/python(_PyEval_EvalFrameDefault+0x700) [0x5569246f3680]
41  /opt/conda/envs/gdf/bin/python(_PyFunction_Vectorcall+0x6c) [0x5569247030cc]
42  /opt/conda/envs/gdf/bin/python(_PyEval_EvalFrameDefault+0x30c) [0x5569246f328c]
43  /opt/conda/envs/gdf/bin/python(_PyFunction_Vectorcall+0x6c) [0x5569247030cc]
44  /opt/conda/envs/gdf/bin/python(_PyEval_EvalFrameDefault+0x133e) [0x5569246f42be]
45  /opt/conda/envs/gdf/bin/python(+0x1cc80c) [0x55692479380c]
46  /opt/conda/envs/gdf/bin/python(PyEval_EvalCode+0x87) [0x556924793757]
47  /opt/conda/envs/gdf/bin/python(+0x1fcb1a) [0x5569247c3b1a]
48  /opt/conda/envs/gdf/bin/python(+0x1f7fa3) [0x5569247befa3]
49  /opt/conda/envs/gdf/bin/python(PyRun_StringFlags+0x7d) [0x5569247b773d]
50  /opt/conda/envs/gdf/bin/python(PyRun_SimpleStringFlags+0x3c) [0x5569247b757c]
51  /opt/conda/envs/gdf/bin/python(Py_RunMain+0x3ba) [0x5569247b677a]
52  /opt/conda/envs/gdf/bin/python(Py_BytesMain+0x37) [0x556924786e97]
53  /usr/lib/x86_64-linux-gnu/libc.so.6(__libc_start_main+0xf3) [0x7fc1b9ff9083]
54  /opt/conda/envs/gdf/bin/python(+0x1bfdae) [0x556924786dae]
=================================
2024-10-18 07:03:18,255 - distributed.scheduler - WARNING - Removing worker 'ucx://127.0.0.1:33591' caused the cluster to lose already computed task(s), which will be recomputed elsewhere: {('sum-cd1c48db4965fd9666834163f64376da', 4, 3), ('random_sample-cb66fcc1687bd291bff7032082c4626d', 4, 2), ('random_sample-cb66fcc1687bd291bff7032082c4626d', 3, 4), ('random_sample-cb66fcc1687bd291bff7032082c4626d', 4, 0), ('random_sample-cb66fcc1687bd291bff7032082c4626d', 4, 3), ('sum-cd1c48db4965fd9666834163f64376da', 3, 4)} (stimulus_id='handle-worker-cleanup-1729234998.255532')
2024-10-18 07:03:18,255 - distributed.worker - ERROR - failed during get data with ucx://127.0.0.1:40781 -> ucx://127.0.0.1:33591
Traceback (most recent call last):
  File "/opt/conda/envs/gdf/lib/python3.10/site-packages/distributed/comm/ucx.py", line 335, in write
    await self.ep.send(each_frame)
  File "/opt/conda/envs/gdf/lib/python3.10/site-packages/ucp/core.py", line 662, in send
    return await comm.tag_send(self._ep, buffer, nbytes, tag, name=log)
ucp._libs.exceptions.UCXError: <[Send #007] ep: 0x7f47815951c0, tag: 0x337e5880af99f292, nbytes: 50000000, type: <class 'cupy.ndarray'>>: Connection reset by remote peer

During handling of the above exception, another exception occurred:

Traceback (most recent call last):
  File "/opt/conda/envs/gdf/lib/python3.10/site-packages/distributed/worker.py", line 1777, in get_data
    compressed = await comm.write(msg, serializers=serializers)
  File "/opt/conda/envs/gdf/lib/python3.10/site-packages/distributed/utils.py", line 806, in wrapper
    return await func(*args, **kwargs)
  File "/opt/conda/envs/gdf/lib/python3.10/site-packages/distributed/comm/ucx.py", line 339, in write
    raise CommClosedError("While writing, the connection was closed")
distributed.comm.core.CommClosedError: While writing, the connection was closed
2024-10-18 07:03:18,295 - distributed.nanny - WARNING - Restarting worker
[dgx13:84495:0:84495] Caught signal 11 (Segmentation fault: address not mapped to object at address 0x450)
==== backtrace (tid:  84495) ====
 0  /opt/conda/envs/gdf/lib/libucs.so.0(ucs_handle_error+0x2fd) [0x7f1990a0fcfd]
 1  /opt/conda/envs/gdf/lib/libucs.so.0(+0x2def4) [0x7f1990a0fef4]
 2  /opt/conda/envs/gdf/lib/libucs.so.0(+0x2e0ba) [0x7f1990a100ba]
 3  /usr/lib/x86_64-linux-gnu/libpthread.so.0(+0x14420) [0x7f19bf328420]
 4  /opt/conda/envs/gdf/lib/libucp.so.0(ucp_mem_type_unpack+0x17) [0x7f1990a93197]
 5  /opt/conda/envs/gdf/lib/libucp.so.0(ucp_rndv_data_handler+0x65d) [0x7f1990abd64d]
 6  /opt/conda/envs/gdf/lib/libuct.so.0(+0x21bdf) [0x7f19909c5bdf]
 7  /opt/conda/envs/gdf/lib/libuct.so.0(+0x24db8) [0x7f19909c8db8]
 8  /opt/conda/envs/gdf/lib/libucs.so.0(ucs_event_set_wait+0xb9) [0x7f1990a19619]
 9  /opt/conda/envs/gdf/lib/libuct.so.0(uct_tcp_iface_progress+0x7d) [0x7f19909c7ecd]
10  /opt/conda/envs/gdf/lib/libucp.so.0(ucp_worker_progress+0x5a) [0x7f1990a8feea]
11  /opt/conda/envs/gdf/lib/python3.10/site-packages/ucp/_libs/ucx_api.cpython-310-x86_64-linux-gnu.so(+0x31d7a) [0x7f1990b50d7a]
12  /opt/conda/envs/gdf/bin/python(_PyEval_EvalFrameDefault+0x2d62) [0x55fadad51ce2]
13  /opt/conda/envs/gdf/bin/python(_PyFunction_Vectorcall+0x6c) [0x55fadad5f0cc]
14  /opt/conda/envs/gdf/bin/python(_PyEval_EvalFrameDefault+0x700) [0x55fadad4f680]
15  /opt/conda/envs/gdf/bin/python(+0x147764) [0x55fadad6a764]
16  /opt/conda/envs/gdf/bin/python(+0x25292c) [0x55fadae7592c]
17  /opt/conda/envs/gdf/bin/python(+0xf7850) [0x55fadad1a850]
18  /opt/conda/envs/gdf/bin/python(+0x133703) [0x55fadad56703]
19  /opt/conda/envs/gdf/bin/python(_PyEval_EvalFrameDefault+0x596c) [0x55fadad548ec]
20  /opt/conda/envs/gdf/bin/python(_PyFunction_Vectorcall+0x6c) [0x55fadad5f0cc]
21  /opt/conda/envs/gdf/bin/python(_PyEval_EvalFrameDefault+0x700) [0x55fadad4f680]
22  /opt/conda/envs/gdf/bin/python(_PyFunction_Vectorcall+0x6c) [0x55fadad5f0cc]
23  /opt/conda/envs/gdf/bin/python(_PyEval_EvalFrameDefault+0x700) [0x55fadad4f680]
24  /opt/conda/envs/gdf/bin/python(_PyFunction_Vectorcall+0x6c) [0x55fadad5f0cc]
25  /opt/conda/envs/gdf/bin/python(_PyEval_EvalFrameDefault+0x700) [0x55fadad4f680]
26  /opt/conda/envs/gdf/bin/python(_PyFunction_Vectorcall+0x6c) [0x55fadad5f0cc]
27  /opt/conda/envs/gdf/bin/python(_PyEval_EvalFrameDefault+0x700) [0x55fadad4f680]
28  /opt/conda/envs/gdf/bin/python(_PyFunction_Vectorcall+0x6c) [0x55fadad5f0cc]
29  /opt/conda/envs/gdf/bin/python(_PyEval_EvalFrameDefault+0x133e) [0x55fadad502be]
30  /opt/conda/envs/gdf/bin/python(+0x1474e2) [0x55fadad6a4e2]
31  /opt/conda/envs/gdf/bin/python(PyObject_Call+0xbc) [0x55fadad6ae7c]
32  /opt/conda/envs/gdf/bin/python(+0x1ff38d) [0x55fadae2238d]
33  /opt/conda/envs/gdf/bin/python(_PyObject_MakeTpCall+0x2d3) [0x55fadad57f73]
34  /opt/conda/envs/gdf/bin/python(_PyEval_EvalFrameDefault+0x2d62) [0x55fadad51ce2]
35  /opt/conda/envs/gdf/bin/python(+0x147638) [0x55fadad6a638]
36  /opt/conda/envs/gdf/bin/python(_PyEval_EvalFrameDefault+0x2d62) [0x55fadad51ce2]
37  /opt/conda/envs/gdf/bin/python(_PyFunction_Vectorcall+0x6c) [0x55fadad5f0cc]
38  /opt/conda/envs/gdf/bin/python(_PyEval_EvalFrameDefault+0x700) [0x55fadad4f680]
39  /opt/conda/envs/gdf/bin/python(_PyFunction_Vectorcall+0x6c) [0x55fadad5f0cc]
40  /opt/conda/envs/gdf/bin/python(_PyEval_EvalFrameDefault+0x700) [0x55fadad4f680]
41  /opt/conda/envs/gdf/bin/python(_PyFunction_Vectorcall+0x6c) [0x55fadad5f0cc]
42  /opt/conda/envs/gdf/bin/python(_PyEval_EvalFrameDefault+0x30c) [0x55fadad4f28c]
43  /opt/conda/envs/gdf/bin/python(_PyFunction_Vectorcall+0x6c) [0x55fadad5f0cc]
44  /opt/conda/envs/gdf/bin/python(_PyEval_EvalFrameDefault+0x133e) [0x55fadad502be]
45  /opt/conda/envs/gdf/bin/python(+0x1cc80c) [0x55fadadef80c]
46  /opt/conda/envs/gdf/bin/python(PyEval_EvalCode+0x87) [0x55fadadef757]
47  /opt/conda/envs/gdf/bin/python(+0x1fcb1a) [0x55fadae1fb1a]
48  /opt/conda/envs/gdf/bin/python(+0x1f7fa3) [0x55fadae1afa3]
49  /opt/conda/envs/gdf/bin/python(PyRun_StringFlags+0x7d) [0x55fadae1373d]
50  /opt/conda/envs/gdf/bin/python(PyRun_SimpleStringFlags+0x3c) [0x55fadae1357c]
51  /opt/conda/envs/gdf/bin/python(Py_RunMain+0x3ba) [0x55fadae1277a]
52  /opt/conda/envs/gdf/bin/python(Py_BytesMain+0x37) [0x55fadade2e97]
53  /usr/lib/x86_64-linux-gnu/libc.so.6(__libc_start_main+0xf3) [0x7f19befec083]
54  /opt/conda/envs/gdf/bin/python(+0x1bfdae) [0x55fadade2dae]
=================================
2024-10-18 07:03:21,334 - distributed.worker - ERROR - failed during get data with ucx://127.0.0.1:37469 -> ucx://127.0.0.1:33719
Traceback (most recent call last):
  File "/opt/conda/envs/gdf/lib/python3.10/site-packages/distributed/comm/ucx.py", line 335, in write
    await self.ep.send(each_frame)
  File "/opt/conda/envs/gdf/lib/python3.10/site-packages/ucp/core.py", line 662, in send
    return await comm.tag_send(self._ep, buffer, nbytes, tag, name=log)
ucp._libs.exceptions.UCXError: <[Send #007] ep: 0x7f75d536e200, tag: 0xf92f725e0fded3d4, nbytes: 50000000, type: <class 'cupy.ndarray'>>: Connection reset by remote peer

During handling of the above exception, another exception occurred:

Traceback (most recent call last):
  File "/opt/conda/envs/gdf/lib/python3.10/site-packages/distributed/worker.py", line 1777, in get_data
    compressed = await comm.write(msg, serializers=serializers)
  File "/opt/conda/envs/gdf/lib/python3.10/site-packages/distributed/utils.py", line 806, in wrapper
    return await func(*args, **kwargs)
  File "/opt/conda/envs/gdf/lib/python3.10/site-packages/distributed/comm/ucx.py", line 339, in write
    raise CommClosedError("While writing, the connection was closed")
distributed.comm.core.CommClosedError: While writing, the connection was closed
2024-10-18 07:03:21,334 - distributed.scheduler - WARNING - Removing worker 'ucx://127.0.0.1:33719' caused the cluster to lose already computed task(s), which will be recomputed elsewhere: {('sum-cd1c48db4965fd9666834163f64376da', 4, 3), ('random_sample-cb66fcc1687bd291bff7032082c4626d', 4, 2), ('sum-cd1c48db4965fd9666834163f64376da', 4, 0), ('random_sample-cb66fcc1687bd291bff7032082c4626d', 2, 4), ('random_sample-cb66fcc1687bd291bff7032082c4626d', 3, 4), ('sum-cd1c48db4965fd9666834163f64376da', 0, 4), ('random_sample-cb66fcc1687bd291bff7032082c4626d', 4, 0), ('sum-cd1c48db4965fd9666834163f64376da', 4, 2), ('random_sample-cb66fcc1687bd291bff7032082c4626d', 4, 3), ('sum-cd1c48db4965fd9666834163f64376da', 2, 4), ('random_sample-cb66fcc1687bd291bff7032082c4626d', 2, 9), ('sum-cd1c48db4965fd9666834163f64376da', 3, 4)} (stimulus_id='handle-worker-cleanup-1729235001.3343894')
2024-10-18 07:03:21,430 - distributed.nanny - WARNING - Restarting worker
[dgx13:84507:0:84507] Caught signal 11 (Segmentation fault: address not mapped to object at address 0x450)
==== backtrace (tid:  84507) ====
 0  /opt/conda/envs/gdf/lib/libucs.so.0(ucs_handle_error+0x2fd) [0x7f8de1264cfd]
 1  /opt/conda/envs/gdf/lib/libucs.so.0(+0x2def4) [0x7f8de1264ef4]
 2  /opt/conda/envs/gdf/lib/libucs.so.0(+0x2e0ba) [0x7f8de12650ba]
 3  /usr/lib/x86_64-linux-gnu/libpthread.so.0(+0x14420) [0x7f8e21b94420]
 4  /opt/conda/envs/gdf/lib/libucp.so.0(ucp_mem_type_unpack+0x17) [0x7f8de12e8197]
 5  /opt/conda/envs/gdf/lib/libucp.so.0(ucp_rndv_data_handler+0x65d) [0x7f8de131264d]
 6  /opt/conda/envs/gdf/lib/libuct.so.0(+0x21bdf) [0x7f8de121abdf]
 7  /opt/conda/envs/gdf/lib/libuct.so.0(+0x24db8) [0x7f8de121ddb8]
 8  /opt/conda/envs/gdf/lib/libucs.so.0(ucs_event_set_wait+0xb9) [0x7f8de126e619]
 9  /opt/conda/envs/gdf/lib/libuct.so.0(uct_tcp_iface_progress+0x7d) [0x7f8de121cecd]
10  /opt/conda/envs/gdf/lib/libucp.so.0(ucp_worker_progress+0x5a) [0x7f8de12e4eea]
11  /opt/conda/envs/gdf/lib/python3.10/site-packages/ucp/_libs/ucx_api.cpython-310-x86_64-linux-gnu.so(+0x31d7a) [0x7f8de13a5d7a]
12  /opt/conda/envs/gdf/bin/python(_PyEval_EvalFrameDefault+0x2d62) [0x562b871f7ce2]
13  /opt/conda/envs/gdf/bin/python(_PyFunction_Vectorcall+0x6c) [0x562b872050cc]
14  /opt/conda/envs/gdf/bin/python(_PyEval_EvalFrameDefault+0x700) [0x562b871f5680]
15  /opt/conda/envs/gdf/bin/python(+0x147764) [0x562b87210764]
16  /opt/conda/envs/gdf/bin/python(+0x25292c) [0x562b8731b92c]
17  /opt/conda/envs/gdf/bin/python(+0xf7850) [0x562b871c0850]
18  /opt/conda/envs/gdf/bin/python(+0x133703) [0x562b871fc703]
19  /opt/conda/envs/gdf/bin/python(_PyEval_EvalFrameDefault+0x596c) [0x562b871fa8ec]
20  /opt/conda/envs/gdf/bin/python(_PyFunction_Vectorcall+0x6c) [0x562b872050cc]
21  /opt/conda/envs/gdf/bin/python(_PyEval_EvalFrameDefault+0x700) [0x562b871f5680]
22  /opt/conda/envs/gdf/bin/python(_PyFunction_Vectorcall+0x6c) [0x562b872050cc]
23  /opt/conda/envs/gdf/bin/python(_PyEval_EvalFrameDefault+0x700) [0x562b871f5680]
24  /opt/conda/envs/gdf/bin/python(_PyFunction_Vectorcall+0x6c) [0x562b872050cc]
25  /opt/conda/envs/gdf/bin/python(_PyEval_EvalFrameDefault+0x700) [0x562b871f5680]
26  /opt/conda/envs/gdf/bin/python(_PyFunction_Vectorcall+0x6c) [0x562b872050cc]
27  /opt/conda/envs/gdf/bin/python(_PyEval_EvalFrameDefault+0x700) [0x562b871f5680]
28  /opt/conda/envs/gdf/bin/python(_PyFunction_Vectorcall+0x6c) [0x562b872050cc]
29  /opt/conda/envs/gdf/bin/python(_PyEval_EvalFrameDefault+0x133e) [0x562b871f62be]
30  /opt/conda/envs/gdf/bin/python(+0x1474e2) [0x562b872104e2]
31  /opt/conda/envs/gdf/bin/python(PyObject_Call+0xbc) [0x562b87210e7c]
32  /opt/conda/envs/gdf/bin/python(+0x1ff38d) [0x562b872c838d]
33  /opt/conda/envs/gdf/bin/python(_PyObject_MakeTpCall+0x2d3) [0x562b871fdf73]
34  /opt/conda/envs/gdf/bin/python(_PyEval_EvalFrameDefault+0x2d62) [0x562b871f7ce2]
35  /opt/conda/envs/gdf/bin/python(+0x147638) [0x562b87210638]
36  /opt/conda/envs/gdf/bin/python(_PyEval_EvalFrameDefault+0x2d62) [0x562b871f7ce2]
37  /opt/conda/envs/gdf/bin/python(_PyFunction_Vectorcall+0x6c) [0x562b872050cc]
38  /opt/conda/envs/gdf/bin/python(_PyEval_EvalFrameDefault+0x700) [0x562b871f5680]
39  /opt/conda/envs/gdf/bin/python(_PyFunction_Vectorcall+0x6c) [0x562b872050cc]
40  /opt/conda/envs/gdf/bin/python(_PyEval_EvalFrameDefault+0x700) [0x562b871f5680]
41  /opt/conda/envs/gdf/bin/python(_PyFunction_Vectorcall+0x6c) [0x562b872050cc]
42  /opt/conda/envs/gdf/bin/python(_PyEval_EvalFrameDefault+0x30c) [0x562b871f528c]
43  /opt/conda/envs/gdf/bin/python(_PyFunction_Vectorcall+0x6c) [0x562b872050cc]
44  /opt/conda/envs/gdf/bin/python(_PyEval_EvalFrameDefault+0x133e) [0x562b871f62be]
45  /opt/conda/envs/gdf/bin/python(+0x1cc80c) [0x562b8729580c]
46  /opt/conda/envs/gdf/bin/python(PyEval_EvalCode+0x87) [0x562b87295757]
47  /opt/conda/envs/gdf/bin/python(+0x1fcb1a) [0x562b872c5b1a]
48  /opt/conda/envs/gdf/bin/python(+0x1f7fa3) [0x562b872c0fa3]
49  /opt/conda/envs/gdf/bin/python(PyRun_StringFlags+0x7d) [0x562b872b973d]
50  /opt/conda/envs/gdf/bin/python(PyRun_SimpleStringFlags+0x3c) [0x562b872b957c]
51  /opt/conda/envs/gdf/bin/python(Py_RunMain+0x3ba) [0x562b872b877a]
52  /opt/conda/envs/gdf/bin/python(Py_BytesMain+0x37) [0x562b87288e97]
53  /usr/lib/x86_64-linux-gnu/libc.so.6(__libc_start_main+0xf3) [0x7f8e21858083]
54  /opt/conda/envs/gdf/bin/python(+0x1bfdae) [0x562b87288dae]
=================================
2024-10-18 07:03:22,183 - distributed.worker - ERROR - failed during get data with ucx://127.0.0.1:40781 -> ucx://127.0.0.1:45423
Traceback (most recent call last):
  File "/opt/conda/envs/gdf/lib/python3.10/site-packages/distributed/comm/ucx.py", line 335, in write
    await self.ep.send(each_frame)
  File "/opt/conda/envs/gdf/lib/python3.10/site-packages/ucp/core.py", line 662, in send
    return await comm.tag_send(self._ep, buffer, nbytes, tag, name=log)
ucp._libs.exceptions.UCXError: <[Send #007] ep: 0x7f47815951c0, tag: 0x4ecebfc05d81b845, nbytes: 50000000, type: <class 'cupy.ndarray'>>: Connection reset by remote peer

During handling of the above exception, another exception occurred:

Traceback (most recent call last):
  File "/opt/conda/envs/gdf/lib/python3.10/site-packages/distributed/worker.py", line 1777, in get_data
    compressed = await comm.write(msg, serializers=serializers)
  File "/opt/conda/envs/gdf/lib/python3.10/site-packages/distributed/utils.py", line 806, in wrapper
    return await func(*args, **kwargs)
  File "/opt/conda/envs/gdf/lib/python3.10/site-packages/distributed/comm/ucx.py", line 339, in write
    raise CommClosedError("While writing, the connection was closed")
distributed.comm.core.CommClosedError: While writing, the connection was closed
2024-10-18 07:03:22,184 - distributed.scheduler - ERROR - Task ('sum-cd1c48db4965fd9666834163f64376da', 0, 4) marked as failed because 4 workers died while trying to run it
2024-10-18 07:03:22,184 - distributed.scheduler - ERROR - Task ('sum-cd1c48db4965fd9666834163f64376da', 4, 0) marked as failed because 4 workers died while trying to run it
2024-10-18 07:03:22,184 - distributed.scheduler - WARNING - Removing worker 'ucx://127.0.0.1:45423' caused the cluster to lose already computed task(s), which will be recomputed elsewhere: {('sum-cd1c48db4965fd9666834163f64376da', 4, 3), ('random_sample-cb66fcc1687bd291bff7032082c4626d', 4, 2), ('random_sample-cb66fcc1687bd291bff7032082c4626d', 3, 4), ('random_sample-cb66fcc1687bd291bff7032082c4626d', 4, 0), ('random_sample-cb66fcc1687bd291bff7032082c4626d', 4, 3), ('sum-cd1c48db4965fd9666834163f64376da', 3, 4)} (stimulus_id='handle-worker-cleanup-1729235002.1835399')
2024-10-18 07:03:22,223 - distributed.nanny - WARNING - Restarting worker
[dgx13:84136:0:84136] Caught signal 11 (Segmentation fault: address not mapped to object at address 0x450)
==== backtrace (tid:  84136) ====
 0  /opt/conda/envs/gdf/lib/libucs.so.0(ucs_handle_error+0x2fd) [0x7f676006ecfd]
 1  /opt/conda/envs/gdf/lib/libucs.so.0(+0x2def4) [0x7f676006eef4]
 2  /opt/conda/envs/gdf/lib/libucs.so.0(+0x2e0ba) [0x7f676006f0ba]
 3  /usr/lib/x86_64-linux-gnu/libpthread.so.0(+0x14420) [0x7f679c6a9420]
 4  /opt/conda/envs/gdf/lib/libucp.so.0(ucp_mem_type_unpack+0x17) [0x7f6745b7c197]
 5  /opt/conda/envs/gdf/lib/libucp.so.0(ucp_rndv_data_handler+0x65d) [0x7f6745ba664d]
 6  /opt/conda/envs/gdf/lib/libuct.so.0(+0x21bdf) [0x7f6760024bdf]
 7  /opt/conda/envs/gdf/lib/libuct.so.0(+0x24db8) [0x7f6760027db8]
 8  /opt/conda/envs/gdf/lib/libucs.so.0(ucs_event_set_wait+0xb9) [0x7f6760078619]
 9  /opt/conda/envs/gdf/lib/libuct.so.0(uct_tcp_iface_progress+0x7d) [0x7f6760026ecd]
10  /opt/conda/envs/gdf/lib/libucp.so.0(ucp_worker_progress+0x5a) [0x7f6745b78eea]
11  /opt/conda/envs/gdf/lib/python3.10/site-packages/ucp/_libs/ucx_api.cpython-310-x86_64-linux-gnu.so(+0x31d7a) [0x7f6745c39d7a]
12  /opt/conda/envs/gdf/bin/python(_PyEval_EvalFrameDefault+0x2d62) [0x5584984f9ce2]
13  /opt/conda/envs/gdf/bin/python(_PyFunction_Vectorcall+0x6c) [0x5584985070cc]
14  /opt/conda/envs/gdf/bin/python(_PyEval_EvalFrameDefault+0x700) [0x5584984f7680]
15  /opt/conda/envs/gdf/bin/python(+0x147764) [0x558498512764]
16  /opt/conda/envs/gdf/bin/python(+0x25292c) [0x55849861d92c]
17  /opt/conda/envs/gdf/bin/python(+0xf7850) [0x5584984c2850]
18  /opt/conda/envs/gdf/bin/python(+0x133703) [0x5584984fe703]
19  /opt/conda/envs/gdf/bin/python(_PyEval_EvalFrameDefault+0x596c) [0x5584984fc8ec]
20  /opt/conda/envs/gdf/bin/python(_PyFunction_Vectorcall+0x6c) [0x5584985070cc]
21  /opt/conda/envs/gdf/bin/python(_PyEval_EvalFrameDefault+0x700) [0x5584984f7680]
22  /opt/conda/envs/gdf/bin/python(_PyFunction_Vectorcall+0x6c) [0x5584985070cc]
23  /opt/conda/envs/gdf/bin/python(_PyEval_EvalFrameDefault+0x700) [0x5584984f7680]
24  /opt/conda/envs/gdf/bin/python(_PyFunction_Vectorcall+0x6c) [0x5584985070cc]
25  /opt/conda/envs/gdf/bin/python(_PyEval_EvalFrameDefault+0x700) [0x5584984f7680]
26  /opt/conda/envs/gdf/bin/python(_PyFunction_Vectorcall+0x6c) [0x5584985070cc]
27  /opt/conda/envs/gdf/bin/python(_PyEval_EvalFrameDefault+0x700) [0x5584984f7680]
28  /opt/conda/envs/gdf/bin/python(_PyFunction_Vectorcall+0x6c) [0x5584985070cc]
29  /opt/conda/envs/gdf/bin/python(_PyEval_EvalFrameDefault+0x133e) [0x5584984f82be]
30  /opt/conda/envs/gdf/bin/python(+0x1474e2) [0x5584985124e2]
31  /opt/conda/envs/gdf/bin/python(PyObject_Call+0xbc) [0x558498512e7c]
32  /opt/conda/envs/gdf/bin/python(+0x1ff38d) [0x5584985ca38d]
33  /opt/conda/envs/gdf/bin/python(_PyObject_MakeTpCall+0x2d3) [0x5584984fff73]
34  /opt/conda/envs/gdf/bin/python(_PyEval_EvalFrameDefault+0x2d62) [0x5584984f9ce2]
35  /opt/conda/envs/gdf/bin/python(+0x147638) [0x558498512638]
36  /opt/conda/envs/gdf/bin/python(_PyEval_EvalFrameDefault+0x2d62) [0x5584984f9ce2]
37  /opt/conda/envs/gdf/bin/python(_PyFunction_Vectorcall+0x6c) [0x5584985070cc]
38  /opt/conda/envs/gdf/bin/python(_PyEval_EvalFrameDefault+0x700) [0x5584984f7680]
39  /opt/conda/envs/gdf/bin/python(_PyFunction_Vectorcall+0x6c) [0x5584985070cc]
40  /opt/conda/envs/gdf/bin/python(_PyEval_EvalFrameDefault+0x700) [0x5584984f7680]
41  /opt/conda/envs/gdf/bin/python(_PyFunction_Vectorcall+0x6c) [0x5584985070cc]
42  /opt/conda/envs/gdf/bin/python(_PyEval_EvalFrameDefault+0x30c) [0x5584984f728c]
43  /opt/conda/envs/gdf/bin/python(_PyFunction_Vectorcall+0x6c) [0x5584985070cc]
44  /opt/conda/envs/gdf/bin/python(_PyEval_EvalFrameDefault+0x133e) [0x5584984f82be]
45  /opt/conda/envs/gdf/bin/python(+0x1cc80c) [0x55849859780c]
46  /opt/conda/envs/gdf/bin/python(PyEval_EvalCode+0x87) [0x558498597757]
47  /opt/conda/envs/gdf/bin/python(+0x1fcb1a) [0x5584985c7b1a]
48  /opt/conda/envs/gdf/bin/python(+0x1f7fa3) [0x5584985c2fa3]
49  /opt/conda/envs/gdf/bin/python(PyRun_StringFlags+0x7d) [0x5584985bb73d]
50  /opt/conda/envs/gdf/bin/python(PyRun_SimpleStringFlags+0x3c) [0x5584985bb57c]
51  /opt/conda/envs/gdf/bin/python(Py_RunMain+0x3ba) [0x5584985ba77a]
52  /opt/conda/envs/gdf/bin/python(Py_BytesMain+0x37) [0x55849858ae97]
53  /usr/lib/x86_64-linux-gnu/libc.so.6(__libc_start_main+0xf3) [0x7f679c36d083]
54  /opt/conda/envs/gdf/bin/python(+0x1bfdae) [0x55849858adae]
=================================
[dgx13:84155:0:84155] Caught signal 11 (Segmentation fault: address not mapped to object at address 0x450)
==== backtrace (tid:  84155) ====
 0  /opt/conda/envs/gdf/lib/libucs.so.0(ucs_handle_error+0x2fd) [0x7f75d5657cfd]
 1  /opt/conda/envs/gdf/lib/libucs.so.0(+0x2def4) [0x7f75d5657ef4]
 2  /opt/conda/envs/gdf/lib/libucs.so.0(+0x2e0ba) [0x7f75d56580ba]
 3  /usr/lib/x86_64-linux-gnu/libpthread.so.0(+0x14420) [0x7f761615e420]
 4  /opt/conda/envs/gdf/lib/libucp.so.0(ucp_mem_type_unpack+0x17) [0x7f75d56db197]
 5  /opt/conda/envs/gdf/lib/libucp.so.0(ucp_rndv_data_handler+0x65d) [0x7f75d570564d]
 6  /opt/conda/envs/gdf/lib/libuct.so.0(+0x21bdf) [0x7f75d560dbdf]
 7  /opt/conda/envs/gdf/lib/libuct.so.0(+0x24db8) [0x7f75d5610db8]
 8  /opt/conda/envs/gdf/lib/libucs.so.0(ucs_event_set_wait+0xb9) [0x7f75d5661619]
 9  /opt/conda/envs/gdf/lib/libuct.so.0(uct_tcp_iface_progress+0x7d) [0x7f75d560fecd]
10  /opt/conda/envs/gdf/lib/libucp.so.0(ucp_worker_progress+0x5a) [0x7f75d56d7eea]
11  /opt/conda/envs/gdf/lib/python3.10/site-packages/ucp/_libs/ucx_api.cpython-310-x86_64-linux-gnu.so(+0x31d7a) [0x7f75d5798d7a]
12  /opt/conda/envs/gdf/bin/python(_PyEval_EvalFrameDefault+0x2d62) [0x55a7b69aece2]
13  /opt/conda/envs/gdf/bin/python(_PyFunction_Vectorcall+0x6c) [0x55a7b69bc0cc]
14  /opt/conda/envs/gdf/bin/python(_PyEval_EvalFrameDefault+0x700) [0x55a7b69ac680]
15  /opt/conda/envs/gdf/bin/python(+0x147764) [0x55a7b69c7764]
16  /opt/conda/envs/gdf/bin/python(+0x25292c) [0x55a7b6ad292c]
17  /opt/conda/envs/gdf/bin/python(+0xf7850) [0x55a7b6977850]
18  /opt/conda/envs/gdf/bin/python(+0x133703) [0x55a7b69b3703]
19  /opt/conda/envs/gdf/bin/python(_PyEval_EvalFrameDefault+0x596c) [0x55a7b69b18ec]
20  /opt/conda/envs/gdf/bin/python(_PyFunction_Vectorcall+0x6c) [0x55a7b69bc0cc]
21  /opt/conda/envs/gdf/bin/python(_PyEval_EvalFrameDefault+0x700) [0x55a7b69ac680]
22  /opt/conda/envs/gdf/bin/python(_PyFunction_Vectorcall+0x6c) [0x55a7b69bc0cc]
23  /opt/conda/envs/gdf/bin/python(_PyEval_EvalFrameDefault+0x700) [0x55a7b69ac680]
24  /opt/conda/envs/gdf/bin/python(_PyFunction_Vectorcall+0x6c) [0x55a7b69bc0cc]
25  /opt/conda/envs/gdf/bin/python(_PyEval_EvalFrameDefault+0x700) [0x55a7b69ac680]
26  /opt/conda/envs/gdf/bin/python(_PyFunction_Vectorcall+0x6c) [0x55a7b69bc0cc]
27  /opt/conda/envs/gdf/bin/python(_PyEval_EvalFrameDefault+0x700) [0x55a7b69ac680]
28  /opt/conda/envs/gdf/bin/python(_PyFunction_Vectorcall+0x6c) [0x55a7b69bc0cc]
29  /opt/conda/envs/gdf/bin/python(_PyEval_EvalFrameDefault+0x133e) [0x55a7b69ad2be]
30  /opt/conda/envs/gdf/bin/python(+0x1474e2) [0x55a7b69c74e2]
31  /opt/conda/envs/gdf/bin/python(PyObject_Call+0xbc) [0x55a7b69c7e7c]
32  /opt/conda/envs/gdf/bin/python(+0x1ff38d) [0x55a7b6a7f38d]
33  /opt/conda/envs/gdf/bin/python(_PyObject_MakeTpCall+0x2d3) [0x55a7b69b4f73]
34  /opt/conda/envs/gdf/bin/python(_PyEval_EvalFrameDefault+0x2d62) [0x55a7b69aece2]
35  /opt/conda/envs/gdf/bin/python(+0x147638) [0x55a7b69c7638]
36  /opt/conda/envs/gdf/bin/python(_PyEval_EvalFrameDefault+0x2d62) [0x55a7b69aece2]
37  /opt/conda/envs/gdf/bin/python(_PyFunction_Vectorcall+0x6c) [0x55a7b69bc0cc]
38  /opt/conda/envs/gdf/bin/python(_PyEval_EvalFrameDefault+0x700) [0x55a7b69ac680]
39  /opt/conda/envs/gdf/bin/python(_PyFunction_Vectorcall+0x6c) [0x55a7b69bc0cc]
40  /opt/conda/envs/gdf/bin/python(_PyEval_EvalFrameDefault+0x700) [0x55a7b69ac680]
41  /opt/conda/envs/gdf/bin/python(_PyFunction_Vectorcall+0x6c) [0x55a7b69bc0cc]
42  /opt/conda/envs/gdf/bin/python(_PyEval_EvalFrameDefault+0x30c) [0x55a7b69ac28c]
43  /opt/conda/envs/gdf/bin/python(_PyFunction_Vectorcall+0x6c) [0x55a7b69bc0cc]
44  /opt/conda/envs/gdf/bin/python(_PyEval_EvalFrameDefault+0x133e) [0x55a7b69ad2be]
45  /opt/conda/envs/gdf/bin/python(+0x1cc80c) [0x55a7b6a4c80c]
46  /opt/conda/envs/gdf/bin/python(PyEval_EvalCode+0x87) [0x55a7b6a4c757]
47  /opt/conda/envs/gdf/bin/python(+0x1fcb1a) [0x55a7b6a7cb1a]
48  /opt/conda/envs/gdf/bin/python(+0x1f7fa3) [0x55a7b6a77fa3]
49  /opt/conda/envs/gdf/bin/python(PyRun_StringFlags+0x7d) [0x55a7b6a7073d]
50  /opt/conda/envs/gdf/bin/python(PyRun_SimpleStringFlags+0x3c) [0x55a7b6a7057c]
51  /opt/conda/envs/gdf/bin/python(Py_RunMain+0x3ba) [0x55a7b6a6f77a]
52  /opt/conda/envs/gdf/bin/python(Py_BytesMain+0x37) [0x55a7b6a3fe97]
53  /usr/lib/x86_64-linux-gnu/libc.so.6(__libc_start_main+0xf3) [0x7f7615e22083]
54  /opt/conda/envs/gdf/bin/python(+0x1bfdae) [0x55a7b6a3fdae]
=================================
[dgx13:84147:0:84147] Caught signal 11 (Segmentation fault: address not mapped to object at address 0x450)
==== backtrace (tid:  84147) ====
 0  /opt/conda/envs/gdf/lib/libucs.so.0(ucs_handle_error+0x2fd) [0x7fe5c3230cfd]
 1  /opt/conda/envs/gdf/lib/libucs.so.0(+0x2def4) [0x7fe5c3230ef4]
 2  /opt/conda/envs/gdf/lib/libucs.so.0(+0x2e0ba) [0x7fe5c32310ba]
 3  /usr/lib/x86_64-linux-gnu/libpthread.so.0(+0x14420) [0x7fe5ffd27420]
 4  /opt/conda/envs/gdf/lib/libucp.so.0(ucp_mem_type_unpack+0x17) [0x7fe5c32b4197]
 5  /opt/conda/envs/gdf/lib/libucp.so.0(ucp_rndv_data_handler+0x65d) [0x7fe5c32de64d]
 6  /opt/conda/envs/gdf/lib/libuct.so.0(+0x21bdf) [0x7fe5c31e6bdf]
 7  /opt/conda/envs/gdf/lib/libuct.so.0(+0x24db8) [0x7fe5c31e9db8]
 8  /opt/conda/envs/gdf/lib/libucs.so.0(ucs_event_set_wait+0xb9) [0x7fe5c323a619]
 9  /opt/conda/envs/gdf/lib/libuct.so.0(uct_tcp_iface_progress+0x7d) [0x7fe5c31e8ecd]
10  /opt/conda/envs/gdf/lib/libucp.so.0(ucp_worker_progress+0x5a) [0x7fe5c32b0eea]
11  /opt/conda/envs/gdf/lib/python3.10/site-packages/ucp/_libs/ucx_api.cpython-310-x86_64-linux-gnu.so(+0x31d7a) [0x7fe5c3371d7a]
12  /opt/conda/envs/gdf/bin/python(_PyEval_EvalFrameDefault+0x2d62) [0x55807a4c8ce2]
13  /opt/conda/envs/gdf/bin/python(_PyFunction_Vectorcall+0x6c) [0x55807a4d60cc]
14  /opt/conda/envs/gdf/bin/python(_PyEval_EvalFrameDefault+0x700) [0x55807a4c6680]
15  /opt/conda/envs/gdf/bin/python(+0x1d6029) [0x55807a570029]
16  /opt/conda/envs/gdf/lib/python3.10/lib-dynload/_asyncio.cpython-310-x86_64-linux-gnu.so(+0x7782) [0x7fe5ed80b782]
17  /opt/conda/envs/gdf/bin/python(_PyObject_MakeTpCall+0x2d3) [0x55807a4cef73]
18  /opt/conda/envs/gdf/bin/python(+0xf7850) [0x55807a491850]
19  /opt/conda/envs/gdf/bin/python(+0x133703) [0x55807a4cd703]
20  /opt/conda/envs/gdf/bin/python(_PyEval_EvalFrameDefault+0x596c) [0x55807a4cb8ec]
21  /opt/conda/envs/gdf/bin/python(_PyFunction_Vectorcall+0x6c) [0x55807a4d60cc]
22  /opt/conda/envs/gdf/bin/python(_PyEval_EvalFrameDefault+0x700) [0x55807a4c6680]
23  /opt/conda/envs/gdf/bin/python(_PyFunction_Vectorcall+0x6c) [0x55807a4d60cc]
24  /opt/conda/envs/gdf/bin/python(_PyEval_EvalFrameDefault+0x700) [0x55807a4c6680]
25  /opt/conda/envs/gdf/bin/python(_PyFunction_Vectorcall+0x6c) [0x55807a4d60cc]
26  /opt/conda/envs/gdf/bin/python(_PyEval_EvalFrameDefault+0x700) [0x55807a4c6680]
27  /opt/conda/envs/gdf/bin/python(_PyFunction_Vectorcall+0x6c) [0x55807a4d60cc]
28  /opt/conda/envs/gdf/bin/python(_PyEval_EvalFrameDefault+0x700) [0x55807a4c6680]
29  /opt/conda/envs/gdf/bin/python(_PyFunction_Vectorcall+0x6c) [0x55807a4d60cc]
30  /opt/conda/envs/gdf/bin/python(_PyEval_EvalFrameDefault+0x133e) [0x55807a4c72be]
31  /opt/conda/envs/gdf/bin/python(+0x1474e2) [0x55807a4e14e2]
32  /opt/conda/envs/gdf/bin/python(PyObject_Call+0xbc) [0x55807a4e1e7c]
33  /opt/conda/envs/gdf/bin/python(+0x1ff38d) [0x55807a59938d]
34  /opt/conda/envs/gdf/bin/python(_PyObject_MakeTpCall+0x2d3) [0x55807a4cef73]
35  /opt/conda/envs/gdf/bin/python(_PyEval_EvalFrameDefault+0x2d62) [0x55807a4c8ce2]
36  /opt/conda/envs/gdf/bin/python(+0x147638) [0x55807a4e1638]
37  /opt/conda/envs/gdf/bin/python(_PyEval_EvalFrameDefault+0x2d62) [0x55807a4c8ce2]
38  /opt/conda/envs/gdf/bin/python(_PyFunction_Vectorcall+0x6c) [0x55807a4d60cc]
39  /opt/conda/envs/gdf/bin/python(_PyEval_EvalFrameDefault+0x700) [0x55807a4c6680]
40  /opt/conda/envs/gdf/bin/python(_PyFunction_Vectorcall+0x6c) [0x55807a4d60cc]
41  /opt/conda/envs/gdf/bin/python(_PyEval_EvalFrameDefault+0x700) [0x55807a4c6680]
42  /opt/conda/envs/gdf/bin/python(_PyFunction_Vectorcall+0x6c) [0x55807a4d60cc]
43  /opt/conda/envs/gdf/bin/python(_PyEval_EvalFrameDefault+0x30c) [0x55807a4c628c]
44  /opt/conda/envs/gdf/bin/python(_PyFunction_Vectorcall+0x6c) [0x55807a4d60cc]
45  /opt/conda/envs/gdf/bin/python(_PyEval_EvalFrameDefault+0x133e) [0x55807a4c72be]
46  /opt/conda/envs/gdf/bin/python(+0x1cc80c) [0x55807a56680c]
47  /opt/conda/envs/gdf/bin/python(PyEval_EvalCode+0x87) [0x55807a566757]
48  /opt/conda/envs/gdf/bin/python(+0x1fcb1a) [0x55807a596b1a]
49  /opt/conda/envs/gdf/bin/python(+0x1f7fa3) [0x55807a591fa3]
50  /opt/conda/envs/gdf/bin/python(PyRun_StringFlags+0x7d) [0x55807a58a73d]
51  /opt/conda/envs/gdf/bin/python(PyRun_SimpleStringFlags+0x3c) [0x55807a58a57c]
52  /opt/conda/envs/gdf/bin/python(Py_RunMain+0x3ba) [0x55807a58977a]
53  /opt/conda/envs/gdf/bin/python(Py_BytesMain+0x37) [0x55807a559e97]
54  /usr/lib/x86_64-linux-gnu/libc.so.6(__libc_start_main+0xf3) [0x7fe5ff9eb083]
55  /opt/conda/envs/gdf/bin/python(+0x1bfdae) [0x55807a559dae]
=================================
2024-10-18 07:03:22,869 - distributed.worker - ERROR - failed during get data with ucx://127.0.0.1:36765 -> ucx://127.0.0.1:37749
Traceback (most recent call last):
  File "/opt/conda/envs/gdf/lib/python3.10/site-packages/distributed/comm/ucx.py", line 335, in write
    await self.ep.send(each_frame)
  File "/opt/conda/envs/gdf/lib/python3.10/site-packages/ucp/core.py", line 662, in send
    return await comm.tag_send(self._ep, buffer, nbytes, tag, name=log)
ucp._libs.exceptions.UCXError: <[Send #007] ep: 0x7fb57ebe9200, tag: 0x997c3b912ace410a, nbytes: 50000000, type: <class 'cupy.ndarray'>>: Connection reset by remote peer

During handling of the above exception, another exception occurred:

Traceback (most recent call last):
  File "/opt/conda/envs/gdf/lib/python3.10/site-packages/distributed/worker.py", line 1777, in get_data
    compressed = await comm.write(msg, serializers=serializers)
  File "/opt/conda/envs/gdf/lib/python3.10/site-packages/distributed/utils.py", line 806, in wrapper
    return await func(*args, **kwargs)
  File "/opt/conda/envs/gdf/lib/python3.10/site-packages/distributed/comm/ucx.py", line 339, in write
    raise CommClosedError("While writing, the connection was closed")
distributed.comm.core.CommClosedError: While writing, the connection was closed
2024-10-18 07:03:22,870 - distributed.worker - ERROR - Worker stream died during communication: ucx://127.0.0.1:37749
Traceback (most recent call last):
  File "/opt/conda/envs/gdf/lib/python3.10/site-packages/distributed/comm/ucx.py", line 351, in read
    await self.ep.recv(msg)
  File "/opt/conda/envs/gdf/lib/python3.10/site-packages/ucp/core.py", line 737, in recv
    ret = await comm.tag_recv(self._ep, buffer, nbytes, tag, name=log)
ucp._libs.exceptions.UCXCanceled: <[Recv #003] ep: 0x7fb57ebe9180, tag: 0x10ecb9dbfe02afdc, nbytes: 16, type: <class 'numpy.ndarray'>>: 

During handling of the above exception, another exception occurred:

Traceback (most recent call last):
  File "/opt/conda/envs/gdf/lib/python3.10/site-packages/distributed/worker.py", line 2056, in gather_dep
    response = await get_data_from_worker(
  File "/opt/conda/envs/gdf/lib/python3.10/site-packages/distributed/worker.py", line 2874, in get_data_from_worker
    response = await send_recv(
  File "/opt/conda/envs/gdf/lib/python3.10/site-packages/distributed/core.py", line 1015, in send_recv
    response = await comm.read(deserializers=deserializers)
  File "/opt/conda/envs/gdf/lib/python3.10/site-packages/distributed/utils.py", line 806, in wrapper
    return await func(*args, **kwargs)
  File "/opt/conda/envs/gdf/lib/python3.10/site-packages/distributed/comm/ucx.py", line 369, in read
    raise CommClosedError(
distributed.comm.core.CommClosedError: Connection closed by writer.
Inner exception: UCXCanceled("<[Recv #003] ep: 0x7fb57ebe9180, tag: 0x10ecb9dbfe02afdc, nbytes: 16, type: <class 'numpy.ndarray'>>: ")
2024-10-18 07:03:22,871 - distributed.scheduler - WARNING - Removing worker 'ucx://127.0.0.1:37749' caused the cluster to lose already computed task(s), which will be recomputed elsewhere: {('random_sample-a6784dd2d709c1efd95652d651c03c62', 2, 3), ('sum-29fb6399a8fef8329abebeeac3178061', 3, 3), ('random_sample-a6784dd2d709c1efd95652d651c03c62', 7, 5), ('random_sample-a6784dd2d709c1efd95652d651c03c62', 3, 4), ('random_sample-a6784dd2d709c1efd95652d651c03c62', 4, 6), ('sum-29fb6399a8fef8329abebeeac3178061', 6, 4), ('sum-29fb6399a8fef8329abebeeac3178061', 4, 4), ('random_sample-a6784dd2d709c1efd95652d651c03c62', 5, 4), ('sum-29fb6399a8fef8329abebeeac3178061', 4, 1), ('random_sample-a6784dd2d709c1efd95652d651c03c62', 7, 1), ('sum-29fb6399a8fef8329abebeeac3178061', 9, 9), ('random_sample-a6784dd2d709c1efd95652d651c03c62', 3, 3), ('random_sample-a6784dd2d709c1efd95652d651c03c62', 0, 4), ('random_sample-a6784dd2d709c1efd95652d651c03c62', 2, 1), ('sum-29fb6399a8fef8329abebeeac3178061', 4, 6), ('random_sample-a6784dd2d709c1efd95652d651c03c62', 6, 4), ('random_sample-a6784dd2d709c1efd95652d651c03c62', 5, 6), ('random_sample-a6784dd2d709c1efd95652d651c03c62', 4, 4), ('random_sample-a6784dd2d709c1efd95652d651c03c62', 8, 4), ('random_sample-a6784dd2d709c1efd95652d651c03c62', 9, 3), ('random_sample-a6784dd2d709c1efd95652d651c03c62', 9, 9), ('random_sample-a6784dd2d709c1efd95652d651c03c62', 8, 7)} (stimulus_id='handle-worker-cleanup-1729235002.8708909')
Task exception was never retrieved
future: <Task finished name='Task-2614' coro=<_listener_handler_coroutine() done, defined at /opt/conda/envs/gdf/lib/python3.10/site-packages/ucp/core.py:140> exception=UCXError('<stream_send>: Connection reset by remote peer')>
Traceback (most recent call last):
  File "/opt/conda/envs/gdf/lib/python3.10/site-packages/ucp/core.py", line 155, in _listener_handler_coroutine
    peer_info = await exchange_peer_info(
  File "/opt/conda/envs/gdf/lib/python3.10/site-packages/ucp/core.py", line 51, in exchange_peer_info
    await asyncio.wait_for(
  File "/opt/conda/envs/gdf/lib/python3.10/asyncio/tasks.py", line 445, in wait_for
    return fut.result()
ucp._libs.exceptions.UCXError: <stream_send>: Connection reset by remote peer
2024-10-18 07:03:22,874 - distributed.worker - ERROR - Worker stream died during communication: ucx://127.0.0.1:37749
Traceback (most recent call last):
  File "/opt/conda/envs/gdf/lib/python3.10/site-packages/distributed/comm/ucx.py", line 351, in read
    await self.ep.recv(msg)
  File "/opt/conda/envs/gdf/lib/python3.10/site-packages/ucp/core.py", line 737, in recv
    ret = await comm.tag_recv(self._ep, buffer, nbytes, tag, name=log)
ucp._libs.exceptions.UCXCanceled: <[Recv #013] ep: 0x7fe16c711140, tag: 0x3d2f6e6b429a4ec5, nbytes: 16, type: <class 'numpy.ndarray'>>: 

During handling of the above exception, another exception occurred:

Traceback (most recent call last):
  File "/opt/conda/envs/gdf/lib/python3.10/site-packages/distributed/worker.py", line 2056, in gather_dep
    response = await get_data_from_worker(
  File "/opt/conda/envs/gdf/lib/python3.10/site-packages/distributed/worker.py", line 2874, in get_data_from_worker
    response = await send_recv(
  File "/opt/conda/envs/gdf/lib/python3.10/site-packages/distributed/core.py", line 1015, in send_recv
    response = await comm.read(deserializers=deserializers)
  File "/opt/conda/envs/gdf/lib/python3.10/site-packages/distributed/utils.py", line 806, in wrapper
    return await func(*args, **kwargs)
  File "/opt/conda/envs/gdf/lib/python3.10/site-packages/distributed/comm/ucx.py", line 369, in read
    raise CommClosedError(
distributed.comm.core.CommClosedError: Connection closed by writer.
Inner exception: UCXCanceled("<[Recv #013] ep: 0x7fe16c711140, tag: 0x3d2f6e6b429a4ec5, nbytes: 16, type: <class 'numpy.ndarray'>>: ")
2024-10-18 07:03:22,932 - distributed.worker - ERROR - failed during get data with ucx://127.0.0.1:55069 -> ucx://127.0.0.1:37469
Traceback (most recent call last):
  File "/opt/conda/envs/gdf/lib/python3.10/site-packages/distributed/comm/ucx.py", line 335, in write
    await self.ep.send(each_frame)
  File "/opt/conda/envs/gdf/lib/python3.10/site-packages/ucp/core.py", line 662, in send
    return await comm.tag_send(self._ep, buffer, nbytes, tag, name=log)
ucp._libs.exceptions.UCXError: <[Send #007] ep: 0x7fe16c711280, tag: 0xaa154b09463092fc, nbytes: 50000000, type: <class 'cupy.ndarray'>>: Connection reset by remote peer

During handling of the above exception, another exception occurred:

Traceback (most recent call last):
  File "/opt/conda/envs/gdf/lib/python3.10/site-packages/distributed/worker.py", line 1777, in get_data
    compressed = await comm.write(msg, serializers=serializers)
  File "/opt/conda/envs/gdf/lib/python3.10/site-packages/distributed/utils.py", line 806, in wrapper
    return await func(*args, **kwargs)
  File "/opt/conda/envs/gdf/lib/python3.10/site-packages/distributed/comm/ucx.py", line 339, in write
    raise CommClosedError("While writing, the connection was closed")
distributed.comm.core.CommClosedError: While writing, the connection was closed
2024-10-18 07:03:22,933 - distributed.worker - ERROR - Worker stream died during communication: ucx://127.0.0.1:37469
Traceback (most recent call last):
  File "/opt/conda/envs/gdf/lib/python3.10/site-packages/distributed/comm/ucx.py", line 351, in read
    await self.ep.recv(msg)
  File "/opt/conda/envs/gdf/lib/python3.10/site-packages/ucp/core.py", line 737, in recv
    ret = await comm.tag_recv(self._ep, buffer, nbytes, tag, name=log)
ucp._libs.exceptions.UCXCanceled: <[Recv #008] ep: 0x7fb57ebe9240, tag: 0xb4e3554b3b595f5, nbytes: 16, type: <class 'numpy.ndarray'>>: 

During handling of the above exception, another exception occurred:

Traceback (most recent call last):
  File "/opt/conda/envs/gdf/lib/python3.10/site-packages/distributed/worker.py", line 2056, in gather_dep
    response = await get_data_from_worker(
  File "/opt/conda/envs/gdf/lib/python3.10/site-packages/distributed/worker.py", line 2874, in get_data_from_worker
    response = await send_recv(
  File "/opt/conda/envs/gdf/lib/python3.10/site-packages/distributed/core.py", line 1015, in send_recv
    response = await comm.read(deserializers=deserializers)
  File "/opt/conda/envs/gdf/lib/python3.10/site-packages/distributed/utils.py", line 806, in wrapper
    return await func(*args, **kwargs)
  File "/opt/conda/envs/gdf/lib/python3.10/site-packages/distributed/comm/ucx.py", line 369, in read
    raise CommClosedError(
distributed.comm.core.CommClosedError: Connection closed by writer.
Inner exception: UCXCanceled("<[Recv #008] ep: 0x7fb57ebe9240, tag: 0xb4e3554b3b595f5, nbytes: 16, type: <class 'numpy.ndarray'>>: ")
2024-10-18 07:03:22,933 - distributed.worker - ERROR - Worker stream died during communication: ucx://127.0.0.1:37469
Traceback (most recent call last):
  File "/opt/conda/envs/gdf/lib/python3.10/site-packages/distributed/comm/ucx.py", line 393, in read
    await self.ep.recv(each_frame)
  File "/opt/conda/envs/gdf/lib/python3.10/site-packages/ucp/core.py", line 737, in recv
    ret = await comm.tag_recv(self._ep, buffer, nbytes, tag, name=log)
ucp._libs.exceptions.UCXError: <[Recv #007] ep: 0x7fe16c711180, tag: 0x1777ec3b6d197eb1, nbytes: 50000000, type: <class 'rmm._lib.device_buffer.DeviceBuffer'>>: Connection reset by remote peer

During handling of the above exception, another exception occurred:

Traceback (most recent call last):
  File "/opt/conda/envs/gdf/lib/python3.10/site-packages/distributed/worker.py", line 2056, in gather_dep
    response = await get_data_from_worker(
  File "/opt/conda/envs/gdf/lib/python3.10/site-packages/distributed/worker.py", line 2874, in get_data_from_worker
    response = await send_recv(
  File "/opt/conda/envs/gdf/lib/python3.10/site-packages/distributed/core.py", line 1015, in send_recv
    response = await comm.read(deserializers=deserializers)
  File "/opt/conda/envs/gdf/lib/python3.10/site-packages/distributed/utils.py", line 806, in wrapper
    return await func(*args, **kwargs)
  File "/opt/conda/envs/gdf/lib/python3.10/site-packages/distributed/comm/ucx.py", line 399, in read
    raise CommClosedError(
distributed.comm.core.CommClosedError: Connection closed by writer.
Inner exception: UCXError("<[Recv #007] ep: 0x7fe16c711180, tag: 0x1777ec3b6d197eb1, nbytes: 50000000, type: <class 'rmm._lib.device_buffer.DeviceBuffer'>>: Connection reset by remote peer")
2024-10-18 07:03:22,934 - distributed.scheduler - WARNING - Removing worker 'ucx://127.0.0.1:37469' caused the cluster to lose already computed task(s), which will be recomputed elsewhere: {('random_sample-a6784dd2d709c1efd95652d651c03c62', 5, 5), ('sum-29fb6399a8fef8329abebeeac3178061', 8, 2), ('sum-29fb6399a8fef8329abebeeac3178061', 8, 8), ('random_sample-a6784dd2d709c1efd95652d651c03c62', 6, 9), ('random_sample-a6784dd2d709c1efd95652d651c03c62', 7, 8), ('random_sample-a6784dd2d709c1efd95652d651c03c62', 2, 8), ('random_sample-a6784dd2d709c1efd95652d651c03c62', 5, 7), ('random_sample-a6784dd2d709c1efd95652d651c03c62', 6, 5), ('sum-29fb6399a8fef8329abebeeac3178061', 0, 0), ('random_sample-a6784dd2d709c1efd95652d651c03c62', 1, 0), ('sum-29fb6399a8fef8329abebeeac3178061', 5, 5), ('random_sample-a6784dd2d709c1efd95652d651c03c62', 9, 4), ('random_sample-a6784dd2d709c1efd95652d651c03c62', 8, 2), ('random_sample-a6784dd2d709c1efd95652d651c03c62', 8, 8), ('random_sample-a6784dd2d709c1efd95652d651c03c62', 0, 7), ('random_sample-a6784dd2d709c1efd95652d651c03c62', 4, 7), ('random_sample-a6784dd2d709c1efd95652d651c03c62', 3, 5), ('random_sample-a6784dd2d709c1efd95652d651c03c62', 1, 8), ('sum-29fb6399a8fef8329abebeeac3178061', 2, 8), ('random_sample-a6784dd2d709c1efd95652d651c03c62', 0, 0)} (stimulus_id='handle-worker-cleanup-1729235002.933684')
2024-10-18 07:03:22,941 - distributed.worker - ERROR - Worker stream died during communication: ucx://127.0.0.1:37469
Traceback (most recent call last):
  File "/opt/conda/envs/gdf/lib/python3.10/site-packages/distributed/core.py", line 1425, in _connect
    comm = await connect(
  File "/opt/conda/envs/gdf/lib/python3.10/site-packages/distributed/comm/core.py", line 342, in connect
    comm = await wait_for(
  File "/opt/conda/envs/gdf/lib/python3.10/site-packages/distributed/utils.py", line 1926, in wait_for
    return await asyncio.wait_for(fut, timeout)
  File "/opt/conda/envs/gdf/lib/python3.10/asyncio/tasks.py", line 432, in wait_for
    await waiter
asyncio.exceptions.CancelledError

During handling of the above exception, another exception occurred:

Traceback (most recent call last):
  File "/opt/conda/envs/gdf/lib/python3.10/site-packages/distributed/core.py", line 1535, in connect
    return connect_attempt.result()
asyncio.exceptions.CancelledError

During handling of the above exception, another exception occurred:

Traceback (most recent call last):
  File "/opt/conda/envs/gdf/lib/python3.10/site-packages/distributed/worker.py", line 2056, in gather_dep
    response = await get_data_from_worker(
  File "/opt/conda/envs/gdf/lib/python3.10/site-packages/distributed/worker.py", line 2871, in get_data_from_worker
    comm = await rpc.connect(worker)
  File "/opt/conda/envs/gdf/lib/python3.10/site-packages/distributed/core.py", line 1537, in connect
    raise CommClosedError(reason)
distributed.comm.core.CommClosedError: Address removed.
2024-10-18 07:03:23,103 - distributed.worker - ERROR - Worker stream died during communication: ucx://127.0.0.1:48283
Traceback (most recent call last):
  File "/opt/conda/envs/gdf/lib/python3.10/site-packages/distributed/comm/ucx.py", line 393, in read
    await self.ep.recv(each_frame)
  File "/opt/conda/envs/gdf/lib/python3.10/site-packages/ucp/core.py", line 737, in recv
    ret = await comm.tag_recv(self._ep, buffer, nbytes, tag, name=log)
ucp._libs.exceptions.UCXError: <[Recv #007] ep: 0x7fe16c711200, tag: 0xa1ca19a41cf7219e, nbytes: 50000000, type: <class 'rmm._lib.device_buffer.DeviceBuffer'>>: Connection reset by remote peer

During handling of the above exception, another exception occurred:

Traceback (most recent call last):
  File "/opt/conda/envs/gdf/lib/python3.10/site-packages/distributed/worker.py", line 2056, in gather_dep
    response = await get_data_from_worker(
  File "/opt/conda/envs/gdf/lib/python3.10/site-packages/distributed/worker.py", line 2874, in get_data_from_worker
    response = await send_recv(
  File "/opt/conda/envs/gdf/lib/python3.10/site-packages/distributed/core.py", line 1015, in send_recv
    response = await comm.read(deserializers=deserializers)
  File "/opt/conda/envs/gdf/lib/python3.10/site-packages/distributed/utils.py", line 806, in wrapper
    return await func(*args, **kwargs)
  File "/opt/conda/envs/gdf/lib/python3.10/site-packages/distributed/comm/ucx.py", line 399, in read
    raise CommClosedError(
distributed.comm.core.CommClosedError: Connection closed by writer.
Inner exception: UCXError("<[Recv #007] ep: 0x7fe16c711200, tag: 0xa1ca19a41cf7219e, nbytes: 50000000, type: <class 'rmm._lib.device_buffer.DeviceBuffer'>>: Connection reset by remote peer")
2024-10-18 07:03:23,103 - distributed.worker - ERROR - Worker stream died during communication: ucx://127.0.0.1:48283
Traceback (most recent call last):
  File "/opt/conda/envs/gdf/lib/python3.10/site-packages/distributed/comm/ucx.py", line 351, in read
    await self.ep.recv(msg)
  File "/opt/conda/envs/gdf/lib/python3.10/site-packages/ucp/core.py", line 737, in recv
    ret = await comm.tag_recv(self._ep, buffer, nbytes, tag, name=log)
ucp._libs.exceptions.UCXCanceled: <[Recv #018] ep: 0x7fb57ebe91c0, tag: 0x9d4ed16cfa1701b, nbytes: 16, type: <class 'numpy.ndarray'>>: 

During handling of the above exception, another exception occurred:

Traceback (most recent call last):
  File "/opt/conda/envs/gdf/lib/python3.10/site-packages/distributed/worker.py", line 2056, in gather_dep
    response = await get_data_from_worker(
  File "/opt/conda/envs/gdf/lib/python3.10/site-packages/distributed/worker.py", line 2874, in get_data_from_worker
    response = await send_recv(
  File "/opt/conda/envs/gdf/lib/python3.10/site-packages/distributed/core.py", line 1015, in send_recv
    response = await comm.read(deserializers=deserializers)
  File "/opt/conda/envs/gdf/lib/python3.10/site-packages/distributed/utils.py", line 806, in wrapper
    return await func(*args, **kwargs)
  File "/opt/conda/envs/gdf/lib/python3.10/site-packages/distributed/comm/ucx.py", line 369, in read
    raise CommClosedError(
distributed.comm.core.CommClosedError: Connection closed by writer.
Inner exception: UCXCanceled("<[Recv #018] ep: 0x7fb57ebe91c0, tag: 0x9d4ed16cfa1701b, nbytes: 16, type: <class 'numpy.ndarray'>>: ")
2024-10-18 07:03:23,104 - distributed.worker - ERROR - failed during get data with ucx://127.0.0.1:40781 -> ucx://127.0.0.1:48283
Traceback (most recent call last):
  File "/opt/conda/envs/gdf/lib/python3.10/site-packages/distributed/comm/ucx.py", line 335, in write
    await self.ep.send(each_frame)
  File "/opt/conda/envs/gdf/lib/python3.10/site-packages/ucp/core.py", line 662, in send
    return await comm.tag_send(self._ep, buffer, nbytes, tag, name=log)
ucp._libs.exceptions.UCXError: <[Send #012] ep: 0x7f4781595280, tag: 0x2fee9377582e537b, nbytes: 50000000, type: <class 'cupy.ndarray'>>: Connection reset by remote peer

During handling of the above exception, another exception occurred:

Traceback (most recent call last):
  File "/opt/conda/envs/gdf/lib/python3.10/site-packages/distributed/worker.py", line 1777, in get_data
    compressed = await comm.write(msg, serializers=serializers)
  File "/opt/conda/envs/gdf/lib/python3.10/site-packages/distributed/utils.py", line 806, in wrapper
    return await func(*args, **kwargs)
  File "/opt/conda/envs/gdf/lib/python3.10/site-packages/distributed/comm/ucx.py", line 339, in write
    raise CommClosedError("While writing, the connection was closed")
distributed.comm.core.CommClosedError: While writing, the connection was closed
2024-10-18 07:03:23,104 - distributed.worker - ERROR - failed during get data with ucx://127.0.0.1:55069 -> ucx://127.0.0.1:48283
Traceback (most recent call last):
  File "/opt/conda/envs/gdf/lib/python3.10/site-packages/distributed/comm/ucx.py", line 335, in write
    await self.ep.send(each_frame)
  File "/opt/conda/envs/gdf/lib/python3.10/site-packages/ucp/core.py", line 662, in send
    return await comm.tag_send(self._ep, buffer, nbytes, tag, name=log)
ucp._libs.exceptions.UCXError: <[Send #007] ep: 0x7fe16c7112c0, tag: 0xd0b7ea3713a5f735, nbytes: 50000000, type: <class 'cupy.ndarray'>>: Connection reset by remote peer

During handling of the above exception, another exception occurred:

Traceback (most recent call last):
  File "/opt/conda/envs/gdf/lib/python3.10/site-packages/distributed/worker.py", line 1777, in get_data
    compressed = await comm.write(msg, serializers=serializers)
  File "/opt/conda/envs/gdf/lib/python3.10/site-packages/distributed/utils.py", line 806, in wrapper
    return await func(*args, **kwargs)
  File "/opt/conda/envs/gdf/lib/python3.10/site-packages/distributed/comm/ucx.py", line 339, in write
    raise CommClosedError("While writing, the connection was closed")
distributed.comm.core.CommClosedError: While writing, the connection was closed
2024-10-18 07:03:23,104 - distributed.worker - ERROR - failed during get data with ucx://127.0.0.1:40781 -> ucx://127.0.0.1:37469
Traceback (most recent call last):
  File "/opt/conda/envs/gdf/lib/python3.10/site-packages/distributed/comm/ucx.py", line 335, in write
    await self.ep.send(each_frame)
  File "/opt/conda/envs/gdf/lib/python3.10/site-packages/ucp/core.py", line 662, in send
    return await comm.tag_send(self._ep, buffer, nbytes, tag, name=log)
ucp._libs.exceptions.UCXError: <[Send #017] ep: 0x7f4781595240, tag: 0x2c2b9e562b924296, nbytes: 50000000, type: <class 'cupy.ndarray'>>: Connection reset by remote peer

During handling of the above exception, another exception occurred:

Traceback (most recent call last):
  File "/opt/conda/envs/gdf/lib/python3.10/site-packages/distributed/worker.py", line 1777, in get_data
    compressed = await comm.write(msg, serializers=serializers)
  File "/opt/conda/envs/gdf/lib/python3.10/site-packages/distributed/utils.py", line 806, in wrapper
    return await func(*args, **kwargs)
  File "/opt/conda/envs/gdf/lib/python3.10/site-packages/distributed/comm/ucx.py", line 339, in write
    raise CommClosedError("While writing, the connection was closed")
distributed.comm.core.CommClosedError: While writing, the connection was closed
2024-10-18 07:03:23,105 - distributed.scheduler - WARNING - Removing worker 'ucx://127.0.0.1:48283' caused the cluster to lose already computed task(s), which will be recomputed elsewhere: {('random_sample-a6784dd2d709c1efd95652d651c03c62', 0, 6), ('random_sample-a6784dd2d709c1efd95652d651c03c62', 5, 2), ('random_sample-a6784dd2d709c1efd95652d651c03c62', 7, 2), ('random_sample-a6784dd2d709c1efd95652d651c03c62', 6, 6), ('random_sample-a6784dd2d709c1efd95652d651c03c62', 4, 0), ('random_sample-a6784dd2d709c1efd95652d651c03c62', 1, 7), ('sum-29fb6399a8fef8329abebeeac3178061', 2, 7), ('random_sample-a6784dd2d709c1efd95652d651c03c62', 3, 7), ('sum-29fb6399a8fef8329abebeeac3178061', 5, 9), ('random_sample-a6784dd2d709c1efd95652d651c03c62', 9, 5), ('random_sample-a6784dd2d709c1efd95652d651c03c62', 8, 3), ('random_sample-a6784dd2d709c1efd95652d651c03c62', 9, 8), ('random_sample-a6784dd2d709c1efd95652d651c03c62', 0, 5), ('random_sample-a6784dd2d709c1efd95652d651c03c62', 4, 8), ('sum-29fb6399a8fef8329abebeeac3178061', 7, 2), ('sum-29fb6399a8fef8329abebeeac3178061', 6, 6), ('random_sample-a6784dd2d709c1efd95652d651c03c62', 2, 7), ('random_sample-a6784dd2d709c1efd95652d651c03c62', 5, 9), ('random_sample-a6784dd2d709c1efd95652d651c03c62', 7, 9), ('sum-29fb6399a8fef8329abebeeac3178061', 9, 5), ('sum-29fb6399a8fef8329abebeeac3178061', 9, 8), ('sum-29fb6399a8fef8329abebeeac3178061', 6, 2)} (stimulus_id='handle-worker-cleanup-1729235003.1051114')
2024-10-18 07:03:23,110 - distributed.worker - ERROR - Worker stream died during communication: ucx://127.0.0.1:48283
Traceback (most recent call last):
  File "/opt/conda/envs/gdf/lib/python3.10/site-packages/distributed/comm/ucx.py", line 468, in connect
    ep = await ucp.create_endpoint(ip, port)
  File "/opt/conda/envs/gdf/lib/python3.10/site-packages/ucp/core.py", line 1016, in create_endpoint
    return await _get_ctx().create_endpoint(
  File "/opt/conda/envs/gdf/lib/python3.10/site-packages/ucp/core.py", line 328, in create_endpoint
    peer_info = await exchange_peer_info(
  File "/opt/conda/envs/gdf/lib/python3.10/site-packages/ucp/core.py", line 60, in exchange_peer_info
    await asyncio.wait_for(
  File "/opt/conda/envs/gdf/lib/python3.10/asyncio/tasks.py", line 445, in wait_for
    return fut.result()
ucp._libs.exceptions.UCXError: <stream_recv>: Connection reset by remote peer

During handling of the above exception, another exception occurred:

Traceback (most recent call last):
  File "/opt/conda/envs/gdf/lib/python3.10/site-packages/distributed/comm/core.py", line 342, in connect
    comm = await wait_for(
  File "/opt/conda/envs/gdf/lib/python3.10/site-packages/distributed/utils.py", line 1926, in wait_for
    return await asyncio.wait_for(fut, timeout)
  File "/opt/conda/envs/gdf/lib/python3.10/asyncio/tasks.py", line 445, in wait_for
    return fut.result()
  File "/opt/conda/envs/gdf/lib/python3.10/site-packages/distributed/comm/ucx.py", line 470, in connect
    raise CommClosedError("Connection closed before handshake completed")
distributed.comm.core.CommClosedError: Connection closed before handshake completed

During handling of the above exception, another exception occurred:

Traceback (most recent call last):
  File "/opt/conda/envs/gdf/lib/python3.10/site-packages/distributed/core.py", line 1425, in _connect
    comm = await connect(
  File "/opt/conda/envs/gdf/lib/python3.10/site-packages/distributed/comm/core.py", line 366, in connect
    await asyncio.sleep(backoff)
  File "/opt/conda/envs/gdf/lib/python3.10/asyncio/tasks.py", line 605, in sleep
    return await future
asyncio.exceptions.CancelledError

During handling of the above exception, another exception occurred:

Traceback (most recent call last):
  File "/opt/conda/envs/gdf/lib/python3.10/site-packages/distributed/core.py", line 1535, in connect
    return connect_attempt.result()
asyncio.exceptions.CancelledError

During handling of the above exception, another exception occurred:

Traceback (most recent call last):
  File "/opt/conda/envs/gdf/lib/python3.10/site-packages/distributed/worker.py", line 2056, in gather_dep
    response = await get_data_from_worker(
  File "/opt/conda/envs/gdf/lib/python3.10/site-packages/distributed/worker.py", line 2871, in get_data_from_worker
    comm = await rpc.connect(worker)
  File "/opt/conda/envs/gdf/lib/python3.10/site-packages/distributed/core.py", line 1537, in connect
    raise CommClosedError(reason)
distributed.comm.core.CommClosedError: Address removed.
2024-10-18 07:03:23,116 - distributed.nanny - WARNING - Restarting worker
2024-10-18 07:03:23,206 - distributed.nanny - WARNING - Restarting worker
2024-10-18 07:03:23,334 - distributed.nanny - WARNING - Restarting worker
/opt/conda/envs/gdf/lib/python3.10/multiprocessing/resource_tracker.py:224: UserWarning: resource_tracker: There appear to be 36 leaked semaphore objects to clean up at shutdown
  warnings.warn('resource_tracker: There appear to be %d '
