[dgx13:68923:0:68923] Caught signal 11 (Segmentation fault: address not mapped to object at address 0x450)
==== backtrace (tid:  68923) ====
 0  /opt/conda/envs/gdf/lib/libucs.so.0(ucs_handle_error+0x2fd) [0x7fbc9561bc1d]
 1  /opt/conda/envs/gdf/lib/libucs.so.0(+0x2de11) [0x7fbc9561be11]
 2  /opt/conda/envs/gdf/lib/libucs.so.0(+0x2dfda) [0x7fbc9561bfda]
 3  /usr/lib/x86_64-linux-gnu/libpthread.so.0(+0x14420) [0x7fbce18f7420]
 4  /opt/conda/envs/gdf/lib/libucp.so.0(ucp_mem_type_unpack+0x14) [0x7fbc9569f2d4]
 5  /opt/conda/envs/gdf/lib/libucp.so.0(ucp_rndv_data_handler+0x605) [0x7fbc956c9495]
 6  /opt/conda/envs/gdf/lib/./libuct.so.0(+0x21a06) [0x7fbc955d2a06]
 7  /opt/conda/envs/gdf/lib/./libuct.so.0(+0x24ae8) [0x7fbc955d5ae8]
 8  /opt/conda/envs/gdf/lib/libucs.so.0(ucs_event_set_wait+0xb1) [0x7fbc95625411]
 9  /opt/conda/envs/gdf/lib/./libuct.so.0(uct_tcp_iface_progress+0x7d) [0x7fbc955d4bbd]
10  /opt/conda/envs/gdf/lib/libucp.so.0(ucp_worker_progress+0x5a) [0x7fbc9569bf1a]
11  /opt/conda/envs/gdf/lib/python3.10/site-packages/ucp/_libs/ucx_api.cpython-310-x86_64-linux-gnu.so(+0x31dca) [0x7fbc9575bdca]
12  /opt/conda/envs/gdf/bin/python(_PyEval_EvalFrameDefault+0x2c3e) [0x55aa571e86de]
13  /opt/conda/envs/gdf/bin/python(_PyFunction_Vectorcall+0x6c) [0x55aa571f5b7c]
14  /opt/conda/envs/gdf/bin/python(_PyEval_EvalFrameDefault+0x6fd) [0x55aa571e619d]
15  /opt/conda/envs/gdf/bin/python(+0x1d62c9) [0x55aa572902c9]
16  /opt/conda/envs/gdf/lib/python3.10/lib-dynload/_asyncio.cpython-310-x86_64-linux-gnu.so(+0x7782) [0x7fbcc1920782]
17  /opt/conda/envs/gdf/bin/python(_PyObject_MakeTpCall+0x2d3) [0x55aa571eea03]
18  /opt/conda/envs/gdf/bin/python(+0xf745f) [0x55aa571b145f]
19  /opt/conda/envs/gdf/bin/python(+0x1331b3) [0x55aa571ed1b3]
20  /opt/conda/envs/gdf/bin/python(_PyEval_EvalFrameDefault+0x593b) [0x55aa571eb3db]
21  /opt/conda/envs/gdf/bin/python(_PyFunction_Vectorcall+0x6c) [0x55aa571f5b7c]
22  /opt/conda/envs/gdf/bin/python(_PyEval_EvalFrameDefault+0x6fd) [0x55aa571e619d]
23  /opt/conda/envs/gdf/bin/python(_PyFunction_Vectorcall+0x6c) [0x55aa571f5b7c]
24  /opt/conda/envs/gdf/bin/python(_PyEval_EvalFrameDefault+0x6fd) [0x55aa571e619d]
25  /opt/conda/envs/gdf/bin/python(_PyFunction_Vectorcall+0x6c) [0x55aa571f5b7c]
26  /opt/conda/envs/gdf/bin/python(_PyEval_EvalFrameDefault+0x6fd) [0x55aa571e619d]
27  /opt/conda/envs/gdf/bin/python(_PyFunction_Vectorcall+0x6c) [0x55aa571f5b7c]
28  /opt/conda/envs/gdf/bin/python(_PyEval_EvalFrameDefault+0x6fd) [0x55aa571e619d]
29  /opt/conda/envs/gdf/bin/python(_PyFunction_Vectorcall+0x6c) [0x55aa571f5b7c]
30  /opt/conda/envs/gdf/bin/python(_PyEval_EvalFrameDefault+0x1341) [0x55aa571e6de1]
31  /opt/conda/envs/gdf/bin/python(+0x146fb2) [0x55aa57200fb2]
32  /opt/conda/envs/gdf/bin/python(PyObject_Call+0xbc) [0x55aa5720194c]
33  /opt/conda/envs/gdf/bin/python(+0x1ff72d) [0x55aa572b972d]
34  /opt/conda/envs/gdf/bin/python(_PyObject_MakeTpCall+0x2d3) [0x55aa571eea03]
35  /opt/conda/envs/gdf/bin/python(_PyEval_EvalFrameDefault+0x2c3e) [0x55aa571e86de]
36  /opt/conda/envs/gdf/bin/python(+0x147108) [0x55aa57201108]
37  /opt/conda/envs/gdf/bin/python(_PyEval_EvalFrameDefault+0x2c3e) [0x55aa571e86de]
38  /opt/conda/envs/gdf/bin/python(_PyFunction_Vectorcall+0x6c) [0x55aa571f5b7c]
39  /opt/conda/envs/gdf/bin/python(_PyEval_EvalFrameDefault+0x6fd) [0x55aa571e619d]
40  /opt/conda/envs/gdf/bin/python(_PyFunction_Vectorcall+0x6c) [0x55aa571f5b7c]
41  /opt/conda/envs/gdf/bin/python(_PyEval_EvalFrameDefault+0x6fd) [0x55aa571e619d]
42  /opt/conda/envs/gdf/bin/python(_PyFunction_Vectorcall+0x6c) [0x55aa571f5b7c]
43  /opt/conda/envs/gdf/bin/python(_PyEval_EvalFrameDefault+0x309) [0x55aa571e5da9]
44  /opt/conda/envs/gdf/bin/python(_PyFunction_Vectorcall+0x6c) [0x55aa571f5b7c]
45  /opt/conda/envs/gdf/bin/python(_PyEval_EvalFrameDefault+0x1341) [0x55aa571e6de1]
46  /opt/conda/envs/gdf/bin/python(+0x1cca8c) [0x55aa57286a8c]
47  /opt/conda/envs/gdf/bin/python(PyEval_EvalCode+0x87) [0x55aa572869d7]
48  /opt/conda/envs/gdf/bin/python(+0x1fceba) [0x55aa572b6eba]
49  /opt/conda/envs/gdf/bin/python(+0x1f8343) [0x55aa572b2343]
50  /opt/conda/envs/gdf/bin/python(PyRun_StringFlags+0x7d) [0x55aa572aaadd]
51  /opt/conda/envs/gdf/bin/python(PyRun_SimpleStringFlags+0x3c) [0x55aa572aa91c]
52  /opt/conda/envs/gdf/bin/python(Py_RunMain+0x3ba) [0x55aa572a9b1a]
53  /opt/conda/envs/gdf/bin/python(Py_BytesMain+0x37) [0x55aa5727a117]
54  /usr/lib/x86_64-linux-gnu/libc.so.6(__libc_start_main+0xf3) [0x7fbce15bb083]
55  /opt/conda/envs/gdf/bin/python(+0x1c002e) [0x55aa5727a02e]
=================================
[dgx13:68947:0:68947] Caught signal 11 (Segmentation fault: address not mapped to object at address 0x450)
==== backtrace (tid:  68947) ====
 0  /opt/conda/envs/gdf/lib/libucs.so.0(ucs_handle_error+0x2fd) [0x7fd5d9c9ac1d]
 1  /opt/conda/envs/gdf/lib/libucs.so.0(+0x2de11) [0x7fd5d9c9ae11]
 2  /opt/conda/envs/gdf/lib/libucs.so.0(+0x2dfda) [0x7fd5d9c9afda]
 3  /usr/lib/x86_64-linux-gnu/libpthread.so.0(+0x14420) [0x7fd625f55420]
 4  /opt/conda/envs/gdf/lib/libucp.so.0(ucp_mem_type_unpack+0x14) [0x7fd5d9d1e2d4]
 5  /opt/conda/envs/gdf/lib/libucp.so.0(ucp_rndv_data_handler+0x605) [0x7fd5d9d48495]
 6  /opt/conda/envs/gdf/lib/./libuct.so.0(+0x21a06) [0x7fd5d9c51a06]
 7  /opt/conda/envs/gdf/lib/./libuct.so.0(+0x24ae8) [0x7fd5d9c54ae8]
 8  /opt/conda/envs/gdf/lib/libucs.so.0(ucs_event_set_wait+0xb1) [0x7fd5d9ca4411]
 9  /opt/conda/envs/gdf/lib/./libuct.so.0(uct_tcp_iface_progress+0x7d) [0x7fd5d9c53bbd]
10  /opt/conda/envs/gdf/lib/libucp.so.0(ucp_worker_progress+0x5a) [0x7fd5d9d1af1a]
11  /opt/conda/envs/gdf/lib/python3.10/site-packages/ucp/_libs/ucx_api.cpython-310-x86_64-linux-gnu.so(+0x31dca) [0x7fd5d9ddadca]
12  /opt/conda/envs/gdf/bin/python(_PyEval_EvalFrameDefault+0x2c3e) [0x5566ded786de]
13  /opt/conda/envs/gdf/bin/python(_PyFunction_Vectorcall+0x6c) [0x5566ded85b7c]
14  /opt/conda/envs/gdf/bin/python(_PyEval_EvalFrameDefault+0x6fd) [0x5566ded7619d]
15  /opt/conda/envs/gdf/bin/python(+0x147234) [0x5566ded91234]
16  /opt/conda/envs/gdf/bin/python(+0x252f7c) [0x5566dee9cf7c]
17  /opt/conda/envs/gdf/bin/python(+0xf745f) [0x5566ded4145f]
18  /opt/conda/envs/gdf/bin/python(+0x1331b3) [0x5566ded7d1b3]
19  /opt/conda/envs/gdf/bin/python(_PyEval_EvalFrameDefault+0x593b) [0x5566ded7b3db]
20  /opt/conda/envs/gdf/bin/python(_PyFunction_Vectorcall+0x6c) [0x5566ded85b7c]
21  /opt/conda/envs/gdf/bin/python(_PyEval_EvalFrameDefault+0x6fd) [0x5566ded7619d]
22  /opt/conda/envs/gdf/bin/python(_PyFunction_Vectorcall+0x6c) [0x5566ded85b7c]
23  /opt/conda/envs/gdf/bin/python(_PyEval_EvalFrameDefault+0x6fd) [0x5566ded7619d]
24  /opt/conda/envs/gdf/bin/python(_PyFunction_Vectorcall+0x6c) [0x5566ded85b7c]
25  /opt/conda/envs/gdf/bin/python(_PyEval_EvalFrameDefault+0x6fd) [0x5566ded7619d]
26  /opt/conda/envs/gdf/bin/python(_PyFunction_Vectorcall+0x6c) [0x5566ded85b7c]
27  /opt/conda/envs/gdf/bin/python(_PyEval_EvalFrameDefault+0x6fd) [0x5566ded7619d]
28  /opt/conda/envs/gdf/bin/python(_PyFunction_Vectorcall+0x6c) [0x5566ded85b7c]
29  /opt/conda/envs/gdf/bin/python(_PyEval_EvalFrameDefault+0x1341) [0x5566ded76de1]
30  /opt/conda/envs/gdf/bin/python(+0x146fb2) [0x5566ded90fb2]
31  /opt/conda/envs/gdf/bin/python(PyObject_Call+0xbc) [0x5566ded9194c]
32  /opt/conda/envs/gdf/bin/python(+0x1ff72d) [0x5566dee4972d]
33  /opt/conda/envs/gdf/bin/python(_PyObject_MakeTpCall+0x2d3) [0x5566ded7ea03]
34  /opt/conda/envs/gdf/bin/python(_PyEval_EvalFrameDefault+0x2c3e) [0x5566ded786de]
35  /opt/conda/envs/gdf/bin/python(+0x147108) [0x5566ded91108]
36  /opt/conda/envs/gdf/bin/python(_PyEval_EvalFrameDefault+0x2c3e) [0x5566ded786de]
37  /opt/conda/envs/gdf/bin/python(_PyFunction_Vectorcall+0x6c) [0x5566ded85b7c]
38  /opt/conda/envs/gdf/bin/python(_PyEval_EvalFrameDefault+0x6fd) [0x5566ded7619d]
39  /opt/conda/envs/gdf/bin/python(_PyFunction_Vectorcall+0x6c) [0x5566ded85b7c]
40  /opt/conda/envs/gdf/bin/python(_PyEval_EvalFrameDefault+0x6fd) [0x5566ded7619d]
41  /opt/conda/envs/gdf/bin/python(_PyFunction_Vectorcall+0x6c) [0x5566ded85b7c]
42  /opt/conda/envs/gdf/bin/python(_PyEval_EvalFrameDefault+0x309) [0x5566ded75da9]
43  /opt/conda/envs/gdf/bin/python(_PyFunction_Vectorcall+0x6c) [0x5566ded85b7c]
44  /opt/conda/envs/gdf/bin/python(_PyEval_EvalFrameDefault+0x1341) [0x5566ded76de1]
45  /opt/conda/envs/gdf/bin/python(+0x1cca8c) [0x5566dee16a8c]
46  /opt/conda/envs/gdf/bin/python(PyEval_EvalCode+0x87) [0x5566dee169d7]
47  /opt/conda/envs/gdf/bin/python(+0x1fceba) [0x5566dee46eba]
48  /opt/conda/envs/gdf/bin/python(+0x1f8343) [0x5566dee42343]
49  /opt/conda/envs/gdf/bin/python(PyRun_StringFlags+0x7d) [0x5566dee3aadd]
50  /opt/conda/envs/gdf/bin/python(PyRun_SimpleStringFlags+0x3c) [0x5566dee3a91c]
51  /opt/conda/envs/gdf/bin/python(Py_RunMain+0x3ba) [0x5566dee39b1a]
52  /opt/conda/envs/gdf/bin/python(Py_BytesMain+0x37) [0x5566dee0a117]
53  /usr/lib/x86_64-linux-gnu/libc.so.6(__libc_start_main+0xf3) [0x7fd625c19083]
54  /opt/conda/envs/gdf/bin/python(+0x1c002e) [0x5566dee0a02e]
=================================
[dgx13:68951:0:68951] Caught signal 11 (Segmentation fault: address not mapped to object at address 0x450)
==== backtrace (tid:  68951) ====
 0  /opt/conda/envs/gdf/lib/libucs.so.0(ucs_handle_error+0x2fd) [0x7fb1212b2c1d]
 1  /opt/conda/envs/gdf/lib/libucs.so.0(+0x2de11) [0x7fb1212b2e11]
 2  /opt/conda/envs/gdf/lib/libucs.so.0(+0x2dfda) [0x7fb1212b2fda]
 3  /usr/lib/x86_64-linux-gnu/libpthread.so.0(+0x14420) [0x7fb16d484420]
 4  /opt/conda/envs/gdf/lib/libucp.so.0(ucp_mem_type_unpack+0x14) [0x7fb1213362d4]
 5  /opt/conda/envs/gdf/lib/libucp.so.0(ucp_rndv_data_handler+0x605) [0x7fb121360495]
 6  /opt/conda/envs/gdf/lib/./libuct.so.0(+0x21a06) [0x7fb121269a06]
 7  /opt/conda/envs/gdf/lib/./libuct.so.0(+0x24ae8) [0x7fb12126cae8]
 8  /opt/conda/envs/gdf/lib/libucs.so.0(ucs_event_set_wait+0xb1) [0x7fb1212bc411]
 9  /opt/conda/envs/gdf/lib/./libuct.so.0(uct_tcp_iface_progress+0x7d) [0x7fb12126bbbd]
10  /opt/conda/envs/gdf/lib/libucp.so.0(ucp_worker_progress+0x5a) [0x7fb121332f1a]
11  /opt/conda/envs/gdf/lib/python3.10/site-packages/ucp/_libs/ucx_api.cpython-310-x86_64-linux-gnu.so(+0x31dca) [0x7fb1213f2dca]
12  /opt/conda/envs/gdf/bin/python(_PyEval_EvalFrameDefault+0x2c3e) [0x55c5ee5f26de]
13  /opt/conda/envs/gdf/bin/python(_PyFunction_Vectorcall+0x6c) [0x55c5ee5ffb7c]
14  /opt/conda/envs/gdf/bin/python(_PyEval_EvalFrameDefault+0x6fd) [0x55c5ee5f019d]
15  /opt/conda/envs/gdf/bin/python(+0x1d62c9) [0x55c5ee69a2c9]
16  /opt/conda/envs/gdf/lib/python3.10/lib-dynload/_asyncio.cpython-310-x86_64-linux-gnu.so(+0x7782) [0x7fb14d4ad782]
17  /opt/conda/envs/gdf/bin/python(_PyObject_MakeTpCall+0x2d3) [0x55c5ee5f8a03]
18  /opt/conda/envs/gdf/bin/python(+0xf745f) [0x55c5ee5bb45f]
19  /opt/conda/envs/gdf/bin/python(+0x1331b3) [0x55c5ee5f71b3]
20  /opt/conda/envs/gdf/bin/python(_PyEval_EvalFrameDefault+0x593b) [0x55c5ee5f53db]
21  /opt/conda/envs/gdf/bin/python(_PyFunction_Vectorcall+0x6c) [0x55c5ee5ffb7c]
22  /opt/conda/envs/gdf/bin/python(_PyEval_EvalFrameDefault+0x6fd) [0x55c5ee5f019d]
23  /opt/conda/envs/gdf/bin/python(_PyFunction_Vectorcall+0x6c) [0x55c5ee5ffb7c]
24  /opt/conda/envs/gdf/bin/python(_PyEval_EvalFrameDefault+0x6fd) [0x55c5ee5f019d]
25  /opt/conda/envs/gdf/bin/python(_PyFunction_Vectorcall+0x6c) [0x55c5ee5ffb7c]
26  /opt/conda/envs/gdf/bin/python(_PyEval_EvalFrameDefault+0x6fd) [0x55c5ee5f019d]
27  /opt/conda/envs/gdf/bin/python(_PyFunction_Vectorcall+0x6c) [0x55c5ee5ffb7c]
28  /opt/conda/envs/gdf/bin/python(_PyEval_EvalFrameDefault+0x6fd) [0x55c5ee5f019d]
29  /opt/conda/envs/gdf/bin/python(_PyFunction_Vectorcall+0x6c) [0x55c5ee5ffb7c]
30  /opt/conda/envs/gdf/bin/python(_PyEval_EvalFrameDefault+0x1341) [0x55c5ee5f0de1]
31  /opt/conda/envs/gdf/bin/python(+0x146fb2) [0x55c5ee60afb2]
32  /opt/conda/envs/gdf/bin/python(PyObject_Call+0xbc) [0x55c5ee60b94c]
33  /opt/conda/envs/gdf/bin/python(+0x1ff72d) [0x55c5ee6c372d]
34  /opt/conda/envs/gdf/bin/python(_PyObject_MakeTpCall+0x2d3) [0x55c5ee5f8a03]
35  /opt/conda/envs/gdf/bin/python(_PyEval_EvalFrameDefault+0x2c3e) [0x55c5ee5f26de]
36  /opt/conda/envs/gdf/bin/python(+0x147108) [0x55c5ee60b108]
37  /opt/conda/envs/gdf/bin/python(_PyEval_EvalFrameDefault+0x2c3e) [0x55c5ee5f26de]
38  /opt/conda/envs/gdf/bin/python(_PyFunction_Vectorcall+0x6c) [0x55c5ee5ffb7c]
39  /opt/conda/envs/gdf/bin/python(_PyEval_EvalFrameDefault+0x6fd) [0x55c5ee5f019d]
40  /opt/conda/envs/gdf/bin/python(_PyFunction_Vectorcall+0x6c) [0x55c5ee5ffb7c]
41  /opt/conda/envs/gdf/bin/python(_PyEval_EvalFrameDefault+0x6fd) [0x55c5ee5f019d]
42  /opt/conda/envs/gdf/bin/python(_PyFunction_Vectorcall+0x6c) [0x55c5ee5ffb7c]
43  /opt/conda/envs/gdf/bin/python(_PyEval_EvalFrameDefault+0x309) [0x55c5ee5efda9]
44  /opt/conda/envs/gdf/bin/python(_PyFunction_Vectorcall+0x6c) [0x55c5ee5ffb7c]
45  /opt/conda/envs/gdf/bin/python(_PyEval_EvalFrameDefault+0x1341) [0x55c5ee5f0de1]
46  /opt/conda/envs/gdf/bin/python(+0x1cca8c) [0x55c5ee690a8c]
47  /opt/conda/envs/gdf/bin/python(PyEval_EvalCode+0x87) [0x55c5ee6909d7]
48  /opt/conda/envs/gdf/bin/python(+0x1fceba) [0x55c5ee6c0eba]
49  /opt/conda/envs/gdf/bin/python(+0x1f8343) [0x55c5ee6bc343]
50  /opt/conda/envs/gdf/bin/python(PyRun_StringFlags+0x7d) [0x55c5ee6b4add]
51  /opt/conda/envs/gdf/bin/python(PyRun_SimpleStringFlags+0x3c) [0x55c5ee6b491c]
52  /opt/conda/envs/gdf/bin/python(Py_RunMain+0x3ba) [0x55c5ee6b3b1a]
53  /opt/conda/envs/gdf/bin/python(Py_BytesMain+0x37) [0x55c5ee684117]
54  /usr/lib/x86_64-linux-gnu/libc.so.6(__libc_start_main+0xf3) [0x7fb16d148083]
55  /opt/conda/envs/gdf/bin/python(+0x1c002e) [0x55c5ee68402e]
=================================
[dgx13:68940:0:68940] Caught signal 11 (Segmentation fault: address not mapped to object at address 0x450)
==== backtrace (tid:  68940) ====
 0  /opt/conda/envs/gdf/lib/libucs.so.0(ucs_handle_error+0x2fd) [0x7f4a4c090c1d]
 1  /opt/conda/envs/gdf/lib/libucs.so.0(+0x2de11) [0x7f4a4c090e11]
 2  /opt/conda/envs/gdf/lib/libucs.so.0(+0x2dfda) [0x7f4a4c090fda]
 3  /usr/lib/x86_64-linux-gnu/libpthread.so.0(+0x14420) [0x7f4a8633f420]
 4  /opt/conda/envs/gdf/lib/libucp.so.0(ucp_mem_type_unpack+0x14) [0x7f4a4c1142d4]
 5  /opt/conda/envs/gdf/lib/libucp.so.0(ucp_rndv_data_handler+0x605) [0x7f4a4c13e495]
 6  /opt/conda/envs/gdf/lib/./libuct.so.0(+0x21a06) [0x7f4a4c047a06]
 7  /opt/conda/envs/gdf/lib/./libuct.so.0(+0x24ae8) [0x7f4a4c04aae8]
 8  /opt/conda/envs/gdf/lib/libucs.so.0(ucs_event_set_wait+0xb1) [0x7f4a4c09a411]
 9  /opt/conda/envs/gdf/lib/./libuct.so.0(uct_tcp_iface_progress+0x7d) [0x7f4a4c049bbd]
10  /opt/conda/envs/gdf/lib/libucp.so.0(ucp_worker_progress+0x5a) [0x7f4a4c110f1a]
11  /opt/conda/envs/gdf/lib/python3.10/site-packages/ucp/_libs/ucx_api.cpython-310-x86_64-linux-gnu.so(+0x31dca) [0x7f4a4c1d0dca]
12  /opt/conda/envs/gdf/bin/python(_PyEval_EvalFrameDefault+0x2c3e) [0x55619de6f6de]
13  /opt/conda/envs/gdf/bin/python(_PyFunction_Vectorcall+0x6c) [0x55619de7cb7c]
14  /opt/conda/envs/gdf/bin/python(_PyEval_EvalFrameDefault+0x6fd) [0x55619de6d19d]
15  /opt/conda/envs/gdf/bin/python(+0x147234) [0x55619de88234]
16  /opt/conda/envs/gdf/bin/python(+0x252f7c) [0x55619df93f7c]
17  /opt/conda/envs/gdf/bin/python(+0xf745f) [0x55619de3845f]
18  /opt/conda/envs/gdf/bin/python(+0x1331b3) [0x55619de741b3]
19  /opt/conda/envs/gdf/bin/python(_PyEval_EvalFrameDefault+0x593b) [0x55619de723db]
20  /opt/conda/envs/gdf/bin/python(_PyFunction_Vectorcall+0x6c) [0x55619de7cb7c]
21  /opt/conda/envs/gdf/bin/python(_PyEval_EvalFrameDefault+0x6fd) [0x55619de6d19d]
22  /opt/conda/envs/gdf/bin/python(_PyFunction_Vectorcall+0x6c) [0x55619de7cb7c]
23  /opt/conda/envs/gdf/bin/python(_PyEval_EvalFrameDefault+0x6fd) [0x55619de6d19d]
24  /opt/conda/envs/gdf/bin/python(_PyFunction_Vectorcall+0x6c) [0x55619de7cb7c]
25  /opt/conda/envs/gdf/bin/python(_PyEval_EvalFrameDefault+0x6fd) [0x55619de6d19d]
26  /opt/conda/envs/gdf/bin/python(_PyFunction_Vectorcall+0x6c) [0x55619de7cb7c]
27  /opt/conda/envs/gdf/bin/python(_PyEval_EvalFrameDefault+0x6fd) [0x55619de6d19d]
28  /opt/conda/envs/gdf/bin/python(_PyFunction_Vectorcall+0x6c) [0x55619de7cb7c]
29  /opt/conda/envs/gdf/bin/python(_PyEval_EvalFrameDefault+0x1341) [0x55619de6dde1]
30  /opt/conda/envs/gdf/bin/python(+0x146fb2) [0x55619de87fb2]
31  /opt/conda/envs/gdf/bin/python(PyObject_Call+0xbc) [0x55619de8894c]
32  /opt/conda/envs/gdf/bin/python(+0x1ff72d) [0x55619df4072d]
33  /opt/conda/envs/gdf/bin/python(_PyObject_MakeTpCall+0x2d3) [0x55619de75a03]
34  /opt/conda/envs/gdf/bin/python(_PyEval_EvalFrameDefault+0x2c3e) [0x55619de6f6de]
35  /opt/conda/envs/gdf/bin/python(+0x147108) [0x55619de88108]
36  /opt/conda/envs/gdf/bin/python(_PyEval_EvalFrameDefault+0x2c3e) [0x55619de6f6de]
37  /opt/conda/envs/gdf/bin/python(_PyFunction_Vectorcall+0x6c) [0x55619de7cb7c]
38  /opt/conda/envs/gdf/bin/python(_PyEval_EvalFrameDefault+0x6fd) [0x55619de6d19d]
39  /opt/conda/envs/gdf/bin/python(_PyFunction_Vectorcall+0x6c) [0x55619de7cb7c]
40  /opt/conda/envs/gdf/bin/python(_PyEval_EvalFrameDefault+0x6fd) [0x55619de6d19d]
41  /opt/conda/envs/gdf/bin/python(_PyFunction_Vectorcall+0x6c) [0x55619de7cb7c]
42  /opt/conda/envs/gdf/bin/python(_PyEval_EvalFrameDefault+0x309) [0x55619de6cda9]
43  /opt/conda/envs/gdf/bin/python(_PyFunction_Vectorcall+0x6c) [0x55619de7cb7c]
44  /opt/conda/envs/gdf/bin/python(_PyEval_EvalFrameDefault+0x1341) [0x55619de6dde1]
45  /opt/conda/envs/gdf/bin/python(+0x1cca8c) [0x55619df0da8c]
46  /opt/conda/envs/gdf/bin/python(PyEval_EvalCode+0x87) [0x55619df0d9d7]
47  /opt/conda/envs/gdf/bin/python(+0x1fceba) [0x55619df3deba]
48  /opt/conda/envs/gdf/bin/python(+0x1f8343) [0x55619df39343]
49  /opt/conda/envs/gdf/bin/python(PyRun_StringFlags+0x7d) [0x55619df31add]
50  /opt/conda/envs/gdf/bin/python(PyRun_SimpleStringFlags+0x3c) [0x55619df3191c]
51  /opt/conda/envs/gdf/bin/python(Py_RunMain+0x3ba) [0x55619df30b1a]
52  /opt/conda/envs/gdf/bin/python(Py_BytesMain+0x37) [0x55619df01117]
53  /usr/lib/x86_64-linux-gnu/libc.so.6(__libc_start_main+0xf3) [0x7f4a86003083]
54  /opt/conda/envs/gdf/bin/python(+0x1c002e) [0x55619df0102e]
=================================
[dgx13:68936:0:68936] Caught signal 11 (Segmentation fault: address not mapped to object at address 0x450)
==== backtrace (tid:  68936) ====
 0  /opt/conda/envs/gdf/lib/libucs.so.0(ucs_handle_error+0x2fd) [0x7fccb6fc4c1d]
 1  /opt/conda/envs/gdf/lib/libucs.so.0(+0x2de11) [0x7fccb6fc4e11]
 2  /opt/conda/envs/gdf/lib/libucs.so.0(+0x2dfda) [0x7fccb6fc4fda]
 3  /usr/lib/x86_64-linux-gnu/libpthread.so.0(+0x14420) [0x7fcd03281420]
 4  /opt/conda/envs/gdf/lib/libucp.so.0(ucp_mem_type_unpack+0x14) [0x7fccb70482d4]
 5  /opt/conda/envs/gdf/lib/libucp.so.0(ucp_rndv_data_handler+0x605) [0x7fccb7072495]
 6  /opt/conda/envs/gdf/lib/./libuct.so.0(+0x21a06) [0x7fccb6f7ba06]
 7  /opt/conda/envs/gdf/lib/./libuct.so.0(+0x24ae8) [0x7fccb6f7eae8]
 8  /opt/conda/envs/gdf/lib/libucs.so.0(ucs_event_set_wait+0xb1) [0x7fccb6fce411]
 9  /opt/conda/envs/gdf/lib/./libuct.so.0(uct_tcp_iface_progress+0x7d) [0x7fccb6f7dbbd]
10  /opt/conda/envs/gdf/lib/libucp.so.0(ucp_worker_progress+0x5a) [0x7fccb7044f1a]
11  /opt/conda/envs/gdf/lib/python3.10/site-packages/ucp/_libs/ucx_api.cpython-310-x86_64-linux-gnu.so(+0x31dca) [0x7fccb7104dca]
12  /opt/conda/envs/gdf/bin/python(_PyEval_EvalFrameDefault+0x2c3e) [0x5565050246de]
13  /opt/conda/envs/gdf/bin/python(_PyFunction_Vectorcall+0x6c) [0x556505031b7c]
14  /opt/conda/envs/gdf/bin/python(_PyEval_EvalFrameDefault+0x6fd) [0x55650502219d]
15  /opt/conda/envs/gdf/bin/python(+0x147234) [0x55650503d234]
16  /opt/conda/envs/gdf/bin/python(+0x252f7c) [0x556505148f7c]
17  /opt/conda/envs/gdf/bin/python(+0xf745f) [0x556504fed45f]
18  /opt/conda/envs/gdf/bin/python(+0x1331b3) [0x5565050291b3]
19  /opt/conda/envs/gdf/bin/python(_PyEval_EvalFrameDefault+0x593b) [0x5565050273db]
20  /opt/conda/envs/gdf/bin/python(_PyFunction_Vectorcall+0x6c) [0x556505031b7c]
21  /opt/conda/envs/gdf/bin/python(_PyEval_EvalFrameDefault+0x6fd) [0x55650502219d]
22  /opt/conda/envs/gdf/bin/python(_PyFunction_Vectorcall+0x6c) [0x556505031b7c]
23  /opt/conda/envs/gdf/bin/python(_PyEval_EvalFrameDefault+0x6fd) [0x55650502219d]
24  /opt/conda/envs/gdf/bin/python(_PyFunction_Vectorcall+0x6c) [0x556505031b7c]
25  /opt/conda/envs/gdf/bin/python(_PyEval_EvalFrameDefault+0x6fd) [0x55650502219d]
26  /opt/conda/envs/gdf/bin/python(_PyFunction_Vectorcall+0x6c) [0x556505031b7c]
27  /opt/conda/envs/gdf/bin/python(_PyEval_EvalFrameDefault+0x6fd) [0x55650502219d]
28  /opt/conda/envs/gdf/bin/python(_PyFunction_Vectorcall+0x6c) [0x556505031b7c]
29  /opt/conda/envs/gdf/bin/python(_PyEval_EvalFrameDefault+0x1341) [0x556505022de1]
30  /opt/conda/envs/gdf/bin/python(+0x146fb2) [0x55650503cfb2]
31  /opt/conda/envs/gdf/bin/python(PyObject_Call+0xbc) [0x55650503d94c]
32  /opt/conda/envs/gdf/bin/python(+0x1ff72d) [0x5565050f572d]
33  /opt/conda/envs/gdf/bin/python(_PyObject_MakeTpCall+0x2d3) [0x55650502aa03]
34  /opt/conda/envs/gdf/bin/python(_PyEval_EvalFrameDefault+0x2c3e) [0x5565050246de]
35  /opt/conda/envs/gdf/bin/python(+0x147108) [0x55650503d108]
36  /opt/conda/envs/gdf/bin/python(_PyEval_EvalFrameDefault+0x2c3e) [0x5565050246de]
37  /opt/conda/envs/gdf/bin/python(_PyFunction_Vectorcall+0x6c) [0x556505031b7c]
38  /opt/conda/envs/gdf/bin/python(_PyEval_EvalFrameDefault+0x6fd) [0x55650502219d]
39  /opt/conda/envs/gdf/bin/python(_PyFunction_Vectorcall+0x6c) [0x556505031b7c]
40  /opt/conda/envs/gdf/bin/python(_PyEval_EvalFrameDefault+0x6fd) [0x55650502219d]
41  /opt/conda/envs/gdf/bin/python(_PyFunction_Vectorcall+0x6c) [0x556505031b7c]
42  /opt/conda/envs/gdf/bin/python(_PyEval_EvalFrameDefault+0x309) [0x556505021da9]
43  /opt/conda/envs/gdf/bin/python(_PyFunction_Vectorcall+0x6c) [0x556505031b7c]
44  /opt/conda/envs/gdf/bin/python(_PyEval_EvalFrameDefault+0x1341) [0x556505022de1]
45  /opt/conda/envs/gdf/bin/python(+0x1cca8c) [0x5565050c2a8c]
46  /opt/conda/envs/gdf/bin/python(PyEval_EvalCode+0x87) [0x5565050c29d7]
47  /opt/conda/envs/gdf/bin/python(+0x1fceba) [0x5565050f2eba]
48  /opt/conda/envs/gdf/bin/python(+0x1f8343) [0x5565050ee343]
49  /opt/conda/envs/gdf/bin/python(PyRun_StringFlags+0x7d) [0x5565050e6add]
50  /opt/conda/envs/gdf/bin/python(PyRun_SimpleStringFlags+0x3c) [0x5565050e691c]
51  /opt/conda/envs/gdf/bin/python(Py_RunMain+0x3ba) [0x5565050e5b1a]
52  /opt/conda/envs/gdf/bin/python(Py_BytesMain+0x37) [0x5565050b6117]
53  /usr/lib/x86_64-linux-gnu/libc.so.6(__libc_start_main+0xf3) [0x7fcd02f45083]
54  /opt/conda/envs/gdf/bin/python(+0x1c002e) [0x5565050b602e]
=================================
2025-01-15 08:17:07,435 - distributed.worker - ERROR - Worker stream died during communication: ucx://127.0.0.1:40719
Traceback (most recent call last):
  File "/opt/conda/envs/gdf/lib/python3.10/site-packages/distributed/comm/ucx.py", line 351, in read
    await self.ep.recv(msg)
  File "/opt/conda/envs/gdf/lib/python3.10/site-packages/ucp/core.py", line 737, in recv
    ret = await comm.tag_recv(self._ep, buffer, nbytes, tag, name=log)
ucp._libs.exceptions.UCXCanceled: <[Recv #003] ep: 0x7f30622931c0, tag: 0xc819e8aa4335276e, nbytes: 16, type: <class 'numpy.ndarray'>>: 

During handling of the above exception, another exception occurred:

Traceback (most recent call last):
  File "/opt/conda/envs/gdf/lib/python3.10/site-packages/distributed/worker.py", line 2075, in gather_dep
    response = await get_data_from_worker(
  File "/opt/conda/envs/gdf/lib/python3.10/site-packages/distributed/worker.py", line 2881, in get_data_from_worker
    response = await send_recv(
  File "/opt/conda/envs/gdf/lib/python3.10/site-packages/distributed/core.py", line 1018, in send_recv
    response = await comm.read(deserializers=deserializers)
  File "/opt/conda/envs/gdf/lib/python3.10/site-packages/distributed/utils.py", line 805, in wrapper
    return await func(*args, **kwargs)
  File "/opt/conda/envs/gdf/lib/python3.10/site-packages/distributed/comm/ucx.py", line 369, in read
    raise CommClosedError(
distributed.comm.core.CommClosedError: Connection closed by writer.
Inner exception: UCXCanceled("<[Recv #003] ep: 0x7f30622931c0, tag: 0xc819e8aa4335276e, nbytes: 16, type: <class 'numpy.ndarray'>>: ")
2025-01-15 08:17:07,457 - distributed.scheduler - WARNING - Removing worker 'ucx://127.0.0.1:40719' caused the cluster to lose already computed task(s), which will be recomputed elsewhere: {('random_sample-e55532ea3ca31230f5d72fbaa7780110', 0, 8), ('sum-6fb7bbe08b431eddb6e32dcf9ef59856', 6, 3), ('random_sample-e55532ea3ca31230f5d72fbaa7780110', 6, 3), ('random_sample-e55532ea3ca31230f5d72fbaa7780110', 2, 3), ('random_sample-e55532ea3ca31230f5d72fbaa7780110', 9, 7), ('sum-6fb7bbe08b431eddb6e32dcf9ef59856', 3, 6), ('random_sample-e55532ea3ca31230f5d72fbaa7780110', 2, 6), ('random_sample-e55532ea3ca31230f5d72fbaa7780110', 0, 0), ('random_sample-e55532ea3ca31230f5d72fbaa7780110', 3, 6), ('sum-6fb7bbe08b431eddb6e32dcf9ef59856', 0, 0), ('random_sample-e55532ea3ca31230f5d72fbaa7780110', 8, 9), ('random_sample-e55532ea3ca31230f5d72fbaa7780110', 7, 0), ('random_sample-e55532ea3ca31230f5d72fbaa7780110', 4, 6), ('sum-6fb7bbe08b431eddb6e32dcf9ef59856', 1, 1), ('random_sample-e55532ea3ca31230f5d72fbaa7780110', 7, 6), ('random_sample-e55532ea3ca31230f5d72fbaa7780110', 1, 1), ('random_sample-e55532ea3ca31230f5d72fbaa7780110', 5, 2)} (stimulus_id='handle-worker-cleanup-1736929027.4568248')
2025-01-15 08:17:07,493 - distributed.worker - ERROR - Worker stream died during communication: ucx://127.0.0.1:59307
Traceback (most recent call last):
  File "/opt/conda/envs/gdf/lib/python3.10/site-packages/distributed/comm/ucx.py", line 393, in read
    await self.ep.recv(each_frame)
  File "/opt/conda/envs/gdf/lib/python3.10/site-packages/ucp/core.py", line 737, in recv
    ret = await comm.tag_recv(self._ep, buffer, nbytes, tag, name=log)
ucp._libs.exceptions.UCXError: <[Recv #007] ep: 0x7fd11c1e7100, tag: 0x9407733eaa7582d6, nbytes: 50000000, type: <class 'rmm.pylibrmm.device_buffer.DeviceBuffer'>>: Connection reset by remote peer

During handling of the above exception, another exception occurred:

Traceback (most recent call last):
  File "/opt/conda/envs/gdf/lib/python3.10/site-packages/distributed/worker.py", line 2075, in gather_dep
    response = await get_data_from_worker(
  File "/opt/conda/envs/gdf/lib/python3.10/site-packages/distributed/worker.py", line 2881, in get_data_from_worker
    response = await send_recv(
  File "/opt/conda/envs/gdf/lib/python3.10/site-packages/distributed/core.py", line 1018, in send_recv
    response = await comm.read(deserializers=deserializers)
  File "/opt/conda/envs/gdf/lib/python3.10/site-packages/distributed/utils.py", line 805, in wrapper
    return await func(*args, **kwargs)
  File "/opt/conda/envs/gdf/lib/python3.10/site-packages/distributed/comm/ucx.py", line 399, in read
    raise CommClosedError(
distributed.comm.core.CommClosedError: Connection closed by writer.
Inner exception: UCXError("<[Recv #007] ep: 0x7fd11c1e7100, tag: 0x9407733eaa7582d6, nbytes: 50000000, type: <class 'rmm.pylibrmm.device_buffer.DeviceBuffer'>>: Connection reset by remote peer")
2025-01-15 08:17:07,493 - distributed.scheduler - WARNING - Removing worker 'ucx://127.0.0.1:59307' caused the cluster to lose already computed task(s), which will be recomputed elsewhere: {('random_sample-e55532ea3ca31230f5d72fbaa7780110', 0, 2), ('random_sample-e55532ea3ca31230f5d72fbaa7780110', 4, 1), ('sum-6fb7bbe08b431eddb6e32dcf9ef59856', 6, 6), ('random_sample-e55532ea3ca31230f5d72fbaa7780110', 1, 3), ('random_sample-e55532ea3ca31230f5d72fbaa7780110', 6, 6), ('random_sample-e55532ea3ca31230f5d72fbaa7780110', 3, 0), ('random_sample-e55532ea3ca31230f5d72fbaa7780110', 9, 0), ('random_sample-e55532ea3ca31230f5d72fbaa7780110', 2, 9), ('sum-6fb7bbe08b431eddb6e32dcf9ef59856', 4, 1), ('random_sample-e55532ea3ca31230f5d72fbaa7780110', 5, 6), ('random_sample-e55532ea3ca31230f5d72fbaa7780110', 5, 9), ('sum-6fb7bbe08b431eddb6e32dcf9ef59856', 1, 4), ('random_sample-e55532ea3ca31230f5d72fbaa7780110', 9, 8), ('random_sample-e55532ea3ca31230f5d72fbaa7780110', 1, 4)} (stimulus_id='handle-worker-cleanup-1736929027.493606')
Task exception was never retrieved
future: <Task finished name='Task-208' coro=<_listener_handler_coroutine() done, defined at /opt/conda/envs/gdf/lib/python3.10/site-packages/ucp/core.py:140> exception=UCXError('<stream_recv>: Connection reset by remote peer')>
Traceback (most recent call last):
  File "/opt/conda/envs/gdf/lib/python3.10/site-packages/ucp/core.py", line 155, in _listener_handler_coroutine
    peer_info = await exchange_peer_info(
  File "/opt/conda/envs/gdf/lib/python3.10/site-packages/ucp/core.py", line 55, in exchange_peer_info
    await asyncio.wait_for(
  File "/opt/conda/envs/gdf/lib/python3.10/asyncio/tasks.py", line 445, in wait_for
    return fut.result()
ucp._libs.exceptions.UCXError: <stream_recv>: Connection reset by remote peer
2025-01-15 08:17:07,513 - distributed.scheduler - WARNING - Removing worker 'ucx://127.0.0.1:51319' caused the cluster to lose already computed task(s), which will be recomputed elsewhere: {('random_sample-e55532ea3ca31230f5d72fbaa7780110', 3, 1), ('random_sample-e55532ea3ca31230f5d72fbaa7780110', 6, 7), ('random_sample-e55532ea3ca31230f5d72fbaa7780110', 5, 1), ('random_sample-e55532ea3ca31230f5d72fbaa7780110', 9, 4), ('random_sample-e55532ea3ca31230f5d72fbaa7780110', 0, 4), ('random_sample-e55532ea3ca31230f5d72fbaa7780110', 8, 6), ('sum-6fb7bbe08b431eddb6e32dcf9ef59856', 2, 2), ('random_sample-e55532ea3ca31230f5d72fbaa7780110', 3, 5), ('random_sample-e55532ea3ca31230f5d72fbaa7780110', 2, 2), ('random_sample-e55532ea3ca31230f5d72fbaa7780110', 4, 5), ('random_sample-e55532ea3ca31230f5d72fbaa7780110', 0, 9)} (stimulus_id='handle-worker-cleanup-1736929027.5135877')
2025-01-15 08:17:07,522 - distributed.worker - ERROR - failed during get data with ucx://127.0.0.1:41067 -> ucx://127.0.0.1:46607
Traceback (most recent call last):
  File "/opt/conda/envs/gdf/lib/python3.10/site-packages/distributed/comm/ucx.py", line 351, in read
    await self.ep.recv(msg)
  File "/opt/conda/envs/gdf/lib/python3.10/site-packages/ucp/core.py", line 737, in recv
    ret = await comm.tag_recv(self._ep, buffer, nbytes, tag, name=log)
ucp._libs.exceptions.UCXCanceled: <[Recv #006] ep: 0x7fd11c1e70c0, tag: 0xba1f12067df278d7, nbytes: 16, type: <class 'numpy.ndarray'>>: 

During handling of the above exception, another exception occurred:

Traceback (most recent call last):
  File "/opt/conda/envs/gdf/lib/python3.10/site-packages/distributed/worker.py", line 1797, in get_data
    response = await comm.read(deserializers=serializers)
  File "/opt/conda/envs/gdf/lib/python3.10/site-packages/distributed/utils.py", line 805, in wrapper
    return await func(*args, **kwargs)
  File "/opt/conda/envs/gdf/lib/python3.10/site-packages/distributed/comm/ucx.py", line 369, in read
    raise CommClosedError(
distributed.comm.core.CommClosedError: Connection closed by writer.
Inner exception: UCXCanceled("<[Recv #006] ep: 0x7fd11c1e70c0, tag: 0xba1f12067df278d7, nbytes: 16, type: <class 'numpy.ndarray'>>: ")
2025-01-15 08:17:07,523 - distributed.scheduler - WARNING - Removing worker 'ucx://127.0.0.1:46607' caused the cluster to lose already computed task(s), which will be recomputed elsewhere: {('random_sample-e55532ea3ca31230f5d72fbaa7780110', 2, 4), ('sum-6fb7bbe08b431eddb6e32dcf9ef59856', 0, 1), ('sum-6fb7bbe08b431eddb6e32dcf9ef59856', 1, 0), ('random_sample-e55532ea3ca31230f5d72fbaa7780110', 8, 7), ('random_sample-e55532ea3ca31230f5d72fbaa7780110', 3, 7), ('random_sample-e55532ea3ca31230f5d72fbaa7780110', 1, 0), ('random_sample-e55532ea3ca31230f5d72fbaa7780110', 0, 1), ('sum-6fb7bbe08b431eddb6e32dcf9ef59856', 7, 7), ('random_sample-e55532ea3ca31230f5d72fbaa7780110', 7, 7), ('random_sample-e55532ea3ca31230f5d72fbaa7780110', 6, 9), ('random_sample-e55532ea3ca31230f5d72fbaa7780110', 5, 3), ('random_sample-e55532ea3ca31230f5d72fbaa7780110', 6, 2), ('random_sample-e55532ea3ca31230f5d72fbaa7780110', 1, 2), ('random_sample-e55532ea3ca31230f5d72fbaa7780110', 4, 9), ('random_sample-e55532ea3ca31230f5d72fbaa7780110', 9, 5)} (stimulus_id='handle-worker-cleanup-1736929027.523402')
2025-01-15 08:17:07,530 - distributed.worker - ERROR - failed during get data with ucx://127.0.0.1:58495 -> ucx://127.0.0.1:51319
Traceback (most recent call last):
  File "/opt/conda/envs/gdf/lib/python3.10/site-packages/distributed/comm/ucx.py", line 335, in write
    await self.ep.send(each_frame)
  File "/opt/conda/envs/gdf/lib/python3.10/site-packages/ucp/core.py", line 662, in send
    return await comm.tag_send(self._ep, buffer, nbytes, tag, name=log)
ucp._libs.exceptions.UCXError: <[Send #007] ep: 0x7f2120e452c0, tag: 0x2ea66d3cd5c56e72, nbytes: 50000000, type: <class 'cupy.ndarray'>>: Connection reset by remote peer

During handling of the above exception, another exception occurred:

Traceback (most recent call last):
  File "/opt/conda/envs/gdf/lib/python3.10/site-packages/distributed/worker.py", line 1796, in get_data
    compressed = await comm.write(msg, serializers=serializers)
  File "/opt/conda/envs/gdf/lib/python3.10/site-packages/distributed/utils.py", line 805, in wrapper
    return await func(*args, **kwargs)
  File "/opt/conda/envs/gdf/lib/python3.10/site-packages/distributed/comm/ucx.py", line 339, in write
    raise CommClosedError("While writing, the connection was closed")
distributed.comm.core.CommClosedError: While writing, the connection was closed
2025-01-15 08:17:07,533 - distributed.worker - ERROR - failed during get data with ucx://127.0.0.1:58495 -> ucx://127.0.0.1:59307
Traceback (most recent call last):
  File "/opt/conda/envs/gdf/lib/python3.10/site-packages/distributed/comm/ucx.py", line 335, in write
    await self.ep.send(each_frame)
  File "/opt/conda/envs/gdf/lib/python3.10/site-packages/ucp/core.py", line 662, in send
    return await comm.tag_send(self._ep, buffer, nbytes, tag, name=log)
ucp._libs.exceptions.UCXError: <[Send #007] ep: 0x7f2120e45340, tag: 0x9aa9198314c1505a, nbytes: 50000000, type: <class 'cupy.ndarray'>>: Connection reset by remote peer

During handling of the above exception, another exception occurred:

Traceback (most recent call last):
  File "/opt/conda/envs/gdf/lib/python3.10/site-packages/distributed/worker.py", line 1796, in get_data
    compressed = await comm.write(msg, serializers=serializers)
  File "/opt/conda/envs/gdf/lib/python3.10/site-packages/distributed/utils.py", line 805, in wrapper
    return await func(*args, **kwargs)
  File "/opt/conda/envs/gdf/lib/python3.10/site-packages/distributed/comm/ucx.py", line 339, in write
    raise CommClosedError("While writing, the connection was closed")
distributed.comm.core.CommClosedError: While writing, the connection was closed
2025-01-15 08:17:07,534 - distributed.worker - ERROR - Worker stream died during communication: ucx://127.0.0.1:51319
Traceback (most recent call last):
  File "/opt/conda/envs/gdf/lib/python3.10/site-packages/distributed/comm/ucx.py", line 351, in read
    await self.ep.recv(msg)
  File "/opt/conda/envs/gdf/lib/python3.10/site-packages/ucp/core.py", line 737, in recv
    ret = await comm.tag_recv(self._ep, buffer, nbytes, tag, name=log)
ucp._libs.exceptions.UCXCanceled: <[Recv #003] ep: 0x7f2120e45200, tag: 0x73b584229e93c766, nbytes: 16, type: <class 'numpy.ndarray'>>: 

During handling of the above exception, another exception occurred:

Traceback (most recent call last):
  File "/opt/conda/envs/gdf/lib/python3.10/site-packages/distributed/worker.py", line 2075, in gather_dep
    response = await get_data_from_worker(
  File "/opt/conda/envs/gdf/lib/python3.10/site-packages/distributed/worker.py", line 2881, in get_data_from_worker
    response = await send_recv(
  File "/opt/conda/envs/gdf/lib/python3.10/site-packages/distributed/core.py", line 1018, in send_recv
    response = await comm.read(deserializers=deserializers)
  File "/opt/conda/envs/gdf/lib/python3.10/site-packages/distributed/utils.py", line 805, in wrapper
    return await func(*args, **kwargs)
  File "/opt/conda/envs/gdf/lib/python3.10/site-packages/distributed/comm/ucx.py", line 369, in read
    raise CommClosedError(
distributed.comm.core.CommClosedError: Connection closed by writer.
Inner exception: UCXCanceled("<[Recv #003] ep: 0x7f2120e45200, tag: 0x73b584229e93c766, nbytes: 16, type: <class 'numpy.ndarray'>>: ")
Task exception was never retrieved
future: <Task finished name='Task-209' coro=<_listener_handler_coroutine() done, defined at /opt/conda/envs/gdf/lib/python3.10/site-packages/ucp/core.py:140> exception=UCXError('<stream_recv>: Connection reset by remote peer')>
Traceback (most recent call last):
  File "/opt/conda/envs/gdf/lib/python3.10/site-packages/ucp/core.py", line 155, in _listener_handler_coroutine
    peer_info = await exchange_peer_info(
  File "/opt/conda/envs/gdf/lib/python3.10/site-packages/ucp/core.py", line 55, in exchange_peer_info
    await asyncio.wait_for(
  File "/opt/conda/envs/gdf/lib/python3.10/asyncio/tasks.py", line 445, in wait_for
    return fut.result()
ucp._libs.exceptions.UCXError: <stream_recv>: Connection reset by remote peer
2025-01-15 08:17:07,540 - distributed.worker - ERROR - Worker stream died during communication: ucx://127.0.0.1:46607
Traceback (most recent call last):
  File "/opt/conda/envs/gdf/lib/python3.10/site-packages/distributed/comm/ucx.py", line 351, in read
    await self.ep.recv(msg)
  File "/opt/conda/envs/gdf/lib/python3.10/site-packages/ucp/core.py", line 737, in recv
    ret = await comm.tag_recv(self._ep, buffer, nbytes, tag, name=log)
ucp._libs.exceptions.UCXCanceled: <[Recv #000] ep: 0x7f2120e450c0, tag: 0x6fd1cbc49cf8e991, nbytes: 16, type: <class 'numpy.ndarray'>>: 

During handling of the above exception, another exception occurred:

Traceback (most recent call last):
  File "/opt/conda/envs/gdf/lib/python3.10/site-packages/distributed/worker.py", line 2075, in gather_dep
    response = await get_data_from_worker(
  File "/opt/conda/envs/gdf/lib/python3.10/site-packages/distributed/worker.py", line 2878, in get_data_from_worker
    comm = await rpc.connect(worker)
  File "/opt/conda/envs/gdf/lib/python3.10/site-packages/distributed/core.py", line 1539, in connect
    return connect_attempt.result()
  File "/opt/conda/envs/gdf/lib/python3.10/site-packages/distributed/core.py", line 1429, in _connect
    comm = await connect(
  File "/opt/conda/envs/gdf/lib/python3.10/site-packages/distributed/comm/core.py", line 377, in connect
    handshake = await comm.read()
  File "/opt/conda/envs/gdf/lib/python3.10/site-packages/distributed/utils.py", line 805, in wrapper
    return await func(*args, **kwargs)
  File "/opt/conda/envs/gdf/lib/python3.10/site-packages/distributed/comm/ucx.py", line 369, in read
    raise CommClosedError(
distributed.comm.core.CommClosedError: Connection closed by writer.
Inner exception: UCXCanceled("<[Recv #000] ep: 0x7f2120e450c0, tag: 0x6fd1cbc49cf8e991, nbytes: 16, type: <class 'numpy.ndarray'>>: ")
2025-01-15 08:17:07,546 - distributed.worker - ERROR - Worker stream died during communication: ucx://127.0.0.1:40719
Traceback (most recent call last):
  File "/opt/conda/envs/gdf/lib/python3.10/site-packages/distributed/core.py", line 1429, in _connect
    comm = await connect(
  File "/opt/conda/envs/gdf/lib/python3.10/site-packages/distributed/comm/core.py", line 342, in connect
    comm = await wait_for(
  File "/opt/conda/envs/gdf/lib/python3.10/site-packages/distributed/utils.py", line 1915, in wait_for
    return await asyncio.wait_for(fut, timeout)
  File "/opt/conda/envs/gdf/lib/python3.10/asyncio/tasks.py", line 432, in wait_for
    await waiter
asyncio.exceptions.CancelledError

During handling of the above exception, another exception occurred:

Traceback (most recent call last):
  File "/opt/conda/envs/gdf/lib/python3.10/site-packages/distributed/core.py", line 1539, in connect
    return connect_attempt.result()
asyncio.exceptions.CancelledError

During handling of the above exception, another exception occurred:

Traceback (most recent call last):
  File "/opt/conda/envs/gdf/lib/python3.10/site-packages/distributed/worker.py", line 2075, in gather_dep
    response = await get_data_from_worker(
  File "/opt/conda/envs/gdf/lib/python3.10/site-packages/distributed/worker.py", line 2878, in get_data_from_worker
    comm = await rpc.connect(worker)
  File "/opt/conda/envs/gdf/lib/python3.10/site-packages/distributed/core.py", line 1542, in connect
    raise CommClosedError(reason)
distributed.comm.core.CommClosedError: Address removed.
2025-01-15 08:17:07,555 - distributed.worker - ERROR - failed during get data with ucx://127.0.0.1:41067 -> ucx://127.0.0.1:47679
Traceback (most recent call last):
  File "/opt/conda/envs/gdf/lib/python3.10/site-packages/distributed/comm/ucx.py", line 335, in write
    await self.ep.send(each_frame)
  File "/opt/conda/envs/gdf/lib/python3.10/site-packages/ucp/core.py", line 662, in send
    return await comm.tag_send(self._ep, buffer, nbytes, tag, name=log)
ucp._libs.exceptions.UCXError: <[Send #007] ep: 0x7fd11c1e7240, tag: 0x2ae1f3ddf6aecef, nbytes: 50000000, type: <class 'cupy.ndarray'>>: Connection reset by remote peer

During handling of the above exception, another exception occurred:

Traceback (most recent call last):
  File "/opt/conda/envs/gdf/lib/python3.10/site-packages/distributed/worker.py", line 1796, in get_data
    compressed = await comm.write(msg, serializers=serializers)
  File "/opt/conda/envs/gdf/lib/python3.10/site-packages/distributed/utils.py", line 805, in wrapper
    return await func(*args, **kwargs)
  File "/opt/conda/envs/gdf/lib/python3.10/site-packages/distributed/comm/ucx.py", line 339, in write
    raise CommClosedError("While writing, the connection was closed")
distributed.comm.core.CommClosedError: While writing, the connection was closed
2025-01-15 08:17:07,556 - distributed.worker - ERROR - Worker stream died during communication: ucx://127.0.0.1:47679
Traceback (most recent call last):
  File "/opt/conda/envs/gdf/lib/python3.10/site-packages/distributed/comm/ucx.py", line 393, in read
    await self.ep.recv(each_frame)
  File "/opt/conda/envs/gdf/lib/python3.10/site-packages/ucp/core.py", line 737, in recv
    ret = await comm.tag_recv(self._ep, buffer, nbytes, tag, name=log)
ucp._libs.exceptions.UCXError: <[Recv #007] ep: 0x7fd11c1e7200, tag: 0x2ab4122f8563d154, nbytes: 50000000, type: <class 'rmm.pylibrmm.device_buffer.DeviceBuffer'>>: Connection reset by remote peer

During handling of the above exception, another exception occurred:

Traceback (most recent call last):
  File "/opt/conda/envs/gdf/lib/python3.10/site-packages/distributed/worker.py", line 2075, in gather_dep
    response = await get_data_from_worker(
  File "/opt/conda/envs/gdf/lib/python3.10/site-packages/distributed/worker.py", line 2881, in get_data_from_worker
    response = await send_recv(
  File "/opt/conda/envs/gdf/lib/python3.10/site-packages/distributed/core.py", line 1018, in send_recv
    response = await comm.read(deserializers=deserializers)
  File "/opt/conda/envs/gdf/lib/python3.10/site-packages/distributed/utils.py", line 805, in wrapper
    return await func(*args, **kwargs)
  File "/opt/conda/envs/gdf/lib/python3.10/site-packages/distributed/comm/ucx.py", line 399, in read
    raise CommClosedError(
distributed.comm.core.CommClosedError: Connection closed by writer.
Inner exception: UCXError("<[Recv #007] ep: 0x7fd11c1e7200, tag: 0x2ab4122f8563d154, nbytes: 50000000, type: <class 'rmm.pylibrmm.device_buffer.DeviceBuffer'>>: Connection reset by remote peer")
2025-01-15 08:17:07,556 - distributed.worker - ERROR - failed during get data with ucx://127.0.0.1:41067 -> ucx://127.0.0.1:59307
Traceback (most recent call last):
  File "/opt/conda/envs/gdf/lib/python3.10/site-packages/distributed/comm/ucx.py", line 335, in write
    await self.ep.send(each_frame)
  File "/opt/conda/envs/gdf/lib/python3.10/site-packages/ucp/core.py", line 662, in send
    return await comm.tag_send(self._ep, buffer, nbytes, tag, name=log)
ucp._libs.exceptions.UCXError: <[Send #007] ep: 0x7fd11c1e7280, tag: 0x437ac6df15dfb578, nbytes: 50000000, type: <class 'cupy.ndarray'>>: Connection reset by remote peer

During handling of the above exception, another exception occurred:

Traceback (most recent call last):
  File "/opt/conda/envs/gdf/lib/python3.10/site-packages/distributed/worker.py", line 1796, in get_data
    compressed = await comm.write(msg, serializers=serializers)
  File "/opt/conda/envs/gdf/lib/python3.10/site-packages/distributed/utils.py", line 805, in wrapper
    return await func(*args, **kwargs)
  File "/opt/conda/envs/gdf/lib/python3.10/site-packages/distributed/comm/ucx.py", line 339, in write
    raise CommClosedError("While writing, the connection was closed")
distributed.comm.core.CommClosedError: While writing, the connection was closed
2025-01-15 08:17:07,557 - distributed.scheduler - WARNING - Removing worker 'ucx://127.0.0.1:47679' caused the cluster to lose already computed task(s), which will be recomputed elsewhere: {('sum-6fb7bbe08b431eddb6e32dcf9ef59856', 5, 5), ('random_sample-e55532ea3ca31230f5d72fbaa7780110', 9, 9), ('random_sample-e55532ea3ca31230f5d72fbaa7780110', 1, 5), ('random_sample-e55532ea3ca31230f5d72fbaa7780110', 3, 8), ('random_sample-e55532ea3ca31230f5d72fbaa7780110', 5, 5), ('random_sample-e55532ea3ca31230f5d72fbaa7780110', 6, 4), ('random_sample-e55532ea3ca31230f5d72fbaa7780110', 8, 1), ('sum-6fb7bbe08b431eddb6e32dcf9ef59856', 8, 3), ('random_sample-e55532ea3ca31230f5d72fbaa7780110', 4, 0), ('sum-6fb7bbe08b431eddb6e32dcf9ef59856', 2, 8), ('sum-6fb7bbe08b431eddb6e32dcf9ef59856', 9, 1), ('random_sample-e55532ea3ca31230f5d72fbaa7780110', 8, 3), ('random_sample-e55532ea3ca31230f5d72fbaa7780110', 5, 4), ('sum-6fb7bbe08b431eddb6e32dcf9ef59856', 8, 2), ('random_sample-e55532ea3ca31230f5d72fbaa7780110', 2, 8), ('random_sample-e55532ea3ca31230f5d72fbaa7780110', 2, 5), ('random_sample-e55532ea3ca31230f5d72fbaa7780110', 9, 1), ('sum-6fb7bbe08b431eddb6e32dcf9ef59856', 9, 9), ('sum-6fb7bbe08b431eddb6e32dcf9ef59856', 3, 8), ('random_sample-e55532ea3ca31230f5d72fbaa7780110', 8, 2), ('random_sample-e55532ea3ca31230f5d72fbaa7780110', 7, 9)} (stimulus_id='handle-worker-cleanup-1736929027.556949')
2025-01-15 08:17:07,567 - distributed.worker - ERROR - failed during get data with ucx://127.0.0.1:41557 -> ucx://127.0.0.1:46607
Traceback (most recent call last):
  File "/opt/conda/envs/gdf/lib/python3.10/site-packages/distributed/comm/ucx.py", line 335, in write
    await self.ep.send(each_frame)
  File "/opt/conda/envs/gdf/lib/python3.10/site-packages/ucp/core.py", line 662, in send
    return await comm.tag_send(self._ep, buffer, nbytes, tag, name=log)
ucp._libs.exceptions.UCXError: <[Send #007] ep: 0x7f3062293240, tag: 0xdffbfba93824de92, nbytes: 50000000, type: <class 'cupy.ndarray'>>: Connection reset by remote peer

During handling of the above exception, another exception occurred:

Traceback (most recent call last):
  File "/opt/conda/envs/gdf/lib/python3.10/site-packages/distributed/worker.py", line 1796, in get_data
    compressed = await comm.write(msg, serializers=serializers)
  File "/opt/conda/envs/gdf/lib/python3.10/site-packages/distributed/utils.py", line 805, in wrapper
    return await func(*args, **kwargs)
  File "/opt/conda/envs/gdf/lib/python3.10/site-packages/distributed/comm/ucx.py", line 339, in write
    raise CommClosedError("While writing, the connection was closed")
distributed.comm.core.CommClosedError: While writing, the connection was closed
2025-01-15 08:17:07,568 - distributed.worker - ERROR - Worker stream died during communication: ucx://127.0.0.1:46607
Traceback (most recent call last):
  File "/opt/conda/envs/gdf/lib/python3.10/site-packages/distributed/comm/ucx.py", line 393, in read
    await self.ep.recv(each_frame)
  File "/opt/conda/envs/gdf/lib/python3.10/site-packages/ucp/core.py", line 737, in recv
    ret = await comm.tag_recv(self._ep, buffer, nbytes, tag, name=log)
ucp._libs.exceptions.UCXError: <[Recv #007] ep: 0x7f3062293140, tag: 0x1205cd36b27a2fd3, nbytes: 50000000, type: <class 'rmm.pylibrmm.device_buffer.DeviceBuffer'>>: Connection reset by remote peer

During handling of the above exception, another exception occurred:

Traceback (most recent call last):
  File "/opt/conda/envs/gdf/lib/python3.10/site-packages/distributed/worker.py", line 2075, in gather_dep
    response = await get_data_from_worker(
  File "/opt/conda/envs/gdf/lib/python3.10/site-packages/distributed/worker.py", line 2881, in get_data_from_worker
    response = await send_recv(
  File "/opt/conda/envs/gdf/lib/python3.10/site-packages/distributed/core.py", line 1018, in send_recv
    response = await comm.read(deserializers=deserializers)
  File "/opt/conda/envs/gdf/lib/python3.10/site-packages/distributed/utils.py", line 805, in wrapper
    return await func(*args, **kwargs)
  File "/opt/conda/envs/gdf/lib/python3.10/site-packages/distributed/comm/ucx.py", line 399, in read
    raise CommClosedError(
distributed.comm.core.CommClosedError: Connection closed by writer.
Inner exception: UCXError("<[Recv #007] ep: 0x7f3062293140, tag: 0x1205cd36b27a2fd3, nbytes: 50000000, type: <class 'rmm.pylibrmm.device_buffer.DeviceBuffer'>>: Connection reset by remote peer")
2025-01-15 08:17:07,819 - distributed.nanny - WARNING - Restarting worker
2025-01-15 08:17:07,822 - distributed.nanny - WARNING - Restarting worker
2025-01-15 08:17:07,854 - distributed.nanny - WARNING - Restarting worker
2025-01-15 08:17:07,889 - distributed.nanny - WARNING - Restarting worker
2025-01-15 08:17:07,923 - distributed.nanny - WARNING - Restarting worker
2025-01-15 08:17:08,021 - distributed.worker - ERROR - failed during get data with ucx://127.0.0.1:41557 -> ucx://127.0.0.1:40719
Traceback (most recent call last):
  File "/opt/conda/envs/gdf/lib/python3.10/site-packages/distributed/comm/ucx.py", line 335, in write
    await self.ep.send(each_frame)
  File "/opt/conda/envs/gdf/lib/python3.10/site-packages/ucp/core.py", line 662, in send
    return await comm.tag_send(self._ep, buffer, nbytes, tag, name=log)
ucp._libs.exceptions.UCXError: <[Send #007] ep: 0x7f3062293300, tag: 0x28ad28e6482f0852, nbytes: 50000000, type: <class 'cupy.ndarray'>>: Connection reset by remote peer

During handling of the above exception, another exception occurred:

Traceback (most recent call last):
  File "/opt/conda/envs/gdf/lib/python3.10/site-packages/distributed/worker.py", line 1796, in get_data
    compressed = await comm.write(msg, serializers=serializers)
  File "/opt/conda/envs/gdf/lib/python3.10/site-packages/distributed/utils.py", line 805, in wrapper
    return await func(*args, **kwargs)
  File "/opt/conda/envs/gdf/lib/python3.10/site-packages/distributed/comm/ucx.py", line 339, in write
    raise CommClosedError("While writing, the connection was closed")
distributed.comm.core.CommClosedError: While writing, the connection was closed
[dgx13:69137:0:69137] Caught signal 11 (Segmentation fault: address not mapped to object at address 0x450)
==== backtrace (tid:  69137) ====
 0  /opt/conda/envs/gdf/lib/libucs.so.0(ucs_handle_error+0x2fd) [0x7fed51ab3c1d]
 1  /opt/conda/envs/gdf/lib/libucs.so.0(+0x2de11) [0x7fed51ab3e11]
 2  /opt/conda/envs/gdf/lib/libucs.so.0(+0x2dfda) [0x7fed51ab3fda]
 3  /usr/lib/x86_64-linux-gnu/libpthread.so.0(+0x14420) [0x7fed9dc94420]
 4  /opt/conda/envs/gdf/lib/libucp.so.0(ucp_mem_type_unpack+0x14) [0x7fed51b372d4]
 5  /opt/conda/envs/gdf/lib/libucp.so.0(ucp_rndv_data_handler+0x605) [0x7fed51b61495]
 6  /opt/conda/envs/gdf/lib/./libuct.so.0(+0x21a06) [0x7fed51a6aa06]
 7  /opt/conda/envs/gdf/lib/./libuct.so.0(+0x24ae8) [0x7fed51a6dae8]
 8  /opt/conda/envs/gdf/lib/libucs.so.0(ucs_event_set_wait+0xb1) [0x7fed51abd411]
 9  /opt/conda/envs/gdf/lib/./libuct.so.0(uct_tcp_iface_progress+0x7d) [0x7fed51a6cbbd]
10  /opt/conda/envs/gdf/lib/libucp.so.0(ucp_worker_progress+0x5a) [0x7fed51b33f1a]
11  /opt/conda/envs/gdf/lib/python3.10/site-packages/ucp/_libs/ucx_api.cpython-310-x86_64-linux-gnu.so(+0x31dca) [0x7fed51bf3dca]
12  /opt/conda/envs/gdf/bin/python(_PyEval_EvalFrameDefault+0x2c3e) [0x55af09e566de]
13  /opt/conda/envs/gdf/bin/python(_PyFunction_Vectorcall+0x6c) [0x55af09e63b7c]
14  /opt/conda/envs/gdf/bin/python(_PyEval_EvalFrameDefault+0x6fd) [0x55af09e5419d]
15  /opt/conda/envs/gdf/bin/python(+0x147234) [0x55af09e6f234]
16  /opt/conda/envs/gdf/bin/python(+0x252f7c) [0x55af09f7af7c]
17  /opt/conda/envs/gdf/bin/python(+0xf745f) [0x55af09e1f45f]
18  /opt/conda/envs/gdf/bin/python(+0x1331b3) [0x55af09e5b1b3]
19  /opt/conda/envs/gdf/bin/python(_PyEval_EvalFrameDefault+0x593b) [0x55af09e593db]
20  /opt/conda/envs/gdf/bin/python(_PyFunction_Vectorcall+0x6c) [0x55af09e63b7c]
21  /opt/conda/envs/gdf/bin/python(_PyEval_EvalFrameDefault+0x6fd) [0x55af09e5419d]
22  /opt/conda/envs/gdf/bin/python(_PyFunction_Vectorcall+0x6c) [0x55af09e63b7c]
23  /opt/conda/envs/gdf/bin/python(_PyEval_EvalFrameDefault+0x6fd) [0x55af09e5419d]
24  /opt/conda/envs/gdf/bin/python(_PyFunction_Vectorcall+0x6c) [0x55af09e63b7c]
25  /opt/conda/envs/gdf/bin/python(_PyEval_EvalFrameDefault+0x6fd) [0x55af09e5419d]
26  /opt/conda/envs/gdf/bin/python(_PyFunction_Vectorcall+0x6c) [0x55af09e63b7c]
27  /opt/conda/envs/gdf/bin/python(_PyEval_EvalFrameDefault+0x6fd) [0x55af09e5419d]
28  /opt/conda/envs/gdf/bin/python(_PyFunction_Vectorcall+0x6c) [0x55af09e63b7c]
29  /opt/conda/envs/gdf/bin/python(_PyEval_EvalFrameDefault+0x1341) [0x55af09e54de1]
30  /opt/conda/envs/gdf/bin/python(+0x146fb2) [0x55af09e6efb2]
31  /opt/conda/envs/gdf/bin/python(PyObject_Call+0xbc) [0x55af09e6f94c]
32  /opt/conda/envs/gdf/bin/python(+0x1ff72d) [0x55af09f2772d]
33  /opt/conda/envs/gdf/bin/python(_PyObject_MakeTpCall+0x2d3) [0x55af09e5ca03]
34  /opt/conda/envs/gdf/bin/python(_PyEval_EvalFrameDefault+0x2c3e) [0x55af09e566de]
35  /opt/conda/envs/gdf/bin/python(+0x147108) [0x55af09e6f108]
36  /opt/conda/envs/gdf/bin/python(_PyEval_EvalFrameDefault+0x2c3e) [0x55af09e566de]
37  /opt/conda/envs/gdf/bin/python(_PyFunction_Vectorcall+0x6c) [0x55af09e63b7c]
38  /opt/conda/envs/gdf/bin/python(_PyEval_EvalFrameDefault+0x6fd) [0x55af09e5419d]
39  /opt/conda/envs/gdf/bin/python(_PyFunction_Vectorcall+0x6c) [0x55af09e63b7c]
40  /opt/conda/envs/gdf/bin/python(_PyEval_EvalFrameDefault+0x6fd) [0x55af09e5419d]
41  /opt/conda/envs/gdf/bin/python(_PyFunction_Vectorcall+0x6c) [0x55af09e63b7c]
42  /opt/conda/envs/gdf/bin/python(_PyEval_EvalFrameDefault+0x309) [0x55af09e53da9]
43  /opt/conda/envs/gdf/bin/python(_PyFunction_Vectorcall+0x6c) [0x55af09e63b7c]
44  /opt/conda/envs/gdf/bin/python(_PyEval_EvalFrameDefault+0x1341) [0x55af09e54de1]
45  /opt/conda/envs/gdf/bin/python(+0x1cca8c) [0x55af09ef4a8c]
46  /opt/conda/envs/gdf/bin/python(PyEval_EvalCode+0x87) [0x55af09ef49d7]
47  /opt/conda/envs/gdf/bin/python(+0x1fceba) [0x55af09f24eba]
48  /opt/conda/envs/gdf/bin/python(+0x1f8343) [0x55af09f20343]
49  /opt/conda/envs/gdf/bin/python(PyRun_StringFlags+0x7d) [0x55af09f18add]
50  /opt/conda/envs/gdf/bin/python(PyRun_SimpleStringFlags+0x3c) [0x55af09f1891c]
51  /opt/conda/envs/gdf/bin/python(Py_RunMain+0x3ba) [0x55af09f17b1a]
52  /opt/conda/envs/gdf/bin/python(Py_BytesMain+0x37) [0x55af09ee8117]
53  /usr/lib/x86_64-linux-gnu/libc.so.6(__libc_start_main+0xf3) [0x7fed9d958083]
54  /opt/conda/envs/gdf/bin/python(+0x1c002e) [0x55af09ee802e]
=================================
2025-01-15 08:17:12,257 - distributed.worker - ERROR - failed during get data with ucx://127.0.0.1:41557 -> ucx://127.0.0.1:35797
Traceback (most recent call last):
  File "/opt/conda/envs/gdf/lib/python3.10/site-packages/distributed/comm/ucx.py", line 335, in write
    await self.ep.send(each_frame)
  File "/opt/conda/envs/gdf/lib/python3.10/site-packages/ucp/core.py", line 662, in send
    return await comm.tag_send(self._ep, buffer, nbytes, tag, name=log)
ucp._libs.exceptions.UCXError: <[Send #007] ep: 0x7f3062293300, tag: 0x3b97a4d00a6ee228, nbytes: 50000000, type: <class 'cupy.ndarray'>>: Connection reset by remote peer

During handling of the above exception, another exception occurred:

Traceback (most recent call last):
  File "/opt/conda/envs/gdf/lib/python3.10/site-packages/distributed/worker.py", line 1796, in get_data
    compressed = await comm.write(msg, serializers=serializers)
  File "/opt/conda/envs/gdf/lib/python3.10/site-packages/distributed/utils.py", line 805, in wrapper
    return await func(*args, **kwargs)
  File "/opt/conda/envs/gdf/lib/python3.10/site-packages/distributed/comm/ucx.py", line 339, in write
    raise CommClosedError("While writing, the connection was closed")
distributed.comm.core.CommClosedError: While writing, the connection was closed
2025-01-15 08:17:12,257 - distributed.worker - ERROR - failed during get data with ucx://127.0.0.1:58495 -> ucx://127.0.0.1:35797
Traceback (most recent call last):
  File "/opt/conda/envs/gdf/lib/python3.10/site-packages/distributed/comm/ucx.py", line 335, in write
    await self.ep.send(each_frame)
  File "/opt/conda/envs/gdf/lib/python3.10/site-packages/ucp/core.py", line 662, in send
    return await comm.tag_send(self._ep, buffer, nbytes, tag, name=log)
ucp._libs.exceptions.UCXError: <[Send #007] ep: 0x7f2120e451c0, tag: 0x491854ccb1f14179, nbytes: 50000000, type: <class 'cupy.ndarray'>>: Connection reset by remote peer

During handling of the above exception, another exception occurred:

Traceback (most recent call last):
  File "/opt/conda/envs/gdf/lib/python3.10/site-packages/distributed/worker.py", line 1796, in get_data
    compressed = await comm.write(msg, serializers=serializers)
  File "/opt/conda/envs/gdf/lib/python3.10/site-packages/distributed/utils.py", line 805, in wrapper
    return await func(*args, **kwargs)
  File "/opt/conda/envs/gdf/lib/python3.10/site-packages/distributed/comm/ucx.py", line 339, in write
    raise CommClosedError("While writing, the connection was closed")
distributed.comm.core.CommClosedError: While writing, the connection was closed
2025-01-15 08:17:12,360 - distributed.nanny - WARNING - Restarting worker
[dgx13:69145:0:69145] Caught signal 11 (Segmentation fault: address not mapped to object at address 0x450)
==== backtrace (tid:  69145) ====
 0  /opt/conda/envs/gdf/lib/libucs.so.0(ucs_handle_error+0x2fd) [0x7fa145265c1d]
 1  /opt/conda/envs/gdf/lib/libucs.so.0(+0x2de11) [0x7fa145265e11]
 2  /opt/conda/envs/gdf/lib/libucs.so.0(+0x2dfda) [0x7fa145265fda]
 3  /usr/lib/x86_64-linux-gnu/libpthread.so.0(+0x14420) [0x7fa191549420]
 4  /opt/conda/envs/gdf/lib/libucp.so.0(ucp_mem_type_unpack+0x14) [0x7fa1452e92d4]
 5  /opt/conda/envs/gdf/lib/libucp.so.0(ucp_rndv_data_handler+0x605) [0x7fa145313495]
 6  /opt/conda/envs/gdf/lib/./libuct.so.0(+0x21a06) [0x7fa14521ca06]
 7  /opt/conda/envs/gdf/lib/./libuct.so.0(+0x24ae8) [0x7fa14521fae8]
 8  /opt/conda/envs/gdf/lib/libucs.so.0(ucs_event_set_wait+0xb1) [0x7fa14526f411]
 9  /opt/conda/envs/gdf/lib/./libuct.so.0(uct_tcp_iface_progress+0x7d) [0x7fa14521ebbd]
10  /opt/conda/envs/gdf/lib/libucp.so.0(ucp_worker_progress+0x5a) [0x7fa1452e5f1a]
11  /opt/conda/envs/gdf/lib/python3.10/site-packages/ucp/_libs/ucx_api.cpython-310-x86_64-linux-gnu.so(+0x31dca) [0x7fa1453a5dca]
12  /opt/conda/envs/gdf/bin/python(_PyEval_EvalFrameDefault+0x2c3e) [0x557bf5f746de]
13  /opt/conda/envs/gdf/bin/python(_PyFunction_Vectorcall+0x6c) [0x557bf5f81b7c]
14  /opt/conda/envs/gdf/bin/python(_PyEval_EvalFrameDefault+0x6fd) [0x557bf5f7219d]
15  /opt/conda/envs/gdf/bin/python(+0x147234) [0x557bf5f8d234]
16  /opt/conda/envs/gdf/bin/python(+0x252f7c) [0x557bf6098f7c]
17  /opt/conda/envs/gdf/bin/python(+0xf745f) [0x557bf5f3d45f]
18  /opt/conda/envs/gdf/bin/python(+0x1331b3) [0x557bf5f791b3]
19  /opt/conda/envs/gdf/bin/python(_PyEval_EvalFrameDefault+0x593b) [0x557bf5f773db]
20  /opt/conda/envs/gdf/bin/python(_PyFunction_Vectorcall+0x6c) [0x557bf5f81b7c]
21  /opt/conda/envs/gdf/bin/python(_PyEval_EvalFrameDefault+0x6fd) [0x557bf5f7219d]
22  /opt/conda/envs/gdf/bin/python(_PyFunction_Vectorcall+0x6c) [0x557bf5f81b7c]
23  /opt/conda/envs/gdf/bin/python(_PyEval_EvalFrameDefault+0x6fd) [0x557bf5f7219d]
24  /opt/conda/envs/gdf/bin/python(_PyFunction_Vectorcall+0x6c) [0x557bf5f81b7c]
25  /opt/conda/envs/gdf/bin/python(_PyEval_EvalFrameDefault+0x6fd) [0x557bf5f7219d]
26  /opt/conda/envs/gdf/bin/python(_PyFunction_Vectorcall+0x6c) [0x557bf5f81b7c]
27  /opt/conda/envs/gdf/bin/python(_PyEval_EvalFrameDefault+0x6fd) [0x557bf5f7219d]
28  /opt/conda/envs/gdf/bin/python(_PyFunction_Vectorcall+0x6c) [0x557bf5f81b7c]
29  /opt/conda/envs/gdf/bin/python(_PyEval_EvalFrameDefault+0x1341) [0x557bf5f72de1]
30  /opt/conda/envs/gdf/bin/python(+0x146fb2) [0x557bf5f8cfb2]
31  /opt/conda/envs/gdf/bin/python(PyObject_Call+0xbc) [0x557bf5f8d94c]
32  /opt/conda/envs/gdf/bin/python(+0x1ff72d) [0x557bf604572d]
33  /opt/conda/envs/gdf/bin/python(_PyObject_MakeTpCall+0x2d3) [0x557bf5f7aa03]
34  /opt/conda/envs/gdf/bin/python(_PyEval_EvalFrameDefault+0x2c3e) [0x557bf5f746de]
35  /opt/conda/envs/gdf/bin/python(+0x147108) [0x557bf5f8d108]
36  /opt/conda/envs/gdf/bin/python(_PyEval_EvalFrameDefault+0x2c3e) [0x557bf5f746de]
37  /opt/conda/envs/gdf/bin/python(_PyFunction_Vectorcall+0x6c) [0x557bf5f81b7c]
38  /opt/conda/envs/gdf/bin/python(_PyEval_EvalFrameDefault+0x6fd) [0x557bf5f7219d]
39  /opt/conda/envs/gdf/bin/python(_PyFunction_Vectorcall+0x6c) [0x557bf5f81b7c]
40  /opt/conda/envs/gdf/bin/python(_PyEval_EvalFrameDefault+0x6fd) [0x557bf5f7219d]
41  /opt/conda/envs/gdf/bin/python(_PyFunction_Vectorcall+0x6c) [0x557bf5f81b7c]
42  /opt/conda/envs/gdf/bin/python(_PyEval_EvalFrameDefault+0x309) [0x557bf5f71da9]
43  /opt/conda/envs/gdf/bin/python(_PyFunction_Vectorcall+0x6c) [0x557bf5f81b7c]
44  /opt/conda/envs/gdf/bin/python(_PyEval_EvalFrameDefault+0x1341) [0x557bf5f72de1]
45  /opt/conda/envs/gdf/bin/python(+0x1cca8c) [0x557bf6012a8c]
46  /opt/conda/envs/gdf/bin/python(PyEval_EvalCode+0x87) [0x557bf60129d7]
47  /opt/conda/envs/gdf/bin/python(+0x1fceba) [0x557bf6042eba]
48  /opt/conda/envs/gdf/bin/python(+0x1f8343) [0x557bf603e343]
49  /opt/conda/envs/gdf/bin/python(PyRun_StringFlags+0x7d) [0x557bf6036add]
50  /opt/conda/envs/gdf/bin/python(PyRun_SimpleStringFlags+0x3c) [0x557bf603691c]
51  /opt/conda/envs/gdf/bin/python(Py_RunMain+0x3ba) [0x557bf6035b1a]
52  /opt/conda/envs/gdf/bin/python(Py_BytesMain+0x37) [0x557bf6006117]
53  /usr/lib/x86_64-linux-gnu/libc.so.6(__libc_start_main+0xf3) [0x7fa19120d083]
54  /opt/conda/envs/gdf/bin/python(+0x1c002e) [0x557bf600602e]
=================================
2025-01-15 08:17:13,016 - distributed.scheduler - WARNING - Removing worker 'ucx://127.0.0.1:52695' caused the cluster to lose already computed task(s), which will be recomputed elsewhere: {('random_sample-e55532ea3ca31230f5d72fbaa7780110', 6, 6), ('random_sample-e55532ea3ca31230f5d72fbaa7780110', 6, 7), ('sum-6fb7bbe08b431eddb6e32dcf9ef59856', 6, 6)} (stimulus_id='handle-worker-cleanup-1736929033.0161479')
2025-01-15 08:17:13,016 - distributed.worker - ERROR - failed during get data with ucx://127.0.0.1:58495 -> ucx://127.0.0.1:52695
Traceback (most recent call last):
  File "/opt/conda/envs/gdf/lib/python3.10/site-packages/distributed/comm/ucx.py", line 335, in write
    await self.ep.send(each_frame)
  File "/opt/conda/envs/gdf/lib/python3.10/site-packages/ucp/core.py", line 662, in send
    return await comm.tag_send(self._ep, buffer, nbytes, tag, name=log)
ucp._libs.exceptions.UCXError: <[Send #007] ep: 0x7f2120e450c0, tag: 0xe3e764f8d2fcb9c3, nbytes: 50000000, type: <class 'cupy.ndarray'>>: Connection reset by remote peer

During handling of the above exception, another exception occurred:

Traceback (most recent call last):
  File "/opt/conda/envs/gdf/lib/python3.10/site-packages/distributed/worker.py", line 1796, in get_data
    compressed = await comm.write(msg, serializers=serializers)
  File "/opt/conda/envs/gdf/lib/python3.10/site-packages/distributed/utils.py", line 805, in wrapper
    return await func(*args, **kwargs)
  File "/opt/conda/envs/gdf/lib/python3.10/site-packages/distributed/comm/ucx.py", line 339, in write
    raise CommClosedError("While writing, the connection was closed")
distributed.comm.core.CommClosedError: While writing, the connection was closed
2025-01-15 08:17:13,056 - distributed.nanny - WARNING - Restarting worker
[dgx13:69149:0:69149] Caught signal 11 (Segmentation fault: address not mapped to object at address 0x450)
==== backtrace (tid:  69149) ====
 0  /opt/conda/envs/gdf/lib/libucs.so.0(ucs_handle_error+0x2fd) [0x7f4751764c1d]
 1  /opt/conda/envs/gdf/lib/libucs.so.0(+0x2de11) [0x7f4751764e11]
 2  /opt/conda/envs/gdf/lib/libucs.so.0(+0x2dfda) [0x7f4751764fda]
 3  /usr/lib/x86_64-linux-gnu/libpthread.so.0(+0x14420) [0x7f479da22420]
 4  /opt/conda/envs/gdf/lib/libucp.so.0(ucp_mem_type_unpack+0x14) [0x7f47517e82d4]
 5  /opt/conda/envs/gdf/lib/libucp.so.0(ucp_rndv_data_handler+0x605) [0x7f4751812495]
 6  /opt/conda/envs/gdf/lib/./libuct.so.0(+0x21a06) [0x7f475171ba06]
 7  /opt/conda/envs/gdf/lib/./libuct.so.0(+0x24ae8) [0x7f475171eae8]
 8  /opt/conda/envs/gdf/lib/libucs.so.0(ucs_event_set_wait+0xb1) [0x7f475176e411]
 9  /opt/conda/envs/gdf/lib/./libuct.so.0(uct_tcp_iface_progress+0x7d) [0x7f475171dbbd]
10  /opt/conda/envs/gdf/lib/libucp.so.0(ucp_worker_progress+0x5a) [0x7f47517e4f1a]
11  /opt/conda/envs/gdf/lib/python3.10/site-packages/ucp/_libs/ucx_api.cpython-310-x86_64-linux-gnu.so(+0x31dca) [0x7f47518a4dca]
12  /opt/conda/envs/gdf/bin/python(_PyEval_EvalFrameDefault+0x2c3e) [0x55dd19b426de]
13  /opt/conda/envs/gdf/bin/python(_PyFunction_Vectorcall+0x6c) [0x55dd19b4fb7c]
14  /opt/conda/envs/gdf/bin/python(_PyEval_EvalFrameDefault+0x6fd) [0x55dd19b4019d]
15  /opt/conda/envs/gdf/bin/python(+0x147234) [0x55dd19b5b234]
16  /opt/conda/envs/gdf/bin/python(+0x252f7c) [0x55dd19c66f7c]
17  /opt/conda/envs/gdf/bin/python(+0xf745f) [0x55dd19b0b45f]
18  /opt/conda/envs/gdf/bin/python(+0x1331b3) [0x55dd19b471b3]
19  /opt/conda/envs/gdf/bin/python(_PyEval_EvalFrameDefault+0x593b) [0x55dd19b453db]
20  /opt/conda/envs/gdf/bin/python(_PyFunction_Vectorcall+0x6c) [0x55dd19b4fb7c]
21  /opt/conda/envs/gdf/bin/python(_PyEval_EvalFrameDefault+0x6fd) [0x55dd19b4019d]
22  /opt/conda/envs/gdf/bin/python(_PyFunction_Vectorcall+0x6c) [0x55dd19b4fb7c]
23  /opt/conda/envs/gdf/bin/python(_PyEval_EvalFrameDefault+0x6fd) [0x55dd19b4019d]
24  /opt/conda/envs/gdf/bin/python(_PyFunction_Vectorcall+0x6c) [0x55dd19b4fb7c]
25  /opt/conda/envs/gdf/bin/python(_PyEval_EvalFrameDefault+0x6fd) [0x55dd19b4019d]
26  /opt/conda/envs/gdf/bin/python(_PyFunction_Vectorcall+0x6c) [0x55dd19b4fb7c]
27  /opt/conda/envs/gdf/bin/python(_PyEval_EvalFrameDefault+0x6fd) [0x55dd19b4019d]
28  /opt/conda/envs/gdf/bin/python(_PyFunction_Vectorcall+0x6c) [0x55dd19b4fb7c]
29  /opt/conda/envs/gdf/bin/python(_PyEval_EvalFrameDefault+0x1341) [0x55dd19b40de1]
30  /opt/conda/envs/gdf/bin/python(+0x146fb2) [0x55dd19b5afb2]
31  /opt/conda/envs/gdf/bin/python(PyObject_Call+0xbc) [0x55dd19b5b94c]
32  /opt/conda/envs/gdf/bin/python(+0x1ff72d) [0x55dd19c1372d]
33  /opt/conda/envs/gdf/bin/python(_PyObject_MakeTpCall+0x2d3) [0x55dd19b48a03]
34  /opt/conda/envs/gdf/bin/python(_PyEval_EvalFrameDefault+0x2c3e) [0x55dd19b426de]
35  /opt/conda/envs/gdf/bin/python(+0x147108) [0x55dd19b5b108]
36  /opt/conda/envs/gdf/bin/python(_PyEval_EvalFrameDefault+0x2c3e) [0x55dd19b426de]
37  /opt/conda/envs/gdf/bin/python(_PyFunction_Vectorcall+0x6c) [0x55dd19b4fb7c]
38  /opt/conda/envs/gdf/bin/python(_PyEval_EvalFrameDefault+0x6fd) [0x55dd19b4019d]
39  /opt/conda/envs/gdf/bin/python(_PyFunction_Vectorcall+0x6c) [0x55dd19b4fb7c]
40  /opt/conda/envs/gdf/bin/python(_PyEval_EvalFrameDefault+0x6fd) [0x55dd19b4019d]
41  /opt/conda/envs/gdf/bin/python(_PyFunction_Vectorcall+0x6c) [0x55dd19b4fb7c]
42  /opt/conda/envs/gdf/bin/python(_PyEval_EvalFrameDefault+0x309) [0x55dd19b3fda9]
43  /opt/conda/envs/gdf/bin/python(_PyFunction_Vectorcall+0x6c) [0x55dd19b4fb7c]
44  /opt/conda/envs/gdf/bin/python(_PyEval_EvalFrameDefault+0x1341) [0x55dd19b40de1]
45  /opt/conda/envs/gdf/bin/python(+0x1cca8c) [0x55dd19be0a8c]
46  /opt/conda/envs/gdf/bin/python(PyEval_EvalCode+0x87) [0x55dd19be09d7]
47  /opt/conda/envs/gdf/bin/python(+0x1fceba) [0x55dd19c10eba]
48  /opt/conda/envs/gdf/bin/python(+0x1f8343) [0x55dd19c0c343]
49  /opt/conda/envs/gdf/bin/python(PyRun_StringFlags+0x7d) [0x55dd19c04add]
50  /opt/conda/envs/gdf/bin/python(PyRun_SimpleStringFlags+0x3c) [0x55dd19c0491c]
51  /opt/conda/envs/gdf/bin/python(Py_RunMain+0x3ba) [0x55dd19c03b1a]
52  /opt/conda/envs/gdf/bin/python(Py_BytesMain+0x37) [0x55dd19bd4117]
53  /usr/lib/x86_64-linux-gnu/libc.so.6(__libc_start_main+0xf3) [0x7f479d6e6083]
54  /opt/conda/envs/gdf/bin/python(+0x1c002e) [0x55dd19bd402e]
=================================
[dgx13:69141:0:69141] Caught signal 11 (Segmentation fault: address not mapped to object at address 0x450)
[dgx13:69153:0:69153] Caught signal 11 (Segmentation fault: address not mapped to object at address 0x450)
==== backtrace (tid:  69153) ====
 0  /opt/conda/envs/gdf/lib/libucs.so.0(ucs_handle_error+0x2fd) [0x7fb9a8220c1d]
 1  /opt/conda/envs/gdf/lib/libucs.so.0(+0x2de11) [0x7fb9a8220e11]
 2  /opt/conda/envs/gdf/lib/libucs.so.0(+0x2dfda) [0x7fb9a8220fda]
 3  /usr/lib/x86_64-linux-gnu/libpthread.so.0(+0x14420) [0x7fb9f04b9420]
 4  /opt/conda/envs/gdf/lib/libucp.so.0(ucp_mem_type_unpack+0x14) [0x7fb9a82a42d4]
 5  /opt/conda/envs/gdf/lib/libucp.so.0(ucp_rndv_data_handler+0x605) [0x7fb9a82ce495]
 6  /opt/conda/envs/gdf/lib/./libuct.so.0(+0x21a06) [0x7fb9a81d7a06]
 7  /opt/conda/envs/gdf/lib/./libuct.so.0(+0x24ae8) [0x7fb9a81daae8]
 8  /opt/conda/envs/gdf/lib/libucs.so.0(ucs_event_set_wait+0xb1) [0x7fb9a822a411]
 9  /opt/conda/envs/gdf/lib/./libuct.so.0(uct_tcp_iface_progress+0x7d) [0x7fb9a81d9bbd]
10  /opt/conda/envs/gdf/lib/libucp.so.0(ucp_worker_progress+0x5a) [0x7fb9a82a0f1a]
11  /opt/conda/envs/gdf/lib/python3.10/site-packages/ucp/_libs/ucx_api.cpython-310-x86_64-linux-gnu.so(+0x31dca) [0x7fb9a8360dca]
12  /opt/conda/envs/gdf/bin/python(_PyEval_EvalFrameDefault+0x2c3e) [0x555642ac26de]
13  /opt/conda/envs/gdf/bin/python(_PyFunction_Vectorcall+0x6c) [0x555642acfb7c]
14  /opt/conda/envs/gdf/bin/python(_PyEval_EvalFrameDefault+0x6fd) [0x555642ac019d]
15  /opt/conda/envs/gdf/bin/python(+0x147234) [0x555642adb234]
16  /opt/conda/envs/gdf/bin/python(+0x252f7c) [0x555642be6f7c]
17  /opt/conda/envs/gdf/bin/python(+0xf745f) [0x555642a8b45f]
18  /opt/conda/envs/gdf/bin/python(+0x1331b3) [0x555642ac71b3]
19  /opt/conda/envs/gdf/bin/python(_PyEval_EvalFrameDefault+0x593b) [0x555642ac53db]
20  /opt/conda/envs/gdf/bin/python(_PyFunction_Vectorcall+0x6c) [0x555642acfb7c]
21  /opt/conda/envs/gdf/bin/python(_PyEval_EvalFrameDefault+0x6fd) [0x555642ac019d]
22  /opt/conda/envs/gdf/bin/python(_PyFunction_Vectorcall+0x6c) [0x555642acfb7c]
23  /opt/conda/envs/gdf/bin/python(_PyEval_EvalFrameDefault+0x6fd) [0x555642ac019d]
24  /opt/conda/envs/gdf/bin/python(_PyFunction_Vectorcall+0x6c) [0x555642acfb7c]
25  /opt/conda/envs/gdf/bin/python(_PyEval_EvalFrameDefault+0x6fd) [0x555642ac019d]
26  /opt/conda/envs/gdf/bin/python(_PyFunction_Vectorcall+0x6c) [0x555642acfb7c]
27  /opt/conda/envs/gdf/bin/python(_PyEval_EvalFrameDefault+0x6fd) [0x555642ac019d]
28  /opt/conda/envs/gdf/bin/python(_PyFunction_Vectorcall+0x6c) [0x555642acfb7c]
29  /opt/conda/envs/gdf/bin/python(_PyEval_EvalFrameDefault+0x1341) [0x555642ac0de1]
30  /opt/conda/envs/gdf/bin/python(+0x146fb2) [0x555642adafb2]
31  /opt/conda/envs/gdf/bin/python(PyObject_Call+0xbc) [0x555642adb94c]
32  /opt/conda/envs/gdf/bin/python(+0x1ff72d) [0x555642b9372d]
33  /opt/conda/envs/gdf/bin/python(_PyObject_MakeTpCall+0x2d3) [0x555642ac8a03]
34  /opt/conda/envs/gdf/bin/python(_PyEval_EvalFrameDefault+0x2c3e) [0x555642ac26de]
35  /opt/conda/envs/gdf/bin/python(+0x147108) [0x555642adb108]
36  /opt/conda/envs/gdf/bin/python(_PyEval_EvalFrameDefault+0x2c3e) [0x555642ac26de]
37  /opt/conda/envs/gdf/bin/python(_PyFunction_Vectorcall+0x6c) [0x555642acfb7c]
38  /opt/conda/envs/gdf/bin/python(_PyEval_EvalFrameDefault+0x6fd) [0x555642ac019d]
39  /opt/conda/envs/gdf/bin/python(_PyFunction_Vectorcall+0x6c) [0x555642acfb7c]
40  /opt/conda/envs/gdf/bin/python(_PyEval_EvalFrameDefault+0x6fd) [0x555642ac019d]
41  /opt/conda/envs/gdf/bin/python(_PyFunction_Vectorcall+0x6c) [0x555642acfb7c]
42  /opt/conda/envs/gdf/bin/python(_PyEval_EvalFrameDefault+0x309) [0x555642abfda9]
43  /opt/conda/envs/gdf/bin/python(_PyFunction_Vectorcall+0x6c) [0x555642acfb7c]
44  /opt/conda/envs/gdf/bin/python(_PyEval_EvalFrameDefault+0x1341) [0x555642ac0de1]
45  /opt/conda/envs/gdf/bin/python(+0x1cca8c) [0x555642b60a8c]
46  /opt/conda/envs/gdf/bin/python(PyEval_EvalCode+0x87) [0x555642b609d7]
47  /opt/conda/envs/gdf/bin/python(+0x1fceba) [0x555642b90eba]
48  /opt/conda/envs/gdf/bin/python(+0x1f8343) [0x555642b8c343]
49  /opt/conda/envs/gdf/bin/python(PyRun_StringFlags+0x7d) [0x555642b84add]
50  /opt/conda/envs/gdf/bin/python(PyRun_SimpleStringFlags+0x3c) [0x555642b8491c]
51  /opt/conda/envs/gdf/bin/python(Py_RunMain+0x3ba) [0x555642b83b1a]
52  /opt/conda/envs/gdf/bin/python(Py_BytesMain+0x37) [0x555642b54117]
53  /usr/lib/x86_64-linux-gnu/libc.so.6(__libc_start_main+0xf3) [0x7fb9f017d083]
54  /opt/conda/envs/gdf/bin/python(+0x1c002e) [0x555642b5402e]
=================================
==== backtrace (tid:  69141) ====
 0  /opt/conda/envs/gdf/lib/libucs.so.0(ucs_handle_error+0x2fd) [0x7f94d5e12c1d]
 1  /opt/conda/envs/gdf/lib/libucs.so.0(+0x2de11) [0x7f94d5e12e11]
 2  /opt/conda/envs/gdf/lib/libucs.so.0(+0x2dfda) [0x7f94d5e12fda]
 3  /usr/lib/x86_64-linux-gnu/libpthread.so.0(+0x14420) [0x7f95240c5420]
 4  /opt/conda/envs/gdf/lib/libucp.so.0(ucp_mem_type_unpack+0x14) [0x7f94d5e962d4]
 5  /opt/conda/envs/gdf/lib/libucp.so.0(ucp_rndv_data_handler+0x605) [0x7f94d5ec0495]
 6  /opt/conda/envs/gdf/lib/./libuct.so.0(+0x21a06) [0x7f94d5dc9a06]
 7  /opt/conda/envs/gdf/lib/./libuct.so.0(+0x24ae8) [0x7f94d5dccae8]
 8  /opt/conda/envs/gdf/lib/libucs.so.0(ucs_event_set_wait+0xb1) [0x7f94d5e1c411]
 9  /opt/conda/envs/gdf/lib/./libuct.so.0(uct_tcp_iface_progress+0x7d) [0x7f94d5dcbbbd]
10  /opt/conda/envs/gdf/lib/libucp.so.0(ucp_worker_progress+0x5a) [0x7f94d5e92f1a]
11  /opt/conda/envs/gdf/lib/python3.10/site-packages/ucp/_libs/ucx_api.cpython-310-x86_64-linux-gnu.so(+0x31dca) [0x7f94d5f52dca]
12  /opt/conda/envs/gdf/bin/python(_PyEval_EvalFrameDefault+0x2c3e) [0x56398fc586de]
13  /opt/conda/envs/gdf/bin/python(_PyFunction_Vectorcall+0x6c) [0x56398fc65b7c]
14  /opt/conda/envs/gdf/bin/python(_PyEval_EvalFrameDefault+0x6fd) [0x56398fc5619d]
15  /opt/conda/envs/gdf/bin/python(+0x1d62c9) [0x56398fd002c9]
16  /opt/conda/envs/gdf/lib/python3.10/lib-dynload/_asyncio.cpython-310-x86_64-linux-gnu.so(+0x7782) [0x7f95040e8782]
17  /opt/conda/envs/gdf/bin/python(_PyObject_MakeTpCall+0x2d3) [0x56398fc5ea03]
18  /opt/conda/envs/gdf/bin/python(+0xf745f) [0x56398fc2145f]
19  /opt/conda/envs/gdf/bin/python(+0x1331b3) [0x56398fc5d1b3]
20  /opt/conda/envs/gdf/bin/python(_PyEval_EvalFrameDefault+0x593b) [0x56398fc5b3db]
21  /opt/conda/envs/gdf/bin/python(_PyFunction_Vectorcall+0x6c) [0x56398fc65b7c]
22  /opt/conda/envs/gdf/bin/python(_PyEval_EvalFrameDefault+0x6fd) [0x56398fc5619d]
23  /opt/conda/envs/gdf/bin/python(_PyFunction_Vectorcall+0x6c) [0x56398fc65b7c]
24  /opt/conda/envs/gdf/bin/python(_PyEval_EvalFrameDefault+0x6fd) [0x56398fc5619d]
25  /opt/conda/envs/gdf/bin/python(_PyFunction_Vectorcall+0x6c) [0x56398fc65b7c]
26  /opt/conda/envs/gdf/bin/python(_PyEval_EvalFrameDefault+0x6fd) [0x56398fc5619d]
27  /opt/conda/envs/gdf/bin/python(_PyFunction_Vectorcall+0x6c) [0x56398fc65b7c]
28  /opt/conda/envs/gdf/bin/python(_PyEval_EvalFrameDefault+0x6fd) [0x56398fc5619d]
29  /opt/conda/envs/gdf/bin/python(_PyFunction_Vectorcall+0x6c) [0x56398fc65b7c]
30  /opt/conda/envs/gdf/bin/python(_PyEval_EvalFrameDefault+0x1341) [0x56398fc56de1]
31  /opt/conda/envs/gdf/bin/python(+0x146fb2) [0x56398fc70fb2]
32  /opt/conda/envs/gdf/bin/python(PyObject_Call+0xbc) [0x56398fc7194c]
33  /opt/conda/envs/gdf/bin/python(+0x1ff72d) [0x56398fd2972d]
34  /opt/conda/envs/gdf/bin/python(_PyObject_MakeTpCall+0x2d3) [0x56398fc5ea03]
35  /opt/conda/envs/gdf/bin/python(_PyEval_EvalFrameDefault+0x2c3e) [0x56398fc586de]
36  /opt/conda/envs/gdf/bin/python(+0x147108) [0x56398fc71108]
37  /opt/conda/envs/gdf/bin/python(_PyEval_EvalFrameDefault+0x2c3e) [0x56398fc586de]
38  /opt/conda/envs/gdf/bin/python(_PyFunction_Vectorcall+0x6c) [0x56398fc65b7c]
39  /opt/conda/envs/gdf/bin/python(_PyEval_EvalFrameDefault+0x6fd) [0x56398fc5619d]
40  /opt/conda/envs/gdf/bin/python(_PyFunction_Vectorcall+0x6c) [0x56398fc65b7c]
41  /opt/conda/envs/gdf/bin/python(_PyEval_EvalFrameDefault+0x6fd) [0x56398fc5619d]
42  /opt/conda/envs/gdf/bin/python(_PyFunction_Vectorcall+0x6c) [0x56398fc65b7c]
43  /opt/conda/envs/gdf/bin/python(_PyEval_EvalFrameDefault+0x309) [0x56398fc55da9]
44  /opt/conda/envs/gdf/bin/python(_PyFunction_Vectorcall+0x6c) [0x56398fc65b7c]
45  /opt/conda/envs/gdf/bin/python(_PyEval_EvalFrameDefault+0x1341) [0x56398fc56de1]
46  /opt/conda/envs/gdf/bin/python(+0x1cca8c) [0x56398fcf6a8c]
47  /opt/conda/envs/gdf/bin/python(PyEval_EvalCode+0x87) [0x56398fcf69d7]
48  /opt/conda/envs/gdf/bin/python(+0x1fceba) [0x56398fd26eba]
49  /opt/conda/envs/gdf/bin/python(+0x1f8343) [0x56398fd22343]
50  /opt/conda/envs/gdf/bin/python(PyRun_StringFlags+0x7d) [0x56398fd1aadd]
51  /opt/conda/envs/gdf/bin/python(PyRun_SimpleStringFlags+0x3c) [0x56398fd1a91c]
52  /opt/conda/envs/gdf/bin/python(Py_RunMain+0x3ba) [0x56398fd19b1a]
53  /opt/conda/envs/gdf/bin/python(Py_BytesMain+0x37) [0x56398fcea117]
54  /usr/lib/x86_64-linux-gnu/libc.so.6(__libc_start_main+0xf3) [0x7f9523d89083]
55  /opt/conda/envs/gdf/bin/python(+0x1c002e) [0x56398fcea02e]
=================================
Task exception was never retrieved
future: <Task finished name='Task-1606' coro=<_listener_handler_coroutine() done, defined at /opt/conda/envs/gdf/lib/python3.10/site-packages/ucp/core.py:140> exception=UCXError('<stream_recv>: Connection reset by remote peer')>
Traceback (most recent call last):
  File "/opt/conda/envs/gdf/lib/python3.10/site-packages/ucp/core.py", line 155, in _listener_handler_coroutine
    peer_info = await exchange_peer_info(
  File "/opt/conda/envs/gdf/lib/python3.10/site-packages/ucp/core.py", line 55, in exchange_peer_info
    await asyncio.wait_for(
  File "/opt/conda/envs/gdf/lib/python3.10/asyncio/tasks.py", line 445, in wait_for
    return fut.result()
ucp._libs.exceptions.UCXError: <stream_recv>: Connection reset by remote peer
2025-01-15 08:17:13,371 - distributed.scheduler - WARNING - Removing worker 'ucx://127.0.0.1:35141' caused the cluster to lose already computed task(s), which will be recomputed elsewhere: {('sum-6fb7bbe08b431eddb6e32dcf9ef59856', 5, 9), ('random_sample-e55532ea3ca31230f5d72fbaa7780110', 5, 4), ('random_sample-e55532ea3ca31230f5d72fbaa7780110', 4, 5), ('random_sample-e55532ea3ca31230f5d72fbaa7780110', 4, 6), ('random_sample-e55532ea3ca31230f5d72fbaa7780110', 6, 2), ('sum-6fb7bbe08b431eddb6e32dcf9ef59856', 9, 5), ('sum-6fb7bbe08b431eddb6e32dcf9ef59856', 4, 5), ('sum-6fb7bbe08b431eddb6e32dcf9ef59856', 5, 4), ('random_sample-e55532ea3ca31230f5d72fbaa7780110', 5, 9)} (stimulus_id='handle-worker-cleanup-1736929033.370758')
2025-01-15 08:17:13,464 - distributed.scheduler - WARNING - Removing worker 'ucx://127.0.0.1:57327' caused the cluster to lose already computed task(s), which will be recomputed elsewhere: {('sum-6fb7bbe08b431eddb6e32dcf9ef59856', 5, 6), ('random_sample-e55532ea3ca31230f5d72fbaa7780110', 6, 7), ('random_sample-e55532ea3ca31230f5d72fbaa7780110', 4, 1), ('sum-6fb7bbe08b431eddb6e32dcf9ef59856', 8, 3), ('random_sample-e55532ea3ca31230f5d72fbaa7780110', 6, 6), ('random_sample-e55532ea3ca31230f5d72fbaa7780110', 3, 6), ('sum-6fb7bbe08b431eddb6e32dcf9ef59856', 5, 5), ('random_sample-e55532ea3ca31230f5d72fbaa7780110', 4, 0), ('sum-6fb7bbe08b431eddb6e32dcf9ef59856', 7, 3), ('sum-6fb7bbe08b431eddb6e32dcf9ef59856', 6, 5), ('random_sample-e55532ea3ca31230f5d72fbaa7780110', 5, 6), ('sum-6fb7bbe08b431eddb6e32dcf9ef59856', 3, 8), ('random_sample-e55532ea3ca31230f5d72fbaa7780110', 3, 5), ('random_sample-e55532ea3ca31230f5d72fbaa7780110', 3, 8), ('random_sample-e55532ea3ca31230f5d72fbaa7780110', 5, 5), ('sum-partial-8b1060dbd60c80573e9a3fba0d951e0e', 3, 3)} (stimulus_id='handle-worker-cleanup-1736929033.4644637')
2025-01-15 08:17:13,472 - distributed.nanny - WARNING - Restarting worker
2025-01-15 08:17:13,475 - distributed.worker - ERROR - failed during get data with ucx://127.0.0.1:41067 -> ucx://127.0.0.1:55457
Traceback (most recent call last):
  File "/opt/conda/envs/gdf/lib/python3.10/site-packages/distributed/comm/ucx.py", line 351, in read
    await self.ep.recv(msg)
  File "/opt/conda/envs/gdf/lib/python3.10/site-packages/ucp/core.py", line 737, in recv
    ret = await comm.tag_recv(self._ep, buffer, nbytes, tag, name=log)
ucp._libs.exceptions.UCXCanceled: <[Recv #012] ep: 0x7fd11c1e70c0, tag: 0x7999c06dc906a789, nbytes: 16, type: <class 'numpy.ndarray'>>: 

During handling of the above exception, another exception occurred:

Traceback (most recent call last):
  File "/opt/conda/envs/gdf/lib/python3.10/site-packages/distributed/worker.py", line 1797, in get_data
    response = await comm.read(deserializers=serializers)
  File "/opt/conda/envs/gdf/lib/python3.10/site-packages/distributed/utils.py", line 805, in wrapper
    return await func(*args, **kwargs)
  File "/opt/conda/envs/gdf/lib/python3.10/site-packages/distributed/comm/ucx.py", line 369, in read
    raise CommClosedError(
distributed.comm.core.CommClosedError: Connection closed by writer.
Inner exception: UCXCanceled("<[Recv #012] ep: 0x7fd11c1e70c0, tag: 0x7999c06dc906a789, nbytes: 16, type: <class 'numpy.ndarray'>>: ")
2025-01-15 08:17:13,477 - distributed.scheduler - WARNING - Removing worker 'ucx://127.0.0.1:55457' caused the cluster to lose already computed task(s), which will be recomputed elsewhere: {('random_sample-e55532ea3ca31230f5d72fbaa7780110', 6, 3), ('random_sample-e55532ea3ca31230f5d72fbaa7780110', 5, 1), ('sum-partial-8b1060dbd60c80573e9a3fba0d951e0e', 0, 3), ('random_sample-e55532ea3ca31230f5d72fbaa7780110', 5, 3), ('random_sample-e55532ea3ca31230f5d72fbaa7780110', 4, 9), ('sum-6fb7bbe08b431eddb6e32dcf9ef59856', 0, 5), ('random_sample-e55532ea3ca31230f5d72fbaa7780110', 6, 4), ('random_sample-e55532ea3ca31230f5d72fbaa7780110', 5, 2)} (stimulus_id='handle-worker-cleanup-1736929033.477828')
2025-01-15 08:17:13,621 - distributed.nanny - WARNING - Restarting worker
2025-01-15 08:17:13,670 - distributed.nanny - WARNING - Restarting worker
[dgx13:69252:0:69252] Caught signal 11 (Segmentation fault: address not mapped to object at address 0x450)
==== backtrace (tid:  69252) ====
 0  /opt/conda/envs/gdf/lib/libucs.so.0(ucs_handle_error+0x2fd) [0x7fa0d19f9c1d]
 1  /opt/conda/envs/gdf/lib/libucs.so.0(+0x2de11) [0x7fa0d19f9e11]
 2  /opt/conda/envs/gdf/lib/libucs.so.0(+0x2dfda) [0x7fa0d19f9fda]
 3  /usr/lib/x86_64-linux-gnu/libpthread.so.0(+0x14420) [0x7fa11fbca420]
 4  /opt/conda/envs/gdf/lib/libucp.so.0(ucp_mem_type_unpack+0x14) [0x7fa0d1a7d2d4]
 5  /opt/conda/envs/gdf/lib/libucp.so.0(ucp_rndv_data_handler+0x605) [0x7fa0d1aa7495]
 6  /opt/conda/envs/gdf/lib/./libuct.so.0(+0x21a06) [0x7fa0d19b0a06]
 7  /opt/conda/envs/gdf/lib/./libuct.so.0(+0x24ae8) [0x7fa0d19b3ae8]
 8  /opt/conda/envs/gdf/lib/libucs.so.0(ucs_event_set_wait+0xb1) [0x7fa0d1a03411]
 9  /opt/conda/envs/gdf/lib/./libuct.so.0(uct_tcp_iface_progress+0x7d) [0x7fa0d19b2bbd]
10  /opt/conda/envs/gdf/lib/libucp.so.0(ucp_worker_progress+0x5a) [0x7fa0d1a79f1a]
11  /opt/conda/envs/gdf/lib/python3.10/site-packages/ucp/_libs/ucx_api.cpython-310-x86_64-linux-gnu.so(+0x31dca) [0x7fa0d1b39dca]
12  /opt/conda/envs/gdf/bin/python(_PyEval_EvalFrameDefault+0x2c3e) [0x5651c12cf6de]
13  /opt/conda/envs/gdf/bin/python(_PyFunction_Vectorcall+0x6c) [0x5651c12dcb7c]
14  /opt/conda/envs/gdf/bin/python(_PyEval_EvalFrameDefault+0x6fd) [0x5651c12cd19d]
15  /opt/conda/envs/gdf/bin/python(+0x147234) [0x5651c12e8234]
16  /opt/conda/envs/gdf/bin/python(+0x252f7c) [0x5651c13f3f7c]
17  /opt/conda/envs/gdf/bin/python(+0xf745f) [0x5651c129845f]
18  /opt/conda/envs/gdf/bin/python(+0x1331b3) [0x5651c12d41b3]
19  /opt/conda/envs/gdf/bin/python(_PyEval_EvalFrameDefault+0x593b) [0x5651c12d23db]
20  /opt/conda/envs/gdf/bin/python(_PyFunction_Vectorcall+0x6c) [0x5651c12dcb7c]
21  /opt/conda/envs/gdf/bin/python(_PyEval_EvalFrameDefault+0x6fd) [0x5651c12cd19d]
22  /opt/conda/envs/gdf/bin/python(_PyFunction_Vectorcall+0x6c) [0x5651c12dcb7c]
23  /opt/conda/envs/gdf/bin/python(_PyEval_EvalFrameDefault+0x6fd) [0x5651c12cd19d]
24  /opt/conda/envs/gdf/bin/python(_PyFunction_Vectorcall+0x6c) [0x5651c12dcb7c]
25  /opt/conda/envs/gdf/bin/python(_PyEval_EvalFrameDefault+0x6fd) [0x5651c12cd19d]
26  /opt/conda/envs/gdf/bin/python(_PyFunction_Vectorcall+0x6c) [0x5651c12dcb7c]
27  /opt/conda/envs/gdf/bin/python(_PyEval_EvalFrameDefault+0x6fd) [0x5651c12cd19d]
28  /opt/conda/envs/gdf/bin/python(_PyFunction_Vectorcall+0x6c) [0x5651c12dcb7c]
29  /opt/conda/envs/gdf/bin/python(_PyEval_EvalFrameDefault+0x1341) [0x5651c12cdde1]
30  /opt/conda/envs/gdf/bin/python(+0x146fb2) [0x5651c12e7fb2]
31  /opt/conda/envs/gdf/bin/python(PyObject_Call+0xbc) [0x5651c12e894c]
32  /opt/conda/envs/gdf/bin/python(+0x1ff72d) [0x5651c13a072d]
33  /opt/conda/envs/gdf/bin/python(_PyObject_MakeTpCall+0x2d3) [0x5651c12d5a03]
34  /opt/conda/envs/gdf/bin/python(_PyEval_EvalFrameDefault+0x2c3e) [0x5651c12cf6de]
35  /opt/conda/envs/gdf/bin/python(+0x147108) [0x5651c12e8108]
36  /opt/conda/envs/gdf/bin/python(_PyEval_EvalFrameDefault+0x2c3e) [0x5651c12cf6de]
37  /opt/conda/envs/gdf/bin/python(_PyFunction_Vectorcall+0x6c) [0x5651c12dcb7c]
38  /opt/conda/envs/gdf/bin/python(_PyEval_EvalFrameDefault+0x6fd) [0x5651c12cd19d]
39  /opt/conda/envs/gdf/bin/python(_PyFunction_Vectorcall+0x6c) [0x5651c12dcb7c]
40  /opt/conda/envs/gdf/bin/python(_PyEval_EvalFrameDefault+0x6fd) [0x5651c12cd19d]
41  /opt/conda/envs/gdf/bin/python(_PyFunction_Vectorcall+0x6c) [0x5651c12dcb7c]
42  /opt/conda/envs/gdf/bin/python(_PyEval_EvalFrameDefault+0x309) [0x5651c12ccda9]
43  /opt/conda/envs/gdf/bin/python(_PyFunction_Vectorcall+0x6c) [0x5651c12dcb7c]
44  /opt/conda/envs/gdf/bin/python(_PyEval_EvalFrameDefault+0x1341) [0x5651c12cdde1]
45  /opt/conda/envs/gdf/bin/python(+0x1cca8c) [0x5651c136da8c]
46  /opt/conda/envs/gdf/bin/python(PyEval_EvalCode+0x87) [0x5651c136d9d7]
47  /opt/conda/envs/gdf/bin/python(+0x1fceba) [0x5651c139deba]
48  /opt/conda/envs/gdf/bin/python(+0x1f8343) [0x5651c1399343]
49  /opt/conda/envs/gdf/bin/python(PyRun_StringFlags+0x7d) [0x5651c1391add]
50  /opt/conda/envs/gdf/bin/python(PyRun_SimpleStringFlags+0x3c) [0x5651c139191c]
51  /opt/conda/envs/gdf/bin/python(Py_RunMain+0x3ba) [0x5651c1390b1a]
52  /opt/conda/envs/gdf/bin/python(Py_BytesMain+0x37) [0x5651c1361117]
53  /usr/lib/x86_64-linux-gnu/libc.so.6(__libc_start_main+0xf3) [0x7fa11f88e083]
54  /opt/conda/envs/gdf/bin/python(+0x1c002e) [0x5651c136102e]
=================================
2025-01-15 08:17:16,603 - distributed.worker - ERROR - failed during get data with ucx://127.0.0.1:58495 -> ucx://127.0.0.1:52193
Traceback (most recent call last):
  File "/opt/conda/envs/gdf/lib/python3.10/site-packages/distributed/comm/ucx.py", line 335, in write
    await self.ep.send(each_frame)
  File "/opt/conda/envs/gdf/lib/python3.10/site-packages/ucp/core.py", line 662, in send
    return await comm.tag_send(self._ep, buffer, nbytes, tag, name=log)
ucp._libs.exceptions.UCXError: <[Send #007] ep: 0x7f2120e45200, tag: 0xdc68c497ffc41e5a, nbytes: 50000000, type: <class 'cupy.ndarray'>>: Connection reset by remote peer

During handling of the above exception, another exception occurred:

Traceback (most recent call last):
  File "/opt/conda/envs/gdf/lib/python3.10/site-packages/distributed/worker.py", line 1796, in get_data
    compressed = await comm.write(msg, serializers=serializers)
  File "/opt/conda/envs/gdf/lib/python3.10/site-packages/distributed/utils.py", line 805, in wrapper
    return await func(*args, **kwargs)
  File "/opt/conda/envs/gdf/lib/python3.10/site-packages/distributed/comm/ucx.py", line 339, in write
    raise CommClosedError("While writing, the connection was closed")
distributed.comm.core.CommClosedError: While writing, the connection was closed
2025-01-15 08:17:16,603 - distributed.scheduler - WARNING - Removing worker 'ucx://127.0.0.1:52193' caused the cluster to lose already computed task(s), which will be recomputed elsewhere: {('random_sample-e55532ea3ca31230f5d72fbaa7780110', 6, 6), ('random_sample-e55532ea3ca31230f5d72fbaa7780110', 6, 7), ('sum-6fb7bbe08b431eddb6e32dcf9ef59856', 6, 6)} (stimulus_id='handle-worker-cleanup-1736929036.6037433')
2025-01-15 08:17:16,604 - distributed.worker - ERROR - Worker stream died during communication: ucx://127.0.0.1:52193
Traceback (most recent call last):
  File "/opt/conda/envs/gdf/lib/python3.10/site-packages/distributed/comm/ucx.py", line 351, in read
    await self.ep.recv(msg)
  File "/opt/conda/envs/gdf/lib/python3.10/site-packages/ucp/core.py", line 737, in recv
    ret = await comm.tag_recv(self._ep, buffer, nbytes, tag, name=log)
ucp._libs.exceptions.UCXCanceled: <[Recv #003] ep: 0x7f2120e451c0, tag: 0xb8d1417ab1baed9e, nbytes: 16, type: <class 'numpy.ndarray'>>: 

During handling of the above exception, another exception occurred:

Traceback (most recent call last):
  File "/opt/conda/envs/gdf/lib/python3.10/site-packages/distributed/worker.py", line 2075, in gather_dep
    response = await get_data_from_worker(
  File "/opt/conda/envs/gdf/lib/python3.10/site-packages/distributed/worker.py", line 2881, in get_data_from_worker
    response = await send_recv(
  File "/opt/conda/envs/gdf/lib/python3.10/site-packages/distributed/core.py", line 1018, in send_recv
    response = await comm.read(deserializers=deserializers)
  File "/opt/conda/envs/gdf/lib/python3.10/site-packages/distributed/utils.py", line 805, in wrapper
    return await func(*args, **kwargs)
  File "/opt/conda/envs/gdf/lib/python3.10/site-packages/distributed/comm/ucx.py", line 369, in read
    raise CommClosedError(
distributed.comm.core.CommClosedError: Connection closed by writer.
Inner exception: UCXCanceled("<[Recv #003] ep: 0x7f2120e451c0, tag: 0xb8d1417ab1baed9e, nbytes: 16, type: <class 'numpy.ndarray'>>: ")
2025-01-15 08:17:16,649 - distributed.nanny - WARNING - Restarting worker
[dgx13:69273:0:69273] Caught signal 11 (Segmentation fault: address not mapped to object at address 0x450)
==== backtrace (tid:  69273) ====
 0  /opt/conda/envs/gdf/lib/libucs.so.0(ucs_handle_error+0x2fd) [0x7fc90dc9cc1d]
 1  /opt/conda/envs/gdf/lib/libucs.so.0(+0x2de11) [0x7fc90dc9ce11]
 2  /opt/conda/envs/gdf/lib/libucs.so.0(+0x2dfda) [0x7fc90dc9cfda]
 3  /usr/lib/x86_64-linux-gnu/libpthread.so.0(+0x14420) [0x7fc959e79420]
 4  /opt/conda/envs/gdf/lib/libucp.so.0(ucp_mem_type_unpack+0x14) [0x7fc90dd202d4]
 5  /opt/conda/envs/gdf/lib/libucp.so.0(ucp_rndv_data_handler+0x605) [0x7fc90dd4a495]
 6  /opt/conda/envs/gdf/lib/./libuct.so.0(+0x21a06) [0x7fc90dc53a06]
 7  /opt/conda/envs/gdf/lib/./libuct.so.0(+0x24ae8) [0x7fc90dc56ae8]
 8  /opt/conda/envs/gdf/lib/libucs.so.0(ucs_event_set_wait+0xb1) [0x7fc90dca6411]
 9  /opt/conda/envs/gdf/lib/./libuct.so.0(uct_tcp_iface_progress+0x7d) [0x7fc90dc55bbd]
10  /opt/conda/envs/gdf/lib/libucp.so.0(ucp_worker_progress+0x5a) [0x7fc90dd1cf1a]
11  /opt/conda/envs/gdf/lib/python3.10/site-packages/ucp/_libs/ucx_api.cpython-310-x86_64-linux-gnu.so(+0x31dca) [0x7fc90dddcdca]
12  /opt/conda/envs/gdf/bin/python(_PyEval_EvalFrameDefault+0x2c3e) [0x5568e33696de]
13  /opt/conda/envs/gdf/bin/python(_PyFunction_Vectorcall+0x6c) [0x5568e3376b7c]
14  /opt/conda/envs/gdf/bin/python(_PyEval_EvalFrameDefault+0x6fd) [0x5568e336719d]
15  /opt/conda/envs/gdf/bin/python(+0x147234) [0x5568e3382234]
16  /opt/conda/envs/gdf/bin/python(+0x252f7c) [0x5568e348df7c]
17  /opt/conda/envs/gdf/bin/python(+0xf745f) [0x5568e333245f]
18  /opt/conda/envs/gdf/bin/python(+0x1331b3) [0x5568e336e1b3]
19  /opt/conda/envs/gdf/bin/python(_PyEval_EvalFrameDefault+0x593b) [0x5568e336c3db]
20  /opt/conda/envs/gdf/bin/python(_PyFunction_Vectorcall+0x6c) [0x5568e3376b7c]
21  /opt/conda/envs/gdf/bin/python(_PyEval_EvalFrameDefault+0x6fd) [0x5568e336719d]
22  /opt/conda/envs/gdf/bin/python(_PyFunction_Vectorcall+0x6c) [0x5568e3376b7c]
23  /opt/conda/envs/gdf/bin/python(_PyEval_EvalFrameDefault+0x6fd) [0x5568e336719d]
24  /opt/conda/envs/gdf/bin/python(_PyFunction_Vectorcall+0x6c) [0x5568e3376b7c]
25  /opt/conda/envs/gdf/bin/python(_PyEval_EvalFrameDefault+0x6fd) [0x5568e336719d]
26  /opt/conda/envs/gdf/bin/python(_PyFunction_Vectorcall+0x6c) [0x5568e3376b7c]
27  /opt/conda/envs/gdf/bin/python(_PyEval_EvalFrameDefault+0x6fd) [0x5568e336719d]
28  /opt/conda/envs/gdf/bin/python(_PyFunction_Vectorcall+0x6c) [0x5568e3376b7c]
29  /opt/conda/envs/gdf/bin/python(_PyEval_EvalFrameDefault+0x1341) [0x5568e3367de1]
30  /opt/conda/envs/gdf/bin/python(+0x146fb2) [0x5568e3381fb2]
31  /opt/conda/envs/gdf/bin/python(PyObject_Call+0xbc) [0x5568e338294c]
32  /opt/conda/envs/gdf/bin/python(+0x1ff72d) [0x5568e343a72d]
33  /opt/conda/envs/gdf/bin/python(_PyObject_MakeTpCall+0x2d3) [0x5568e336fa03]
34  /opt/conda/envs/gdf/bin/python(_PyEval_EvalFrameDefault+0x2c3e) [0x5568e33696de]
35  /opt/conda/envs/gdf/bin/python(+0x147108) [0x5568e3382108]
36  /opt/conda/envs/gdf/bin/python(_PyEval_EvalFrameDefault+0x2c3e) [0x5568e33696de]
37  /opt/conda/envs/gdf/bin/python(_PyFunction_Vectorcall+0x6c) [0x5568e3376b7c]
38  /opt/conda/envs/gdf/bin/python(_PyEval_EvalFrameDefault+0x6fd) [0x5568e336719d]
39  /opt/conda/envs/gdf/bin/python(_PyFunction_Vectorcall+0x6c) [0x5568e3376b7c]
40  /opt/conda/envs/gdf/bin/python(_PyEval_EvalFrameDefault+0x6fd) [0x5568e336719d]
41  /opt/conda/envs/gdf/bin/python(_PyFunction_Vectorcall+0x6c) [0x5568e3376b7c]
42  /opt/conda/envs/gdf/bin/python(_PyEval_EvalFrameDefault+0x309) [0x5568e3366da9]
43  /opt/conda/envs/gdf/bin/python(_PyFunction_Vectorcall+0x6c) [0x5568e3376b7c]
44  /opt/conda/envs/gdf/bin/python(_PyEval_EvalFrameDefault+0x1341) [0x5568e3367de1]
45  /opt/conda/envs/gdf/bin/python(+0x1cca8c) [0x5568e3407a8c]
46  /opt/conda/envs/gdf/bin/python(PyEval_EvalCode+0x87) [0x5568e34079d7]
47  /opt/conda/envs/gdf/bin/python(+0x1fceba) [0x5568e3437eba]
48  /opt/conda/envs/gdf/bin/python(+0x1f8343) [0x5568e3433343]
49  /opt/conda/envs/gdf/bin/python(PyRun_StringFlags+0x7d) [0x5568e342badd]
50  /opt/conda/envs/gdf/bin/python(PyRun_SimpleStringFlags+0x3c) [0x5568e342b91c]
51  /opt/conda/envs/gdf/bin/python(Py_RunMain+0x3ba) [0x5568e342ab1a]
52  /opt/conda/envs/gdf/bin/python(Py_BytesMain+0x37) [0x5568e33fb117]
53  /usr/lib/x86_64-linux-gnu/libc.so.6(__libc_start_main+0xf3) [0x7fc959b3d083]
54  /opt/conda/envs/gdf/bin/python(+0x1c002e) [0x5568e33fb02e]
=================================
2025-01-15 08:17:17,514 - distributed.worker - ERROR - failed during get data with ucx://127.0.0.1:58495 -> ucx://127.0.0.1:36559
Traceback (most recent call last):
  File "/opt/conda/envs/gdf/lib/python3.10/site-packages/distributed/comm/ucx.py", line 335, in write
    await self.ep.send(each_frame)
  File "/opt/conda/envs/gdf/lib/python3.10/site-packages/ucp/core.py", line 662, in send
    return await comm.tag_send(self._ep, buffer, nbytes, tag, name=log)
ucp._libs.exceptions.UCXError: <[Send #007] ep: 0x7f2120e451c0, tag: 0x53dbd997e5f61a73, nbytes: 50000000, type: <class 'cupy.ndarray'>>: Connection reset by remote peer

During handling of the above exception, another exception occurred:

Traceback (most recent call last):
  File "/opt/conda/envs/gdf/lib/python3.10/site-packages/distributed/worker.py", line 1796, in get_data
    compressed = await comm.write(msg, serializers=serializers)
  File "/opt/conda/envs/gdf/lib/python3.10/site-packages/distributed/utils.py", line 805, in wrapper
    return await func(*args, **kwargs)
  File "/opt/conda/envs/gdf/lib/python3.10/site-packages/distributed/comm/ucx.py", line 339, in write
    raise CommClosedError("While writing, the connection was closed")
distributed.comm.core.CommClosedError: While writing, the connection was closed
2025-01-15 08:17:17,514 - distributed.scheduler - WARNING - Removing worker 'ucx://127.0.0.1:36559' caused the cluster to lose already computed task(s), which will be recomputed elsewhere: {('random_sample-e55532ea3ca31230f5d72fbaa7780110', 6, 6), ('random_sample-e55532ea3ca31230f5d72fbaa7780110', 6, 7), ('sum-6fb7bbe08b431eddb6e32dcf9ef59856', 6, 6)} (stimulus_id='handle-worker-cleanup-1736929037.5147612')
2025-01-15 08:17:17,558 - distributed.nanny - WARNING - Restarting worker
[dgx13:69289:0:69289] Caught signal 11 (Segmentation fault: address not mapped to object at address 0x450)
==== backtrace (tid:  69289) ====
 0  /opt/conda/envs/gdf/lib/libucs.so.0(ucs_handle_error+0x2fd) [0x7f0787097c1d]
 1  /opt/conda/envs/gdf/lib/libucs.so.0(+0x2de11) [0x7f0787097e11]
 2  /opt/conda/envs/gdf/lib/libucs.so.0(+0x2dfda) [0x7f0787097fda]
 3  /usr/lib/x86_64-linux-gnu/libpthread.so.0(+0x14420) [0x7f07d327a420]
 4  /opt/conda/envs/gdf/lib/libucp.so.0(ucp_mem_type_unpack+0x14) [0x7f078711b2d4]
 5  /opt/conda/envs/gdf/lib/libucp.so.0(ucp_rndv_data_handler+0x605) [0x7f0787145495]
 6  /opt/conda/envs/gdf/lib/./libuct.so.0(+0x21a06) [0x7f078704ea06]
 7  /opt/conda/envs/gdf/lib/./libuct.so.0(+0x24ae8) [0x7f0787051ae8]
 8  /opt/conda/envs/gdf/lib/libucs.so.0(ucs_event_set_wait+0xb1) [0x7f07870a1411]
 9  /opt/conda/envs/gdf/lib/./libuct.so.0(uct_tcp_iface_progress+0x7d) [0x7f0787050bbd]
10  /opt/conda/envs/gdf/lib/libucp.so.0(ucp_worker_progress+0x5a) [0x7f0787117f1a]
11  /opt/conda/envs/gdf/lib/python3.10/site-packages/ucp/_libs/ucx_api.cpython-310-x86_64-linux-gnu.so(+0x31dca) [0x7f07871d7dca]
12  /opt/conda/envs/gdf/bin/python(_PyEval_EvalFrameDefault+0x2c3e) [0x56017ac336de]
13  /opt/conda/envs/gdf/bin/python(_PyFunction_Vectorcall+0x6c) [0x56017ac40b7c]
14  /opt/conda/envs/gdf/bin/python(_PyEval_EvalFrameDefault+0x6fd) [0x56017ac3119d]
15  /opt/conda/envs/gdf/bin/python(+0x147234) [0x56017ac4c234]
16  /opt/conda/envs/gdf/bin/python(+0x252f7c) [0x56017ad57f7c]
17  /opt/conda/envs/gdf/bin/python(+0xf745f) [0x56017abfc45f]
18  /opt/conda/envs/gdf/bin/python(+0x1331b3) [0x56017ac381b3]
19  /opt/conda/envs/gdf/bin/python(_PyEval_EvalFrameDefault+0x593b) [0x56017ac363db]
20  /opt/conda/envs/gdf/bin/python(_PyFunction_Vectorcall+0x6c) [0x56017ac40b7c]
21  /opt/conda/envs/gdf/bin/python(_PyEval_EvalFrameDefault+0x6fd) [0x56017ac3119d]
22  /opt/conda/envs/gdf/bin/python(_PyFunction_Vectorcall+0x6c) [0x56017ac40b7c]
23  /opt/conda/envs/gdf/bin/python(_PyEval_EvalFrameDefault+0x6fd) [0x56017ac3119d]
24  /opt/conda/envs/gdf/bin/python(_PyFunction_Vectorcall+0x6c) [0x56017ac40b7c]
25  /opt/conda/envs/gdf/bin/python(_PyEval_EvalFrameDefault+0x6fd) [0x56017ac3119d]
26  /opt/conda/envs/gdf/bin/python(_PyFunction_Vectorcall+0x6c) [0x56017ac40b7c]
27  /opt/conda/envs/gdf/bin/python(_PyEval_EvalFrameDefault+0x6fd) [0x56017ac3119d]
28  /opt/conda/envs/gdf/bin/python(_PyFunction_Vectorcall+0x6c) [0x56017ac40b7c]
29  /opt/conda/envs/gdf/bin/python(_PyEval_EvalFrameDefault+0x1341) [0x56017ac31de1]
30  /opt/conda/envs/gdf/bin/python(+0x146fb2) [0x56017ac4bfb2]
31  /opt/conda/envs/gdf/bin/python(PyObject_Call+0xbc) [0x56017ac4c94c]
32  /opt/conda/envs/gdf/bin/python(+0x1ff72d) [0x56017ad0472d]
33  /opt/conda/envs/gdf/bin/python(_PyObject_MakeTpCall+0x2d3) [0x56017ac39a03]
34  /opt/conda/envs/gdf/bin/python(_PyEval_EvalFrameDefault+0x2c3e) [0x56017ac336de]
35  /opt/conda/envs/gdf/bin/python(+0x147108) [0x56017ac4c108]
36  /opt/conda/envs/gdf/bin/python(_PyEval_EvalFrameDefault+0x2c3e) [0x56017ac336de]
37  /opt/conda/envs/gdf/bin/python(_PyFunction_Vectorcall+0x6c) [0x56017ac40b7c]
38  /opt/conda/envs/gdf/bin/python(_PyEval_EvalFrameDefault+0x6fd) [0x56017ac3119d]
39  /opt/conda/envs/gdf/bin/python(_PyFunction_Vectorcall+0x6c) [0x56017ac40b7c]
40  /opt/conda/envs/gdf/bin/python(_PyEval_EvalFrameDefault+0x6fd) [0x56017ac3119d]
41  /opt/conda/envs/gdf/bin/python(_PyFunction_Vectorcall+0x6c) [0x56017ac40b7c]
42  /opt/conda/envs/gdf/bin/python(_PyEval_EvalFrameDefault+0x309) [0x56017ac30da9]
43  /opt/conda/envs/gdf/bin/python(_PyFunction_Vectorcall+0x6c) [0x56017ac40b7c]
44  /opt/conda/envs/gdf/bin/python(_PyEval_EvalFrameDefault+0x1341) [0x56017ac31de1]
45  /opt/conda/envs/gdf/bin/python(+0x1cca8c) [0x56017acd1a8c]
46  /opt/conda/envs/gdf/bin/python(PyEval_EvalCode+0x87) [0x56017acd19d7]
47  /opt/conda/envs/gdf/bin/python(+0x1fceba) [0x56017ad01eba]
48  /opt/conda/envs/gdf/bin/python(+0x1f8343) [0x56017acfd343]
49  /opt/conda/envs/gdf/bin/python(PyRun_StringFlags+0x7d) [0x56017acf5add]
50  /opt/conda/envs/gdf/bin/python(PyRun_SimpleStringFlags+0x3c) [0x56017acf591c]
51  /opt/conda/envs/gdf/bin/python(Py_RunMain+0x3ba) [0x56017acf4b1a]
52  /opt/conda/envs/gdf/bin/python(Py_BytesMain+0x37) [0x56017acc5117]
53  /usr/lib/x86_64-linux-gnu/libc.so.6(__libc_start_main+0xf3) [0x7f07d2f3e083]
54  /opt/conda/envs/gdf/bin/python(+0x1c002e) [0x56017acc502e]
=================================
2025-01-15 08:17:18,120 - distributed.worker - ERROR - failed during get data with ucx://127.0.0.1:41067 -> ucx://127.0.0.1:48845
Traceback (most recent call last):
  File "/opt/conda/envs/gdf/lib/python3.10/site-packages/distributed/comm/ucx.py", line 335, in write
    await self.ep.send(each_frame)
  File "/opt/conda/envs/gdf/lib/python3.10/site-packages/ucp/core.py", line 662, in send
    return await comm.tag_send(self._ep, buffer, nbytes, tag, name=log)
ucp._libs.exceptions.UCXError: <[Send #016] ep: 0x7fd11c1e70c0, tag: 0x93f9ce87d424c4c2, nbytes: 50000000, type: <class 'cupy.ndarray'>>: Connection reset by remote peer

During handling of the above exception, another exception occurred:

Traceback (most recent call last):
  File "/opt/conda/envs/gdf/lib/python3.10/site-packages/distributed/worker.py", line 1796, in get_data
    compressed = await comm.write(msg, serializers=serializers)
  File "/opt/conda/envs/gdf/lib/python3.10/site-packages/distributed/utils.py", line 805, in wrapper
    return await func(*args, **kwargs)
  File "/opt/conda/envs/gdf/lib/python3.10/site-packages/distributed/comm/ucx.py", line 339, in write
    raise CommClosedError("While writing, the connection was closed")
distributed.comm.core.CommClosedError: While writing, the connection was closed
2025-01-15 08:17:18,121 - distributed.scheduler - WARNING - Removing worker 'ucx://127.0.0.1:48845' caused the cluster to lose already computed task(s), which will be recomputed elsewhere: {('random_sample-e55532ea3ca31230f5d72fbaa7780110', 5, 2), ('sum-partial-8b1060dbd60c80573e9a3fba0d951e0e', 0, 3), ('random_sample-e55532ea3ca31230f5d72fbaa7780110', 5, 1), ('random_sample-e55532ea3ca31230f5d72fbaa7780110', 6, 6), ('random_sample-e55532ea3ca31230f5d72fbaa7780110', 5, 3), ('sum-partial-e5c5bb00089b4f1154b626e69f3cb3f7', 1, 1), ('random_sample-e55532ea3ca31230f5d72fbaa7780110', 4, 9), ('sum-partial-8b1060dbd60c80573e9a3fba0d951e0e', 3, 0), ('sum-partial-8b1060dbd60c80573e9a3fba0d951e0e', 3, 3)} (stimulus_id='handle-worker-cleanup-1736929038.1211886')
2025-01-15 08:17:18,302 - distributed.nanny - WARNING - Restarting worker
[dgx13:69284:0:69284] Caught signal 11 (Segmentation fault: address not mapped to object at address 0x450)
==== backtrace (tid:  69284) ====
 0  /opt/conda/envs/gdf/lib/libucs.so.0(ucs_handle_error+0x2fd) [0x7f5fdcd1dc1d]
 1  /opt/conda/envs/gdf/lib/libucs.so.0(+0x2de11) [0x7f5fdcd1de11]
 2  /opt/conda/envs/gdf/lib/libucs.so.0(+0x2dfda) [0x7f5fdcd1dfda]
 3  /usr/lib/x86_64-linux-gnu/libpthread.so.0(+0x14420) [0x7f6016edd420]
 4  /opt/conda/envs/gdf/lib/libucp.so.0(ucp_mem_type_unpack+0x14) [0x7f5fdcda12d4]
 5  /opt/conda/envs/gdf/lib/libucp.so.0(ucp_rndv_data_handler+0x605) [0x7f5fdcdcb495]
 6  /opt/conda/envs/gdf/lib/./libuct.so.0(+0x21a06) [0x7f5fdccd4a06]
 7  /opt/conda/envs/gdf/lib/./libuct.so.0(+0x24ae8) [0x7f5fdccd7ae8]
 8  /opt/conda/envs/gdf/lib/libucs.so.0(ucs_event_set_wait+0xb1) [0x7f5fdcd27411]
 9  /opt/conda/envs/gdf/lib/./libuct.so.0(uct_tcp_iface_progress+0x7d) [0x7f5fdccd6bbd]
10  /opt/conda/envs/gdf/lib/libucp.so.0(ucp_worker_progress+0x5a) [0x7f5fdcd9df1a]
11  /opt/conda/envs/gdf/lib/python3.10/site-packages/ucp/_libs/ucx_api.cpython-310-x86_64-linux-gnu.so(+0x31dca) [0x7f5fdce5ddca]
12  /opt/conda/envs/gdf/bin/python(_PyEval_EvalFrameDefault+0x2c3e) [0x55c5b72d36de]
13  /opt/conda/envs/gdf/bin/python(_PyFunction_Vectorcall+0x6c) [0x55c5b72e0b7c]
14  /opt/conda/envs/gdf/bin/python(_PyEval_EvalFrameDefault+0x6fd) [0x55c5b72d119d]
15  /opt/conda/envs/gdf/bin/python(+0x147234) [0x55c5b72ec234]
16  /opt/conda/envs/gdf/bin/python(+0x252f7c) [0x55c5b73f7f7c]
17  /opt/conda/envs/gdf/bin/python(+0xf745f) [0x55c5b729c45f]
18  /opt/conda/envs/gdf/bin/python(+0x1331b3) [0x55c5b72d81b3]
19  /opt/conda/envs/gdf/bin/python(_PyEval_EvalFrameDefault+0x593b) [0x55c5b72d63db]
20  /opt/conda/envs/gdf/bin/python(_PyFunction_Vectorcall+0x6c) [0x55c5b72e0b7c]
21  /opt/conda/envs/gdf/bin/python(_PyEval_EvalFrameDefault+0x6fd) [0x55c5b72d119d]
22  /opt/conda/envs/gdf/bin/python(_PyFunction_Vectorcall+0x6c) [0x55c5b72e0b7c]
23  /opt/conda/envs/gdf/bin/python(_PyEval_EvalFrameDefault+0x6fd) [0x55c5b72d119d]
24  /opt/conda/envs/gdf/bin/python(_PyFunction_Vectorcall+0x6c) [0x55c5b72e0b7c]
25  /opt/conda/envs/gdf/bin/python(_PyEval_EvalFrameDefault+0x6fd) [0x55c5b72d119d]
26  /opt/conda/envs/gdf/bin/python(_PyFunction_Vectorcall+0x6c) [0x55c5b72e0b7c]
27  /opt/conda/envs/gdf/bin/python(_PyEval_EvalFrameDefault+0x6fd) [0x55c5b72d119d]
28  /opt/conda/envs/gdf/bin/python(_PyFunction_Vectorcall+0x6c) [0x55c5b72e0b7c]
29  /opt/conda/envs/gdf/bin/python(_PyEval_EvalFrameDefault+0x1341) [0x55c5b72d1de1]
30  /opt/conda/envs/gdf/bin/python(+0x146fb2) [0x55c5b72ebfb2]
31  /opt/conda/envs/gdf/bin/python(PyObject_Call+0xbc) [0x55c5b72ec94c]
32  /opt/conda/envs/gdf/bin/python(+0x1ff72d) [0x55c5b73a472d]
33  /opt/conda/envs/gdf/bin/python(_PyObject_MakeTpCall+0x2d3) [0x55c5b72d9a03]
34  /opt/conda/envs/gdf/bin/python(_PyEval_EvalFrameDefault+0x2c3e) [0x55c5b72d36de]
35  /opt/conda/envs/gdf/bin/python(+0x147108) [0x55c5b72ec108]
36  /opt/conda/envs/gdf/bin/python(_PyEval_EvalFrameDefault+0x2c3e) [0x55c5b72d36de]
37  /opt/conda/envs/gdf/bin/python(_PyFunction_Vectorcall+0x6c) [0x55c5b72e0b7c]
38  /opt/conda/envs/gdf/bin/python(_PyEval_EvalFrameDefault+0x6fd) [0x55c5b72d119d]
39  /opt/conda/envs/gdf/bin/python(_PyFunction_Vectorcall+0x6c) [0x55c5b72e0b7c]
40  /opt/conda/envs/gdf/bin/python(_PyEval_EvalFrameDefault+0x6fd) [0x55c5b72d119d]
41  /opt/conda/envs/gdf/bin/python(_PyFunction_Vectorcall+0x6c) [0x55c5b72e0b7c]
42  /opt/conda/envs/gdf/bin/python(_PyEval_EvalFrameDefault+0x309) [0x55c5b72d0da9]
43  /opt/conda/envs/gdf/bin/python(_PyFunction_Vectorcall+0x6c) [0x55c5b72e0b7c]
44  /opt/conda/envs/gdf/bin/python(_PyEval_EvalFrameDefault+0x1341) [0x55c5b72d1de1]
45  /opt/conda/envs/gdf/bin/python(+0x1cca8c) [0x55c5b7371a8c]
46  /opt/conda/envs/gdf/bin/python(PyEval_EvalCode+0x87) [0x55c5b73719d7]
47  /opt/conda/envs/gdf/bin/python(+0x1fceba) [0x55c5b73a1eba]
48  /opt/conda/envs/gdf/bin/python(+0x1f8343) [0x55c5b739d343]
49  /opt/conda/envs/gdf/bin/python(PyRun_StringFlags+0x7d) [0x55c5b7395add]
50  /opt/conda/envs/gdf/bin/python(PyRun_SimpleStringFlags+0x3c) [0x55c5b739591c]
51  /opt/conda/envs/gdf/bin/python(Py_RunMain+0x3ba) [0x55c5b7394b1a]
52  /opt/conda/envs/gdf/bin/python(Py_BytesMain+0x37) [0x55c5b7365117]
53  /usr/lib/x86_64-linux-gnu/libc.so.6(__libc_start_main+0xf3) [0x7f6016ba1083]
54  /opt/conda/envs/gdf/bin/python(+0x1c002e) [0x55c5b736502e]
=================================
2025-01-15 08:17:18,890 - distributed.worker - ERROR - failed during get data with ucx://127.0.0.1:41557 -> ucx://127.0.0.1:46725
Traceback (most recent call last):
  File "/opt/conda/envs/gdf/lib/python3.10/site-packages/distributed/comm/ucx.py", line 335, in write
    await self.ep.send(each_frame)
  File "/opt/conda/envs/gdf/lib/python3.10/site-packages/ucp/core.py", line 662, in send
    return await comm.tag_send(self._ep, buffer, nbytes, tag, name=log)
ucp._libs.exceptions.UCXError: <[Send #026] ep: 0x7f3062293300, tag: 0x763b86580314691b, nbytes: 50000000, type: <class 'cupy.ndarray'>>: Connection reset by remote peer

During handling of the above exception, another exception occurred:

Traceback (most recent call last):
  File "/opt/conda/envs/gdf/lib/python3.10/site-packages/distributed/worker.py", line 1796, in get_data
    compressed = await comm.write(msg, serializers=serializers)
  File "/opt/conda/envs/gdf/lib/python3.10/site-packages/distributed/utils.py", line 805, in wrapper
    return await func(*args, **kwargs)
  File "/opt/conda/envs/gdf/lib/python3.10/site-packages/distributed/comm/ucx.py", line 339, in write
    raise CommClosedError("While writing, the connection was closed")
distributed.comm.core.CommClosedError: While writing, the connection was closed
2025-01-15 08:17:18,953 - distributed.scheduler - WARNING - Removing worker 'ucx://127.0.0.1:46725' caused the cluster to lose already computed task(s), which will be recomputed elsewhere: {('random_sample-e55532ea3ca31230f5d72fbaa7780110', 2, 4), ('random_sample-e55532ea3ca31230f5d72fbaa7780110', 3, 5), ('random_sample-e55532ea3ca31230f5d72fbaa7780110', 1, 5), ('sum-partial-8b1060dbd60c80573e9a3fba0d951e0e', 3, 0), ('random_sample-e55532ea3ca31230f5d72fbaa7780110', 5, 5), ('sum-partial-8b1060dbd60c80573e9a3fba0d951e0e', 2, 4), ('random_sample-e55532ea3ca31230f5d72fbaa7780110', 2, 9), ('random_sample-e55532ea3ca31230f5d72fbaa7780110', 4, 9), ('sum-6fb7bbe08b431eddb6e32dcf9ef59856', 2, 5), ('sum-partial-8b1060dbd60c80573e9a3fba0d951e0e', 4, 1), ('random_sample-e55532ea3ca31230f5d72fbaa7780110', 6, 3), ('random_sample-e55532ea3ca31230f5d72fbaa7780110', 5, 1), ('sum-partial-8b1060dbd60c80573e9a3fba0d951e0e', 0, 3), ('random_sample-e55532ea3ca31230f5d72fbaa7780110', 6, 6), ('sum-partial-187e9cc986034cced8a57375972c103e', 1, 1), ('sum-6fb7bbe08b431eddb6e32dcf9ef59856', 5, 3), ('random_sample-e55532ea3ca31230f5d72fbaa7780110', 3, 6), ('random_sample-e55532ea3ca31230f5d72fbaa7780110', 5, 3), ('sum-partial-e5c5bb00089b4f1154b626e69f3cb3f7', 1, 1), ('random_sample-e55532ea3ca31230f5d72fbaa7780110', 5, 6), ('sum-6fb7bbe08b431eddb6e32dcf9ef59856', 3, 5)} (stimulus_id='handle-worker-cleanup-1736929038.9529507')
2025-01-15 08:17:19,060 - distributed.nanny - WARNING - Restarting worker
/opt/conda/envs/gdf/lib/python3.10/multiprocessing/resource_tracker.py:224: UserWarning: resource_tracker: There appear to be 42 leaked semaphore objects to clean up at shutdown
  warnings.warn('resource_tracker: There appear to be %d '
