[dgx13:86862:0:86862] Caught signal 11 (Segmentation fault: address not mapped to object at address 0x450)
==== backtrace (tid:  86862) ====
 0  /opt/conda/envs/gdf/lib/libucs.so.0(ucs_handle_error+0x305) [0x7fb646e96025]
 1  /opt/conda/envs/gdf/lib/libucs.so.0(+0x2f221) [0x7fb646e96221]
 2  /opt/conda/envs/gdf/lib/libucs.so.0(+0x2f3ea) [0x7fb646e963ea]
 3  /usr/lib/x86_64-linux-gnu/libpthread.so.0(+0x14420) [0x7fb69702a420]
 4  /opt/conda/envs/gdf/lib/libucp.so.0(ucp_mem_type_unpack+0x17) [0x7fb646f1b197]
 5  /opt/conda/envs/gdf/lib/libucp.so.0(ucp_rndv_data_handler+0x5f5) [0x7fb646f469e5]
 6  /opt/conda/envs/gdf/lib/./libuct.so.0(+0x21dd6) [0x7fb646e4add6]
 7  /opt/conda/envs/gdf/lib/./libuct.so.0(+0x24f48) [0x7fb646e4df48]
 8  /opt/conda/envs/gdf/lib/libucs.so.0(ucs_event_set_wait+0xb1) [0x7fb646e9f851]
 9  /opt/conda/envs/gdf/lib/./libuct.so.0(uct_tcp_iface_progress+0x7c) [0x7fb646e4cfbc]
10  /opt/conda/envs/gdf/lib/libucp.so.0(ucp_worker_progress+0x5a) [0x7fb646f17d5a]
11  /opt/conda/envs/gdf/lib/python3.10/site-packages/ucp/_libs/ucx_api.cpython-310-x86_64-linux-gnu.so(+0x31dca) [0x7fb646fdbdca]
12  /opt/conda/envs/gdf/bin/python(_PyEval_EvalFrameDefault+0x2c3e) [0x562fa0d4c6de]
13  /opt/conda/envs/gdf/bin/python(_PyFunction_Vectorcall+0x6c) [0x562fa0d59b7c]
14  /opt/conda/envs/gdf/bin/python(_PyEval_EvalFrameDefault+0x6fd) [0x562fa0d4a19d]
15  /opt/conda/envs/gdf/bin/python(+0x147234) [0x562fa0d65234]
16  /opt/conda/envs/gdf/bin/python(+0x252f7c) [0x562fa0e70f7c]
17  /opt/conda/envs/gdf/bin/python(+0xf745f) [0x562fa0d1545f]
18  /opt/conda/envs/gdf/bin/python(+0x1331b3) [0x562fa0d511b3]
19  /opt/conda/envs/gdf/bin/python(_PyEval_EvalFrameDefault+0x593b) [0x562fa0d4f3db]
20  /opt/conda/envs/gdf/bin/python(_PyFunction_Vectorcall+0x6c) [0x562fa0d59b7c]
21  /opt/conda/envs/gdf/bin/python(_PyEval_EvalFrameDefault+0x6fd) [0x562fa0d4a19d]
22  /opt/conda/envs/gdf/bin/python(_PyFunction_Vectorcall+0x6c) [0x562fa0d59b7c]
23  /opt/conda/envs/gdf/bin/python(_PyEval_EvalFrameDefault+0x6fd) [0x562fa0d4a19d]
24  /opt/conda/envs/gdf/bin/python(_PyFunction_Vectorcall+0x6c) [0x562fa0d59b7c]
25  /opt/conda/envs/gdf/bin/python(_PyEval_EvalFrameDefault+0x6fd) [0x562fa0d4a19d]
26  /opt/conda/envs/gdf/bin/python(_PyFunction_Vectorcall+0x6c) [0x562fa0d59b7c]
27  /opt/conda/envs/gdf/bin/python(_PyEval_EvalFrameDefault+0x6fd) [0x562fa0d4a19d]
28  /opt/conda/envs/gdf/bin/python(_PyFunction_Vectorcall+0x6c) [0x562fa0d59b7c]
29  /opt/conda/envs/gdf/bin/python(_PyEval_EvalFrameDefault+0x1341) [0x562fa0d4ade1]
30  /opt/conda/envs/gdf/bin/python(+0x146fb2) [0x562fa0d64fb2]
31  /opt/conda/envs/gdf/bin/python(PyObject_Call+0xbc) [0x562fa0d6594c]
32  /opt/conda/envs/gdf/bin/python(+0x1ff72d) [0x562fa0e1d72d]
33  /opt/conda/envs/gdf/bin/python(_PyObject_MakeTpCall+0x2d3) [0x562fa0d52a03]
34  /opt/conda/envs/gdf/bin/python(_PyEval_EvalFrameDefault+0x2c3e) [0x562fa0d4c6de]
35  /opt/conda/envs/gdf/bin/python(+0x147108) [0x562fa0d65108]
36  /opt/conda/envs/gdf/bin/python(_PyEval_EvalFrameDefault+0x2c3e) [0x562fa0d4c6de]
37  /opt/conda/envs/gdf/bin/python(_PyFunction_Vectorcall+0x6c) [0x562fa0d59b7c]
38  /opt/conda/envs/gdf/bin/python(_PyEval_EvalFrameDefault+0x6fd) [0x562fa0d4a19d]
39  /opt/conda/envs/gdf/bin/python(_PyFunction_Vectorcall+0x6c) [0x562fa0d59b7c]
40  /opt/conda/envs/gdf/bin/python(_PyEval_EvalFrameDefault+0x6fd) [0x562fa0d4a19d]
41  /opt/conda/envs/gdf/bin/python(_PyFunction_Vectorcall+0x6c) [0x562fa0d59b7c]
42  /opt/conda/envs/gdf/bin/python(_PyEval_EvalFrameDefault+0x309) [0x562fa0d49da9]
43  /opt/conda/envs/gdf/bin/python(_PyFunction_Vectorcall+0x6c) [0x562fa0d59b7c]
44  /opt/conda/envs/gdf/bin/python(_PyEval_EvalFrameDefault+0x1341) [0x562fa0d4ade1]
45  /opt/conda/envs/gdf/bin/python(+0x1cca8c) [0x562fa0deaa8c]
46  /opt/conda/envs/gdf/bin/python(PyEval_EvalCode+0x87) [0x562fa0dea9d7]
47  /opt/conda/envs/gdf/bin/python(+0x1fceba) [0x562fa0e1aeba]
48  /opt/conda/envs/gdf/bin/python(+0x1f8343) [0x562fa0e16343]
49  /opt/conda/envs/gdf/bin/python(PyRun_StringFlags+0x7d) [0x562fa0e0eadd]
50  /opt/conda/envs/gdf/bin/python(PyRun_SimpleStringFlags+0x3c) [0x562fa0e0e91c]
51  /opt/conda/envs/gdf/bin/python(Py_RunMain+0x3ba) [0x562fa0e0db1a]
52  /opt/conda/envs/gdf/bin/python(Py_BytesMain+0x37) [0x562fa0dde117]
53  /usr/lib/x86_64-linux-gnu/libc.so.6(__libc_start_main+0xf3) [0x7fb696cee083]
54  /opt/conda/envs/gdf/bin/python(+0x1c002e) [0x562fa0dde02e]
=================================
[dgx13:86853:0:86853] Caught signal 11 (Segmentation fault: address not mapped to object at address 0x450)
==== backtrace (tid:  86853) ====
 0  /opt/conda/envs/gdf/lib/libucs.so.0(ucs_handle_error+0x305) [0x7f6965460025]
 1  /opt/conda/envs/gdf/lib/libucs.so.0(+0x2f221) [0x7f6965460221]
 2  /opt/conda/envs/gdf/lib/libucs.so.0(+0x2f3ea) [0x7f69654603ea]
 3  /usr/lib/x86_64-linux-gnu/libpthread.so.0(+0x14420) [0x7f69b5620420]
 4  /opt/conda/envs/gdf/lib/libucp.so.0(ucp_mem_type_unpack+0x17) [0x7f69654e5197]
 5  /opt/conda/envs/gdf/lib/libucp.so.0(ucp_rndv_data_handler+0x5f5) [0x7f69655109e5]
 6  /opt/conda/envs/gdf/lib/./libuct.so.0(+0x21dd6) [0x7f6965414dd6]
 7  /opt/conda/envs/gdf/lib/./libuct.so.0(+0x24f48) [0x7f6965417f48]
 8  /opt/conda/envs/gdf/lib/libucs.so.0(ucs_event_set_wait+0xb1) [0x7f6965469851]
 9  /opt/conda/envs/gdf/lib/./libuct.so.0(uct_tcp_iface_progress+0x7c) [0x7f6965416fbc]
10  /opt/conda/envs/gdf/lib/libucp.so.0(ucp_worker_progress+0x5a) [0x7f69654e1d5a]
11  /opt/conda/envs/gdf/lib/python3.10/site-packages/ucp/_libs/ucx_api.cpython-310-x86_64-linux-gnu.so(+0x31dca) [0x7f69655a5dca]
12  /opt/conda/envs/gdf/bin/python(_PyEval_EvalFrameDefault+0x2c3e) [0x55c6d6fcc6de]
13  /opt/conda/envs/gdf/bin/python(_PyFunction_Vectorcall+0x6c) [0x55c6d6fd9b7c]
14  /opt/conda/envs/gdf/bin/python(_PyEval_EvalFrameDefault+0x6fd) [0x55c6d6fca19d]
15  /opt/conda/envs/gdf/bin/python(+0x1d62c9) [0x55c6d70742c9]
16  /opt/conda/envs/gdf/lib/python3.10/lib-dynload/_asyncio.cpython-310-x86_64-linux-gnu.so(+0x7782) [0x7f6994e5a782]
17  /opt/conda/envs/gdf/bin/python(_PyObject_MakeTpCall+0x2d3) [0x55c6d6fd2a03]
18  /opt/conda/envs/gdf/bin/python(+0xf745f) [0x55c6d6f9545f]
19  /opt/conda/envs/gdf/bin/python(+0x1331b3) [0x55c6d6fd11b3]
20  /opt/conda/envs/gdf/bin/python(_PyEval_EvalFrameDefault+0x593b) [0x55c6d6fcf3db]
21  /opt/conda/envs/gdf/bin/python(_PyFunction_Vectorcall+0x6c) [0x55c6d6fd9b7c]
22  /opt/conda/envs/gdf/bin/python(_PyEval_EvalFrameDefault+0x6fd) [0x55c6d6fca19d]
23  /opt/conda/envs/gdf/bin/python(_PyFunction_Vectorcall+0x6c) [0x55c6d6fd9b7c]
24  /opt/conda/envs/gdf/bin/python(_PyEval_EvalFrameDefault+0x6fd) [0x55c6d6fca19d]
25  /opt/conda/envs/gdf/bin/python(_PyFunction_Vectorcall+0x6c) [0x55c6d6fd9b7c]
26  /opt/conda/envs/gdf/bin/python(_PyEval_EvalFrameDefault+0x6fd) [0x55c6d6fca19d]
27  /opt/conda/envs/gdf/bin/python(_PyFunction_Vectorcall+0x6c) [0x55c6d6fd9b7c]
28  /opt/conda/envs/gdf/bin/python(_PyEval_EvalFrameDefault+0x6fd) [0x55c6d6fca19d]
29  /opt/conda/envs/gdf/bin/python(_PyFunction_Vectorcall+0x6c) [0x55c6d6fd9b7c]
30  /opt/conda/envs/gdf/bin/python(_PyEval_EvalFrameDefault+0x1341) [0x55c6d6fcade1]
31  /opt/conda/envs/gdf/bin/python(+0x146fb2) [0x55c6d6fe4fb2]
32  /opt/conda/envs/gdf/bin/python(PyObject_Call+0xbc) [0x55c6d6fe594c]
33  /opt/conda/envs/gdf/bin/python(+0x1ff72d) [0x55c6d709d72d]
34  /opt/conda/envs/gdf/bin/python(_PyObject_MakeTpCall+0x2d3) [0x55c6d6fd2a03]
35  /opt/conda/envs/gdf/bin/python(_PyEval_EvalFrameDefault+0x2c3e) [0x55c6d6fcc6de]
36  /opt/conda/envs/gdf/bin/python(+0x147108) [0x55c6d6fe5108]
37  /opt/conda/envs/gdf/bin/python(_PyEval_EvalFrameDefault+0x2c3e) [0x55c6d6fcc6de]
38  /opt/conda/envs/gdf/bin/python(_PyFunction_Vectorcall+0x6c) [0x55c6d6fd9b7c]
39  /opt/conda/envs/gdf/bin/python(_PyEval_EvalFrameDefault+0x6fd) [0x55c6d6fca19d]
40  /opt/conda/envs/gdf/bin/python(_PyFunction_Vectorcall+0x6c) [0x55c6d6fd9b7c]
41  /opt/conda/envs/gdf/bin/python(_PyEval_EvalFrameDefault+0x6fd) [0x55c6d6fca19d]
42  /opt/conda/envs/gdf/bin/python(_PyFunction_Vectorcall+0x6c) [0x55c6d6fd9b7c]
43  /opt/conda/envs/gdf/bin/python(_PyEval_EvalFrameDefault+0x309) [0x55c6d6fc9da9]
44  /opt/conda/envs/gdf/bin/python(_PyFunction_Vectorcall+0x6c) [0x55c6d6fd9b7c]
45  /opt/conda/envs/gdf/bin/python(_PyEval_EvalFrameDefault+0x1341) [0x55c6d6fcade1]
46  /opt/conda/envs/gdf/bin/python(+0x1cca8c) [0x55c6d706aa8c]
47  /opt/conda/envs/gdf/bin/python(PyEval_EvalCode+0x87) [0x55c6d706a9d7]
48  /opt/conda/envs/gdf/bin/python(+0x1fceba) [0x55c6d709aeba]
49  /opt/conda/envs/gdf/bin/python(+0x1f8343) [0x55c6d7096343]
50  /opt/conda/envs/gdf/bin/python(PyRun_StringFlags+0x7d) [0x55c6d708eadd]
51  /opt/conda/envs/gdf/bin/python(PyRun_SimpleStringFlags+0x3c) [0x55c6d708e91c]
52  /opt/conda/envs/gdf/bin/python(Py_RunMain+0x3ba) [0x55c6d708db1a]
53  /opt/conda/envs/gdf/bin/python(Py_BytesMain+0x37) [0x55c6d705e117]
54  /usr/lib/x86_64-linux-gnu/libc.so.6(__libc_start_main+0xf3) [0x7f69b52e4083]
55  /opt/conda/envs/gdf/bin/python(+0x1c002e) [0x55c6d705e02e]
=================================
[dgx13:86870:0:86870] Caught signal 11 (Segmentation fault: address not mapped to object at address 0x450)
==== backtrace (tid:  86870) ====
 0  /opt/conda/envs/gdf/lib/libucs.so.0(ucs_handle_error+0x305) [0x7f2dc7753025]
 1  /opt/conda/envs/gdf/lib/libucs.so.0(+0x2f221) [0x7f2dc7753221]
 2  /opt/conda/envs/gdf/lib/libucs.so.0(+0x2f3ea) [0x7f2dc77533ea]
 3  /usr/lib/x86_64-linux-gnu/libpthread.so.0(+0x14420) [0x7f2e2b9dc420]
 4  /opt/conda/envs/gdf/lib/libucp.so.0(ucp_mem_type_unpack+0x17) [0x7f2dc77d8197]
 5  /opt/conda/envs/gdf/lib/libucp.so.0(ucp_rndv_data_handler+0x5f5) [0x7f2dc78039e5]
 6  /opt/conda/envs/gdf/lib/./libuct.so.0(+0x21dd6) [0x7f2dc7707dd6]
 7  /opt/conda/envs/gdf/lib/./libuct.so.0(+0x24f48) [0x7f2dc770af48]
 8  /opt/conda/envs/gdf/lib/libucs.so.0(ucs_event_set_wait+0xb1) [0x7f2dc775c851]
 9  /opt/conda/envs/gdf/lib/./libuct.so.0(uct_tcp_iface_progress+0x7c) [0x7f2dc7709fbc]
10  /opt/conda/envs/gdf/lib/libucp.so.0(ucp_worker_progress+0x5a) [0x7f2dc77d4d5a]
11  /opt/conda/envs/gdf/lib/python3.10/site-packages/ucp/_libs/ucx_api.cpython-310-x86_64-linux-gnu.so(+0x31dca) [0x7f2dc7898dca]
12  /opt/conda/envs/gdf/bin/python(_PyEval_EvalFrameDefault+0x2c3e) [0x55b2c67b26de]
13  /opt/conda/envs/gdf/bin/python(_PyFunction_Vectorcall+0x6c) [0x55b2c67bfb7c]
14  /opt/conda/envs/gdf/bin/python(_PyEval_EvalFrameDefault+0x6fd) [0x55b2c67b019d]
15  /opt/conda/envs/gdf/bin/python(+0x1d62c9) [0x55b2c685a2c9]
16  /opt/conda/envs/gdf/lib/python3.10/lib-dynload/_asyncio.cpython-310-x86_64-linux-gnu.so(+0x7782) [0x7f2e14094782]
17  /opt/conda/envs/gdf/bin/python(_PyObject_MakeTpCall+0x2d3) [0x55b2c67b8a03]
18  /opt/conda/envs/gdf/bin/python(+0xf745f) [0x55b2c677b45f]
19  /opt/conda/envs/gdf/bin/python(+0x1331b3) [0x55b2c67b71b3]
20  /opt/conda/envs/gdf/bin/python(_PyEval_EvalFrameDefault+0x593b) [0x55b2c67b53db]
21  /opt/conda/envs/gdf/bin/python(_PyFunction_Vectorcall+0x6c) [0x55b2c67bfb7c]
22  /opt/conda/envs/gdf/bin/python(_PyEval_EvalFrameDefault+0x6fd) [0x55b2c67b019d]
23  /opt/conda/envs/gdf/bin/python(_PyFunction_Vectorcall+0x6c) [0x55b2c67bfb7c]
24  /opt/conda/envs/gdf/bin/python(_PyEval_EvalFrameDefault+0x6fd) [0x55b2c67b019d]
25  /opt/conda/envs/gdf/bin/python(_PyFunction_Vectorcall+0x6c) [0x55b2c67bfb7c]
26  /opt/conda/envs/gdf/bin/python(_PyEval_EvalFrameDefault+0x6fd) [0x55b2c67b019d]
27  /opt/conda/envs/gdf/bin/python(_PyFunction_Vectorcall+0x6c) [0x55b2c67bfb7c]
28  /opt/conda/envs/gdf/bin/python(_PyEval_EvalFrameDefault+0x6fd) [0x55b2c67b019d]
29  /opt/conda/envs/gdf/bin/python(_PyFunction_Vectorcall+0x6c) [0x55b2c67bfb7c]
30  /opt/conda/envs/gdf/bin/python(_PyEval_EvalFrameDefault+0x1341) [0x55b2c67b0de1]
31  /opt/conda/envs/gdf/bin/python(+0x146fb2) [0x55b2c67cafb2]
32  /opt/conda/envs/gdf/bin/python(PyObject_Call+0xbc) [0x55b2c67cb94c]
33  /opt/conda/envs/gdf/bin/python(+0x1ff72d) [0x55b2c688372d]
34  /opt/conda/envs/gdf/bin/python(_PyObject_MakeTpCall+0x2d3) [0x55b2c67b8a03]
35  /opt/conda/envs/gdf/bin/python(_PyEval_EvalFrameDefault+0x2c3e) [0x55b2c67b26de]
36  /opt/conda/envs/gdf/bin/python(+0x147108) [0x55b2c67cb108]
37  /opt/conda/envs/gdf/bin/python(_PyEval_EvalFrameDefault+0x2c3e) [0x55b2c67b26de]
38  /opt/conda/envs/gdf/bin/python(_PyFunction_Vectorcall+0x6c) [0x55b2c67bfb7c]
39  /opt/conda/envs/gdf/bin/python(_PyEval_EvalFrameDefault+0x6fd) [0x55b2c67b019d]
40  /opt/conda/envs/gdf/bin/python(_PyFunction_Vectorcall+0x6c) [0x55b2c67bfb7c]
41  /opt/conda/envs/gdf/bin/python(_PyEval_EvalFrameDefault+0x6fd) [0x55b2c67b019d]
42  /opt/conda/envs/gdf/bin/python(_PyFunction_Vectorcall+0x6c) [0x55b2c67bfb7c]
43  /opt/conda/envs/gdf/bin/python(_PyEval_EvalFrameDefault+0x309) [0x55b2c67afda9]
44  /opt/conda/envs/gdf/bin/python(_PyFunction_Vectorcall+0x6c) [0x55b2c67bfb7c]
45  /opt/conda/envs/gdf/bin/python(_PyEval_EvalFrameDefault+0x1341) [0x55b2c67b0de1]
46  /opt/conda/envs/gdf/bin/python(+0x1cca8c) [0x55b2c6850a8c]
47  /opt/conda/envs/gdf/bin/python(PyEval_EvalCode+0x87) [0x55b2c68509d7]
48  /opt/conda/envs/gdf/bin/python(+0x1fceba) [0x55b2c6880eba]
49  /opt/conda/envs/gdf/bin/python(+0x1f8343) [0x55b2c687c343]
50  /opt/conda/envs/gdf/bin/python(PyRun_StringFlags+0x7d) [0x55b2c6874add]
51  /opt/conda/envs/gdf/bin/python(PyRun_SimpleStringFlags+0x3c) [0x55b2c687491c]
52  /opt/conda/envs/gdf/bin/python(Py_RunMain+0x3ba) [0x55b2c6873b1a]
53  /opt/conda/envs/gdf/bin/python(Py_BytesMain+0x37) [0x55b2c6844117]
54  /usr/lib/x86_64-linux-gnu/libc.so.6(__libc_start_main+0xf3) [0x7f2e2b6a0083]
55  /opt/conda/envs/gdf/bin/python(+0x1c002e) [0x55b2c684402e]
=================================
[dgx13:86881:0:86881] Caught signal 11 (Segmentation fault: address not mapped to object at address 0x450)
[dgx13:86866:0:86866] Caught signal 11 (Segmentation fault: address not mapped to object at address 0x450)
==== backtrace (tid:  86881) ====
 0  /opt/conda/envs/gdf/lib/libucs.so.0(ucs_handle_error+0x305) [0x7f0dd003a025]
 1  /opt/conda/envs/gdf/lib/libucs.so.0(+0x2f221) [0x7f0dd003a221]
 2  /opt/conda/envs/gdf/lib/libucs.so.0(+0x2f3ea) [0x7f0dd003a3ea]
 3  /usr/lib/x86_64-linux-gnu/libpthread.so.0(+0x14420) [0x7f0e1c0d1420]
 4  /opt/conda/envs/gdf/lib/libucp.so.0(ucp_mem_type_unpack+0x17) [0x7f0da3f71197]
 5  /opt/conda/envs/gdf/lib/libucp.so.0(ucp_rndv_data_handler+0x5f5) [0x7f0da3f9c9e5]
 6  /opt/conda/envs/gdf/lib/./libuct.so.0(+0x21dd6) [0x7f0da3f05dd6]
 7  /opt/conda/envs/gdf/lib/./libuct.so.0(+0x24f48) [0x7f0da3f08f48]
 8  /opt/conda/envs/gdf/lib/libucs.so.0(ucs_event_set_wait+0xb1) [0x7f0dd0043851]
 9  /opt/conda/envs/gdf/lib/./libuct.so.0(uct_tcp_iface_progress+0x7c) [0x7f0da3f07fbc]
10  /opt/conda/envs/gdf/lib/libucp.so.0(ucp_worker_progress+0x5a) [0x7f0da3f6dd5a]
11  /opt/conda/envs/gdf/lib/python3.10/site-packages/ucp/_libs/ucx_api.cpython-310-x86_64-linux-gnu.so(+0x31dca) [0x7f0dd00a1dca]
12  /opt/conda/envs/gdf/bin/python(_PyEval_EvalFrameDefault+0x2c3e) [0x5577826bc6de]
13  /opt/conda/envs/gdf/bin/python(_PyFunction_Vectorcall+0x6c) [0x5577826c9b7c]
14  /opt/conda/envs/gdf/bin/python(_PyEval_EvalFrameDefault+0x6fd) [0x5577826ba19d]
15  /opt/conda/envs/gdf/bin/python(+0x1d62c9) [0x5577827642c9]
16  /opt/conda/envs/gdf/lib/python3.10/lib-dynload/_asyncio.cpython-310-x86_64-linux-gnu.so(+0x7782) [0x7f0dfb908782]
17  /opt/conda/envs/gdf/bin/python(_PyObject_MakeTpCall+0x2d3) [0x5577826c2a03]
18  /opt/conda/envs/gdf/bin/python(+0xf745f) [0x55778268545f]
19  /opt/conda/envs/gdf/bin/python(+0x1331b3) [0x5577826c11b3]
20  /opt/conda/envs/gdf/bin/python(_PyEval_EvalFrameDefault+0x593b) [0x5577826bf3db]
21  /opt/conda/envs/gdf/bin/python(_PyFunction_Vectorcall+0x6c) [0x5577826c9b7c]
22  /opt/conda/envs/gdf/bin/python(_PyEval_EvalFrameDefault+0x6fd) [0x5577826ba19d]
23  /opt/conda/envs/gdf/bin/python(_PyFunction_Vectorcall+0x6c) [0x5577826c9b7c]
24  /opt/conda/envs/gdf/bin/python(_PyEval_EvalFrameDefault+0x6fd) [0x5577826ba19d]
25  /opt/conda/envs/gdf/bin/python(_PyFunction_Vectorcall+0x6c) [0x5577826c9b7c]
26  /opt/conda/envs/gdf/bin/python(_PyEval_EvalFrameDefault+0x6fd) [0x5577826ba19d]
27  /opt/conda/envs/gdf/bin/python(_PyFunction_Vectorcall+0x6c) [0x5577826c9b7c]
28  /opt/conda/envs/gdf/bin/python(_PyEval_EvalFrameDefault+0x6fd) [0x5577826ba19d]
29  /opt/conda/envs/gdf/bin/python(_PyFunction_Vectorcall+0x6c) [0x5577826c9b7c]
30  /opt/conda/envs/gdf/bin/python(_PyEval_EvalFrameDefault+0x1341) [0x5577826bade1]
31  /opt/conda/envs/gdf/bin/python(+0x146fb2) [0x5577826d4fb2]
32  /opt/conda/envs/gdf/bin/python(PyObject_Call+0xbc) [0x5577826d594c]
33  /opt/conda/envs/gdf/bin/python(+0x1ff72d) [0x55778278d72d]
34  /opt/conda/envs/gdf/bin/python(_PyObject_MakeTpCall+0x2d3) [0x5577826c2a03]
35  /opt/conda/envs/gdf/bin/python(_PyEval_EvalFrameDefault+0x2c3e) [0x5577826bc6de]
36  /opt/conda/envs/gdf/bin/python(+0x147108) [0x5577826d5108]
37  /opt/conda/envs/gdf/bin/python(_PyEval_EvalFrameDefault+0x2c3e) [0x5577826bc6de]
38  /opt/conda/envs/gdf/bin/python(_PyFunction_Vectorcall+0x6c) [0x5577826c9b7c]
39  /opt/conda/envs/gdf/bin/python(_PyEval_EvalFrameDefault+0x6fd) [0x5577826ba19d]
40  /opt/conda/envs/gdf/bin/python(_PyFunction_Vectorcall+0x6c) [0x5577826c9b7c]
41  /opt/conda/envs/gdf/bin/python(_PyEval_EvalFrameDefault+0x6fd) [0x5577826ba19d]
42  /opt/conda/envs/gdf/bin/python(_PyFunction_Vectorcall+0x6c) [0x5577826c9b7c]
43  /opt/conda/envs/gdf/bin/python(_PyEval_EvalFrameDefault+0x309) [0x5577826b9da9]
44  /opt/conda/envs/gdf/bin/python(_PyFunction_Vectorcall+0x6c) [0x5577826c9b7c]
45  /opt/conda/envs/gdf/bin/python(_PyEval_EvalFrameDefault+0x1341) [0x5577826bade1]
46  /opt/conda/envs/gdf/bin/python(+0x1cca8c) [0x55778275aa8c]
47  /opt/conda/envs/gdf/bin/python(PyEval_EvalCode+0x87) [0x55778275a9d7]
48  /opt/conda/envs/gdf/bin/python(+0x1fceba) [0x55778278aeba]
49  /opt/conda/envs/gdf/bin/python(+0x1f8343) [0x557782786343]
50  /opt/conda/envs/gdf/bin/python(PyRun_StringFlags+0x7d) [0x55778277eadd]
51  /opt/conda/envs/gdf/bin/python(PyRun_SimpleStringFlags+0x3c) [0x55778277e91c]
52  /opt/conda/envs/gdf/bin/python(Py_RunMain+0x3ba) [0x55778277db1a]
53  /opt/conda/envs/gdf/bin/python(Py_BytesMain+0x37) [0x55778274e117]
54  /usr/lib/x86_64-linux-gnu/libc.so.6(__libc_start_main+0xf3) [0x7f0e1bd95083]
55  /opt/conda/envs/gdf/bin/python(+0x1c002e) [0x55778274e02e]
=================================
==== backtrace (tid:  86866) ====
 0  /opt/conda/envs/gdf/lib/libucs.so.0(ucs_handle_error+0x305) [0x7fd331fca025]
 1  /opt/conda/envs/gdf/lib/libucs.so.0(+0x2f221) [0x7fd331fca221]
 2  /opt/conda/envs/gdf/lib/libucs.so.0(+0x2f3ea) [0x7fd331fca3ea]
 3  /usr/lib/x86_64-linux-gnu/libpthread.so.0(+0x14420) [0x7fd386178420]
 4  /opt/conda/envs/gdf/lib/libucp.so.0(ucp_mem_type_unpack+0x17) [0x7fd34808d197]
 5  /opt/conda/envs/gdf/lib/libucp.so.0(ucp_rndv_data_handler+0x5f5) [0x7fd3480b89e5]
 6  /opt/conda/envs/gdf/lib/./libuct.so.0(+0x21dd6) [0x7fd348021dd6]
 7  /opt/conda/envs/gdf/lib/./libuct.so.0(+0x24f48) [0x7fd348024f48]
 8  /opt/conda/envs/gdf/lib/libucs.so.0(ucs_event_set_wait+0xb1) [0x7fd331fd3851]
 9  /opt/conda/envs/gdf/lib/./libuct.so.0(uct_tcp_iface_progress+0x7c) [0x7fd348023fbc]
10  /opt/conda/envs/gdf/lib/libucp.so.0(ucp_worker_progress+0x5a) [0x7fd348089d5a]
11  /opt/conda/envs/gdf/lib/python3.10/site-packages/ucp/_libs/ucx_api.cpython-310-x86_64-linux-gnu.so(+0x31dca) [0x7fd34814ddca]
12  /opt/conda/envs/gdf/bin/python(_PyEval_EvalFrameDefault+0x2c3e) [0x55c4175a56de]
13  /opt/conda/envs/gdf/bin/python(_PyFunction_Vectorcall+0x6c) [0x55c4175b2b7c]
14  /opt/conda/envs/gdf/bin/python(_PyEval_EvalFrameDefault+0x6fd) [0x55c4175a319d]
15  /opt/conda/envs/gdf/bin/python(+0x147234) [0x55c4175be234]
16  /opt/conda/envs/gdf/bin/python(+0x252f7c) [0x55c4176c9f7c]
17  /opt/conda/envs/gdf/bin/python(+0xf745f) [0x55c41756e45f]
18  /opt/conda/envs/gdf/bin/python(+0x1331b3) [0x55c4175aa1b3]
19  /opt/conda/envs/gdf/bin/python(_PyEval_EvalFrameDefault+0x593b) [0x55c4175a83db]
20  /opt/conda/envs/gdf/bin/python(_PyFunction_Vectorcall+0x6c) [0x55c4175b2b7c]
21  /opt/conda/envs/gdf/bin/python(_PyEval_EvalFrameDefault+0x6fd) [0x55c4175a319d]
22  /opt/conda/envs/gdf/bin/python(_PyFunction_Vectorcall+0x6c) [0x55c4175b2b7c]
23  /opt/conda/envs/gdf/bin/python(_PyEval_EvalFrameDefault+0x6fd) [0x55c4175a319d]
24  /opt/conda/envs/gdf/bin/python(_PyFunction_Vectorcall+0x6c) [0x55c4175b2b7c]
25  /opt/conda/envs/gdf/bin/python(_PyEval_EvalFrameDefault+0x6fd) [0x55c4175a319d]
26  /opt/conda/envs/gdf/bin/python(_PyFunction_Vectorcall+0x6c) [0x55c4175b2b7c]
27  /opt/conda/envs/gdf/bin/python(_PyEval_EvalFrameDefault+0x6fd) [0x55c4175a319d]
28  /opt/conda/envs/gdf/bin/python(_PyFunction_Vectorcall+0x6c) [0x55c4175b2b7c]
29  /opt/conda/envs/gdf/bin/python(_PyEval_EvalFrameDefault+0x1341) [0x55c4175a3de1]
30  /opt/conda/envs/gdf/bin/python(+0x146fb2) [0x55c4175bdfb2]
31  /opt/conda/envs/gdf/bin/python(PyObject_Call+0xbc) [0x55c4175be94c]
32  /opt/conda/envs/gdf/bin/python(+0x1ff72d) [0x55c41767672d]
33  /opt/conda/envs/gdf/bin/python(_PyObject_MakeTpCall+0x2d3) [0x55c4175aba03]
34  /opt/conda/envs/gdf/bin/python(_PyEval_EvalFrameDefault+0x2c3e) [0x55c4175a56de]
35  /opt/conda/envs/gdf/bin/python(+0x147108) [0x55c4175be108]
36  /opt/conda/envs/gdf/bin/python(_PyEval_EvalFrameDefault+0x2c3e) [0x55c4175a56de]
37  /opt/conda/envs/gdf/bin/python(_PyFunction_Vectorcall+0x6c) [0x55c4175b2b7c]
38  /opt/conda/envs/gdf/bin/python(_PyEval_EvalFrameDefault+0x6fd) [0x55c4175a319d]
39  /opt/conda/envs/gdf/bin/python(_PyFunction_Vectorcall+0x6c) [0x55c4175b2b7c]
40  /opt/conda/envs/gdf/bin/python(_PyEval_EvalFrameDefault+0x6fd) [0x55c4175a319d]
41  /opt/conda/envs/gdf/bin/python(_PyFunction_Vectorcall+0x6c) [0x55c4175b2b7c]
42  /opt/conda/envs/gdf/bin/python(_PyEval_EvalFrameDefault+0x309) [0x55c4175a2da9]
43  /opt/conda/envs/gdf/bin/python(_PyFunction_Vectorcall+0x6c) [0x55c4175b2b7c]
44  /opt/conda/envs/gdf/bin/python(_PyEval_EvalFrameDefault+0x1341) [0x55c4175a3de1]
45  /opt/conda/envs/gdf/bin/python(+0x1cca8c) [0x55c417643a8c]
46  /opt/conda/envs/gdf/bin/python(PyEval_EvalCode+0x87) [0x55c4176439d7]
47  /opt/conda/envs/gdf/bin/python(+0x1fceba) [0x55c417673eba]
48  /opt/conda/envs/gdf/bin/python(+0x1f8343) [0x55c41766f343]
49  /opt/conda/envs/gdf/bin/python(PyRun_StringFlags+0x7d) [0x55c417667add]
50  /opt/conda/envs/gdf/bin/python(PyRun_SimpleStringFlags+0x3c) [0x55c41766791c]
51  /opt/conda/envs/gdf/bin/python(Py_RunMain+0x3ba) [0x55c417666b1a]
52  /opt/conda/envs/gdf/bin/python(Py_BytesMain+0x37) [0x55c417637117]
53  /usr/lib/x86_64-linux-gnu/libc.so.6(__libc_start_main+0xf3) [0x7fd385e3c083]
54  /opt/conda/envs/gdf/bin/python(+0x1c002e) [0x55c41763702e]
=================================
2025-02-24 07:17:03,833 - distributed.scheduler - WARNING - Removing worker 'ucx://127.0.0.1:43493' caused the cluster to lose already computed task(s), which will be recomputed elsewhere: {('split-taskshuffle-42c82307b2f5928bce72459b455e28a0', 4, 3), ('split-taskshuffle-42c82307b2f5928bce72459b455e28a0', 5, 3), ('split-taskshuffle-42c82307b2f5928bce72459b455e28a0', 0, 3), ('split-taskshuffle-42c82307b2f5928bce72459b455e28a0', 6, 3), ('split-taskshuffle-42c82307b2f5928bce72459b455e28a0', 1, 3), ('split-taskshuffle-42c82307b2f5928bce72459b455e28a0', 7, 3), ('split-taskshuffle-42c82307b2f5928bce72459b455e28a0', 2, 3), ('generate_chunk-_to_string_dtype-a0180b72cbed01de5a9fb7d9b0e1ee1a', 2), ('split-taskshuffle-42c82307b2f5928bce72459b455e28a0', 3, 3)} (stimulus_id='handle-worker-cleanup-1740381423.8331628')
2025-02-24 07:17:03,832 - distributed.worker - ERROR - Worker stream died during communication: ucx://127.0.0.1:43493
Traceback (most recent call last):
  File "/opt/conda/envs/gdf/lib/python3.10/site-packages/rapids_dask_dependency/patches/distributed/comm/__rdd_patch_ucx.py", line 353, in read
    await self.ep.recv(msg)
  File "/opt/conda/envs/gdf/lib/python3.10/site-packages/ucp/core.py", line 748, in recv
    ret = await comm.tag_recv(self._ep, buffer, nbytes, tag, name=log)
ucp._libs.exceptions.UCXCanceled: <[Recv #000] ep: 0x7efea8b202c0, tag: 0xa7e2aaa6c6920825, nbytes: 16, type: <class 'numpy.ndarray'>>: 

During handling of the above exception, another exception occurred:

Traceback (most recent call last):
  File "/opt/conda/envs/gdf/lib/python3.10/site-packages/distributed/worker.py", line 2075, in gather_dep
    response = await get_data_from_worker(
  File "/opt/conda/envs/gdf/lib/python3.10/site-packages/distributed/worker.py", line 2878, in get_data_from_worker
    comm = await rpc.connect(worker)
  File "/opt/conda/envs/gdf/lib/python3.10/site-packages/distributed/core.py", line 1539, in connect
    return connect_attempt.result()
  File "/opt/conda/envs/gdf/lib/python3.10/site-packages/distributed/core.py", line 1429, in _connect
    comm = await connect(
  File "/opt/conda/envs/gdf/lib/python3.10/site-packages/distributed/comm/core.py", line 377, in connect
    handshake = await comm.read()
  File "/opt/conda/envs/gdf/lib/python3.10/site-packages/distributed/utils.py", line 805, in wrapper
    return await func(*args, **kwargs)
  File "/opt/conda/envs/gdf/lib/python3.10/site-packages/rapids_dask_dependency/patches/distributed/comm/__rdd_patch_ucx.py", line 371, in read
    raise CommClosedError(
distributed.comm.core.CommClosedError: Connection closed by writer.
Inner exception: UCXCanceled("<[Recv #000] ep: 0x7efea8b202c0, tag: 0xa7e2aaa6c6920825, nbytes: 16, type: <class 'numpy.ndarray'>>: ")
Task exception was never retrieved
future: <Task finished name='Task-449' coro=<_listener_handler_coroutine() done, defined at /opt/conda/envs/gdf/lib/python3.10/site-packages/ucp/core.py:142> exception=UCXError('<stream_send>: Connection reset by remote peer')>
Traceback (most recent call last):
  File "/opt/conda/envs/gdf/lib/python3.10/site-packages/ucp/core.py", line 157, in _listener_handler_coroutine
    peer_info = await exchange_peer_info(
  File "/opt/conda/envs/gdf/lib/python3.10/site-packages/ucp/core.py", line 53, in exchange_peer_info
    await asyncio.wait_for(
  File "/opt/conda/envs/gdf/lib/python3.10/asyncio/tasks.py", line 445, in wait_for
    return fut.result()
ucp._libs.exceptions.UCXError: <stream_send>: Connection reset by remote peer
2025-02-24 07:17:03,859 - distributed.worker - ERROR - failed during get data with ucx://127.0.0.1:43867 -> ucx://127.0.0.1:43493
Traceback (most recent call last):
  File "/opt/conda/envs/gdf/lib/python3.10/site-packages/rapids_dask_dependency/patches/distributed/comm/__rdd_patch_ucx.py", line 337, in write
    await self.ep.send(each_frame)
  File "/opt/conda/envs/gdf/lib/python3.10/site-packages/ucp/core.py", line 673, in send
    return await comm.tag_send(self._ep, buffer, nbytes, tag, name=log)
ucp._libs.exceptions.UCXError: <[Send #007] ep: 0x7f956661d100, tag: 0x57b6e523efd86643, nbytes: 100000000, type: <class 'cudf.core.buffer.buffer.Buffer'>>: Connection reset by remote peer

During handling of the above exception, another exception occurred:

Traceback (most recent call last):
  File "/opt/conda/envs/gdf/lib/python3.10/site-packages/distributed/worker.py", line 1796, in get_data
    compressed = await comm.write(msg, serializers=serializers)
  File "/opt/conda/envs/gdf/lib/python3.10/site-packages/distributed/utils.py", line 805, in wrapper
    return await func(*args, **kwargs)
  File "/opt/conda/envs/gdf/lib/python3.10/site-packages/rapids_dask_dependency/patches/distributed/comm/__rdd_patch_ucx.py", line 341, in write
    raise CommClosedError("While writing, the connection was closed")
distributed.comm.core.CommClosedError: While writing, the connection was closed
2025-02-24 07:17:03,860 - distributed.worker - ERROR - Worker stream died during communication: ucx://127.0.0.1:43493
Traceback (most recent call last):
  File "/opt/conda/envs/gdf/lib/python3.10/site-packages/rapids_dask_dependency/patches/distributed/comm/__rdd_patch_ucx.py", line 395, in read
    await self.ep.recv(each_frame)
  File "/opt/conda/envs/gdf/lib/python3.10/site-packages/ucp/core.py", line 748, in recv
    ret = await comm.tag_recv(self._ep, buffer, nbytes, tag, name=log)
ucp._libs.exceptions.UCXError: <[Recv #007] ep: 0x7f956661d280, tag: 0x4829e290f2db8948, nbytes: 100000000, type: <class 'rmm.pylibrmm.device_buffer.DeviceBuffer'>>: Connection reset by remote peer

During handling of the above exception, another exception occurred:

Traceback (most recent call last):
  File "/opt/conda/envs/gdf/lib/python3.10/site-packages/distributed/worker.py", line 2075, in gather_dep
    response = await get_data_from_worker(
  File "/opt/conda/envs/gdf/lib/python3.10/site-packages/distributed/worker.py", line 2881, in get_data_from_worker
    response = await send_recv(
  File "/opt/conda/envs/gdf/lib/python3.10/site-packages/distributed/core.py", line 1018, in send_recv
    response = await comm.read(deserializers=deserializers)
  File "/opt/conda/envs/gdf/lib/python3.10/site-packages/distributed/utils.py", line 805, in wrapper
    return await func(*args, **kwargs)
  File "/opt/conda/envs/gdf/lib/python3.10/site-packages/rapids_dask_dependency/patches/distributed/comm/__rdd_patch_ucx.py", line 401, in read
    raise CommClosedError(
distributed.comm.core.CommClosedError: Connection closed by writer.
Inner exception: UCXError("<[Recv #007] ep: 0x7f956661d280, tag: 0x4829e290f2db8948, nbytes: 100000000, type: <class 'rmm.pylibrmm.device_buffer.DeviceBuffer'>>: Connection reset by remote peer")
2025-02-24 07:17:03,860 - distributed.worker - ERROR - Worker stream died during communication: ucx://127.0.0.1:43301
Traceback (most recent call last):
  File "/opt/conda/envs/gdf/lib/python3.10/site-packages/rapids_dask_dependency/patches/distributed/comm/__rdd_patch_ucx.py", line 353, in read
    await self.ep.recv(msg)
  File "/opt/conda/envs/gdf/lib/python3.10/site-packages/ucp/core.py", line 748, in recv
    ret = await comm.tag_recv(self._ep, buffer, nbytes, tag, name=log)
ucp._libs.exceptions.UCXCanceled: <[Recv #000] ep: 0x7efea8b20340, tag: 0x14098c8f2c193189, nbytes: 16, type: <class 'numpy.ndarray'>>: 

During handling of the above exception, another exception occurred:

Traceback (most recent call last):
  File "/opt/conda/envs/gdf/lib/python3.10/site-packages/distributed/worker.py", line 2075, in gather_dep
    response = await get_data_from_worker(
  File "/opt/conda/envs/gdf/lib/python3.10/site-packages/distributed/worker.py", line 2878, in get_data_from_worker
    comm = await rpc.connect(worker)
  File "/opt/conda/envs/gdf/lib/python3.10/site-packages/distributed/core.py", line 1539, in connect
    return connect_attempt.result()
  File "/opt/conda/envs/gdf/lib/python3.10/site-packages/distributed/core.py", line 1429, in _connect
    comm = await connect(
  File "/opt/conda/envs/gdf/lib/python3.10/site-packages/distributed/comm/core.py", line 377, in connect
    handshake = await comm.read()
  File "/opt/conda/envs/gdf/lib/python3.10/site-packages/distributed/utils.py", line 805, in wrapper
    return await func(*args, **kwargs)
  File "/opt/conda/envs/gdf/lib/python3.10/site-packages/rapids_dask_dependency/patches/distributed/comm/__rdd_patch_ucx.py", line 371, in read
    raise CommClosedError(
distributed.comm.core.CommClosedError: Connection closed by writer.
Inner exception: UCXCanceled("<[Recv #000] ep: 0x7efea8b20340, tag: 0x14098c8f2c193189, nbytes: 16, type: <class 'numpy.ndarray'>>: ")
2025-02-24 07:17:03,861 - distributed.scheduler - WARNING - Removing worker 'ucx://127.0.0.1:43301' caused the cluster to lose already computed task(s), which will be recomputed elsewhere: {('split-taskshuffle-42c82307b2f5928bce72459b455e28a0', 3, 2), ('split-taskshuffle-42c82307b2f5928bce72459b455e28a0', 4, 2), ('split-taskshuffle-42c82307b2f5928bce72459b455e28a0', 5, 2), ('split-taskshuffle-42c82307b2f5928bce72459b455e28a0', 0, 2), ('split-taskshuffle-42c82307b2f5928bce72459b455e28a0', 6, 2), ('split-taskshuffle-42c82307b2f5928bce72459b455e28a0', 1, 2), ('split-taskshuffle-42c82307b2f5928bce72459b455e28a0', 7, 2), ('generate_chunk-_to_string_dtype-a0180b72cbed01de5a9fb7d9b0e1ee1a', 5), ('split-taskshuffle-42c82307b2f5928bce72459b455e28a0', 2, 2)} (stimulus_id='handle-worker-cleanup-1740381423.8613355')
2025-02-24 07:17:03,861 - distributed.worker - ERROR - Worker stream died during communication: ucx://127.0.0.1:43301
Traceback (most recent call last):
  File "/opt/conda/envs/gdf/lib/python3.10/site-packages/rapids_dask_dependency/patches/distributed/comm/__rdd_patch_ucx.py", line 395, in read
    await self.ep.recv(each_frame)
  File "/opt/conda/envs/gdf/lib/python3.10/site-packages/ucp/core.py", line 748, in recv
    ret = await comm.tag_recv(self._ep, buffer, nbytes, tag, name=log)
ucp._libs.exceptions.UCXError: <[Recv #007] ep: 0x7f32a8498280, tag: 0xc5ee00e1c68162a3, nbytes: 100000000, type: <class 'rmm.pylibrmm.device_buffer.DeviceBuffer'>>: Connection reset by remote peer

During handling of the above exception, another exception occurred:

Traceback (most recent call last):
  File "/opt/conda/envs/gdf/lib/python3.10/site-packages/distributed/worker.py", line 2075, in gather_dep
    response = await get_data_from_worker(
  File "/opt/conda/envs/gdf/lib/python3.10/site-packages/distributed/worker.py", line 2881, in get_data_from_worker
    response = await send_recv(
  File "/opt/conda/envs/gdf/lib/python3.10/site-packages/distributed/core.py", line 1018, in send_recv
    response = await comm.read(deserializers=deserializers)
  File "/opt/conda/envs/gdf/lib/python3.10/site-packages/distributed/utils.py", line 805, in wrapper
    return await func(*args, **kwargs)
  File "/opt/conda/envs/gdf/lib/python3.10/site-packages/rapids_dask_dependency/patches/distributed/comm/__rdd_patch_ucx.py", line 401, in read
    raise CommClosedError(
distributed.comm.core.CommClosedError: Connection closed by writer.
Inner exception: UCXError("<[Recv #007] ep: 0x7f32a8498280, tag: 0xc5ee00e1c68162a3, nbytes: 100000000, type: <class 'rmm.pylibrmm.device_buffer.DeviceBuffer'>>: Connection reset by remote peer")
2025-02-24 07:17:03,862 - distributed.worker - ERROR - failed during get data with ucx://127.0.0.1:37595 -> ucx://127.0.0.1:43301
Traceback (most recent call last):
  File "/opt/conda/envs/gdf/lib/python3.10/site-packages/rapids_dask_dependency/patches/distributed/comm/__rdd_patch_ucx.py", line 337, in write
    await self.ep.send(each_frame)
  File "/opt/conda/envs/gdf/lib/python3.10/site-packages/ucp/core.py", line 673, in send
    return await comm.tag_send(self._ep, buffer, nbytes, tag, name=log)
ucp._libs.exceptions.UCXError: <[Send #007] ep: 0x7f32a8498180, tag: 0xa758ffb0da007488, nbytes: 100000000, type: <class 'cudf.core.buffer.buffer.Buffer'>>: Connection reset by remote peer

During handling of the above exception, another exception occurred:

Traceback (most recent call last):
  File "/opt/conda/envs/gdf/lib/python3.10/site-packages/distributed/worker.py", line 1796, in get_data
    compressed = await comm.write(msg, serializers=serializers)
  File "/opt/conda/envs/gdf/lib/python3.10/site-packages/distributed/utils.py", line 805, in wrapper
    return await func(*args, **kwargs)
  File "/opt/conda/envs/gdf/lib/python3.10/site-packages/rapids_dask_dependency/patches/distributed/comm/__rdd_patch_ucx.py", line 341, in write
    raise CommClosedError("While writing, the connection was closed")
distributed.comm.core.CommClosedError: While writing, the connection was closed
2025-02-24 07:17:03,863 - distributed.worker - ERROR - Worker stream died during communication: ucx://127.0.0.1:43301
Traceback (most recent call last):
  File "/opt/conda/envs/gdf/lib/python3.10/site-packages/rapids_dask_dependency/patches/distributed/comm/__rdd_patch_ucx.py", line 353, in read
    await self.ep.recv(msg)
  File "/opt/conda/envs/gdf/lib/python3.10/site-packages/ucp/core.py", line 748, in recv
    ret = await comm.tag_recv(self._ep, buffer, nbytes, tag, name=log)
ucp._libs.exceptions.UCXCanceled: <[Recv #000] ep: 0x7f956661d240, tag: 0x6d1c834f1d8393d6, nbytes: 16, type: <class 'numpy.ndarray'>>: 

During handling of the above exception, another exception occurred:

Traceback (most recent call last):
  File "/opt/conda/envs/gdf/lib/python3.10/site-packages/distributed/worker.py", line 2075, in gather_dep
    response = await get_data_from_worker(
  File "/opt/conda/envs/gdf/lib/python3.10/site-packages/distributed/worker.py", line 2878, in get_data_from_worker
    comm = await rpc.connect(worker)
  File "/opt/conda/envs/gdf/lib/python3.10/site-packages/distributed/core.py", line 1539, in connect
    return connect_attempt.result()
  File "/opt/conda/envs/gdf/lib/python3.10/site-packages/distributed/core.py", line 1429, in _connect
    comm = await connect(
  File "/opt/conda/envs/gdf/lib/python3.10/site-packages/distributed/comm/core.py", line 377, in connect
    handshake = await comm.read()
  File "/opt/conda/envs/gdf/lib/python3.10/site-packages/distributed/utils.py", line 805, in wrapper
    return await func(*args, **kwargs)
  File "/opt/conda/envs/gdf/lib/python3.10/site-packages/rapids_dask_dependency/patches/distributed/comm/__rdd_patch_ucx.py", line 371, in read
    raise CommClosedError(
distributed.comm.core.CommClosedError: Connection closed by writer.
Inner exception: UCXCanceled("<[Recv #000] ep: 0x7f956661d240, tag: 0x6d1c834f1d8393d6, nbytes: 16, type: <class 'numpy.ndarray'>>: ")
2025-02-24 07:17:03,907 - distributed.nanny - WARNING - Restarting worker
2025-02-24 07:17:03,976 - distributed.worker - ERROR - Worker stream died during communication: ucx://127.0.0.1:47203
Traceback (most recent call last):
  File "/opt/conda/envs/gdf/lib/python3.10/site-packages/rapids_dask_dependency/patches/distributed/comm/__rdd_patch_ucx.py", line 353, in read
    await self.ep.recv(msg)
  File "/opt/conda/envs/gdf/lib/python3.10/site-packages/ucp/core.py", line 748, in recv
    ret = await comm.tag_recv(self._ep, buffer, nbytes, tag, name=log)
ucp._libs.exceptions.UCXCanceled: <[Recv #003] ep: 0x7f956661d140, tag: 0x834aa48384e46246, nbytes: 16, type: <class 'numpy.ndarray'>>: 

During handling of the above exception, another exception occurred:

Traceback (most recent call last):
  File "/opt/conda/envs/gdf/lib/python3.10/site-packages/distributed/worker.py", line 2075, in gather_dep
    response = await get_data_from_worker(
  File "/opt/conda/envs/gdf/lib/python3.10/site-packages/distributed/worker.py", line 2881, in get_data_from_worker
    response = await send_recv(
  File "/opt/conda/envs/gdf/lib/python3.10/site-packages/distributed/core.py", line 1018, in send_recv
    response = await comm.read(deserializers=deserializers)
  File "/opt/conda/envs/gdf/lib/python3.10/site-packages/distributed/utils.py", line 805, in wrapper
    return await func(*args, **kwargs)
  File "/opt/conda/envs/gdf/lib/python3.10/site-packages/rapids_dask_dependency/patches/distributed/comm/__rdd_patch_ucx.py", line 371, in read
    raise CommClosedError(
distributed.comm.core.CommClosedError: Connection closed by writer.
Inner exception: UCXCanceled("<[Recv #003] ep: 0x7f956661d140, tag: 0x834aa48384e46246, nbytes: 16, type: <class 'numpy.ndarray'>>: ")
2025-02-24 07:17:03,977 - distributed.worker - ERROR - Worker stream died during communication: ucx://127.0.0.1:47203
Traceback (most recent call last):
  File "/opt/conda/envs/gdf/lib/python3.10/site-packages/rapids_dask_dependency/patches/distributed/comm/__rdd_patch_ucx.py", line 353, in read
    await self.ep.recv(msg)
  File "/opt/conda/envs/gdf/lib/python3.10/site-packages/ucp/core.py", line 748, in recv
    ret = await comm.tag_recv(self._ep, buffer, nbytes, tag, name=log)
ucp._libs.exceptions.UCXCanceled: <[Recv #000] ep: 0x7f32a84981c0, tag: 0x81bfd6565b4670d, nbytes: 16, type: <class 'numpy.ndarray'>>: 

During handling of the above exception, another exception occurred:

Traceback (most recent call last):
  File "/opt/conda/envs/gdf/lib/python3.10/site-packages/distributed/worker.py", line 2075, in gather_dep
    response = await get_data_from_worker(
  File "/opt/conda/envs/gdf/lib/python3.10/site-packages/distributed/worker.py", line 2878, in get_data_from_worker
    comm = await rpc.connect(worker)
  File "/opt/conda/envs/gdf/lib/python3.10/site-packages/distributed/core.py", line 1539, in connect
    return connect_attempt.result()
  File "/opt/conda/envs/gdf/lib/python3.10/site-packages/distributed/core.py", line 1429, in _connect
    comm = await connect(
  File "/opt/conda/envs/gdf/lib/python3.10/site-packages/distributed/comm/core.py", line 377, in connect
    handshake = await comm.read()
  File "/opt/conda/envs/gdf/lib/python3.10/site-packages/distributed/utils.py", line 805, in wrapper
    return await func(*args, **kwargs)
  File "/opt/conda/envs/gdf/lib/python3.10/site-packages/rapids_dask_dependency/patches/distributed/comm/__rdd_patch_ucx.py", line 371, in read
    raise CommClosedError(
distributed.comm.core.CommClosedError: Connection closed by writer.
Inner exception: UCXCanceled("<[Recv #000] ep: 0x7f32a84981c0, tag: 0x81bfd6565b4670d, nbytes: 16, type: <class 'numpy.ndarray'>>: ")
2025-02-24 07:17:03,980 - distributed.scheduler - WARNING - Removing worker 'ucx://127.0.0.1:47203' caused the cluster to lose already computed task(s), which will be recomputed elsewhere: {('split-taskshuffle-42c82307b2f5928bce72459b455e28a0', 0, 7), ('split-taskshuffle-42c82307b2f5928bce72459b455e28a0', 6, 7), ('split-taskshuffle-42c82307b2f5928bce72459b455e28a0', 1, 7), ('split-taskshuffle-42c82307b2f5928bce72459b455e28a0', 7, 7), ('split-taskshuffle-42c82307b2f5928bce72459b455e28a0', 2, 7), ('generate_chunk-_to_string_dtype-a0180b72cbed01de5a9fb7d9b0e1ee1a', 7), ('split-taskshuffle-42c82307b2f5928bce72459b455e28a0', 3, 7), ('split-taskshuffle-42c82307b2f5928bce72459b455e28a0', 4, 7), ('split-taskshuffle-42c82307b2f5928bce72459b455e28a0', 5, 7)} (stimulus_id='handle-worker-cleanup-1740381423.9801042')
2025-02-24 07:17:03,990 - distributed.nanny - WARNING - Restarting worker
2025-02-24 07:17:04,003 - distributed.scheduler - WARNING - Removing worker 'ucx://127.0.0.1:41239' caused the cluster to lose already computed task(s), which will be recomputed elsewhere: {('generate_chunk-_to_string_dtype-a0180b72cbed01de5a9fb7d9b0e1ee1a', 6), ('split-taskshuffle-42c82307b2f5928bce72459b455e28a0', 3, 1), ('split-taskshuffle-42c82307b2f5928bce72459b455e28a0', 4, 1), ('split-taskshuffle-42c82307b2f5928bce72459b455e28a0', 5, 1), ('split-taskshuffle-42c82307b2f5928bce72459b455e28a0', 0, 1), ('split-taskshuffle-42c82307b2f5928bce72459b455e28a0', 6, 1), ('split-taskshuffle-42c82307b2f5928bce72459b455e28a0', 1, 1), ('split-taskshuffle-42c82307b2f5928bce72459b455e28a0', 7, 1), ('split-taskshuffle-42c82307b2f5928bce72459b455e28a0', 2, 1)} (stimulus_id='handle-worker-cleanup-1740381424.0031648')
2025-02-24 07:17:04,015 - distributed.scheduler - WARNING - Removing worker 'ucx://127.0.0.1:54155' caused the cluster to lose already computed task(s), which will be recomputed elsewhere: {('split-taskshuffle-42c82307b2f5928bce72459b455e28a0', 3, 6), ('split-taskshuffle-42c82307b2f5928bce72459b455e28a0', 4, 6), ('split-taskshuffle-42c82307b2f5928bce72459b455e28a0', 5, 6), ('split-taskshuffle-42c82307b2f5928bce72459b455e28a0', 0, 6), ('split-taskshuffle-42c82307b2f5928bce72459b455e28a0', 6, 6), ('split-taskshuffle-42c82307b2f5928bce72459b455e28a0', 1, 6), ('generate_chunk-_to_string_dtype-a0180b72cbed01de5a9fb7d9b0e1ee1a', 3), ('split-taskshuffle-42c82307b2f5928bce72459b455e28a0', 7, 6), ('split-taskshuffle-42c82307b2f5928bce72459b455e28a0', 2, 6)} (stimulus_id='handle-worker-cleanup-1740381424.015446')
2025-02-24 07:17:04,010 - distributed.worker - ERROR - Worker stream died during communication: ucx://127.0.0.1:54155
Traceback (most recent call last):
  File "/opt/conda/envs/gdf/lib/python3.10/site-packages/rapids_dask_dependency/patches/distributed/comm/__rdd_patch_ucx.py", line 395, in read
    await self.ep.recv(each_frame)
  File "/opt/conda/envs/gdf/lib/python3.10/site-packages/ucp/core.py", line 748, in recv
    ret = await comm.tag_recv(self._ep, buffer, nbytes, tag, name=log)
ucp._libs.exceptions.UCXCanceled: <[Recv #009] ep: 0x7f32a8498200, tag: 0x706824dd1397ebb5, nbytes: 100000000, type: <class 'rmm.pylibrmm.device_buffer.DeviceBuffer'>>: 

During handling of the above exception, another exception occurred:

Traceback (most recent call last):
  File "/opt/conda/envs/gdf/lib/python3.10/site-packages/distributed/worker.py", line 2075, in gather_dep
    response = await get_data_from_worker(
  File "/opt/conda/envs/gdf/lib/python3.10/site-packages/distributed/worker.py", line 2881, in get_data_from_worker
    response = await send_recv(
  File "/opt/conda/envs/gdf/lib/python3.10/site-packages/distributed/core.py", line 1018, in send_recv
    response = await comm.read(deserializers=deserializers)
  File "/opt/conda/envs/gdf/lib/python3.10/site-packages/distributed/utils.py", line 805, in wrapper
    return await func(*args, **kwargs)
  File "/opt/conda/envs/gdf/lib/python3.10/site-packages/rapids_dask_dependency/patches/distributed/comm/__rdd_patch_ucx.py", line 401, in read
    raise CommClosedError(
distributed.comm.core.CommClosedError: Connection closed by writer.
Inner exception: UCXCanceled("<[Recv #009] ep: 0x7f32a8498200, tag: 0x706824dd1397ebb5, nbytes: 100000000, type: <class 'rmm.pylibrmm.device_buffer.DeviceBuffer'>>: ")
2025-02-24 07:17:04,023 - distributed.worker - ERROR - Worker stream died during communication: ucx://127.0.0.1:41239
Traceback (most recent call last):
  File "/opt/conda/envs/gdf/lib/python3.10/site-packages/rapids_dask_dependency/patches/distributed/comm/__rdd_patch_ucx.py", line 353, in read
    await self.ep.recv(msg)
  File "/opt/conda/envs/gdf/lib/python3.10/site-packages/ucp/core.py", line 748, in recv
    ret = await comm.tag_recv(self._ep, buffer, nbytes, tag, name=log)
ucp._libs.exceptions.UCXCanceled: <[Recv #000] ep: 0x7f32a8498340, tag: 0xa909801b4e39f1d7, nbytes: 16, type: <class 'numpy.ndarray'>>: 

During handling of the above exception, another exception occurred:

Traceback (most recent call last):
  File "/opt/conda/envs/gdf/lib/python3.10/site-packages/distributed/worker.py", line 2075, in gather_dep
    response = await get_data_from_worker(
  File "/opt/conda/envs/gdf/lib/python3.10/site-packages/distributed/worker.py", line 2878, in get_data_from_worker
    comm = await rpc.connect(worker)
  File "/opt/conda/envs/gdf/lib/python3.10/site-packages/distributed/core.py", line 1539, in connect
    return connect_attempt.result()
  File "/opt/conda/envs/gdf/lib/python3.10/site-packages/distributed/core.py", line 1429, in _connect
    comm = await connect(
  File "/opt/conda/envs/gdf/lib/python3.10/site-packages/distributed/comm/core.py", line 377, in connect
    handshake = await comm.read()
  File "/opt/conda/envs/gdf/lib/python3.10/site-packages/distributed/utils.py", line 805, in wrapper
    return await func(*args, **kwargs)
  File "/opt/conda/envs/gdf/lib/python3.10/site-packages/rapids_dask_dependency/patches/distributed/comm/__rdd_patch_ucx.py", line 371, in read
    raise CommClosedError(
distributed.comm.core.CommClosedError: Connection closed by writer.
Inner exception: UCXCanceled("<[Recv #000] ep: 0x7f32a8498340, tag: 0xa909801b4e39f1d7, nbytes: 16, type: <class 'numpy.ndarray'>>: ")
Task exception was never retrieved
future: <Task finished name='Task-421' coro=<_listener_handler_coroutine() done, defined at /opt/conda/envs/gdf/lib/python3.10/site-packages/ucp/core.py:142> exception=UCXError('<stream_recv>: Connection reset by remote peer')>
Traceback (most recent call last):
  File "/opt/conda/envs/gdf/lib/python3.10/site-packages/ucp/core.py", line 157, in _listener_handler_coroutine
    peer_info = await exchange_peer_info(
  File "/opt/conda/envs/gdf/lib/python3.10/site-packages/ucp/core.py", line 57, in exchange_peer_info
    await asyncio.wait_for(
  File "/opt/conda/envs/gdf/lib/python3.10/asyncio/tasks.py", line 445, in wait_for
    return fut.result()
ucp._libs.exceptions.UCXError: <stream_recv>: Connection reset by remote peer
2025-02-24 07:17:04,088 - distributed.worker - ERROR - Worker stream died during communication: ucx://127.0.0.1:54155
Traceback (most recent call last):
  File "/opt/conda/envs/gdf/lib/python3.10/site-packages/rapids_dask_dependency/patches/distributed/comm/__rdd_patch_ucx.py", line 395, in read
    await self.ep.recv(each_frame)
  File "/opt/conda/envs/gdf/lib/python3.10/site-packages/ucp/core.py", line 748, in recv
    ret = await comm.tag_recv(self._ep, buffer, nbytes, tag, name=log)
ucp._libs.exceptions.UCXCanceled: <[Recv #009] ep: 0x7f956661d1c0, tag: 0x64f584ac4fe7aabe, nbytes: 100000000, type: <class 'rmm.pylibrmm.device_buffer.DeviceBuffer'>>: 

During handling of the above exception, another exception occurred:

Traceback (most recent call last):
  File "/opt/conda/envs/gdf/lib/python3.10/site-packages/distributed/worker.py", line 2075, in gather_dep
    response = await get_data_from_worker(
  File "/opt/conda/envs/gdf/lib/python3.10/site-packages/distributed/worker.py", line 2881, in get_data_from_worker
    response = await send_recv(
  File "/opt/conda/envs/gdf/lib/python3.10/site-packages/distributed/core.py", line 1018, in send_recv
    response = await comm.read(deserializers=deserializers)
  File "/opt/conda/envs/gdf/lib/python3.10/site-packages/distributed/utils.py", line 805, in wrapper
    return await func(*args, **kwargs)
  File "/opt/conda/envs/gdf/lib/python3.10/site-packages/rapids_dask_dependency/patches/distributed/comm/__rdd_patch_ucx.py", line 401, in read
    raise CommClosedError(
distributed.comm.core.CommClosedError: Connection closed by writer.
Inner exception: UCXCanceled("<[Recv #009] ep: 0x7f956661d1c0, tag: 0x64f584ac4fe7aabe, nbytes: 100000000, type: <class 'rmm.pylibrmm.device_buffer.DeviceBuffer'>>: ")
2025-02-24 07:17:04,092 - distributed.worker - ERROR - Worker stream died during communication: ucx://127.0.0.1:41239
Traceback (most recent call last):
  File "/opt/conda/envs/gdf/lib/python3.10/site-packages/rapids_dask_dependency/patches/distributed/comm/__rdd_patch_ucx.py", line 353, in read
    await self.ep.recv(msg)
  File "/opt/conda/envs/gdf/lib/python3.10/site-packages/ucp/core.py", line 748, in recv
    ret = await comm.tag_recv(self._ep, buffer, nbytes, tag, name=log)
ucp._libs.exceptions.UCXCanceled: <[Recv #003] ep: 0x7f956661d200, tag: 0xc3a3ebf454dc6b97, nbytes: 16, type: <class 'numpy.ndarray'>>: 

During handling of the above exception, another exception occurred:

Traceback (most recent call last):
  File "/opt/conda/envs/gdf/lib/python3.10/site-packages/distributed/worker.py", line 2075, in gather_dep
    response = await get_data_from_worker(
  File "/opt/conda/envs/gdf/lib/python3.10/site-packages/distributed/worker.py", line 2881, in get_data_from_worker
    response = await send_recv(
  File "/opt/conda/envs/gdf/lib/python3.10/site-packages/distributed/core.py", line 1018, in send_recv
    response = await comm.read(deserializers=deserializers)
  File "/opt/conda/envs/gdf/lib/python3.10/site-packages/distributed/utils.py", line 805, in wrapper
    return await func(*args, **kwargs)
  File "/opt/conda/envs/gdf/lib/python3.10/site-packages/rapids_dask_dependency/patches/distributed/comm/__rdd_patch_ucx.py", line 371, in read
    raise CommClosedError(
distributed.comm.core.CommClosedError: Connection closed by writer.
Inner exception: UCXCanceled("<[Recv #003] ep: 0x7f956661d200, tag: 0xc3a3ebf454dc6b97, nbytes: 16, type: <class 'numpy.ndarray'>>: ")
2025-02-24 07:17:04,098 - distributed.nanny - WARNING - Restarting worker
2025-02-24 07:17:04,149 - distributed.nanny - WARNING - Restarting worker
2025-02-24 07:17:04,161 - distributed.worker - ERROR - failed during get data with ucx://127.0.0.1:43867 -> ucx://127.0.0.1:54155
Traceback (most recent call last):
  File "/opt/conda/envs/gdf/lib/python3.10/site-packages/rapids_dask_dependency/patches/distributed/comm/__rdd_patch_ucx.py", line 337, in write
    await self.ep.send(each_frame)
  File "/opt/conda/envs/gdf/lib/python3.10/site-packages/ucp/core.py", line 673, in send
    return await comm.tag_send(self._ep, buffer, nbytes, tag, name=log)
ucp._libs.exceptions.UCXError: <[Send #007] ep: 0x7f956661d380, tag: 0xa467e478a20c242, nbytes: 100000000, type: <class 'cudf.core.buffer.buffer.Buffer'>>: Connection reset by remote peer

During handling of the above exception, another exception occurred:

Traceback (most recent call last):
  File "/opt/conda/envs/gdf/lib/python3.10/site-packages/distributed/worker.py", line 1796, in get_data
    compressed = await comm.write(msg, serializers=serializers)
  File "/opt/conda/envs/gdf/lib/python3.10/site-packages/distributed/utils.py", line 805, in wrapper
    return await func(*args, **kwargs)
  File "/opt/conda/envs/gdf/lib/python3.10/site-packages/rapids_dask_dependency/patches/distributed/comm/__rdd_patch_ucx.py", line 341, in write
    raise CommClosedError("While writing, the connection was closed")
distributed.comm.core.CommClosedError: While writing, the connection was closed
2025-02-24 07:17:04,184 - distributed.worker - ERROR - failed during get data with ucx://127.0.0.1:41755 -> ucx://127.0.0.1:47203
Traceback (most recent call last):
  File "/opt/conda/envs/gdf/lib/python3.10/site-packages/rapids_dask_dependency/patches/distributed/comm/__rdd_patch_ucx.py", line 337, in write
    await self.ep.send(each_frame)
  File "/opt/conda/envs/gdf/lib/python3.10/site-packages/ucp/core.py", line 673, in send
    return await comm.tag_send(self._ep, buffer, nbytes, tag, name=log)
ucp._libs.exceptions.UCXError: <[Send #007] ep: 0x7efea8b20200, tag: 0x1a58f800c3279f0a, nbytes: 100000000, type: <class 'cudf.core.buffer.buffer.Buffer'>>: Connection reset by remote peer

During handling of the above exception, another exception occurred:

Traceback (most recent call last):
  File "/opt/conda/envs/gdf/lib/python3.10/site-packages/distributed/worker.py", line 1796, in get_data
    compressed = await comm.write(msg, serializers=serializers)
  File "/opt/conda/envs/gdf/lib/python3.10/site-packages/distributed/utils.py", line 805, in wrapper
    return await func(*args, **kwargs)
  File "/opt/conda/envs/gdf/lib/python3.10/site-packages/rapids_dask_dependency/patches/distributed/comm/__rdd_patch_ucx.py", line 341, in write
    raise CommClosedError("While writing, the connection was closed")
distributed.comm.core.CommClosedError: While writing, the connection was closed
2025-02-24 07:17:04,185 - distributed.worker - ERROR - failed during get data with ucx://127.0.0.1:41755 -> ucx://127.0.0.1:43493
Traceback (most recent call last):
  File "/opt/conda/envs/gdf/lib/python3.10/site-packages/rapids_dask_dependency/patches/distributed/comm/__rdd_patch_ucx.py", line 337, in write
    await self.ep.send(each_frame)
  File "/opt/conda/envs/gdf/lib/python3.10/site-packages/ucp/core.py", line 673, in send
    return await comm.tag_send(self._ep, buffer, nbytes, tag, name=log)
ucp._libs.exceptions.UCXError: <[Send #007] ep: 0x7efea8b20180, tag: 0xd11bb9dd25459dba, nbytes: 100000000, type: <class 'cudf.core.buffer.buffer.Buffer'>>: Connection reset by remote peer

During handling of the above exception, another exception occurred:

Traceback (most recent call last):
  File "/opt/conda/envs/gdf/lib/python3.10/site-packages/distributed/worker.py", line 1796, in get_data
    compressed = await comm.write(msg, serializers=serializers)
  File "/opt/conda/envs/gdf/lib/python3.10/site-packages/distributed/utils.py", line 805, in wrapper
    return await func(*args, **kwargs)
  File "/opt/conda/envs/gdf/lib/python3.10/site-packages/rapids_dask_dependency/patches/distributed/comm/__rdd_patch_ucx.py", line 341, in write
    raise CommClosedError("While writing, the connection was closed")
distributed.comm.core.CommClosedError: While writing, the connection was closed
2025-02-24 07:17:04,185 - distributed.worker - ERROR - failed during get data with ucx://127.0.0.1:37595 -> ucx://127.0.0.1:47203
Traceback (most recent call last):
  File "/opt/conda/envs/gdf/lib/python3.10/site-packages/rapids_dask_dependency/patches/distributed/comm/__rdd_patch_ucx.py", line 337, in write
    await self.ep.send(each_frame)
  File "/opt/conda/envs/gdf/lib/python3.10/site-packages/ucp/core.py", line 673, in send
    return await comm.tag_send(self._ep, buffer, nbytes, tag, name=log)
ucp._libs.exceptions.UCXError: <[Send #007] ep: 0x7f32a8498100, tag: 0xc57ae2d3aba8dcd6, nbytes: 100000000, type: <class 'cudf.core.buffer.buffer.Buffer'>>: Connection reset by remote peer

During handling of the above exception, another exception occurred:

Traceback (most recent call last):
  File "/opt/conda/envs/gdf/lib/python3.10/site-packages/distributed/worker.py", line 1796, in get_data
    compressed = await comm.write(msg, serializers=serializers)
  File "/opt/conda/envs/gdf/lib/python3.10/site-packages/distributed/utils.py", line 805, in wrapper
    return await func(*args, **kwargs)
  File "/opt/conda/envs/gdf/lib/python3.10/site-packages/rapids_dask_dependency/patches/distributed/comm/__rdd_patch_ucx.py", line 341, in write
    raise CommClosedError("While writing, the connection was closed")
distributed.comm.core.CommClosedError: While writing, the connection was closed
2025-02-24 07:17:04,185 - distributed.worker - ERROR - failed during get data with ucx://127.0.0.1:41755 -> ucx://127.0.0.1:43301
Traceback (most recent call last):
  File "/opt/conda/envs/gdf/lib/python3.10/site-packages/rapids_dask_dependency/patches/distributed/comm/__rdd_patch_ucx.py", line 337, in write
    await self.ep.send(each_frame)
  File "/opt/conda/envs/gdf/lib/python3.10/site-packages/ucp/core.py", line 673, in send
    return await comm.tag_send(self._ep, buffer, nbytes, tag, name=log)
ucp._libs.exceptions.UCXError: <[Send #007] ep: 0x7efea8b20140, tag: 0xd068aec7972f6cee, nbytes: 100000000, type: <class 'cudf.core.buffer.buffer.Buffer'>>: Connection reset by remote peer

During handling of the above exception, another exception occurred:

Traceback (most recent call last):
  File "/opt/conda/envs/gdf/lib/python3.10/site-packages/distributed/worker.py", line 1796, in get_data
    compressed = await comm.write(msg, serializers=serializers)
  File "/opt/conda/envs/gdf/lib/python3.10/site-packages/distributed/utils.py", line 805, in wrapper
    return await func(*args, **kwargs)
  File "/opt/conda/envs/gdf/lib/python3.10/site-packages/rapids_dask_dependency/patches/distributed/comm/__rdd_patch_ucx.py", line 341, in write
    raise CommClosedError("While writing, the connection was closed")
distributed.comm.core.CommClosedError: While writing, the connection was closed
2025-02-24 07:17:04,186 - distributed.worker - ERROR - failed during get data with ucx://127.0.0.1:41755 -> ucx://127.0.0.1:41239
Traceback (most recent call last):
  File "/opt/conda/envs/gdf/lib/python3.10/site-packages/rapids_dask_dependency/patches/distributed/comm/__rdd_patch_ucx.py", line 337, in write
    await self.ep.send(each_frame)
  File "/opt/conda/envs/gdf/lib/python3.10/site-packages/ucp/core.py", line 673, in send
    return await comm.tag_send(self._ep, buffer, nbytes, tag, name=log)
ucp._libs.exceptions.UCXError: <[Send #008] ep: 0x7efea8b20100, tag: 0xcdd22f076449dd16, nbytes: 100000000, type: <class 'cudf.core.buffer.buffer.Buffer'>>: Connection reset by remote peer

During handling of the above exception, another exception occurred:

Traceback (most recent call last):
  File "/opt/conda/envs/gdf/lib/python3.10/site-packages/distributed/worker.py", line 1796, in get_data
    compressed = await comm.write(msg, serializers=serializers)
  File "/opt/conda/envs/gdf/lib/python3.10/site-packages/distributed/utils.py", line 805, in wrapper
    return await func(*args, **kwargs)
  File "/opt/conda/envs/gdf/lib/python3.10/site-packages/rapids_dask_dependency/patches/distributed/comm/__rdd_patch_ucx.py", line 341, in write
    raise CommClosedError("While writing, the connection was closed")
distributed.comm.core.CommClosedError: While writing, the connection was closed
2025-02-24 07:17:04,185 - distributed.worker - ERROR - failed during get data with ucx://127.0.0.1:37595 -> ucx://127.0.0.1:41239
Traceback (most recent call last):
  File "/opt/conda/envs/gdf/lib/python3.10/site-packages/rapids_dask_dependency/patches/distributed/comm/__rdd_patch_ucx.py", line 337, in write
    await self.ep.send(each_frame)
  File "/opt/conda/envs/gdf/lib/python3.10/site-packages/ucp/core.py", line 673, in send
    return await comm.tag_send(self._ep, buffer, nbytes, tag, name=log)
ucp._libs.exceptions.UCXError: <[Send #007] ep: 0x7f32a8498140, tag: 0x685777ecde14084, nbytes: 100000000, type: <class 'cudf.core.buffer.buffer.Buffer'>>: Connection reset by remote peer

During handling of the above exception, another exception occurred:

Traceback (most recent call last):
  File "/opt/conda/envs/gdf/lib/python3.10/site-packages/distributed/worker.py", line 1796, in get_data
    compressed = await comm.write(msg, serializers=serializers)
  File "/opt/conda/envs/gdf/lib/python3.10/site-packages/distributed/utils.py", line 805, in wrapper
    return await func(*args, **kwargs)
  File "/opt/conda/envs/gdf/lib/python3.10/site-packages/rapids_dask_dependency/patches/distributed/comm/__rdd_patch_ucx.py", line 341, in write
    raise CommClosedError("While writing, the connection was closed")
distributed.comm.core.CommClosedError: While writing, the connection was closed
2025-02-24 07:17:04,186 - distributed.worker - ERROR - failed during get data with ucx://127.0.0.1:41755 -> ucx://127.0.0.1:54155
Traceback (most recent call last):
  File "/opt/conda/envs/gdf/lib/python3.10/site-packages/rapids_dask_dependency/patches/distributed/comm/__rdd_patch_ucx.py", line 337, in write
    await self.ep.send(each_frame)
  File "/opt/conda/envs/gdf/lib/python3.10/site-packages/ucp/core.py", line 673, in send
    return await comm.tag_send(self._ep, buffer, nbytes, tag, name=log)
ucp._libs.exceptions.UCXError: <[Send #008] ep: 0x7efea8b20440, tag: 0xb77e85df3ffc2af7, nbytes: 100000000, type: <class 'cudf.core.buffer.buffer.Buffer'>>: Connection reset by remote peer

During handling of the above exception, another exception occurred:

Traceback (most recent call last):
  File "/opt/conda/envs/gdf/lib/python3.10/site-packages/distributed/worker.py", line 1796, in get_data
    compressed = await comm.write(msg, serializers=serializers)
  File "/opt/conda/envs/gdf/lib/python3.10/site-packages/distributed/utils.py", line 805, in wrapper
    return await func(*args, **kwargs)
  File "/opt/conda/envs/gdf/lib/python3.10/site-packages/rapids_dask_dependency/patches/distributed/comm/__rdd_patch_ucx.py", line 341, in write
    raise CommClosedError("While writing, the connection was closed")
distributed.comm.core.CommClosedError: While writing, the connection was closed
2025-02-24 07:17:04,186 - distributed.worker - ERROR - failed during get data with ucx://127.0.0.1:37595 -> ucx://127.0.0.1:54155
Traceback (most recent call last):
  File "/opt/conda/envs/gdf/lib/python3.10/site-packages/rapids_dask_dependency/patches/distributed/comm/__rdd_patch_ucx.py", line 337, in write
    await self.ep.send(each_frame)
  File "/opt/conda/envs/gdf/lib/python3.10/site-packages/ucp/core.py", line 673, in send
    return await comm.tag_send(self._ep, buffer, nbytes, tag, name=log)
ucp._libs.exceptions.UCXError: <[Send #007] ep: 0x7f32a8498440, tag: 0x9fe4e5d01ac830d3, nbytes: 100000000, type: <class 'cudf.core.buffer.buffer.Buffer'>>: Connection reset by remote peer

During handling of the above exception, another exception occurred:

Traceback (most recent call last):
  File "/opt/conda/envs/gdf/lib/python3.10/site-packages/distributed/worker.py", line 1796, in get_data
    compressed = await comm.write(msg, serializers=serializers)
  File "/opt/conda/envs/gdf/lib/python3.10/site-packages/distributed/utils.py", line 805, in wrapper
    return await func(*args, **kwargs)
  File "/opt/conda/envs/gdf/lib/python3.10/site-packages/rapids_dask_dependency/patches/distributed/comm/__rdd_patch_ucx.py", line 341, in write
    raise CommClosedError("While writing, the connection was closed")
distributed.comm.core.CommClosedError: While writing, the connection was closed
2025-02-24 07:17:04,189 - distributed.worker - ERROR - Worker stream died during communication: ucx://127.0.0.1:54155
Traceback (most recent call last):
  File "/opt/conda/envs/gdf/lib/python3.10/site-packages/rapids_dask_dependency/patches/distributed/comm/__rdd_patch_ucx.py", line 395, in read
    await self.ep.recv(each_frame)
  File "/opt/conda/envs/gdf/lib/python3.10/site-packages/ucp/core.py", line 748, in recv
    ret = await comm.tag_recv(self._ep, buffer, nbytes, tag, name=log)
ucp._libs.exceptions.UCXCanceled: <[Recv #008] ep: 0x7efea8b20300, tag: 0x1c93c070bff81f18, nbytes: 100000000, type: <class 'rmm.pylibrmm.device_buffer.DeviceBuffer'>>: 

During handling of the above exception, another exception occurred:

Traceback (most recent call last):
  File "/opt/conda/envs/gdf/lib/python3.10/site-packages/distributed/worker.py", line 2075, in gather_dep
    response = await get_data_from_worker(
  File "/opt/conda/envs/gdf/lib/python3.10/site-packages/distributed/worker.py", line 2881, in get_data_from_worker
    response = await send_recv(
  File "/opt/conda/envs/gdf/lib/python3.10/site-packages/distributed/core.py", line 1018, in send_recv
    response = await comm.read(deserializers=deserializers)
  File "/opt/conda/envs/gdf/lib/python3.10/site-packages/distributed/utils.py", line 805, in wrapper
    return await func(*args, **kwargs)
  File "/opt/conda/envs/gdf/lib/python3.10/site-packages/rapids_dask_dependency/patches/distributed/comm/__rdd_patch_ucx.py", line 401, in read
    raise CommClosedError(
distributed.comm.core.CommClosedError: Connection closed by writer.
Inner exception: UCXCanceled("<[Recv #008] ep: 0x7efea8b20300, tag: 0x1c93c070bff81f18, nbytes: 100000000, type: <class 'rmm.pylibrmm.device_buffer.DeviceBuffer'>>: ")
2025-02-24 07:17:04,191 - distributed.worker - ERROR - Worker stream died during communication: ucx://127.0.0.1:41239
Traceback (most recent call last):
  File "/opt/conda/envs/gdf/lib/python3.10/site-packages/rapids_dask_dependency/patches/distributed/comm/__rdd_patch_ucx.py", line 353, in read
    await self.ep.recv(msg)
  File "/opt/conda/envs/gdf/lib/python3.10/site-packages/ucp/core.py", line 748, in recv
    ret = await comm.tag_recv(self._ep, buffer, nbytes, tag, name=log)
asyncio.exceptions.CancelledError

During handling of the above exception, another exception occurred:

Traceback (most recent call last):
  File "/opt/conda/envs/gdf/lib/python3.10/site-packages/distributed/worker.py", line 2075, in gather_dep
    response = await get_data_from_worker(
  File "/opt/conda/envs/gdf/lib/python3.10/site-packages/distributed/worker.py", line 2878, in get_data_from_worker
    comm = await rpc.connect(worker)
  File "/opt/conda/envs/gdf/lib/python3.10/site-packages/distributed/core.py", line 1539, in connect
    return connect_attempt.result()
  File "/opt/conda/envs/gdf/lib/python3.10/site-packages/distributed/core.py", line 1429, in _connect
    comm = await connect(
  File "/opt/conda/envs/gdf/lib/python3.10/site-packages/distributed/comm/core.py", line 377, in connect
    handshake = await comm.read()
  File "/opt/conda/envs/gdf/lib/python3.10/site-packages/distributed/utils.py", line 805, in wrapper
    return await func(*args, **kwargs)
  File "/opt/conda/envs/gdf/lib/python3.10/site-packages/rapids_dask_dependency/patches/distributed/comm/__rdd_patch_ucx.py", line 371, in read
    raise CommClosedError(
distributed.comm.core.CommClosedError: Connection closed by writer.
Inner exception: CancelledError()
2025-02-24 07:17:04,217 - distributed.nanny - WARNING - Restarting worker
2025-02-24 07:17:33,478 - distributed.worker - ERROR - Worker stream died during communication: ucx://127.0.0.1:43493
Traceback (most recent call last):
  File "/opt/conda/envs/gdf/lib/python3.10/site-packages/rapids_dask_dependency/patches/distributed/comm/__rdd_patch_ucx.py", line 470, in connect
    ep = await ucp.create_endpoint(ip, port)
  File "/opt/conda/envs/gdf/lib/python3.10/site-packages/ucp/core.py", line 1040, in create_endpoint
    return await _get_ctx().create_endpoint(
  File "/opt/conda/envs/gdf/lib/python3.10/site-packages/ucp/core.py", line 337, in create_endpoint
    peer_info = await exchange_peer_info(
  File "/opt/conda/envs/gdf/lib/python3.10/site-packages/ucp/core.py", line 62, in exchange_peer_info
    await asyncio.wait_for(
  File "/opt/conda/envs/gdf/lib/python3.10/asyncio/tasks.py", line 445, in wait_for
    return fut.result()
ucp._libs.exceptions.UCXNotConnected: <stream_recv>: 

During handling of the above exception, another exception occurred:

Traceback (most recent call last):
  File "/opt/conda/envs/gdf/lib/python3.10/site-packages/distributed/comm/core.py", line 342, in connect
    comm = await wait_for(
  File "/opt/conda/envs/gdf/lib/python3.10/site-packages/distributed/utils.py", line 1915, in wait_for
    return await asyncio.wait_for(fut, timeout)
  File "/opt/conda/envs/gdf/lib/python3.10/asyncio/tasks.py", line 445, in wait_for
    return fut.result()
  File "/opt/conda/envs/gdf/lib/python3.10/site-packages/rapids_dask_dependency/patches/distributed/comm/__rdd_patch_ucx.py", line 472, in connect
    raise CommClosedError("Connection closed before handshake completed")
distributed.comm.core.CommClosedError: Connection closed before handshake completed

The above exception was the direct cause of the following exception:

Traceback (most recent call last):
  File "/opt/conda/envs/gdf/lib/python3.10/site-packages/distributed/worker.py", line 2075, in gather_dep
    response = await get_data_from_worker(
  File "/opt/conda/envs/gdf/lib/python3.10/site-packages/distributed/worker.py", line 2878, in get_data_from_worker
    comm = await rpc.connect(worker)
  File "/opt/conda/envs/gdf/lib/python3.10/site-packages/distributed/core.py", line 1539, in connect
    return connect_attempt.result()
  File "/opt/conda/envs/gdf/lib/python3.10/site-packages/distributed/core.py", line 1429, in _connect
    comm = await connect(
  File "/opt/conda/envs/gdf/lib/python3.10/site-packages/distributed/comm/core.py", line 368, in connect
    raise OSError(
OSError: Timed out trying to connect to ucx://127.0.0.1:43493 after 30 s
2025-02-24 07:17:33,489 - distributed.worker - ERROR - Worker stream died during communication: ucx://127.0.0.1:47203
Traceback (most recent call last):
  File "/opt/conda/envs/gdf/lib/python3.10/site-packages/rapids_dask_dependency/patches/distributed/comm/__rdd_patch_ucx.py", line 470, in connect
    ep = await ucp.create_endpoint(ip, port)
  File "/opt/conda/envs/gdf/lib/python3.10/site-packages/ucp/core.py", line 1040, in create_endpoint
    return await _get_ctx().create_endpoint(
  File "/opt/conda/envs/gdf/lib/python3.10/site-packages/ucp/core.py", line 337, in create_endpoint
    peer_info = await exchange_peer_info(
  File "/opt/conda/envs/gdf/lib/python3.10/site-packages/ucp/core.py", line 62, in exchange_peer_info
    await asyncio.wait_for(
  File "/opt/conda/envs/gdf/lib/python3.10/asyncio/tasks.py", line 445, in wait_for
    return fut.result()
ucp._libs.exceptions.UCXNotConnected: <stream_recv>: 

During handling of the above exception, another exception occurred:

Traceback (most recent call last):
  File "/opt/conda/envs/gdf/lib/python3.10/site-packages/distributed/comm/core.py", line 342, in connect
    comm = await wait_for(
  File "/opt/conda/envs/gdf/lib/python3.10/site-packages/distributed/utils.py", line 1915, in wait_for
    return await asyncio.wait_for(fut, timeout)
  File "/opt/conda/envs/gdf/lib/python3.10/asyncio/tasks.py", line 445, in wait_for
    return fut.result()
  File "/opt/conda/envs/gdf/lib/python3.10/site-packages/rapids_dask_dependency/patches/distributed/comm/__rdd_patch_ucx.py", line 472, in connect
    raise CommClosedError("Connection closed before handshake completed")
distributed.comm.core.CommClosedError: Connection closed before handshake completed

The above exception was the direct cause of the following exception:

Traceback (most recent call last):
  File "/opt/conda/envs/gdf/lib/python3.10/site-packages/distributed/worker.py", line 2075, in gather_dep
    response = await get_data_from_worker(
  File "/opt/conda/envs/gdf/lib/python3.10/site-packages/distributed/worker.py", line 2878, in get_data_from_worker
    comm = await rpc.connect(worker)
  File "/opt/conda/envs/gdf/lib/python3.10/site-packages/distributed/core.py", line 1539, in connect
    return connect_attempt.result()
  File "/opt/conda/envs/gdf/lib/python3.10/site-packages/distributed/core.py", line 1429, in _connect
    comm = await connect(
  File "/opt/conda/envs/gdf/lib/python3.10/site-packages/distributed/comm/core.py", line 368, in connect
    raise OSError(
OSError: Timed out trying to connect to ucx://127.0.0.1:47203 after 30 s
[ 87062][07:17:34:676732][error ] [A][Stream 0x1][Upstream 800000000B][FAILURE maximum pool size exceeded]
[ 87061][07:17:34:687953][error ] [A][Stream 0x1][Upstream 800000000B][FAILURE maximum pool size exceeded]
2025-02-24 07:17:34,914 - distributed.worker - ERROR - Compute Failed
Key:       ('group-taskshuffle-4fd074a2cd7f311076c6384d46992a97', 0)
State:     executing
Task:  <Task ('group-taskshuffle-4fd074a2cd7f311076c6384d46992a97', 0) _shuffle_group(...)>
Exception: "MemoryError('std::bad_alloc: out_of_memory: RMM failure at:/opt/conda/envs/gdf/include/rmm/mr/device/pool_memory_resource.hpp:269: Maximum pool size exceeded')"
Traceback: '  File "/opt/conda/envs/gdf/lib/python3.10/site-packages/dask/dataframe/dask_expr/_shuffle.py", line 323, in _shuffle_group\n    return shuffle_group(df, *args)\n  File "/opt/conda/envs/gdf/lib/python3.10/site-packages/dask/dataframe/shuffle.py", line 214, in shuffle_group\n    return group_split_dispatch(df, ind, k, ignore_index=ignore_index)\n  File "/opt/conda/envs/gdf/lib/python3.10/site-packages/dask/utils.py", line 772, in __call__\n    return meth(arg, *args, **kwargs)\n  File "/opt/conda/envs/gdf/lib/python3.10/site-packages/cudf/utils/performance_tracking.py", line 51, in wrapper\n    return func(*args, **kwargs)\n  File "/opt/conda/envs/gdf/lib/python3.10/site-packages/dask_cudf/backends.py", line 436, in group_split_cudf\n    df.scatter_by_map(\n  File "/opt/conda/envs/gdf/lib/python3.10/site-packages/cudf/utils/performance_tracking.py", line 51, in wrapper\n    return func(*args, **kwargs)\n  File "/opt/conda/envs/gdf/lib/python3.10/site-packages/cudf/core/dataframe.py", line 2502, in scatter_by_map\n    plc_table, output_offsets = plc.partitioning.partition(\n  File "partitioning.pyx", line 57, in pylibcudf.partitioning.partition\n  File "partitioning.pyx", line 82, in pylibcudf.partitioning.partition\n'

2025-02-24 07:17:34,922 - distributed.worker - ERROR - Compute Failed
Key:       ('group-taskshuffle-4fd074a2cd7f311076c6384d46992a97', 1)
State:     executing
Task:  <Task ('group-taskshuffle-4fd074a2cd7f311076c6384d46992a97', 1) _shuffle_group(...)>
Exception: "MemoryError('std::bad_alloc: out_of_memory: RMM failure at:/opt/conda/envs/gdf/include/rmm/mr/device/pool_memory_resource.hpp:269: Maximum pool size exceeded')"
Traceback: '  File "/opt/conda/envs/gdf/lib/python3.10/site-packages/dask/dataframe/dask_expr/_shuffle.py", line 323, in _shuffle_group\n    return shuffle_group(df, *args)\n  File "/opt/conda/envs/gdf/lib/python3.10/site-packages/dask/dataframe/shuffle.py", line 214, in shuffle_group\n    return group_split_dispatch(df, ind, k, ignore_index=ignore_index)\n  File "/opt/conda/envs/gdf/lib/python3.10/site-packages/dask/utils.py", line 772, in __call__\n    return meth(arg, *args, **kwargs)\n  File "/opt/conda/envs/gdf/lib/python3.10/site-packages/cudf/utils/performance_tracking.py", line 51, in wrapper\n    return func(*args, **kwargs)\n  File "/opt/conda/envs/gdf/lib/python3.10/site-packages/dask_cudf/backends.py", line 436, in group_split_cudf\n    df.scatter_by_map(\n  File "/opt/conda/envs/gdf/lib/python3.10/site-packages/cudf/utils/performance_tracking.py", line 51, in wrapper\n    return func(*args, **kwargs)\n  File "/opt/conda/envs/gdf/lib/python3.10/site-packages/cudf/core/dataframe.py", line 2502, in scatter_by_map\n    plc_table, output_offsets = plc.partitioning.partition(\n  File "partitioning.pyx", line 57, in pylibcudf.partitioning.partition\n  File "partitioning.pyx", line 82, in pylibcudf.partitioning.partition\n'

[dgx13:87088:0:87088] Caught signal 11 (Segmentation fault: address not mapped to object at address 0x450)
==== backtrace (tid:  87088) ====
 0  /opt/conda/envs/gdf/lib/libucs.so.0(ucs_handle_error+0x305) [0x7fee647d8025]
 1  /opt/conda/envs/gdf/lib/libucs.so.0(+0x2f221) [0x7fee647d8221]
 2  /opt/conda/envs/gdf/lib/libucs.so.0(+0x2f3ea) [0x7fee647d83ea]
 3  /usr/lib/x86_64-linux-gnu/libpthread.so.0(+0x14420) [0x7feea2a5d420]
 4  /opt/conda/envs/gdf/lib/libucp.so.0(ucp_mem_type_unpack+0x17) [0x7fee6485d197]
 5  /opt/conda/envs/gdf/lib/libucp.so.0(ucp_rndv_data_handler+0x5f5) [0x7fee648889e5]
 6  /opt/conda/envs/gdf/lib/./libuct.so.0(+0x21dd6) [0x7fee6478cdd6]
 7  /opt/conda/envs/gdf/lib/./libuct.so.0(+0x24f48) [0x7fee6478ff48]
 8  /opt/conda/envs/gdf/lib/libucs.so.0(ucs_event_set_wait+0xb1) [0x7fee647e1851]
 9  /opt/conda/envs/gdf/lib/./libuct.so.0(uct_tcp_iface_progress+0x7c) [0x7fee6478efbc]
10  /opt/conda/envs/gdf/lib/libucp.so.0(ucp_worker_progress+0x5a) [0x7fee64859d5a]
11  /opt/conda/envs/gdf/lib/python3.10/site-packages/ucp/_libs/ucx_api.cpython-310-x86_64-linux-gnu.so(+0x31dca) [0x7fee6491ddca]
12  /opt/conda/envs/gdf/bin/python(_PyEval_EvalFrameDefault+0x2c3e) [0x55e88fce26de]
13  /opt/conda/envs/gdf/bin/python(_PyFunction_Vectorcall+0x6c) [0x55e88fcefb7c]
14  /opt/conda/envs/gdf/bin/python(_PyEval_EvalFrameDefault+0x6fd) [0x55e88fce019d]
15  /opt/conda/envs/gdf/bin/python(+0x1d62c9) [0x55e88fd8a2c9]
16  /opt/conda/envs/gdf/lib/python3.10/lib-dynload/_asyncio.cpython-310-x86_64-linux-gnu.so(+0x7782) [0x7fee8228f782]
17  /opt/conda/envs/gdf/bin/python(_PyObject_MakeTpCall+0x2d3) [0x55e88fce8a03]
18  /opt/conda/envs/gdf/bin/python(+0xf745f) [0x55e88fcab45f]
19  /opt/conda/envs/gdf/bin/python(+0x1331b3) [0x55e88fce71b3]
20  /opt/conda/envs/gdf/bin/python(_PyEval_EvalFrameDefault+0x593b) [0x55e88fce53db]
21  /opt/conda/envs/gdf/bin/python(_PyFunction_Vectorcall+0x6c) [0x55e88fcefb7c]
22  /opt/conda/envs/gdf/bin/python(_PyEval_EvalFrameDefault+0x6fd) [0x55e88fce019d]
23  /opt/conda/envs/gdf/bin/python(_PyFunction_Vectorcall+0x6c) [0x55e88fcefb7c]
24  /opt/conda/envs/gdf/bin/python(_PyEval_EvalFrameDefault+0x6fd) [0x55e88fce019d]
25  /opt/conda/envs/gdf/bin/python(_PyFunction_Vectorcall+0x6c) [0x55e88fcefb7c]
26  /opt/conda/envs/gdf/bin/python(_PyEval_EvalFrameDefault+0x6fd) [0x55e88fce019d]
27  /opt/conda/envs/gdf/bin/python(_PyFunction_Vectorcall+0x6c) [0x55e88fcefb7c]
28  /opt/conda/envs/gdf/bin/python(_PyEval_EvalFrameDefault+0x6fd) [0x55e88fce019d]
29  /opt/conda/envs/gdf/bin/python(_PyFunction_Vectorcall+0x6c) [0x55e88fcefb7c]
30  /opt/conda/envs/gdf/bin/python(_PyEval_EvalFrameDefault+0x1341) [0x55e88fce0de1]
31  /opt/conda/envs/gdf/bin/python(+0x146fb2) [0x55e88fcfafb2]
32  /opt/conda/envs/gdf/bin/python(PyObject_Call+0xbc) [0x55e88fcfb94c]
33  /opt/conda/envs/gdf/bin/python(+0x1ff72d) [0x55e88fdb372d]
34  /opt/conda/envs/gdf/bin/python(_PyObject_MakeTpCall+0x2d3) [0x55e88fce8a03]
35  /opt/conda/envs/gdf/bin/python(_PyEval_EvalFrameDefault+0x2c3e) [0x55e88fce26de]
36  /opt/conda/envs/gdf/bin/python(+0x147108) [0x55e88fcfb108]
37  /opt/conda/envs/gdf/bin/python(_PyEval_EvalFrameDefault+0x2c3e) [0x55e88fce26de]
38  /opt/conda/envs/gdf/bin/python(_PyFunction_Vectorcall+0x6c) [0x55e88fcefb7c]
39  /opt/conda/envs/gdf/bin/python(_PyEval_EvalFrameDefault+0x6fd) [0x55e88fce019d]
40  /opt/conda/envs/gdf/bin/python(_PyFunction_Vectorcall+0x6c) [0x55e88fcefb7c]
41  /opt/conda/envs/gdf/bin/python(_PyEval_EvalFrameDefault+0x6fd) [0x55e88fce019d]
42  /opt/conda/envs/gdf/bin/python(_PyFunction_Vectorcall+0x6c) [0x55e88fcefb7c]
43  /opt/conda/envs/gdf/bin/python(_PyEval_EvalFrameDefault+0x309) [0x55e88fcdfda9]
44  /opt/conda/envs/gdf/bin/python(_PyFunction_Vectorcall+0x6c) [0x55e88fcefb7c]
45  /opt/conda/envs/gdf/bin/python(_PyEval_EvalFrameDefault+0x1341) [0x55e88fce0de1]
46  /opt/conda/envs/gdf/bin/python(+0x1cca8c) [0x55e88fd80a8c]
47  /opt/conda/envs/gdf/bin/python(PyEval_EvalCode+0x87) [0x55e88fd809d7]
48  /opt/conda/envs/gdf/bin/python(+0x1fceba) [0x55e88fdb0eba]
49  /opt/conda/envs/gdf/bin/python(+0x1f8343) [0x55e88fdac343]
50  /opt/conda/envs/gdf/bin/python(PyRun_StringFlags+0x7d) [0x55e88fda4add]
51  /opt/conda/envs/gdf/bin/python(PyRun_SimpleStringFlags+0x3c) [0x55e88fda491c]
52  /opt/conda/envs/gdf/bin/python(Py_RunMain+0x3ba) [0x55e88fda3b1a]
53  /opt/conda/envs/gdf/bin/python(Py_BytesMain+0x37) [0x55e88fd74117]
54  /usr/lib/x86_64-linux-gnu/libc.so.6(__libc_start_main+0xf3) [0x7feea2721083]
55  /opt/conda/envs/gdf/bin/python(+0x1c002e) [0x55e88fd7402e]
=================================
[dgx13:86874:0:86874] Caught signal 11 (Segmentation fault: address not mapped to object at address 0x450)
==== backtrace (tid:  86874) ====
 0  /opt/conda/envs/gdf/lib/libucs.so.0(ucs_handle_error+0x305) [0x7efea97de025]
 1  /opt/conda/envs/gdf/lib/libucs.so.0(+0x2f221) [0x7efea97de221]
 2  /opt/conda/envs/gdf/lib/libucs.so.0(+0x2f3ea) [0x7efea97de3ea]
 3  /usr/lib/x86_64-linux-gnu/libpthread.so.0(+0x14420) [0x7efef9964420]
 4  /opt/conda/envs/gdf/lib/libucp.so.0(ucp_mem_type_unpack+0x17) [0x7efea9863197]
 5  /opt/conda/envs/gdf/lib/libucp.so.0(ucp_rndv_data_handler+0x5f5) [0x7efea988e9e5]
 6  /opt/conda/envs/gdf/lib/./libuct.so.0(+0x21dd6) [0x7efea9792dd6]
 7  /opt/conda/envs/gdf/lib/./libuct.so.0(+0x24f48) [0x7efea9795f48]
 8  /opt/conda/envs/gdf/lib/libucs.so.0(ucs_event_set_wait+0xb1) [0x7efea97e7851]
 9  /opt/conda/envs/gdf/lib/./libuct.so.0(uct_tcp_iface_progress+0x7c) [0x7efea9794fbc]
10  /opt/conda/envs/gdf/lib/libucp.so.0(ucp_worker_progress+0x5a) [0x7efea985fd5a]
11  /opt/conda/envs/gdf/lib/python3.10/site-packages/ucp/_libs/ucx_api.cpython-310-x86_64-linux-gnu.so(+0x31dca) [0x7efea9923dca]
12  /opt/conda/envs/gdf/bin/python(_PyEval_EvalFrameDefault+0x2c3e) [0x55bd3af336de]
13  /opt/conda/envs/gdf/bin/python(_PyFunction_Vectorcall+0x6c) [0x55bd3af40b7c]
14  /opt/conda/envs/gdf/bin/python(_PyEval_EvalFrameDefault+0x6fd) [0x55bd3af3119d]
15  /opt/conda/envs/gdf/bin/python(+0x147234) [0x55bd3af4c234]
16  /opt/conda/envs/gdf/bin/python(+0x252f7c) [0x55bd3b057f7c]
17  /opt/conda/envs/gdf/bin/python(+0xf745f) [0x55bd3aefc45f]
18  /opt/conda/envs/gdf/bin/python(+0x1331b3) [0x55bd3af381b3]
19  /opt/conda/envs/gdf/bin/python(_PyEval_EvalFrameDefault+0x593b) [0x55bd3af363db]
20  /opt/conda/envs/gdf/bin/python(_PyFunction_Vectorcall+0x6c) [0x55bd3af40b7c]
21  /opt/conda/envs/gdf/bin/python(_PyEval_EvalFrameDefault+0x6fd) [0x55bd3af3119d]
22  /opt/conda/envs/gdf/bin/python(_PyFunction_Vectorcall+0x6c) [0x55bd3af40b7c]
23  /opt/conda/envs/gdf/bin/python(_PyEval_EvalFrameDefault+0x6fd) [0x55bd3af3119d]
24  /opt/conda/envs/gdf/bin/python(_PyFunction_Vectorcall+0x6c) [0x55bd3af40b7c]
25  /opt/conda/envs/gdf/bin/python(_PyEval_EvalFrameDefault+0x6fd) [0x55bd3af3119d]
26  /opt/conda/envs/gdf/bin/python(_PyFunction_Vectorcall+0x6c) [0x55bd3af40b7c]
27  /opt/conda/envs/gdf/bin/python(_PyEval_EvalFrameDefault+0x6fd) [0x55bd3af3119d]
28  /opt/conda/envs/gdf/bin/python(_PyFunction_Vectorcall+0x6c) [0x55bd3af40b7c]
29  /opt/conda/envs/gdf/bin/python(_PyEval_EvalFrameDefault+0x1341) [0x55bd3af31de1]
30  /opt/conda/envs/gdf/bin/python(+0x146fb2) [0x55bd3af4bfb2]
31  /opt/conda/envs/gdf/bin/python(PyObject_Call+0xbc) [0x55bd3af4c94c]
32  /opt/conda/envs/gdf/bin/python(+0x1ff72d) [0x55bd3b00472d]
33  /opt/conda/envs/gdf/bin/python(_PyObject_MakeTpCall+0x2d3) [0x55bd3af39a03]
34  /opt/conda/envs/gdf/bin/python(_PyEval_EvalFrameDefault+0x2c3e) [0x55bd3af336de]
35  /opt/conda/envs/gdf/bin/python(+0x147108) [0x55bd3af4c108]
36  /opt/conda/envs/gdf/bin/python(_PyEval_EvalFrameDefault+0x2c3e) [0x55bd3af336de]
37  /opt/conda/envs/gdf/bin/python(_PyFunction_Vectorcall+0x6c) [0x55bd3af40b7c]
38  /opt/conda/envs/gdf/bin/python(_PyEval_EvalFrameDefault+0x6fd) [0x55bd3af3119d]
39  /opt/conda/envs/gdf/bin/python(_PyFunction_Vectorcall+0x6c) [0x55bd3af40b7c]
40  /opt/conda/envs/gdf/bin/python(_PyEval_EvalFrameDefault+0x6fd) [0x55bd3af3119d]
41  /opt/conda/envs/gdf/bin/python(_PyFunction_Vectorcall+0x6c) [0x55bd3af40b7c]
42  /opt/conda/envs/gdf/bin/python(_PyEval_EvalFrameDefault+0x309) [0x55bd3af30da9]
43  /opt/conda/envs/gdf/bin/python(_PyFunction_Vectorcall+0x6c) [0x55bd3af40b7c]
44  /opt/conda/envs/gdf/bin/python(_PyEval_EvalFrameDefault+0x1341) [0x55bd3af31de1]
45  /opt/conda/envs/gdf/bin/python(+0x1cca8c) [0x55bd3afd1a8c]
46  /opt/conda/envs/gdf/bin/python(PyEval_EvalCode+0x87) [0x55bd3afd19d7]
47  /opt/conda/envs/gdf/bin/python(+0x1fceba) [0x55bd3b001eba]
48  /opt/conda/envs/gdf/bin/python(+0x1f8343) [0x55bd3affd343]
49  /opt/conda/envs/gdf/bin/python(PyRun_StringFlags+0x7d) [0x55bd3aff5add]
50  /opt/conda/envs/gdf/bin/python(PyRun_SimpleStringFlags+0x3c) [0x55bd3aff591c]
51  /opt/conda/envs/gdf/bin/python(Py_RunMain+0x3ba) [0x55bd3aff4b1a]
52  /opt/conda/envs/gdf/bin/python(Py_BytesMain+0x37) [0x55bd3afc5117]
53  /usr/lib/x86_64-linux-gnu/libc.so.6(__libc_start_main+0xf3) [0x7efef9628083]
54  /opt/conda/envs/gdf/bin/python(+0x1c002e) [0x55bd3afc502e]
=================================
[dgx13:87078:0:87078] Caught signal 11 (Segmentation fault: address not mapped to object at address 0x450)
==== backtrace (tid:  87078) ====
 0  /opt/conda/envs/gdf/lib/libucs.so.0(ucs_handle_error+0x305) [0x7f6b3efdd025]
 1  /opt/conda/envs/gdf/lib/libucs.so.0(+0x2f221) [0x7f6b3efdd221]
 2  /opt/conda/envs/gdf/lib/libucs.so.0(+0x2f3ea) [0x7f6b3efdd3ea]
 3  /usr/lib/x86_64-linux-gnu/libpthread.so.0(+0x14420) [0x7f6b9b199420]
 4  /opt/conda/envs/gdf/lib/libucp.so.0(ucp_mem_type_unpack+0x17) [0x7f6b3f062197]
 5  /opt/conda/envs/gdf/lib/libucp.so.0(ucp_rndv_data_handler+0x5f5) [0x7f6b3f08d9e5]
 6  /opt/conda/envs/gdf/lib/./libuct.so.0(+0x21dd6) [0x7f6b3ef91dd6]
 7  /opt/conda/envs/gdf/lib/./libuct.so.0(+0x24f48) [0x7f6b3ef94f48]
 8  /opt/conda/envs/gdf/lib/libucs.so.0(ucs_event_set_wait+0xb1) [0x7f6b3efe6851]
 9  /opt/conda/envs/gdf/lib/./libuct.so.0(uct_tcp_iface_progress+0x7c) [0x7f6b3ef93fbc]
10  /opt/conda/envs/gdf/lib/libucp.so.0(ucp_worker_progress+0x5a) [0x7f6b3f05ed5a]
11  /opt/conda/envs/gdf/lib/python3.10/site-packages/ucp/_libs/ucx_api.cpython-310-x86_64-linux-gnu.so(+0x31dca) [0x7f6b3f122dca]
12  /opt/conda/envs/gdf/bin/python(_PyEval_EvalFrameDefault+0x2c3e) [0x5558e34936de]
13  /opt/conda/envs/gdf/bin/python(_PyFunction_Vectorcall+0x6c) [0x5558e34a0b7c]
14  /opt/conda/envs/gdf/bin/python(_PyEval_EvalFrameDefault+0x6fd) [0x5558e349119d]
15  /opt/conda/envs/gdf/bin/python(+0x147234) [0x5558e34ac234]
16  /opt/conda/envs/gdf/bin/python(+0x252f7c) [0x5558e35b7f7c]
17  /opt/conda/envs/gdf/bin/python(+0xf745f) [0x5558e345c45f]
18  /opt/conda/envs/gdf/bin/python(+0x1331b3) [0x5558e34981b3]
19  /opt/conda/envs/gdf/bin/python(_PyEval_EvalFrameDefault+0x593b) [0x5558e34963db]
20  /opt/conda/envs/gdf/bin/python(_PyFunction_Vectorcall+0x6c) [0x5558e34a0b7c]
21  /opt/conda/envs/gdf/bin/python(_PyEval_EvalFrameDefault+0x6fd) [0x5558e349119d]
22  /opt/conda/envs/gdf/bin/python(_PyFunction_Vectorcall+0x6c) [0x5558e34a0b7c]
23  /opt/conda/envs/gdf/bin/python(_PyEval_EvalFrameDefault+0x6fd) [0x5558e349119d]
24  /opt/conda/envs/gdf/bin/python(_PyFunction_Vectorcall+0x6c) [0x5558e34a0b7c]
25  /opt/conda/envs/gdf/bin/python(_PyEval_EvalFrameDefault+0x6fd) [0x5558e349119d]
26  /opt/conda/envs/gdf/bin/python(_PyFunction_Vectorcall+0x6c) [0x5558e34a0b7c]
27  /opt/conda/envs/gdf/bin/python(_PyEval_EvalFrameDefault+0x6fd) [0x5558e349119d]
28  /opt/conda/envs/gdf/bin/python(_PyFunction_Vectorcall+0x6c) [0x5558e34a0b7c]
29  /opt/conda/envs/gdf/bin/python(_PyEval_EvalFrameDefault+0x1341) [0x5558e3491de1]
30  /opt/conda/envs/gdf/bin/python(+0x146fb2) [0x5558e34abfb2]
31  /opt/conda/envs/gdf/bin/python(PyObject_Call+0xbc) [0x5558e34ac94c]
32  /opt/conda/envs/gdf/bin/python(+0x1ff72d) [0x5558e356472d]
33  /opt/conda/envs/gdf/bin/python(_PyObject_MakeTpCall+0x2d3) [0x5558e3499a03]
34  /opt/conda/envs/gdf/bin/python(_PyEval_EvalFrameDefault+0x2c3e) [0x5558e34936de]
35  /opt/conda/envs/gdf/bin/python(+0x147108) [0x5558e34ac108]
36  /opt/conda/envs/gdf/bin/python(_PyEval_EvalFrameDefault+0x2c3e) [0x5558e34936de]
37  /opt/conda/envs/gdf/bin/python(_PyFunction_Vectorcall+0x6c) [0x5558e34a0b7c]
38  /opt/conda/envs/gdf/bin/python(_PyEval_EvalFrameDefault+0x6fd) [0x5558e349119d]
39  /opt/conda/envs/gdf/bin/python(_PyFunction_Vectorcall+0x6c) [0x5558e34a0b7c]
40  /opt/conda/envs/gdf/bin/python(_PyEval_EvalFrameDefault+0x6fd) [0x5558e349119d]
41  /opt/conda/envs/gdf/bin/python(_PyFunction_Vectorcall+0x6c) [0x5558e34a0b7c]
42  /opt/conda/envs/gdf/bin/python(_PyEval_EvalFrameDefault+0x309) [0x5558e3490da9]
43  /opt/conda/envs/gdf/bin/python(_PyFunction_Vectorcall+0x6c) [0x5558e34a0b7c]
44  /opt/conda/envs/gdf/bin/python(_PyEval_EvalFrameDefault+0x1341) [0x5558e3491de1]
45  /opt/conda/envs/gdf/bin/python(+0x1cca8c) [0x5558e3531a8c]
46  /opt/conda/envs/gdf/bin/python(PyEval_EvalCode+0x87) [0x5558e35319d7]
47  /opt/conda/envs/gdf/bin/python(+0x1fceba) [0x5558e3561eba]
48  /opt/conda/envs/gdf/bin/python(+0x1f8343) [0x5558e355d343]
49  /opt/conda/envs/gdf/bin/python(PyRun_StringFlags+0x7d) [0x5558e3555add]
50  /opt/conda/envs/gdf/bin/python(PyRun_SimpleStringFlags+0x3c) [0x5558e355591c]
51  /opt/conda/envs/gdf/bin/python(Py_RunMain+0x3ba) [0x5558e3554b1a]
52  /opt/conda/envs/gdf/bin/python(Py_BytesMain+0x37) [0x5558e3525117]
53  /usr/lib/x86_64-linux-gnu/libc.so.6(__libc_start_main+0xf3) [0x7f6b9ae5d083]
54  /opt/conda/envs/gdf/bin/python(+0x1c002e) [0x5558e352502e]
=================================
2025-02-24 07:17:36,174 - distributed.scheduler - WARNING - Removing worker 'ucx://127.0.0.1:54705' caused the cluster to lose already computed task(s), which will be recomputed elsewhere: {('split-taskshuffle-42c82307b2f5928bce72459b455e28a0', 0, 7), ('split-taskshuffle-42c82307b2f5928bce72459b455e28a0', 6, 7), ('split-taskshuffle-42c82307b2f5928bce72459b455e28a0', 1, 7), ('split-taskshuffle-42c82307b2f5928bce72459b455e28a0', 7, 7), ('split-taskshuffle-42c82307b2f5928bce72459b455e28a0', 2, 7), ('generate_chunk-_to_string_dtype-a0180b72cbed01de5a9fb7d9b0e1ee1a', 7), ('split-taskshuffle-42c82307b2f5928bce72459b455e28a0', 3, 7), ('split-taskshuffle-42c82307b2f5928bce72459b455e28a0', 4, 7), ('split-taskshuffle-42c82307b2f5928bce72459b455e28a0', 5, 7)} (stimulus_id='handle-worker-cleanup-1740381456.174442')
Task exception was never retrieved
future: <Task finished name='Task-4815' coro=<_listener_handler_coroutine() done, defined at /opt/conda/envs/gdf/lib/python3.10/site-packages/ucp/core.py:142> exception=UCXError('<stream_recv>: Connection reset by remote peer')>
Traceback (most recent call last):
  File "/opt/conda/envs/gdf/lib/python3.10/site-packages/ucp/core.py", line 157, in _listener_handler_coroutine
    peer_info = await exchange_peer_info(
  File "/opt/conda/envs/gdf/lib/python3.10/site-packages/ucp/core.py", line 57, in exchange_peer_info
    await asyncio.wait_for(
  File "/opt/conda/envs/gdf/lib/python3.10/asyncio/tasks.py", line 445, in wait_for
    return fut.result()
ucp._libs.exceptions.UCXError: <stream_recv>: Connection reset by remote peer
2025-02-24 07:17:36,224 - distributed.worker - ERROR - failed during get data with ucx://127.0.0.1:54853 -> ucx://127.0.0.1:54705
Traceback (most recent call last):
  File "/opt/conda/envs/gdf/lib/python3.10/site-packages/rapids_dask_dependency/patches/distributed/comm/__rdd_patch_ucx.py", line 337, in write
    await self.ep.send(each_frame)
  File "/opt/conda/envs/gdf/lib/python3.10/site-packages/ucp/core.py", line 673, in send
    return await comm.tag_send(self._ep, buffer, nbytes, tag, name=log)
ucp._libs.exceptions.UCXError: <[Send #007] ep: 0x7f770e682100, tag: 0xf6046aecc50cd227, nbytes: 100000000, type: <class 'cudf.core.buffer.buffer.Buffer'>>: Connection reset by remote peer

During handling of the above exception, another exception occurred:

Traceback (most recent call last):
  File "/opt/conda/envs/gdf/lib/python3.10/site-packages/distributed/worker.py", line 1796, in get_data
    compressed = await comm.write(msg, serializers=serializers)
  File "/opt/conda/envs/gdf/lib/python3.10/site-packages/distributed/utils.py", line 805, in wrapper
    return await func(*args, **kwargs)
  File "/opt/conda/envs/gdf/lib/python3.10/site-packages/rapids_dask_dependency/patches/distributed/comm/__rdd_patch_ucx.py", line 341, in write
    raise CommClosedError("While writing, the connection was closed")
distributed.comm.core.CommClosedError: While writing, the connection was closed
2025-02-24 07:17:36,236 - distributed.worker - ERROR - failed during get data with ucx://127.0.0.1:37595 -> ucx://127.0.0.1:54705
Traceback (most recent call last):
  File "/opt/conda/envs/gdf/lib/python3.10/site-packages/rapids_dask_dependency/patches/distributed/comm/__rdd_patch_ucx.py", line 319, in write
    await self.ep.send(struct.pack("?Q", False, nframes))
  File "/opt/conda/envs/gdf/lib/python3.10/site-packages/ucp/core.py", line 652, in send
    self._ep.raise_on_error()
  File "ucp/_libs/ucx_endpoint.pyx", line 353, in ucp._libs.ucx_api.UCXEndpoint.raise_on_error
ucp._libs.exceptions.UCXConnectionReset: Endpoint 0x7f32a8498280 error: Connection reset by remote peer

During handling of the above exception, another exception occurred:

Traceback (most recent call last):
  File "/opt/conda/envs/gdf/lib/python3.10/site-packages/distributed/worker.py", line 1796, in get_data
    compressed = await comm.write(msg, serializers=serializers)
  File "/opt/conda/envs/gdf/lib/python3.10/site-packages/distributed/utils.py", line 805, in wrapper
    return await func(*args, **kwargs)
  File "/opt/conda/envs/gdf/lib/python3.10/site-packages/rapids_dask_dependency/patches/distributed/comm/__rdd_patch_ucx.py", line 341, in write
    raise CommClosedError("While writing, the connection was closed")
distributed.comm.core.CommClosedError: While writing, the connection was closed
2025-02-24 07:17:36,290 - distributed.worker - ERROR - Worker stream died during communication: ucx://127.0.0.1:41755
Traceback (most recent call last):
  File "/opt/conda/envs/gdf/lib/python3.10/site-packages/rapids_dask_dependency/patches/distributed/comm/__rdd_patch_ucx.py", line 395, in read
    await self.ep.recv(each_frame)
  File "/opt/conda/envs/gdf/lib/python3.10/site-packages/ucp/core.py", line 748, in recv
    ret = await comm.tag_recv(self._ep, buffer, nbytes, tag, name=log)
ucp._libs.exceptions.UCXCanceled: <[Recv #057] ep: 0x7f32a8498240, tag: 0x2054ae35665afb27, nbytes: 100000000, type: <class 'rmm.pylibrmm.device_buffer.DeviceBuffer'>>: 

During handling of the above exception, another exception occurred:

Traceback (most recent call last):
  File "/opt/conda/envs/gdf/lib/python3.10/site-packages/distributed/worker.py", line 2075, in gather_dep
    response = await get_data_from_worker(
  File "/opt/conda/envs/gdf/lib/python3.10/site-packages/distributed/worker.py", line 2881, in get_data_from_worker
    response = await send_recv(
  File "/opt/conda/envs/gdf/lib/python3.10/site-packages/distributed/core.py", line 1018, in send_recv
    response = await comm.read(deserializers=deserializers)
  File "/opt/conda/envs/gdf/lib/python3.10/site-packages/distributed/utils.py", line 805, in wrapper
    return await func(*args, **kwargs)
  File "/opt/conda/envs/gdf/lib/python3.10/site-packages/rapids_dask_dependency/patches/distributed/comm/__rdd_patch_ucx.py", line 401, in read
    raise CommClosedError(
distributed.comm.core.CommClosedError: Connection closed by writer.
Inner exception: UCXCanceled("<[Recv #057] ep: 0x7f32a8498240, tag: 0x2054ae35665afb27, nbytes: 100000000, type: <class 'rmm.pylibrmm.device_buffer.DeviceBuffer'>>: ")
2025-02-24 07:17:36,291 - distributed.scheduler - WARNING - Removing worker 'ucx://127.0.0.1:41755' caused the cluster to lose already computed task(s), which will be recomputed elsewhere: {('split-taskshuffle-42c82307b2f5928bce72459b455e28a0', 3, 2), ('split-taskshuffle-42c82307b2f5928bce72459b455e28a0', 4, 2), ('split-taskshuffle-42c82307b2f5928bce72459b455e28a0', 5, 2), ('split-taskshuffle-42c82307b2f5928bce72459b455e28a0', 0, 2), ('split-taskshuffle-42c82307b2f5928bce72459b455e28a0', 6, 2), ('split-taskshuffle-42c82307b2f5928bce72459b455e28a0', 1, 2), ('split-taskshuffle-42c82307b2f5928bce72459b455e28a0', 7, 2), ('generate_chunk-_to_string_dtype-a0180b72cbed01de5a9fb7d9b0e1ee1a', 5), ('split-taskshuffle-42c82307b2f5928bce72459b455e28a0', 2, 2)} (stimulus_id='handle-worker-cleanup-1740381456.2908714')
2025-02-24 07:17:36,305 - distributed.nanny - WARNING - Restarting worker
Task exception was never retrieved
future: <Task finished name='Task-4739' coro=<_listener_handler_coroutine() done, defined at /opt/conda/envs/gdf/lib/python3.10/site-packages/ucp/core.py:142> exception=UCXError('<stream_send>: Connection reset by remote peer')>
Traceback (most recent call last):
  File "/opt/conda/envs/gdf/lib/python3.10/site-packages/ucp/core.py", line 157, in _listener_handler_coroutine
    peer_info = await exchange_peer_info(
  File "/opt/conda/envs/gdf/lib/python3.10/site-packages/ucp/core.py", line 53, in exchange_peer_info
    await asyncio.wait_for(
  File "/opt/conda/envs/gdf/lib/python3.10/asyncio/tasks.py", line 445, in wait_for
    return fut.result()
ucp._libs.exceptions.UCXError: <stream_send>: Connection reset by remote peer
2025-02-24 07:17:36,314 - distributed.worker - ERROR - Worker stream died during communication: ucx://127.0.0.1:41755
Traceback (most recent call last):
  File "/opt/conda/envs/gdf/lib/python3.10/site-packages/rapids_dask_dependency/patches/distributed/comm/__rdd_patch_ucx.py", line 395, in read
    await self.ep.recv(each_frame)
  File "/opt/conda/envs/gdf/lib/python3.10/site-packages/ucp/core.py", line 731, in recv
    self._ep.raise_on_error()
  File "ucp/_libs/ucx_endpoint.pyx", line 353, in ucp._libs.ucx_api.UCXEndpoint.raise_on_error
ucp._libs.exceptions.UCXConnectionReset: Endpoint 0x7f956661d180 error: Connection reset by remote peer

During handling of the above exception, another exception occurred:

Traceback (most recent call last):
  File "/opt/conda/envs/gdf/lib/python3.10/site-packages/distributed/worker.py", line 2075, in gather_dep
    response = await get_data_from_worker(
  File "/opt/conda/envs/gdf/lib/python3.10/site-packages/distributed/worker.py", line 2881, in get_data_from_worker
    response = await send_recv(
  File "/opt/conda/envs/gdf/lib/python3.10/site-packages/distributed/core.py", line 1018, in send_recv
    response = await comm.read(deserializers=deserializers)
  File "/opt/conda/envs/gdf/lib/python3.10/site-packages/distributed/utils.py", line 805, in wrapper
    return await func(*args, **kwargs)
  File "/opt/conda/envs/gdf/lib/python3.10/site-packages/rapids_dask_dependency/patches/distributed/comm/__rdd_patch_ucx.py", line 401, in read
    raise CommClosedError(
distributed.comm.core.CommClosedError: Connection closed by writer.
Inner exception: UCXConnectionReset('Endpoint 0x7f956661d180 error: Connection reset by remote peer')
2025-02-24 07:17:36,344 - distributed.worker - ERROR - failed during get data with ucx://127.0.0.1:43867 -> ucx://127.0.0.1:33949
Traceback (most recent call last):
  File "/opt/conda/envs/gdf/lib/python3.10/site-packages/rapids_dask_dependency/patches/distributed/comm/__rdd_patch_ucx.py", line 337, in write
    await self.ep.send(each_frame)
  File "/opt/conda/envs/gdf/lib/python3.10/site-packages/ucp/core.py", line 673, in send
    return await comm.tag_send(self._ep, buffer, nbytes, tag, name=log)
ucp._libs.exceptions.UCXError: <[Send #007] ep: 0x7f956661d100, tag: 0x91c3930379543034, nbytes: 100000000, type: <class 'cudf.core.buffer.buffer.Buffer'>>: Connection reset by remote peer

During handling of the above exception, another exception occurred:

Traceback (most recent call last):
  File "/opt/conda/envs/gdf/lib/python3.10/site-packages/distributed/worker.py", line 1796, in get_data
    compressed = await comm.write(msg, serializers=serializers)
  File "/opt/conda/envs/gdf/lib/python3.10/site-packages/distributed/utils.py", line 805, in wrapper
    return await func(*args, **kwargs)
  File "/opt/conda/envs/gdf/lib/python3.10/site-packages/rapids_dask_dependency/patches/distributed/comm/__rdd_patch_ucx.py", line 341, in write
    raise CommClosedError("While writing, the connection was closed")
distributed.comm.core.CommClosedError: While writing, the connection was closed
Task exception was never retrieved
future: <Task finished name='Task-6357' coro=<_listener_handler_coroutine() done, defined at /opt/conda/envs/gdf/lib/python3.10/site-packages/ucp/core.py:142> exception=UCXError('<stream_recv>: Connection reset by remote peer')>
Traceback (most recent call last):
  File "/opt/conda/envs/gdf/lib/python3.10/site-packages/ucp/core.py", line 157, in _listener_handler_coroutine
    peer_info = await exchange_peer_info(
  File "/opt/conda/envs/gdf/lib/python3.10/site-packages/ucp/core.py", line 57, in exchange_peer_info
    await asyncio.wait_for(
  File "/opt/conda/envs/gdf/lib/python3.10/asyncio/tasks.py", line 445, in wait_for
    return fut.result()
ucp._libs.exceptions.UCXError: <stream_recv>: Connection reset by remote peer
2025-02-24 07:17:36,345 - distributed.worker - ERROR - Worker stream died during communication: ucx://127.0.0.1:33949
Traceback (most recent call last):
  File "/opt/conda/envs/gdf/lib/python3.10/site-packages/rapids_dask_dependency/patches/distributed/comm/__rdd_patch_ucx.py", line 395, in read
    await self.ep.recv(each_frame)
  File "/opt/conda/envs/gdf/lib/python3.10/site-packages/ucp/core.py", line 748, in recv
    ret = await comm.tag_recv(self._ep, buffer, nbytes, tag, name=log)
ucp._libs.exceptions.UCXError: <[Recv #007] ep: 0x7f956661d340, tag: 0x1e7cbb6ad08bd07d, nbytes: 100000000, type: <class 'rmm.pylibrmm.device_buffer.DeviceBuffer'>>: Connection reset by remote peer

During handling of the above exception, another exception occurred:

Traceback (most recent call last):
  File "/opt/conda/envs/gdf/lib/python3.10/site-packages/distributed/worker.py", line 2075, in gather_dep
    response = await get_data_from_worker(
  File "/opt/conda/envs/gdf/lib/python3.10/site-packages/distributed/worker.py", line 2881, in get_data_from_worker
    response = await send_recv(
  File "/opt/conda/envs/gdf/lib/python3.10/site-packages/distributed/core.py", line 1018, in send_recv
    response = await comm.read(deserializers=deserializers)
  File "/opt/conda/envs/gdf/lib/python3.10/site-packages/distributed/utils.py", line 805, in wrapper
    return await func(*args, **kwargs)
  File "/opt/conda/envs/gdf/lib/python3.10/site-packages/rapids_dask_dependency/patches/distributed/comm/__rdd_patch_ucx.py", line 401, in read
    raise CommClosedError(
distributed.comm.core.CommClosedError: Connection closed by writer.
Inner exception: UCXError("<[Recv #007] ep: 0x7f956661d340, tag: 0x1e7cbb6ad08bd07d, nbytes: 100000000, type: <class 'rmm.pylibrmm.device_buffer.DeviceBuffer'>>: Connection reset by remote peer")
2025-02-24 07:17:36,345 - distributed.scheduler - WARNING - Removing worker 'ucx://127.0.0.1:33949' caused the cluster to lose already computed task(s), which will be recomputed elsewhere: {('split-taskshuffle-42c82307b2f5928bce72459b455e28a0', 3, 6), ('split-taskshuffle-42c82307b2f5928bce72459b455e28a0', 4, 6), ('split-taskshuffle-42c82307b2f5928bce72459b455e28a0', 5, 6), ('split-taskshuffle-42c82307b2f5928bce72459b455e28a0', 0, 6), ('split-taskshuffle-42c82307b2f5928bce72459b455e28a0', 6, 6), ('split-taskshuffle-42c82307b2f5928bce72459b455e28a0', 1, 6), ('generate_chunk-_to_string_dtype-a0180b72cbed01de5a9fb7d9b0e1ee1a', 3), ('split-taskshuffle-42c82307b2f5928bce72459b455e28a0', 7, 6), ('split-taskshuffle-42c82307b2f5928bce72459b455e28a0', 2, 6)} (stimulus_id='handle-worker-cleanup-1740381456.3456411')
2025-02-24 07:17:36,348 - distributed.worker - ERROR - Worker stream died during communication: ucx://127.0.0.1:33949
Traceback (most recent call last):
  File "/opt/conda/envs/gdf/lib/python3.10/site-packages/rapids_dask_dependency/patches/distributed/comm/__rdd_patch_ucx.py", line 395, in read
    await self.ep.recv(each_frame)
  File "/opt/conda/envs/gdf/lib/python3.10/site-packages/ucp/core.py", line 731, in recv
    self._ep.raise_on_error()
  File "ucp/_libs/ucx_endpoint.pyx", line 353, in ucp._libs.ucx_api.UCXEndpoint.raise_on_error
ucp._libs.exceptions.UCXConnectionReset: Endpoint 0x7ff3a0d02200 error: Connection reset by remote peer

During handling of the above exception, another exception occurred:

Traceback (most recent call last):
  File "/opt/conda/envs/gdf/lib/python3.10/site-packages/distributed/worker.py", line 2075, in gather_dep
    response = await get_data_from_worker(
  File "/opt/conda/envs/gdf/lib/python3.10/site-packages/distributed/worker.py", line 2881, in get_data_from_worker
    response = await send_recv(
  File "/opt/conda/envs/gdf/lib/python3.10/site-packages/distributed/core.py", line 1018, in send_recv
    response = await comm.read(deserializers=deserializers)
  File "/opt/conda/envs/gdf/lib/python3.10/site-packages/distributed/utils.py", line 805, in wrapper
    return await func(*args, **kwargs)
  File "/opt/conda/envs/gdf/lib/python3.10/site-packages/rapids_dask_dependency/patches/distributed/comm/__rdd_patch_ucx.py", line 401, in read
    raise CommClosedError(
distributed.comm.core.CommClosedError: Connection closed by writer.
Inner exception: UCXConnectionReset('Endpoint 0x7ff3a0d02200 error: Connection reset by remote peer')
2025-02-24 07:17:36,409 - distributed.nanny - WARNING - Restarting worker
2025-02-24 07:17:36,422 - distributed.worker - ERROR - failed during get data with ucx://127.0.0.1:35989 -> ucx://127.0.0.1:41755
Traceback (most recent call last):
  File "/opt/conda/envs/gdf/lib/python3.10/site-packages/rapids_dask_dependency/patches/distributed/comm/__rdd_patch_ucx.py", line 337, in write
    await self.ep.send(each_frame)
  File "/opt/conda/envs/gdf/lib/python3.10/site-packages/ucp/core.py", line 673, in send
    return await comm.tag_send(self._ep, buffer, nbytes, tag, name=log)
ucp._libs.exceptions.UCXError: <[Send #007] ep: 0x7f6318551140, tag: 0x7d61a9aadbac4877, nbytes: 100000000, type: <class 'cudf.core.buffer.buffer.Buffer'>>: Connection reset by remote peer

During handling of the above exception, another exception occurred:

Traceback (most recent call last):
  File "/opt/conda/envs/gdf/lib/python3.10/site-packages/distributed/worker.py", line 1796, in get_data
    compressed = await comm.write(msg, serializers=serializers)
  File "/opt/conda/envs/gdf/lib/python3.10/site-packages/distributed/utils.py", line 805, in wrapper
    return await func(*args, **kwargs)
  File "/opt/conda/envs/gdf/lib/python3.10/site-packages/rapids_dask_dependency/patches/distributed/comm/__rdd_patch_ucx.py", line 341, in write
    raise CommClosedError("While writing, the connection was closed")
distributed.comm.core.CommClosedError: While writing, the connection was closed
2025-02-24 07:17:36,424 - distributed.worker - ERROR - Worker stream died during communication: ucx://127.0.0.1:33949
Traceback (most recent call last):
  File "/opt/conda/envs/gdf/lib/python3.10/site-packages/rapids_dask_dependency/patches/distributed/comm/__rdd_patch_ucx.py", line 395, in read
    await self.ep.recv(each_frame)
  File "/opt/conda/envs/gdf/lib/python3.10/site-packages/ucp/core.py", line 748, in recv
    ret = await comm.tag_recv(self._ep, buffer, nbytes, tag, name=log)
ucp._libs.exceptions.UCXCanceled: <[Recv #008] ep: 0x7f63185512c0, tag: 0x6f1e84494ea0ca1, nbytes: 100000000, type: <class 'rmm.pylibrmm.device_buffer.DeviceBuffer'>>: 

During handling of the above exception, another exception occurred:

Traceback (most recent call last):
  File "/opt/conda/envs/gdf/lib/python3.10/site-packages/distributed/worker.py", line 2075, in gather_dep
    response = await get_data_from_worker(
  File "/opt/conda/envs/gdf/lib/python3.10/site-packages/distributed/worker.py", line 2881, in get_data_from_worker
    response = await send_recv(
  File "/opt/conda/envs/gdf/lib/python3.10/site-packages/distributed/core.py", line 1018, in send_recv
    response = await comm.read(deserializers=deserializers)
  File "/opt/conda/envs/gdf/lib/python3.10/site-packages/distributed/utils.py", line 805, in wrapper
    return await func(*args, **kwargs)
  File "/opt/conda/envs/gdf/lib/python3.10/site-packages/rapids_dask_dependency/patches/distributed/comm/__rdd_patch_ucx.py", line 401, in read
    raise CommClosedError(
distributed.comm.core.CommClosedError: Connection closed by writer.
Inner exception: UCXCanceled("<[Recv #008] ep: 0x7f63185512c0, tag: 0x6f1e84494ea0ca1, nbytes: 100000000, type: <class 'rmm.pylibrmm.device_buffer.DeviceBuffer'>>: ")
2025-02-24 07:17:36,425 - distributed.worker - ERROR - Worker stream died during communication: ucx://127.0.0.1:41755
Traceback (most recent call last):
  File "/opt/conda/envs/gdf/lib/python3.10/site-packages/rapids_dask_dependency/patches/distributed/comm/__rdd_patch_ucx.py", line 353, in read
    await self.ep.recv(msg)
  File "/opt/conda/envs/gdf/lib/python3.10/site-packages/ucp/core.py", line 748, in recv
    ret = await comm.tag_recv(self._ep, buffer, nbytes, tag, name=log)
ucp._libs.exceptions.UCXCanceled: <[Recv #003] ep: 0x7f6318551200, tag: 0x98fd781d5a1c72bf, nbytes: 16, type: <class 'numpy.ndarray'>>: 

During handling of the above exception, another exception occurred:

Traceback (most recent call last):
  File "/opt/conda/envs/gdf/lib/python3.10/site-packages/distributed/worker.py", line 2075, in gather_dep
    response = await get_data_from_worker(
  File "/opt/conda/envs/gdf/lib/python3.10/site-packages/distributed/worker.py", line 2881, in get_data_from_worker
    response = await send_recv(
  File "/opt/conda/envs/gdf/lib/python3.10/site-packages/distributed/core.py", line 1018, in send_recv
    response = await comm.read(deserializers=deserializers)
  File "/opt/conda/envs/gdf/lib/python3.10/site-packages/distributed/utils.py", line 805, in wrapper
    return await func(*args, **kwargs)
  File "/opt/conda/envs/gdf/lib/python3.10/site-packages/rapids_dask_dependency/patches/distributed/comm/__rdd_patch_ucx.py", line 371, in read
    raise CommClosedError(
distributed.comm.core.CommClosedError: Connection closed by writer.
Inner exception: UCXCanceled("<[Recv #003] ep: 0x7f6318551200, tag: 0x98fd781d5a1c72bf, nbytes: 16, type: <class 'numpy.ndarray'>>: ")
2025-02-24 07:17:36,410 - distributed.worker - ERROR - Worker stream died during communication: ucx://127.0.0.1:33949
Traceback (most recent call last):
  File "/opt/conda/envs/gdf/lib/python3.10/site-packages/distributed/core.py", line 1429, in _connect
    comm = await connect(
  File "/opt/conda/envs/gdf/lib/python3.10/site-packages/distributed/comm/core.py", line 342, in connect
    comm = await wait_for(
  File "/opt/conda/envs/gdf/lib/python3.10/site-packages/distributed/utils.py", line 1915, in wait_for
    return await asyncio.wait_for(fut, timeout)
  File "/opt/conda/envs/gdf/lib/python3.10/asyncio/tasks.py", line 432, in wait_for
    await waiter
asyncio.exceptions.CancelledError

During handling of the above exception, another exception occurred:

Traceback (most recent call last):
  File "/opt/conda/envs/gdf/lib/python3.10/site-packages/distributed/core.py", line 1539, in connect
    return connect_attempt.result()
asyncio.exceptions.CancelledError

During handling of the above exception, another exception occurred:

Traceback (most recent call last):
  File "/opt/conda/envs/gdf/lib/python3.10/site-packages/distributed/worker.py", line 2075, in gather_dep
    response = await get_data_from_worker(
  File "/opt/conda/envs/gdf/lib/python3.10/site-packages/distributed/worker.py", line 2878, in get_data_from_worker
    comm = await rpc.connect(worker)
  File "/opt/conda/envs/gdf/lib/python3.10/site-packages/distributed/core.py", line 1542, in connect
    raise CommClosedError(reason)
distributed.comm.core.CommClosedError: Address removed.
2025-02-24 07:17:36,433 - distributed.worker - ERROR - failed during get data with ucx://127.0.0.1:35573 -> ucx://127.0.0.1:33949
Traceback (most recent call last):
  File "/opt/conda/envs/gdf/lib/python3.10/site-packages/rapids_dask_dependency/patches/distributed/comm/__rdd_patch_ucx.py", line 337, in write
    await self.ep.send(each_frame)
  File "/opt/conda/envs/gdf/lib/python3.10/site-packages/ucp/core.py", line 673, in send
    return await comm.tag_send(self._ep, buffer, nbytes, tag, name=log)
ucp._libs.exceptions.UCXError: <[Send #007] ep: 0x7ff3a0d02440, tag: 0x7c546fb124e62b56, nbytes: 100000000, type: <class 'cudf.core.buffer.buffer.Buffer'>>: Connection reset by remote peer

During handling of the above exception, another exception occurred:

Traceback (most recent call last):
  File "/opt/conda/envs/gdf/lib/python3.10/site-packages/distributed/worker.py", line 1796, in get_data
    compressed = await comm.write(msg, serializers=serializers)
  File "/opt/conda/envs/gdf/lib/python3.10/site-packages/distributed/utils.py", line 805, in wrapper
    return await func(*args, **kwargs)
  File "/opt/conda/envs/gdf/lib/python3.10/site-packages/rapids_dask_dependency/patches/distributed/comm/__rdd_patch_ucx.py", line 341, in write
    raise CommClosedError("While writing, the connection was closed")
distributed.comm.core.CommClosedError: While writing, the connection was closed
2025-02-24 07:17:36,489 - distributed.worker - ERROR - failed during get data with ucx://127.0.0.1:54853 -> ucx://127.0.0.1:33949
Traceback (most recent call last):
  File "/opt/conda/envs/gdf/lib/python3.10/site-packages/rapids_dask_dependency/patches/distributed/comm/__rdd_patch_ucx.py", line 337, in write
    await self.ep.send(each_frame)
  File "/opt/conda/envs/gdf/lib/python3.10/site-packages/ucp/core.py", line 673, in send
    return await comm.tag_send(self._ep, buffer, nbytes, tag, name=log)
ucp._libs.exceptions.UCXError: <[Send #007] ep: 0x7f770e6821c0, tag: 0xc235775d98a605ea, nbytes: 100000000, type: <class 'cudf.core.buffer.buffer.Buffer'>>: Connection reset by remote peer

During handling of the above exception, another exception occurred:

Traceback (most recent call last):
  File "/opt/conda/envs/gdf/lib/python3.10/site-packages/distributed/worker.py", line 1796, in get_data
    compressed = await comm.write(msg, serializers=serializers)
  File "/opt/conda/envs/gdf/lib/python3.10/site-packages/distributed/utils.py", line 805, in wrapper
    return await func(*args, **kwargs)
  File "/opt/conda/envs/gdf/lib/python3.10/site-packages/rapids_dask_dependency/patches/distributed/comm/__rdd_patch_ucx.py", line 341, in write
    raise CommClosedError("While writing, the connection was closed")
distributed.comm.core.CommClosedError: While writing, the connection was closed
2025-02-24 07:17:36,489 - distributed.worker - ERROR - Worker stream died during communication: ucx://127.0.0.1:33949
Traceback (most recent call last):
  File "/opt/conda/envs/gdf/lib/python3.10/site-packages/rapids_dask_dependency/patches/distributed/comm/__rdd_patch_ucx.py", line 395, in read
    await self.ep.recv(each_frame)
  File "/opt/conda/envs/gdf/lib/python3.10/site-packages/ucp/core.py", line 748, in recv
    ret = await comm.tag_recv(self._ep, buffer, nbytes, tag, name=log)
ucp._libs.exceptions.UCXError: <[Recv #007] ep: 0x7f770e682280, tag: 0xf791105c8dbe0927, nbytes: 100000000, type: <class 'rmm.pylibrmm.device_buffer.DeviceBuffer'>>: Connection reset by remote peer

During handling of the above exception, another exception occurred:

Traceback (most recent call last):
  File "/opt/conda/envs/gdf/lib/python3.10/site-packages/distributed/worker.py", line 2075, in gather_dep
    response = await get_data_from_worker(
  File "/opt/conda/envs/gdf/lib/python3.10/site-packages/distributed/worker.py", line 2881, in get_data_from_worker
    response = await send_recv(
  File "/opt/conda/envs/gdf/lib/python3.10/site-packages/distributed/core.py", line 1018, in send_recv
    response = await comm.read(deserializers=deserializers)
  File "/opt/conda/envs/gdf/lib/python3.10/site-packages/distributed/utils.py", line 805, in wrapper
    return await func(*args, **kwargs)
  File "/opt/conda/envs/gdf/lib/python3.10/site-packages/rapids_dask_dependency/patches/distributed/comm/__rdd_patch_ucx.py", line 401, in read
    raise CommClosedError(
distributed.comm.core.CommClosedError: Connection closed by writer.
Inner exception: UCXError("<[Recv #007] ep: 0x7f770e682280, tag: 0xf791105c8dbe0927, nbytes: 100000000, type: <class 'rmm.pylibrmm.device_buffer.DeviceBuffer'>>: Connection reset by remote peer")
2025-02-24 07:17:36,579 - distributed.nanny - WARNING - Restarting worker
Task exception was never retrieved
future: <Task finished name='Task-4741' coro=<_listener_handler_coroutine() done, defined at /opt/conda/envs/gdf/lib/python3.10/site-packages/ucp/core.py:142> exception=UCXError('<stream_send>: Connection reset by remote peer')>
Traceback (most recent call last):
  File "/opt/conda/envs/gdf/lib/python3.10/site-packages/ucp/core.py", line 157, in _listener_handler_coroutine
    peer_info = await exchange_peer_info(
  File "/opt/conda/envs/gdf/lib/python3.10/site-packages/ucp/core.py", line 53, in exchange_peer_info
    await asyncio.wait_for(
  File "/opt/conda/envs/gdf/lib/python3.10/asyncio/tasks.py", line 445, in wait_for
    return fut.result()
ucp._libs.exceptions.UCXError: <stream_send>: Connection reset by remote peer
[dgx13:86858:0:86858] Caught signal 11 (Segmentation fault: address not mapped to object at address 0x450)
==== backtrace (tid:  86858) ====
 0  /opt/conda/envs/gdf/lib/libucs.so.0(ucs_handle_error+0x305) [0x7f32a8936025]
 1  /opt/conda/envs/gdf/lib/libucs.so.0(+0x2f221) [0x7f32a8936221]
 2  /opt/conda/envs/gdf/lib/libucs.so.0(+0x2f3ea) [0x7f32a89363ea]
 3  /usr/lib/x86_64-linux-gnu/libpthread.so.0(+0x14420) [0x7f32f4ac2420]
 4  /opt/conda/envs/gdf/lib/libucp.so.0(ucp_mem_type_unpack+0x17) [0x7f32a89bb197]
 5  /opt/conda/envs/gdf/lib/libucp.so.0(ucp_rndv_data_handler+0x5f5) [0x7f32a89e69e5]
 6  /opt/conda/envs/gdf/lib/./libuct.so.0(+0x21dd6) [0x7f32a88eadd6]
 7  /opt/conda/envs/gdf/lib/./libuct.so.0(+0x24f48) [0x7f32a88edf48]
 8  /opt/conda/envs/gdf/lib/libucs.so.0(ucs_event_set_wait+0xb1) [0x7f32a893f851]
 9  /opt/conda/envs/gdf/lib/./libuct.so.0(uct_tcp_iface_progress+0x7c) [0x7f32a88ecfbc]
10  /opt/conda/envs/gdf/lib/libucp.so.0(ucp_worker_progress+0x5a) [0x7f32a89b7d5a]
11  /opt/conda/envs/gdf/lib/python3.10/site-packages/ucp/_libs/ucx_api.cpython-310-x86_64-linux-gnu.so(+0x31dca) [0x7f32a8a7bdca]
12  /opt/conda/envs/gdf/bin/python(_PyEval_EvalFrameDefault+0x2c3e) [0x55b7fd4646de]
13  /opt/conda/envs/gdf/bin/python(_PyFunction_Vectorcall+0x6c) [0x55b7fd471b7c]
14  /opt/conda/envs/gdf/bin/python(_PyEval_EvalFrameDefault+0x6fd) [0x55b7fd46219d]
15  /opt/conda/envs/gdf/bin/python(+0x1d62c9) [0x55b7fd50c2c9]
16  /opt/conda/envs/gdf/lib/python3.10/lib-dynload/_asyncio.cpython-310-x86_64-linux-gnu.so(+0x7782) [0x7f32d42f9782]
17  /opt/conda/envs/gdf/bin/python(_PyObject_MakeTpCall+0x2d3) [0x55b7fd46aa03]
18  /opt/conda/envs/gdf/bin/python(+0xf745f) [0x55b7fd42d45f]
19  /opt/conda/envs/gdf/bin/python(+0x1331b3) [0x55b7fd4691b3]
20  /opt/conda/envs/gdf/bin/python(_PyEval_EvalFrameDefault+0x593b) [0x55b7fd4673db]
21  /opt/conda/envs/gdf/bin/python(_PyFunction_Vectorcall+0x6c) [0x55b7fd471b7c]
22  /opt/conda/envs/gdf/bin/python(_PyEval_EvalFrameDefault+0x6fd) [0x55b7fd46219d]
23  /opt/conda/envs/gdf/bin/python(_PyFunction_Vectorcall+0x6c) [0x55b7fd471b7c]
24  /opt/conda/envs/gdf/bin/python(_PyEval_EvalFrameDefault+0x6fd) [0x55b7fd46219d]
25  /opt/conda/envs/gdf/bin/python(_PyFunction_Vectorcall+0x6c) [0x55b7fd471b7c]
26  /opt/conda/envs/gdf/bin/python(_PyEval_EvalFrameDefault+0x6fd) [0x55b7fd46219d]
27  /opt/conda/envs/gdf/bin/python(_PyFunction_Vectorcall+0x6c) [0x55b7fd471b7c]
28  /opt/conda/envs/gdf/bin/python(_PyEval_EvalFrameDefault+0x6fd) [0x55b7fd46219d]
29  /opt/conda/envs/gdf/bin/python(_PyFunction_Vectorcall+0x6c) [0x55b7fd471b7c]
30  /opt/conda/envs/gdf/bin/python(_PyEval_EvalFrameDefault+0x1341) [0x55b7fd462de1]
31  /opt/conda/envs/gdf/bin/python(+0x146fb2) [0x55b7fd47cfb2]
32  /opt/conda/envs/gdf/bin/python(PyObject_Call+0xbc) [0x55b7fd47d94c]
33  /opt/conda/envs/gdf/bin/python(+0x1ff72d) [0x55b7fd53572d]
34  /opt/conda/envs/gdf/bin/python(_PyObject_MakeTpCall+0x2d3) [0x55b7fd46aa03]
35  /opt/conda/envs/gdf/bin/python(_PyEval_EvalFrameDefault+0x2c3e) [0x55b7fd4646de]
36  /opt/conda/envs/gdf/bin/python(+0x147108) [0x55b7fd47d108]
37  /opt/conda/envs/gdf/bin/python(_PyEval_EvalFrameDefault+0x2c3e) [0x55b7fd4646de]
38  /opt/conda/envs/gdf/bin/python(_PyFunction_Vectorcall+0x6c) [0x55b7fd471b7c]
39  /opt/conda/envs/gdf/bin/python(_PyEval_EvalFrameDefault+0x6fd) [0x55b7fd46219d]
40  /opt/conda/envs/gdf/bin/python(_PyFunction_Vectorcall+0x6c) [0x55b7fd471b7c]
41  /opt/conda/envs/gdf/bin/python(_PyEval_EvalFrameDefault+0x6fd) [0x55b7fd46219d]
42  /opt/conda/envs/gdf/bin/python(_PyFunction_Vectorcall+0x6c) [0x55b7fd471b7c]
43  /opt/conda/envs/gdf/bin/python(_PyEval_EvalFrameDefault+0x309) [0x55b7fd461da9]
44  /opt/conda/envs/gdf/bin/python(_PyFunction_Vectorcall+0x6c) [0x55b7fd471b7c]
45  /opt/conda/envs/gdf/bin/python(_PyEval_EvalFrameDefault+0x1341) [0x55b7fd462de1]
46  /opt/conda/envs/gdf/bin/python(+0x1cca8c) [0x55b7fd502a8c]
47  /opt/conda/envs/gdf/bin/python(PyEval_EvalCode+0x87) [0x55b7fd5029d7]
48  /opt/conda/envs/gdf/bin/python(+0x1fceba) [0x55b7fd532eba]
49  /opt/conda/envs/gdf/bin/python(+0x1f8343) [0x55b7fd52e343]
50  /opt/conda/envs/gdf/bin/python(PyRun_StringFlags+0x7d) [0x55b7fd526add]
51  /opt/conda/envs/gdf/bin/python(PyRun_SimpleStringFlags+0x3c) [0x55b7fd52691c]
52  /opt/conda/envs/gdf/bin/python(Py_RunMain+0x3ba) [0x55b7fd525b1a]
53  /opt/conda/envs/gdf/bin/python(Py_BytesMain+0x37) [0x55b7fd4f6117]
54  /usr/lib/x86_64-linux-gnu/libc.so.6(__libc_start_main+0xf3) [0x7f32f4786083]
55  /opt/conda/envs/gdf/bin/python(+0x1c002e) [0x55b7fd4f602e]
=================================
[dgx13:87082:0:87082] Caught signal 11 (Segmentation fault: address not mapped to object at address 0x450)
==== backtrace (tid:  87082) ====
 0  /opt/conda/envs/gdf/lib/libucs.so.0(ucs_handle_error+0x305) [0x7f770f240025]
 1  /opt/conda/envs/gdf/lib/libucs.so.0(+0x2f221) [0x7f770f240221]
 2  /opt/conda/envs/gdf/lib/libucs.so.0(+0x2f3ea) [0x7f770f2403ea]
 3  /usr/lib/x86_64-linux-gnu/libpthread.so.0(+0x14420) [0x7f776b4e3420]
 4  /opt/conda/envs/gdf/lib/libucp.so.0(ucp_mem_type_unpack+0x17) [0x7f770f2c5197]
 5  /opt/conda/envs/gdf/lib/libucp.so.0(ucp_rndv_data_handler+0x5f5) [0x7f770f2f09e5]
 6  /opt/conda/envs/gdf/lib/./libuct.so.0(+0x21dd6) [0x7f770f1f4dd6]
 7  /opt/conda/envs/gdf/lib/./libuct.so.0(+0x24f48) [0x7f770f1f7f48]
 8  /opt/conda/envs/gdf/lib/libucs.so.0(ucs_event_set_wait+0xb1) [0x7f770f249851]
 9  /opt/conda/envs/gdf/lib/./libuct.so.0(uct_tcp_iface_progress+0x7c) [0x7f770f1f6fbc]
10  /opt/conda/envs/gdf/lib/libucp.so.0(ucp_worker_progress+0x5a) [0x7f770f2c1d5a]
11  /opt/conda/envs/gdf/lib/python3.10/site-packages/ucp/_libs/ucx_api.cpython-310-x86_64-linux-gnu.so(+0x31dca) [0x7f770f385dca]
12  /opt/conda/envs/gdf/bin/python(_PyEval_EvalFrameDefault+0x2c3e) [0x564ff62d96de]
13  /opt/conda/envs/gdf/bin/python(_PyFunction_Vectorcall+0x6c) [0x564ff62e6b7c]
14  /opt/conda/envs/gdf/bin/python(_PyEval_EvalFrameDefault+0x6fd) [0x564ff62d719d]
15  /opt/conda/envs/gdf/bin/python(+0x147234) [0x564ff62f2234]
16  /opt/conda/envs/gdf/bin/python(+0x252f7c) [0x564ff63fdf7c]
17  /opt/conda/envs/gdf/bin/python(+0xf745f) [0x564ff62a245f]
18  /opt/conda/envs/gdf/bin/python(+0x1331b3) [0x564ff62de1b3]
19  /opt/conda/envs/gdf/bin/python(_PyEval_EvalFrameDefault+0x593b) [0x564ff62dc3db]
20  /opt/conda/envs/gdf/bin/python(_PyFunction_Vectorcall+0x6c) [0x564ff62e6b7c]
21  /opt/conda/envs/gdf/bin/python(_PyEval_EvalFrameDefault+0x6fd) [0x564ff62d719d]
22  /opt/conda/envs/gdf/bin/python(_PyFunction_Vectorcall+0x6c) [0x564ff62e6b7c]
23  /opt/conda/envs/gdf/bin/python(_PyEval_EvalFrameDefault+0x6fd) [0x564ff62d719d]
24  /opt/conda/envs/gdf/bin/python(_PyFunction_Vectorcall+0x6c) [0x564ff62e6b7c]
25  /opt/conda/envs/gdf/bin/python(_PyEval_EvalFrameDefault+0x6fd) [0x564ff62d719d]
26  /opt/conda/envs/gdf/bin/python(_PyFunction_Vectorcall+0x6c) [0x564ff62e6b7c]
27  /opt/conda/envs/gdf/bin/python(_PyEval_EvalFrameDefault+0x6fd) [0x564ff62d719d]
28  /opt/conda/envs/gdf/bin/python(_PyFunction_Vectorcall+0x6c) [0x564ff62e6b7c]
29  /opt/conda/envs/gdf/bin/python(_PyEval_EvalFrameDefault+0x1341) [0x564ff62d7de1]
30  /opt/conda/envs/gdf/bin/python(+0x146fb2) [0x564ff62f1fb2]
31  /opt/conda/envs/gdf/bin/python(PyObject_Call+0xbc) [0x564ff62f294c]
32  /opt/conda/envs/gdf/bin/python(+0x1ff72d) [0x564ff63aa72d]
33  /opt/conda/envs/gdf/bin/python(_PyObject_MakeTpCall+0x2d3) [0x564ff62dfa03]
34  /opt/conda/envs/gdf/bin/python(_PyEval_EvalFrameDefault+0x2c3e) [0x564ff62d96de]
35  /opt/conda/envs/gdf/bin/python(+0x147108) [0x564ff62f2108]
36  /opt/conda/envs/gdf/bin/python(_PyEval_EvalFrameDefault+0x2c3e) [0x564ff62d96de]
37  /opt/conda/envs/gdf/bin/python(_PyFunction_Vectorcall+0x6c) [0x564ff62e6b7c]
38  /opt/conda/envs/gdf/bin/python(_PyEval_EvalFrameDefault+0x6fd) [0x564ff62d719d]
39  /opt/conda/envs/gdf/bin/python(_PyFunction_Vectorcall+0x6c) [0x564ff62e6b7c]
40  /opt/conda/envs/gdf/bin/python(_PyEval_EvalFrameDefault+0x6fd) [0x564ff62d719d]
41  /opt/conda/envs/gdf/bin/python(_PyFunction_Vectorcall+0x6c) [0x564ff62e6b7c]
42  /opt/conda/envs/gdf/bin/python(_PyEval_EvalFrameDefault+0x309) [0x564ff62d6da9]
43  /opt/conda/envs/gdf/bin/python(_PyFunction_Vectorcall+0x6c) [0x564ff62e6b7c]
44  /opt/conda/envs/gdf/bin/python(_PyEval_EvalFrameDefault+0x1341) [0x564ff62d7de1]
45  /opt/conda/envs/gdf/bin/python(+0x1cca8c) [0x564ff6377a8c]
46  /opt/conda/envs/gdf/bin/python(PyEval_EvalCode+0x87) [0x564ff63779d7]
47  /opt/conda/envs/gdf/bin/python(+0x1fceba) [0x564ff63a7eba]
48  /opt/conda/envs/gdf/bin/python(+0x1f8343) [0x564ff63a3343]
49  /opt/conda/envs/gdf/bin/python(PyRun_StringFlags+0x7d) [0x564ff639badd]
50  /opt/conda/envs/gdf/bin/python(PyRun_SimpleStringFlags+0x3c) [0x564ff639b91c]
51  /opt/conda/envs/gdf/bin/python(Py_RunMain+0x3ba) [0x564ff639ab1a]
52  /opt/conda/envs/gdf/bin/python(Py_BytesMain+0x37) [0x564ff636b117]
53  /usr/lib/x86_64-linux-gnu/libc.so.6(__libc_start_main+0xf3) [0x7f776b1a7083]
54  /opt/conda/envs/gdf/bin/python(+0x1c002e) [0x564ff636b02e]
=================================
2025-02-24 07:17:36,926 - distributed.worker - ERROR - Worker stream died during communication: ucx://127.0.0.1:37595
Traceback (most recent call last):
  File "/opt/conda/envs/gdf/lib/python3.10/site-packages/rapids_dask_dependency/patches/distributed/comm/__rdd_patch_ucx.py", line 395, in read
    await self.ep.recv(each_frame)
  File "/opt/conda/envs/gdf/lib/python3.10/site-packages/ucp/core.py", line 748, in recv
    ret = await comm.tag_recv(self._ep, buffer, nbytes, tag, name=log)
ucp._libs.exceptions.UCXError: <[Recv #007] ep: 0x7f6318551280, tag: 0x1a980c85d7ffc9eb, nbytes: 100000000, type: <class 'rmm.pylibrmm.device_buffer.DeviceBuffer'>>: Connection reset by remote peer

During handling of the above exception, another exception occurred:

Traceback (most recent call last):
  File "/opt/conda/envs/gdf/lib/python3.10/site-packages/distributed/worker.py", line 2075, in gather_dep
    response = await get_data_from_worker(
  File "/opt/conda/envs/gdf/lib/python3.10/site-packages/distributed/worker.py", line 2881, in get_data_from_worker
    response = await send_recv(
  File "/opt/conda/envs/gdf/lib/python3.10/site-packages/distributed/core.py", line 1018, in send_recv
    response = await comm.read(deserializers=deserializers)
  File "/opt/conda/envs/gdf/lib/python3.10/site-packages/distributed/utils.py", line 805, in wrapper
    return await func(*args, **kwargs)
  File "/opt/conda/envs/gdf/lib/python3.10/site-packages/rapids_dask_dependency/patches/distributed/comm/__rdd_patch_ucx.py", line 401, in read
    raise CommClosedError(
distributed.comm.core.CommClosedError: Connection closed by writer.
Inner exception: UCXError("<[Recv #007] ep: 0x7f6318551280, tag: 0x1a980c85d7ffc9eb, nbytes: 100000000, type: <class 'rmm.pylibrmm.device_buffer.DeviceBuffer'>>: Connection reset by remote peer")
2025-02-24 07:17:36,926 - distributed.worker - ERROR - failed during get data with ucx://127.0.0.1:35573 -> ucx://127.0.0.1:37595
Traceback (most recent call last):
  File "/opt/conda/envs/gdf/lib/python3.10/site-packages/rapids_dask_dependency/patches/distributed/comm/__rdd_patch_ucx.py", line 337, in write
    await self.ep.send(each_frame)
  File "/opt/conda/envs/gdf/lib/python3.10/site-packages/ucp/core.py", line 673, in send
    return await comm.tag_send(self._ep, buffer, nbytes, tag, name=log)
ucp._libs.exceptions.UCXError: <[Send #007] ep: 0x7ff3a0d023c0, tag: 0x19e18f9d78f17d2e, nbytes: 100000000, type: <class 'cudf.core.buffer.buffer.Buffer'>>: Connection reset by remote peer

During handling of the above exception, another exception occurred:

Traceback (most recent call last):
  File "/opt/conda/envs/gdf/lib/python3.10/site-packages/distributed/worker.py", line 1796, in get_data
    compressed = await comm.write(msg, serializers=serializers)
  File "/opt/conda/envs/gdf/lib/python3.10/site-packages/distributed/utils.py", line 805, in wrapper
    return await func(*args, **kwargs)
  File "/opt/conda/envs/gdf/lib/python3.10/site-packages/rapids_dask_dependency/patches/distributed/comm/__rdd_patch_ucx.py", line 341, in write
    raise CommClosedError("While writing, the connection was closed")
distributed.comm.core.CommClosedError: While writing, the connection was closed
2025-02-24 07:17:36,927 - distributed.worker - ERROR - failed during get data with ucx://127.0.0.1:35989 -> ucx://127.0.0.1:37595
Traceback (most recent call last):
  File "/opt/conda/envs/gdf/lib/python3.10/site-packages/rapids_dask_dependency/patches/distributed/comm/__rdd_patch_ucx.py", line 337, in write
    await self.ep.send(each_frame)
  File "/opt/conda/envs/gdf/lib/python3.10/site-packages/ucp/core.py", line 673, in send
    return await comm.tag_send(self._ep, buffer, nbytes, tag, name=log)
ucp._libs.exceptions.UCXError: <[Send #007] ep: 0x7f6318551380, tag: 0x3140f77556225bf4, nbytes: 100000000, type: <class 'cudf.core.buffer.buffer.Buffer'>>: Connection reset by remote peer

During handling of the above exception, another exception occurred:

Traceback (most recent call last):
  File "/opt/conda/envs/gdf/lib/python3.10/site-packages/distributed/worker.py", line 1796, in get_data
    compressed = await comm.write(msg, serializers=serializers)
  File "/opt/conda/envs/gdf/lib/python3.10/site-packages/distributed/utils.py", line 805, in wrapper
    return await func(*args, **kwargs)
  File "/opt/conda/envs/gdf/lib/python3.10/site-packages/rapids_dask_dependency/patches/distributed/comm/__rdd_patch_ucx.py", line 341, in write
    raise CommClosedError("While writing, the connection was closed")
distributed.comm.core.CommClosedError: While writing, the connection was closed
2025-02-24 07:17:36,927 - distributed.worker - ERROR - failed during get data with ucx://127.0.0.1:35989 -> ucx://127.0.0.1:33949
Traceback (most recent call last):
  File "/opt/conda/envs/gdf/lib/python3.10/site-packages/rapids_dask_dependency/patches/distributed/comm/__rdd_patch_ucx.py", line 337, in write
    await self.ep.send(each_frame)
  File "/opt/conda/envs/gdf/lib/python3.10/site-packages/ucp/core.py", line 673, in send
    return await comm.tag_send(self._ep, buffer, nbytes, tag, name=log)
ucp._libs.exceptions.UCXError: <[Send #007] ep: 0x7f6318551440, tag: 0x8bf0898db5392ddc, nbytes: 100000000, type: <class 'cudf.core.buffer.buffer.Buffer'>>: Connection reset by remote peer

During handling of the above exception, another exception occurred:

Traceback (most recent call last):
  File "/opt/conda/envs/gdf/lib/python3.10/site-packages/distributed/worker.py", line 1796, in get_data
    compressed = await comm.write(msg, serializers=serializers)
  File "/opt/conda/envs/gdf/lib/python3.10/site-packages/distributed/utils.py", line 805, in wrapper
    return await func(*args, **kwargs)
  File "/opt/conda/envs/gdf/lib/python3.10/site-packages/rapids_dask_dependency/patches/distributed/comm/__rdd_patch_ucx.py", line 341, in write
    raise CommClosedError("While writing, the connection was closed")
distributed.comm.core.CommClosedError: While writing, the connection was closed
2025-02-24 07:17:36,927 - distributed.worker - ERROR - Worker stream died during communication: ucx://127.0.0.1:37595
Traceback (most recent call last):
  File "/opt/conda/envs/gdf/lib/python3.10/site-packages/rapids_dask_dependency/patches/distributed/comm/__rdd_patch_ucx.py", line 395, in read
    await self.ep.recv(each_frame)
  File "/opt/conda/envs/gdf/lib/python3.10/site-packages/ucp/core.py", line 748, in recv
    ret = await comm.tag_recv(self._ep, buffer, nbytes, tag, name=log)
ucp._libs.exceptions.UCXError: <[Recv #007] ep: 0x7ff3a0d021c0, tag: 0x341a5fce79c78342, nbytes: 100000000, type: <class 'rmm.pylibrmm.device_buffer.DeviceBuffer'>>: Connection reset by remote peer

During handling of the above exception, another exception occurred:

Traceback (most recent call last):
  File "/opt/conda/envs/gdf/lib/python3.10/site-packages/distributed/worker.py", line 2075, in gather_dep
    response = await get_data_from_worker(
  File "/opt/conda/envs/gdf/lib/python3.10/site-packages/distributed/worker.py", line 2881, in get_data_from_worker
    response = await send_recv(
  File "/opt/conda/envs/gdf/lib/python3.10/site-packages/distributed/core.py", line 1018, in send_recv
    response = await comm.read(deserializers=deserializers)
  File "/opt/conda/envs/gdf/lib/python3.10/site-packages/distributed/utils.py", line 805, in wrapper
    return await func(*args, **kwargs)
  File "/opt/conda/envs/gdf/lib/python3.10/site-packages/rapids_dask_dependency/patches/distributed/comm/__rdd_patch_ucx.py", line 401, in read
    raise CommClosedError(
distributed.comm.core.CommClosedError: Connection closed by writer.
Inner exception: UCXError("<[Recv #007] ep: 0x7ff3a0d021c0, tag: 0x341a5fce79c78342, nbytes: 100000000, type: <class 'rmm.pylibrmm.device_buffer.DeviceBuffer'>>: Connection reset by remote peer")
2025-02-24 07:17:36,928 - distributed.scheduler - WARNING - Removing worker 'ucx://127.0.0.1:37595' caused the cluster to lose already computed task(s), which will be recomputed elsewhere: {('split-taskshuffle-42c82307b2f5928bce72459b455e28a0', 7, 4), ('split-taskshuffle-42c82307b2f5928bce72459b455e28a0', 2, 4), ('generate_chunk-_to_string_dtype-a0180b72cbed01de5a9fb7d9b0e1ee1a', 0), ('generate_chunk-_to_string_dtype-a0180b72cbed01de5a9fb7d9b0e1ee1a', 3), ('split-taskshuffle-42c82307b2f5928bce72459b455e28a0', 3, 4), ('split-taskshuffle-42c82307b2f5928bce72459b455e28a0', 4, 4), ('split-taskshuffle-42c82307b2f5928bce72459b455e28a0', 5, 4), ('split-taskshuffle-42c82307b2f5928bce72459b455e28a0', 0, 4), ('split-taskshuffle-42c82307b2f5928bce72459b455e28a0', 6, 4), ('split-taskshuffle-42c82307b2f5928bce72459b455e28a0', 1, 4)} (stimulus_id='handle-worker-cleanup-1740381456.9278703')
2025-02-24 07:17:37,063 - distributed.scheduler - WARNING - Removing worker 'ucx://127.0.0.1:54853' caused the cluster to lose already computed task(s), which will be recomputed elsewhere: {('split-taskshuffle-42c82307b2f5928bce72459b455e28a0', 4, 3), ('split-taskshuffle-42c82307b2f5928bce72459b455e28a0', 5, 3), ('split-taskshuffle-42c82307b2f5928bce72459b455e28a0', 1, 7), ('split-taskshuffle-42c82307b2f5928bce72459b455e28a0', 0, 3), ('split-taskshuffle-42c82307b2f5928bce72459b455e28a0', 6, 3), ('split-taskshuffle-42c82307b2f5928bce72459b455e28a0', 1, 3), ('split-taskshuffle-42c82307b2f5928bce72459b455e28a0', 7, 7), ('split-taskshuffle-42c82307b2f5928bce72459b455e28a0', 7, 3), ('split-taskshuffle-42c82307b2f5928bce72459b455e28a0', 2, 3), ('split-taskshuffle-42c82307b2f5928bce72459b455e28a0', 4, 7), ('split-taskshuffle-42c82307b2f5928bce72459b455e28a0', 3, 7), ('split-taskshuffle-42c82307b2f5928bce72459b455e28a0', 2, 7), ('split-taskshuffle-42c82307b2f5928bce72459b455e28a0', 6, 7), ('group-taskshuffle-42c82307b2f5928bce72459b455e28a0', 7), ('generate_chunk-_to_string_dtype-a0180b72cbed01de5a9fb7d9b0e1ee1a', 2), ('split-taskshuffle-42c82307b2f5928bce72459b455e28a0', 3, 3), ('split-taskshuffle-42c82307b2f5928bce72459b455e28a0', 5, 7)} (stimulus_id='handle-worker-cleanup-1740381457.0636313')
2025-02-24 07:17:37,101 - distributed.worker - ERROR - failed during get data with ucx://127.0.0.1:35573 -> ucx://127.0.0.1:54853
Traceback (most recent call last):
  File "/opt/conda/envs/gdf/lib/python3.10/site-packages/rapids_dask_dependency/patches/distributed/comm/__rdd_patch_ucx.py", line 337, in write
    await self.ep.send(each_frame)
  File "/opt/conda/envs/gdf/lib/python3.10/site-packages/ucp/core.py", line 673, in send
    return await comm.tag_send(self._ep, buffer, nbytes, tag, name=log)
ucp._libs.exceptions.UCXError: <[Send #007] ep: 0x7ff3a0d02400, tag: 0x4634d6a69ba888b5, nbytes: 100000000, type: <class 'cudf.core.buffer.buffer.Buffer'>>: Connection reset by remote peer

During handling of the above exception, another exception occurred:

Traceback (most recent call last):
  File "/opt/conda/envs/gdf/lib/python3.10/site-packages/distributed/worker.py", line 1796, in get_data
    compressed = await comm.write(msg, serializers=serializers)
  File "/opt/conda/envs/gdf/lib/python3.10/site-packages/distributed/utils.py", line 805, in wrapper
    return await func(*args, **kwargs)
  File "/opt/conda/envs/gdf/lib/python3.10/site-packages/rapids_dask_dependency/patches/distributed/comm/__rdd_patch_ucx.py", line 341, in write
    raise CommClosedError("While writing, the connection was closed")
distributed.comm.core.CommClosedError: While writing, the connection was closed
2025-02-24 07:17:37,102 - distributed.worker - ERROR - Worker stream died during communication: ucx://127.0.0.1:54853
Traceback (most recent call last):
  File "/opt/conda/envs/gdf/lib/python3.10/site-packages/rapids_dask_dependency/patches/distributed/comm/__rdd_patch_ucx.py", line 395, in read
    await self.ep.recv(each_frame)
  File "/opt/conda/envs/gdf/lib/python3.10/site-packages/ucp/core.py", line 748, in recv
    ret = await comm.tag_recv(self._ep, buffer, nbytes, tag, name=log)
ucp._libs.exceptions.UCXError: <[Recv #007] ep: 0x7ff3a0d02100, tag: 0x4f35e653cf0e46dd, nbytes: 100000000, type: <class 'rmm.pylibrmm.device_buffer.DeviceBuffer'>>: Connection reset by remote peer

During handling of the above exception, another exception occurred:

Traceback (most recent call last):
  File "/opt/conda/envs/gdf/lib/python3.10/site-packages/distributed/worker.py", line 2075, in gather_dep
    response = await get_data_from_worker(
  File "/opt/conda/envs/gdf/lib/python3.10/site-packages/distributed/worker.py", line 2881, in get_data_from_worker
    response = await send_recv(
  File "/opt/conda/envs/gdf/lib/python3.10/site-packages/distributed/core.py", line 1018, in send_recv
    response = await comm.read(deserializers=deserializers)
  File "/opt/conda/envs/gdf/lib/python3.10/site-packages/distributed/utils.py", line 805, in wrapper
    return await func(*args, **kwargs)
  File "/opt/conda/envs/gdf/lib/python3.10/site-packages/rapids_dask_dependency/patches/distributed/comm/__rdd_patch_ucx.py", line 401, in read
    raise CommClosedError(
distributed.comm.core.CommClosedError: Connection closed by writer.
Inner exception: UCXError("<[Recv #007] ep: 0x7ff3a0d02100, tag: 0x4f35e653cf0e46dd, nbytes: 100000000, type: <class 'rmm.pylibrmm.device_buffer.DeviceBuffer'>>: Connection reset by remote peer")
2025-02-24 07:17:37,201 - distributed.nanny - WARNING - Restarting worker
2025-02-24 07:17:37,243 - distributed.nanny - WARNING - Restarting worker
2025-02-24 07:18:05,829 - distributed.worker - ERROR - Worker stream died during communication: ucx://127.0.0.1:41755
Traceback (most recent call last):
  File "/opt/conda/envs/gdf/lib/python3.10/site-packages/rapids_dask_dependency/patches/distributed/comm/__rdd_patch_ucx.py", line 470, in connect
    ep = await ucp.create_endpoint(ip, port)
  File "/opt/conda/envs/gdf/lib/python3.10/site-packages/ucp/core.py", line 1040, in create_endpoint
    return await _get_ctx().create_endpoint(
  File "/opt/conda/envs/gdf/lib/python3.10/site-packages/ucp/core.py", line 337, in create_endpoint
    peer_info = await exchange_peer_info(
  File "/opt/conda/envs/gdf/lib/python3.10/site-packages/ucp/core.py", line 62, in exchange_peer_info
    await asyncio.wait_for(
  File "/opt/conda/envs/gdf/lib/python3.10/asyncio/tasks.py", line 445, in wait_for
    return fut.result()
ucp._libs.exceptions.UCXNotConnected: <stream_recv>: 

During handling of the above exception, another exception occurred:

Traceback (most recent call last):
  File "/opt/conda/envs/gdf/lib/python3.10/site-packages/distributed/comm/core.py", line 342, in connect
    comm = await wait_for(
  File "/opt/conda/envs/gdf/lib/python3.10/site-packages/distributed/utils.py", line 1915, in wait_for
    return await asyncio.wait_for(fut, timeout)
  File "/opt/conda/envs/gdf/lib/python3.10/asyncio/tasks.py", line 445, in wait_for
    return fut.result()
  File "/opt/conda/envs/gdf/lib/python3.10/site-packages/rapids_dask_dependency/patches/distributed/comm/__rdd_patch_ucx.py", line 472, in connect
    raise CommClosedError("Connection closed before handshake completed")
distributed.comm.core.CommClosedError: Connection closed before handshake completed

The above exception was the direct cause of the following exception:

Traceback (most recent call last):
  File "/opt/conda/envs/gdf/lib/python3.10/site-packages/distributed/worker.py", line 2075, in gather_dep
    response = await get_data_from_worker(
  File "/opt/conda/envs/gdf/lib/python3.10/site-packages/distributed/worker.py", line 2878, in get_data_from_worker
    comm = await rpc.connect(worker)
  File "/opt/conda/envs/gdf/lib/python3.10/site-packages/distributed/core.py", line 1539, in connect
    return connect_attempt.result()
  File "/opt/conda/envs/gdf/lib/python3.10/site-packages/distributed/core.py", line 1429, in _connect
    comm = await connect(
  File "/opt/conda/envs/gdf/lib/python3.10/site-packages/distributed/comm/core.py", line 368, in connect
    raise OSError(
OSError: Timed out trying to connect to ucx://127.0.0.1:41755 after 30 s
2025-02-24 07:18:05,831 - distributed.worker - ERROR - Worker stream died during communication: ucx://127.0.0.1:54705
Traceback (most recent call last):
  File "/opt/conda/envs/gdf/lib/python3.10/site-packages/rapids_dask_dependency/patches/distributed/comm/__rdd_patch_ucx.py", line 470, in connect
    ep = await ucp.create_endpoint(ip, port)
  File "/opt/conda/envs/gdf/lib/python3.10/site-packages/ucp/core.py", line 1040, in create_endpoint
    return await _get_ctx().create_endpoint(
  File "/opt/conda/envs/gdf/lib/python3.10/site-packages/ucp/core.py", line 337, in create_endpoint
    peer_info = await exchange_peer_info(
  File "/opt/conda/envs/gdf/lib/python3.10/site-packages/ucp/core.py", line 62, in exchange_peer_info
    await asyncio.wait_for(
  File "/opt/conda/envs/gdf/lib/python3.10/asyncio/tasks.py", line 432, in wait_for
    await waiter
asyncio.exceptions.CancelledError

During handling of the above exception, another exception occurred:

Traceback (most recent call last):
  File "/opt/conda/envs/gdf/lib/python3.10/asyncio/tasks.py", line 456, in wait_for
    return fut.result()
asyncio.exceptions.CancelledError

The above exception was the direct cause of the following exception:

Traceback (most recent call last):
  File "/opt/conda/envs/gdf/lib/python3.10/site-packages/distributed/comm/core.py", line 342, in connect
    comm = await wait_for(
  File "/opt/conda/envs/gdf/lib/python3.10/site-packages/distributed/utils.py", line 1915, in wait_for
    return await asyncio.wait_for(fut, timeout)
  File "/opt/conda/envs/gdf/lib/python3.10/asyncio/tasks.py", line 458, in wait_for
    raise exceptions.TimeoutError() from exc
asyncio.exceptions.TimeoutError

The above exception was the direct cause of the following exception:

Traceback (most recent call last):
  File "/opt/conda/envs/gdf/lib/python3.10/site-packages/distributed/worker.py", line 2075, in gather_dep
    response = await get_data_from_worker(
  File "/opt/conda/envs/gdf/lib/python3.10/site-packages/distributed/worker.py", line 2878, in get_data_from_worker
    comm = await rpc.connect(worker)
  File "/opt/conda/envs/gdf/lib/python3.10/site-packages/distributed/core.py", line 1539, in connect
    return connect_attempt.result()
  File "/opt/conda/envs/gdf/lib/python3.10/site-packages/distributed/core.py", line 1429, in _connect
    comm = await connect(
  File "/opt/conda/envs/gdf/lib/python3.10/site-packages/distributed/comm/core.py", line 368, in connect
    raise OSError(
OSError: Timed out trying to connect to ucx://127.0.0.1:54705 after 30 s
2025-02-24 07:18:05,841 - distributed.worker - ERROR - Worker stream died during communication: ucx://127.0.0.1:54705
Traceback (most recent call last):
  File "/opt/conda/envs/gdf/lib/python3.10/site-packages/rapids_dask_dependency/patches/distributed/comm/__rdd_patch_ucx.py", line 470, in connect
    ep = await ucp.create_endpoint(ip, port)
  File "/opt/conda/envs/gdf/lib/python3.10/site-packages/ucp/core.py", line 1040, in create_endpoint
    return await _get_ctx().create_endpoint(
  File "/opt/conda/envs/gdf/lib/python3.10/site-packages/ucp/core.py", line 337, in create_endpoint
    peer_info = await exchange_peer_info(
  File "/opt/conda/envs/gdf/lib/python3.10/site-packages/ucp/core.py", line 62, in exchange_peer_info
    await asyncio.wait_for(
  File "/opt/conda/envs/gdf/lib/python3.10/asyncio/tasks.py", line 432, in wait_for
    await waiter
asyncio.exceptions.CancelledError

During handling of the above exception, another exception occurred:

Traceback (most recent call last):
  File "/opt/conda/envs/gdf/lib/python3.10/asyncio/tasks.py", line 456, in wait_for
    return fut.result()
asyncio.exceptions.CancelledError

The above exception was the direct cause of the following exception:

Traceback (most recent call last):
  File "/opt/conda/envs/gdf/lib/python3.10/site-packages/distributed/comm/core.py", line 342, in connect
    comm = await wait_for(
  File "/opt/conda/envs/gdf/lib/python3.10/site-packages/distributed/utils.py", line 1915, in wait_for
    return await asyncio.wait_for(fut, timeout)
  File "/opt/conda/envs/gdf/lib/python3.10/asyncio/tasks.py", line 458, in wait_for
    raise exceptions.TimeoutError() from exc
asyncio.exceptions.TimeoutError

The above exception was the direct cause of the following exception:

Traceback (most recent call last):
  File "/opt/conda/envs/gdf/lib/python3.10/site-packages/distributed/worker.py", line 2075, in gather_dep
    response = await get_data_from_worker(
  File "/opt/conda/envs/gdf/lib/python3.10/site-packages/distributed/worker.py", line 2878, in get_data_from_worker
    comm = await rpc.connect(worker)
  File "/opt/conda/envs/gdf/lib/python3.10/site-packages/distributed/core.py", line 1539, in connect
    return connect_attempt.result()
  File "/opt/conda/envs/gdf/lib/python3.10/site-packages/distributed/core.py", line 1429, in _connect
    comm = await connect(
  File "/opt/conda/envs/gdf/lib/python3.10/site-packages/distributed/comm/core.py", line 368, in connect
    raise OSError(
OSError: Timed out trying to connect to ucx://127.0.0.1:54705 after 30 s
/opt/conda/envs/gdf/lib/python3.10/multiprocessing/resource_tracker.py:224: UserWarning: resource_tracker: There appear to be 48 leaked semaphore objects to clean up at shutdown
  warnings.warn('resource_tracker: There appear to be %d '
