[dgx13:76883:0:76883] Caught signal 11 (Segmentation fault: address not mapped to object at address 0x450)
==== backtrace (tid:  76883) ====
 0  /opt/conda/envs/gdf/lib/libucs.so.0(ucs_handle_error+0x305) [0x7fe7ecad5025]
 1  /opt/conda/envs/gdf/lib/libucs.so.0(+0x2f221) [0x7fe7ecad5221]
 2  /opt/conda/envs/gdf/lib/libucs.so.0(+0x2f3ea) [0x7fe7ecad53ea]
 3  /usr/lib/x86_64-linux-gnu/libpthread.so.0(+0x14420) [0x7fe82ab92420]
 4  /opt/conda/envs/gdf/lib/libucp.so.0(ucp_mem_type_unpack+0x17) [0x7fe7ecb5a197]
 5  /opt/conda/envs/gdf/lib/libucp.so.0(ucp_rndv_data_handler+0x5f5) [0x7fe7ecb859e5]
 6  /opt/conda/envs/gdf/lib/./libuct.so.0(+0x21dd6) [0x7fe7eca89dd6]
 7  /opt/conda/envs/gdf/lib/./libuct.so.0(+0x24f48) [0x7fe7eca8cf48]
 8  /opt/conda/envs/gdf/lib/libucs.so.0(ucs_event_set_wait+0xb1) [0x7fe7ecade851]
 9  /opt/conda/envs/gdf/lib/./libuct.so.0(uct_tcp_iface_progress+0x7c) [0x7fe7eca8bfbc]
10  /opt/conda/envs/gdf/lib/libucp.so.0(ucp_worker_progress+0x5a) [0x7fe7ecb56d5a]
11  /opt/conda/envs/gdf/lib/python3.10/site-packages/ucp/_libs/ucx_api.cpython-310-x86_64-linux-gnu.so(+0x31dca) [0x7fe7ecc1adca]
12  /opt/conda/envs/gdf/bin/python(_PyEval_EvalFrameDefault+0x2c3e) [0x55ae456626de]
13  /opt/conda/envs/gdf/bin/python(_PyFunction_Vectorcall+0x6c) [0x55ae4566fb7c]
14  /opt/conda/envs/gdf/bin/python(_PyEval_EvalFrameDefault+0x6fd) [0x55ae4566019d]
15  /opt/conda/envs/gdf/bin/python(+0x1d62c9) [0x55ae4570a2c9]
16  /opt/conda/envs/gdf/lib/python3.10/lib-dynload/_asyncio.cpython-310-x86_64-linux-gnu.so(+0x7782) [0x7fe80a742782]
17  /opt/conda/envs/gdf/bin/python(_PyObject_MakeTpCall+0x2d3) [0x55ae45668a03]
18  /opt/conda/envs/gdf/bin/python(+0xf745f) [0x55ae4562b45f]
19  /opt/conda/envs/gdf/bin/python(+0x1331b3) [0x55ae456671b3]
20  /opt/conda/envs/gdf/bin/python(_PyEval_EvalFrameDefault+0x593b) [0x55ae456653db]
21  /opt/conda/envs/gdf/bin/python(_PyFunction_Vectorcall+0x6c) [0x55ae4566fb7c]
22  /opt/conda/envs/gdf/bin/python(_PyEval_EvalFrameDefault+0x6fd) [0x55ae4566019d]
23  /opt/conda/envs/gdf/bin/python(_PyFunction_Vectorcall+0x6c) [0x55ae4566fb7c]
24  /opt/conda/envs/gdf/bin/python(_PyEval_EvalFrameDefault+0x6fd) [0x55ae4566019d]
25  /opt/conda/envs/gdf/bin/python(_PyFunction_Vectorcall+0x6c) [0x55ae4566fb7c]
26  /opt/conda/envs/gdf/bin/python(_PyEval_EvalFrameDefault+0x6fd) [0x55ae4566019d]
27  /opt/conda/envs/gdf/bin/python(_PyFunction_Vectorcall+0x6c) [0x55ae4566fb7c]
28  /opt/conda/envs/gdf/bin/python(_PyEval_EvalFrameDefault+0x6fd) [0x55ae4566019d]
29  /opt/conda/envs/gdf/bin/python(_PyFunction_Vectorcall+0x6c) [0x55ae4566fb7c]
30  /opt/conda/envs/gdf/bin/python(_PyEval_EvalFrameDefault+0x1341) [0x55ae45660de1]
31  /opt/conda/envs/gdf/bin/python(+0x146fb2) [0x55ae4567afb2]
32  /opt/conda/envs/gdf/bin/python(PyObject_Call+0xbc) [0x55ae4567b94c]
33  /opt/conda/envs/gdf/bin/python(+0x1ff72d) [0x55ae4573372d]
34  /opt/conda/envs/gdf/bin/python(_PyObject_MakeTpCall+0x2d3) [0x55ae45668a03]
35  /opt/conda/envs/gdf/bin/python(_PyEval_EvalFrameDefault+0x2c3e) [0x55ae456626de]
36  /opt/conda/envs/gdf/bin/python(+0x147108) [0x55ae4567b108]
37  /opt/conda/envs/gdf/bin/python(_PyEval_EvalFrameDefault+0x2c3e) [0x55ae456626de]
38  /opt/conda/envs/gdf/bin/python(_PyFunction_Vectorcall+0x6c) [0x55ae4566fb7c]
39  /opt/conda/envs/gdf/bin/python(_PyEval_EvalFrameDefault+0x6fd) [0x55ae4566019d]
40  /opt/conda/envs/gdf/bin/python(_PyFunction_Vectorcall+0x6c) [0x55ae4566fb7c]
41  /opt/conda/envs/gdf/bin/python(_PyEval_EvalFrameDefault+0x6fd) [0x55ae4566019d]
42  /opt/conda/envs/gdf/bin/python(_PyFunction_Vectorcall+0x6c) [0x55ae4566fb7c]
43  /opt/conda/envs/gdf/bin/python(_PyEval_EvalFrameDefault+0x309) [0x55ae4565fda9]
44  /opt/conda/envs/gdf/bin/python(_PyFunction_Vectorcall+0x6c) [0x55ae4566fb7c]
45  /opt/conda/envs/gdf/bin/python(_PyEval_EvalFrameDefault+0x1341) [0x55ae45660de1]
46  /opt/conda/envs/gdf/bin/python(+0x1cca8c) [0x55ae45700a8c]
47  /opt/conda/envs/gdf/bin/python(PyEval_EvalCode+0x87) [0x55ae457009d7]
48  /opt/conda/envs/gdf/bin/python(+0x1fceba) [0x55ae45730eba]
49  /opt/conda/envs/gdf/bin/python(+0x1f8343) [0x55ae4572c343]
50  /opt/conda/envs/gdf/bin/python(PyRun_StringFlags+0x7d) [0x55ae45724add]
51  /opt/conda/envs/gdf/bin/python(PyRun_SimpleStringFlags+0x3c) [0x55ae4572491c]
52  /opt/conda/envs/gdf/bin/python(Py_RunMain+0x3ba) [0x55ae45723b1a]
53  /opt/conda/envs/gdf/bin/python(Py_BytesMain+0x37) [0x55ae456f4117]
54  /usr/lib/x86_64-linux-gnu/libc.so.6(__libc_start_main+0xf3) [0x7fe82a856083]
55  /opt/conda/envs/gdf/bin/python(+0x1c002e) [0x55ae456f402e]
=================================
[dgx13:76908:0:76908] Caught signal 11 (Segmentation fault: address not mapped to object at address 0x450)
==== backtrace (tid:  76908) ====
 0  /opt/conda/envs/gdf/lib/libucs.so.0(ucs_handle_error+0x305) [0x7f30bca5f025]
 1  /opt/conda/envs/gdf/lib/libucs.so.0(+0x2f221) [0x7f30bca5f221]
 2  /opt/conda/envs/gdf/lib/libucs.so.0(+0x2f3ea) [0x7f30bca5f3ea]
 3  /usr/lib/x86_64-linux-gnu/libpthread.so.0(+0x14420) [0x7f3108b2d420]
 4  /opt/conda/envs/gdf/lib/libucp.so.0(ucp_mem_type_unpack+0x17) [0x7f30bcae4197]
 5  /opt/conda/envs/gdf/lib/libucp.so.0(ucp_rndv_data_handler+0x5f5) [0x7f30bcb0f9e5]
 6  /opt/conda/envs/gdf/lib/./libuct.so.0(+0x21dd6) [0x7f30bca13dd6]
 7  /opt/conda/envs/gdf/lib/./libuct.so.0(+0x24f48) [0x7f30bca16f48]
 8  /opt/conda/envs/gdf/lib/libucs.so.0(ucs_event_set_wait+0xb1) [0x7f30bca68851]
 9  /opt/conda/envs/gdf/lib/./libuct.so.0(uct_tcp_iface_progress+0x7c) [0x7f30bca15fbc]
10  /opt/conda/envs/gdf/lib/libucp.so.0(ucp_worker_progress+0x5a) [0x7f30bcae0d5a]
11  /opt/conda/envs/gdf/lib/python3.10/site-packages/ucp/_libs/ucx_api.cpython-310-x86_64-linux-gnu.so(+0x31dca) [0x7f30bcba4dca]
12  /opt/conda/envs/gdf/bin/python(_PyEval_EvalFrameDefault+0x2c3e) [0x560d9d9af6de]
13  /opt/conda/envs/gdf/bin/python(_PyFunction_Vectorcall+0x6c) [0x560d9d9bcb7c]
14  /opt/conda/envs/gdf/bin/python(_PyEval_EvalFrameDefault+0x6fd) [0x560d9d9ad19d]
15  /opt/conda/envs/gdf/bin/python(+0x147234) [0x560d9d9c8234]
16  /opt/conda/envs/gdf/bin/python(+0x252f7c) [0x560d9dad3f7c]
17  /opt/conda/envs/gdf/bin/python(+0xf745f) [0x560d9d97845f]
18  /opt/conda/envs/gdf/bin/python(+0x1331b3) [0x560d9d9b41b3]
19  /opt/conda/envs/gdf/bin/python(_PyEval_EvalFrameDefault+0x593b) [0x560d9d9b23db]
20  /opt/conda/envs/gdf/bin/python(_PyFunction_Vectorcall+0x6c) [0x560d9d9bcb7c]
21  /opt/conda/envs/gdf/bin/python(_PyEval_EvalFrameDefault+0x6fd) [0x560d9d9ad19d]
22  /opt/conda/envs/gdf/bin/python(_PyFunction_Vectorcall+0x6c) [0x560d9d9bcb7c]
23  /opt/conda/envs/gdf/bin/python(_PyEval_EvalFrameDefault+0x6fd) [0x560d9d9ad19d]
24  /opt/conda/envs/gdf/bin/python(_PyFunction_Vectorcall+0x6c) [0x560d9d9bcb7c]
25  /opt/conda/envs/gdf/bin/python(_PyEval_EvalFrameDefault+0x6fd) [0x560d9d9ad19d]
26  /opt/conda/envs/gdf/bin/python(_PyFunction_Vectorcall+0x6c) [0x560d9d9bcb7c]
27  /opt/conda/envs/gdf/bin/python(_PyEval_EvalFrameDefault+0x6fd) [0x560d9d9ad19d]
28  /opt/conda/envs/gdf/bin/python(_PyFunction_Vectorcall+0x6c) [0x560d9d9bcb7c]
29  /opt/conda/envs/gdf/bin/python(_PyEval_EvalFrameDefault+0x1341) [0x560d9d9adde1]
30  /opt/conda/envs/gdf/bin/python(+0x146fb2) [0x560d9d9c7fb2]
31  /opt/conda/envs/gdf/bin/python(PyObject_Call+0xbc) [0x560d9d9c894c]
32  /opt/conda/envs/gdf/bin/python(+0x1ff72d) [0x560d9da8072d]
33  /opt/conda/envs/gdf/bin/python(_PyObject_MakeTpCall+0x2d3) [0x560d9d9b5a03]
34  /opt/conda/envs/gdf/bin/python(_PyEval_EvalFrameDefault+0x2c3e) [0x560d9d9af6de]
35  /opt/conda/envs/gdf/bin/python(+0x147108) [0x560d9d9c8108]
36  /opt/conda/envs/gdf/bin/python(_PyEval_EvalFrameDefault+0x2c3e) [0x560d9d9af6de]
37  /opt/conda/envs/gdf/bin/python(_PyFunction_Vectorcall+0x6c) [0x560d9d9bcb7c]
38  /opt/conda/envs/gdf/bin/python(_PyEval_EvalFrameDefault+0x6fd) [0x560d9d9ad19d]
39  /opt/conda/envs/gdf/bin/python(_PyFunction_Vectorcall+0x6c) [0x560d9d9bcb7c]
40  /opt/conda/envs/gdf/bin/python(_PyEval_EvalFrameDefault+0x6fd) [0x560d9d9ad19d]
41  /opt/conda/envs/gdf/bin/python(_PyFunction_Vectorcall+0x6c) [0x560d9d9bcb7c]
42  /opt/conda/envs/gdf/bin/python(_PyEval_EvalFrameDefault+0x309) [0x560d9d9acda9]
43  /opt/conda/envs/gdf/bin/python(_PyFunction_Vectorcall+0x6c) [0x560d9d9bcb7c]
44  /opt/conda/envs/gdf/bin/python(_PyEval_EvalFrameDefault+0x1341) [0x560d9d9adde1]
45  /opt/conda/envs/gdf/bin/python(+0x1cca8c) [0x560d9da4da8c]
46  /opt/conda/envs/gdf/bin/python(PyEval_EvalCode+0x87) [0x560d9da4d9d7]
47  /opt/conda/envs/gdf/bin/python(+0x1fceba) [0x560d9da7deba]
48  /opt/conda/envs/gdf/bin/python(+0x1f8343) [0x560d9da79343]
49  /opt/conda/envs/gdf/bin/python(PyRun_StringFlags+0x7d) [0x560d9da71add]
50  /opt/conda/envs/gdf/bin/python(PyRun_SimpleStringFlags+0x3c) [0x560d9da7191c]
51  /opt/conda/envs/gdf/bin/python(Py_RunMain+0x3ba) [0x560d9da70b1a]
52  /opt/conda/envs/gdf/bin/python(Py_BytesMain+0x37) [0x560d9da41117]
53  /usr/lib/x86_64-linux-gnu/libc.so.6(__libc_start_main+0xf3) [0x7f31087f1083]
54  /opt/conda/envs/gdf/bin/python(+0x1c002e) [0x560d9da4102e]
=================================
[dgx13:76911:0:76911] Caught signal 11 (Segmentation fault: address not mapped to object at address 0x450)
==== backtrace (tid:  76911) ====
 0  /opt/conda/envs/gdf/lib/libucs.so.0(ucs_handle_error+0x305) [0x7f7b8c595025]
 1  /opt/conda/envs/gdf/lib/libucs.so.0(+0x2f221) [0x7f7b8c595221]
 2  /opt/conda/envs/gdf/lib/libucs.so.0(+0x2f3ea) [0x7f7b8c5953ea]
 3  /usr/lib/x86_64-linux-gnu/libpthread.so.0(+0x14420) [0x7f7bd8641420]
 4  /opt/conda/envs/gdf/lib/libucp.so.0(ucp_mem_type_unpack+0x17) [0x7f7b8c61a197]
 5  /opt/conda/envs/gdf/lib/libucp.so.0(ucp_rndv_data_handler+0x5f5) [0x7f7b8c6459e5]
 6  /opt/conda/envs/gdf/lib/./libuct.so.0(+0x21dd6) [0x7f7b8c549dd6]
 7  /opt/conda/envs/gdf/lib/./libuct.so.0(+0x24f48) [0x7f7b8c54cf48]
 8  /opt/conda/envs/gdf/lib/libucs.so.0(ucs_event_set_wait+0xb1) [0x7f7b8c59e851]
 9  /opt/conda/envs/gdf/lib/./libuct.so.0(uct_tcp_iface_progress+0x7c) [0x7f7b8c54bfbc]
10  /opt/conda/envs/gdf/lib/libucp.so.0(ucp_worker_progress+0x5a) [0x7f7b8c616d5a]
11  /opt/conda/envs/gdf/lib/python3.10/site-packages/ucp/_libs/ucx_api.cpython-310-x86_64-linux-gnu.so(+0x31dca) [0x7f7b8c6dadca]
12  /opt/conda/envs/gdf/bin/python(_PyEval_EvalFrameDefault+0x2c3e) [0x561a5750b6de]
13  /opt/conda/envs/gdf/bin/python(_PyFunction_Vectorcall+0x6c) [0x561a57518b7c]
14  /opt/conda/envs/gdf/bin/python(_PyEval_EvalFrameDefault+0x6fd) [0x561a5750919d]
15  /opt/conda/envs/gdf/bin/python(+0x1d62c9) [0x561a575b32c9]
16  /opt/conda/envs/gdf/lib/python3.10/lib-dynload/_asyncio.cpython-310-x86_64-linux-gnu.so(+0x7782) [0x7f7bb81f7782]
17  /opt/conda/envs/gdf/bin/python(_PyObject_MakeTpCall+0x2d3) [0x561a57511a03]
18  /opt/conda/envs/gdf/bin/python(+0xf745f) [0x561a574d445f]
19  /opt/conda/envs/gdf/bin/python(+0x1331b3) [0x561a575101b3]
20  /opt/conda/envs/gdf/bin/python(_PyEval_EvalFrameDefault+0x593b) [0x561a5750e3db]
21  /opt/conda/envs/gdf/bin/python(_PyFunction_Vectorcall+0x6c) [0x561a57518b7c]
22  /opt/conda/envs/gdf/bin/python(_PyEval_EvalFrameDefault+0x6fd) [0x561a5750919d]
23  /opt/conda/envs/gdf/bin/python(_PyFunction_Vectorcall+0x6c) [0x561a57518b7c]
24  /opt/conda/envs/gdf/bin/python(_PyEval_EvalFrameDefault+0x6fd) [0x561a5750919d]
25  /opt/conda/envs/gdf/bin/python(_PyFunction_Vectorcall+0x6c) [0x561a57518b7c]
26  /opt/conda/envs/gdf/bin/python(_PyEval_EvalFrameDefault+0x6fd) [0x561a5750919d]
27  /opt/conda/envs/gdf/bin/python(_PyFunction_Vectorcall+0x6c) [0x561a57518b7c]
28  /opt/conda/envs/gdf/bin/python(_PyEval_EvalFrameDefault+0x6fd) [0x561a5750919d]
29  /opt/conda/envs/gdf/bin/python(_PyFunction_Vectorcall+0x6c) [0x561a57518b7c]
30  /opt/conda/envs/gdf/bin/python(_PyEval_EvalFrameDefault+0x1341) [0x561a57509de1]
31  /opt/conda/envs/gdf/bin/python(+0x146fb2) [0x561a57523fb2]
32  /opt/conda/envs/gdf/bin/python(PyObject_Call+0xbc) [0x561a5752494c]
33  /opt/conda/envs/gdf/bin/python(+0x1ff72d) [0x561a575dc72d]
34  /opt/conda/envs/gdf/bin/python(_PyObject_MakeTpCall+0x2d3) [0x561a57511a03]
35  /opt/conda/envs/gdf/bin/python(_PyEval_EvalFrameDefault+0x2c3e) [0x561a5750b6de]
36  /opt/conda/envs/gdf/bin/python(+0x147108) [0x561a57524108]
37  /opt/conda/envs/gdf/bin/python(_PyEval_EvalFrameDefault+0x2c3e) [0x561a5750b6de]
38  /opt/conda/envs/gdf/bin/python(_PyFunction_Vectorcall+0x6c) [0x561a57518b7c]
39  /opt/conda/envs/gdf/bin/python(_PyEval_EvalFrameDefault+0x6fd) [0x561a5750919d]
40  /opt/conda/envs/gdf/bin/python(_PyFunction_Vectorcall+0x6c) [0x561a57518b7c]
41  /opt/conda/envs/gdf/bin/python(_PyEval_EvalFrameDefault+0x6fd) [0x561a5750919d]
42  /opt/conda/envs/gdf/bin/python(_PyFunction_Vectorcall+0x6c) [0x561a57518b7c]
43  /opt/conda/envs/gdf/bin/python(_PyEval_EvalFrameDefault+0x309) [0x561a57508da9]
44  /opt/conda/envs/gdf/bin/python(_PyFunction_Vectorcall+0x6c) [0x561a57518b7c]
45  /opt/conda/envs/gdf/bin/python(_PyEval_EvalFrameDefault+0x1341) [0x561a57509de1]
46  /opt/conda/envs/gdf/bin/python(+0x1cca8c) [0x561a575a9a8c]
47  /opt/conda/envs/gdf/bin/python(PyEval_EvalCode+0x87) [0x561a575a99d7]
48  /opt/conda/envs/gdf/bin/python(+0x1fceba) [0x561a575d9eba]
49  /opt/conda/envs/gdf/bin/python(+0x1f8343) [0x561a575d5343]
50  /opt/conda/envs/gdf/bin/python(PyRun_StringFlags+0x7d) [0x561a575cdadd]
51  /opt/conda/envs/gdf/bin/python(PyRun_SimpleStringFlags+0x3c) [0x561a575cd91c]
52  /opt/conda/envs/gdf/bin/python(Py_RunMain+0x3ba) [0x561a575ccb1a]
53  /opt/conda/envs/gdf/bin/python(Py_BytesMain+0x37) [0x561a5759d117]
54  /usr/lib/x86_64-linux-gnu/libc.so.6(__libc_start_main+0xf3) [0x7f7bd8305083]
55  /opt/conda/envs/gdf/bin/python(+0x1c002e) [0x561a5759d02e]
=================================
Task exception was never retrieved
future: <Task finished name='Task-223' coro=<_listener_handler_coroutine() done, defined at /opt/conda/envs/gdf/lib/python3.10/site-packages/ucp/core.py:142> exception=UCXError('<stream_send>: Connection reset by remote peer')>
Traceback (most recent call last):
  File "/opt/conda/envs/gdf/lib/python3.10/site-packages/ucp/core.py", line 157, in _listener_handler_coroutine
    peer_info = await exchange_peer_info(
  File "/opt/conda/envs/gdf/lib/python3.10/site-packages/ucp/core.py", line 53, in exchange_peer_info
    await asyncio.wait_for(
  File "/opt/conda/envs/gdf/lib/python3.10/asyncio/tasks.py", line 445, in wait_for
    return fut.result()
ucp._libs.exceptions.UCXError: <stream_send>: Connection reset by remote peer
2025-02-09 08:02:25,733 - distributed.scheduler - WARNING - Removing worker 'ucx://127.0.0.1:35289' caused the cluster to lose already computed task(s), which will be recomputed elsewhere: {('random_sample-5e82b0af659a79c990cdca68265c3334', 3, 7), ('random_sample-5e82b0af659a79c990cdca68265c3334', 2, 5), ('sum-89130f6907e3c59de9d9073c8c839191', 2, 5), ('random_sample-5e82b0af659a79c990cdca68265c3334', 9, 4), ('sum-89130f6907e3c59de9d9073c8c839191', 5, 2), ('random_sample-5e82b0af659a79c990cdca68265c3334', 7, 7), ('random_sample-5e82b0af659a79c990cdca68265c3334', 2, 1), ('random_sample-5e82b0af659a79c990cdca68265c3334', 8, 6), ('random_sample-5e82b0af659a79c990cdca68265c3334', 7, 0), ('random_sample-5e82b0af659a79c990cdca68265c3334', 4, 6), ('random_sample-5e82b0af659a79c990cdca68265c3334', 5, 2), ('sum-89130f6907e3c59de9d9073c8c839191', 1, 1), ('random_sample-5e82b0af659a79c990cdca68265c3334', 1, 1), ('sum-89130f6907e3c59de9d9073c8c839191', 7, 7)} (stimulus_id='handle-worker-cleanup-1739088145.7330942')
2025-02-09 08:02:25,737 - distributed.worker - ERROR - Worker stream died during communication: ucx://127.0.0.1:35289
Traceback (most recent call last):
  File "/opt/conda/envs/gdf/lib/python3.10/site-packages/rapids_dask_dependency/patches/distributed/comm/__rdd_patch_ucx.py", line 470, in connect
    ep = await ucp.create_endpoint(ip, port)
  File "/opt/conda/envs/gdf/lib/python3.10/site-packages/ucp/core.py", line 1040, in create_endpoint
    return await _get_ctx().create_endpoint(
  File "/opt/conda/envs/gdf/lib/python3.10/site-packages/ucp/core.py", line 337, in create_endpoint
    peer_info = await exchange_peer_info(
  File "/opt/conda/envs/gdf/lib/python3.10/site-packages/ucp/core.py", line 62, in exchange_peer_info
    await asyncio.wait_for(
  File "/opt/conda/envs/gdf/lib/python3.10/asyncio/tasks.py", line 445, in wait_for
    return fut.result()
ucp._libs.exceptions.UCXError: <stream_recv>: Connection reset by remote peer

During handling of the above exception, another exception occurred:

Traceback (most recent call last):
  File "/opt/conda/envs/gdf/lib/python3.10/site-packages/distributed/comm/core.py", line 342, in connect
    comm = await wait_for(
  File "/opt/conda/envs/gdf/lib/python3.10/site-packages/distributed/utils.py", line 1915, in wait_for
    return await asyncio.wait_for(fut, timeout)
  File "/opt/conda/envs/gdf/lib/python3.10/asyncio/tasks.py", line 445, in wait_for
    return fut.result()
  File "/opt/conda/envs/gdf/lib/python3.10/site-packages/rapids_dask_dependency/patches/distributed/comm/__rdd_patch_ucx.py", line 472, in connect
    raise CommClosedError("Connection closed before handshake completed")
distributed.comm.core.CommClosedError: Connection closed before handshake completed

During handling of the above exception, another exception occurred:

Traceback (most recent call last):
  File "/opt/conda/envs/gdf/lib/python3.10/site-packages/distributed/core.py", line 1429, in _connect
    comm = await connect(
  File "/opt/conda/envs/gdf/lib/python3.10/site-packages/distributed/comm/core.py", line 366, in connect
    await asyncio.sleep(backoff)
  File "/opt/conda/envs/gdf/lib/python3.10/asyncio/tasks.py", line 605, in sleep
    return await future
asyncio.exceptions.CancelledError

During handling of the above exception, another exception occurred:

Traceback (most recent call last):
  File "/opt/conda/envs/gdf/lib/python3.10/site-packages/distributed/core.py", line 1539, in connect
    return connect_attempt.result()
asyncio.exceptions.CancelledError

During handling of the above exception, another exception occurred:

Traceback (most recent call last):
  File "/opt/conda/envs/gdf/lib/python3.10/site-packages/distributed/worker.py", line 2075, in gather_dep
    response = await get_data_from_worker(
  File "/opt/conda/envs/gdf/lib/python3.10/site-packages/distributed/worker.py", line 2878, in get_data_from_worker
    comm = await rpc.connect(worker)
  File "/opt/conda/envs/gdf/lib/python3.10/site-packages/distributed/core.py", line 1542, in connect
    raise CommClosedError(reason)
distributed.comm.core.CommClosedError: Address removed.
Task exception was never retrieved
future: <Task finished name='Task-225' coro=<_listener_handler_coroutine() done, defined at /opt/conda/envs/gdf/lib/python3.10/site-packages/ucp/core.py:142> exception=UCXError('<stream_recv>: Connection reset by remote peer')>
Traceback (most recent call last):
  File "/opt/conda/envs/gdf/lib/python3.10/site-packages/ucp/core.py", line 157, in _listener_handler_coroutine
    peer_info = await exchange_peer_info(
  File "/opt/conda/envs/gdf/lib/python3.10/site-packages/ucp/core.py", line 57, in exchange_peer_info
    await asyncio.wait_for(
  File "/opt/conda/envs/gdf/lib/python3.10/asyncio/tasks.py", line 445, in wait_for
    return fut.result()
ucp._libs.exceptions.UCXError: <stream_recv>: Connection reset by remote peer
2025-02-09 08:02:25,746 - distributed.scheduler - WARNING - Removing worker 'ucx://127.0.0.1:34161' caused the cluster to lose already computed task(s), which will be recomputed elsewhere: {('random_sample-5e82b0af659a79c990cdca68265c3334', 3, 5), ('random_sample-5e82b0af659a79c990cdca68265c3334', 2, 2), ('sum-89130f6907e3c59de9d9073c8c839191', 2, 2), ('random_sample-5e82b0af659a79c990cdca68265c3334', 8, 4), ('random_sample-5e82b0af659a79c990cdca68265c3334', 4, 4), ('sum-89130f6907e3c59de9d9073c8c839191', 6, 6), ('sum-89130f6907e3c59de9d9073c8c839191', 4, 8), ('random_sample-5e82b0af659a79c990cdca68265c3334', 1, 9), ('random_sample-5e82b0af659a79c990cdca68265c3334', 6, 0), ('sum-89130f6907e3c59de9d9073c8c839191', 4, 4), ('random_sample-5e82b0af659a79c990cdca68265c3334', 0, 9), ('random_sample-5e82b0af659a79c990cdca68265c3334', 9, 2), ('random_sample-5e82b0af659a79c990cdca68265c3334', 7, 3), ('random_sample-5e82b0af659a79c990cdca68265c3334', 6, 6), ('sum-89130f6907e3c59de9d9073c8c839191', 8, 4), ('random_sample-5e82b0af659a79c990cdca68265c3334', 4, 8)} (stimulus_id='handle-worker-cleanup-1739088145.7464778')
2025-02-09 08:02:25,746 - distributed.worker - ERROR - Worker stream died during communication: ucx://127.0.0.1:34161
Traceback (most recent call last):
  File "/opt/conda/envs/gdf/lib/python3.10/site-packages/rapids_dask_dependency/patches/distributed/comm/__rdd_patch_ucx.py", line 353, in read
    await self.ep.recv(msg)
  File "/opt/conda/envs/gdf/lib/python3.10/site-packages/ucp/core.py", line 748, in recv
    ret = await comm.tag_recv(self._ep, buffer, nbytes, tag, name=log)
ucp._libs.exceptions.UCXCanceled: <[Recv #000] ep: 0x7f37714cb280, tag: 0x60a116712ee383e6, nbytes: 16, type: <class 'numpy.ndarray'>>: 

During handling of the above exception, another exception occurred:

Traceback (most recent call last):
  File "/opt/conda/envs/gdf/lib/python3.10/site-packages/distributed/worker.py", line 2075, in gather_dep
    response = await get_data_from_worker(
  File "/opt/conda/envs/gdf/lib/python3.10/site-packages/distributed/worker.py", line 2878, in get_data_from_worker
    comm = await rpc.connect(worker)
  File "/opt/conda/envs/gdf/lib/python3.10/site-packages/distributed/core.py", line 1539, in connect
    return connect_attempt.result()
  File "/opt/conda/envs/gdf/lib/python3.10/site-packages/distributed/core.py", line 1429, in _connect
    comm = await connect(
  File "/opt/conda/envs/gdf/lib/python3.10/site-packages/distributed/comm/core.py", line 377, in connect
    handshake = await comm.read()
  File "/opt/conda/envs/gdf/lib/python3.10/site-packages/distributed/utils.py", line 805, in wrapper
    return await func(*args, **kwargs)
  File "/opt/conda/envs/gdf/lib/python3.10/site-packages/rapids_dask_dependency/patches/distributed/comm/__rdd_patch_ucx.py", line 371, in read
    raise CommClosedError(
distributed.comm.core.CommClosedError: Connection closed by writer.
Inner exception: UCXCanceled("<[Recv #000] ep: 0x7f37714cb280, tag: 0x60a116712ee383e6, nbytes: 16, type: <class 'numpy.ndarray'>>: ")
[dgx13:76900:0:76900] Caught signal 11 (Segmentation fault: address not mapped to object at address 0x450)
==== backtrace (tid:  76900) ====
 0  /opt/conda/envs/gdf/lib/libucs.so.0(ucs_handle_error+0x305) [0x7f74d8493025]
 1  /opt/conda/envs/gdf/lib/libucs.so.0(+0x2f221) [0x7f74d8493221]
 2  /opt/conda/envs/gdf/lib/libucs.so.0(+0x2f3ea) [0x7f74d84933ea]
 3  /usr/lib/x86_64-linux-gnu/libpthread.so.0(+0x14420) [0x7f7524572420]
 4  /opt/conda/envs/gdf/lib/libucp.so.0(ucp_mem_type_unpack+0x17) [0x7f74d8518197]
 5  /opt/conda/envs/gdf/lib/libucp.so.0(ucp_rndv_data_handler+0x5f5) [0x7f74d85439e5]
 6  /opt/conda/envs/gdf/lib/./libuct.so.0(+0x21dd6) [0x7f74d8447dd6]
 7  /opt/conda/envs/gdf/lib/./libuct.so.0(+0x24f48) [0x7f74d844af48]
 8  /opt/conda/envs/gdf/lib/libucs.so.0(ucs_event_set_wait+0xb1) [0x7f74d849c851]
 9  /opt/conda/envs/gdf/lib/./libuct.so.0(uct_tcp_iface_progress+0x7c) [0x7f74d8449fbc]
10  /opt/conda/envs/gdf/lib/libucp.so.0(ucp_worker_progress+0x5a) [0x7f74d8514d5a]
11  /opt/conda/envs/gdf/lib/python3.10/site-packages/ucp/_libs/ucx_api.cpython-310-x86_64-linux-gnu.so(+0x31dca) [0x7f74d85d8dca]
12  /opt/conda/envs/gdf/bin/python(_PyEval_EvalFrameDefault+0x2c3e) [0x558e971e76de]
13  /opt/conda/envs/gdf/bin/python(_PyFunction_Vectorcall+0x6c) [0x558e971f4b7c]
14  /opt/conda/envs/gdf/bin/python(_PyEval_EvalFrameDefault+0x6fd) [0x558e971e519d]
15  /opt/conda/envs/gdf/bin/python(+0x147234) [0x558e97200234]
16  /opt/conda/envs/gdf/bin/python(+0x252f7c) [0x558e9730bf7c]
17  /opt/conda/envs/gdf/bin/python(+0xf745f) [0x558e971b045f]
18  /opt/conda/envs/gdf/bin/python(+0x1331b3) [0x558e971ec1b3]
19  /opt/conda/envs/gdf/bin/python(_PyEval_EvalFrameDefault+0x593b) [0x558e971ea3db]
20  /opt/conda/envs/gdf/bin/python(_PyFunction_Vectorcall+0x6c) [0x558e971f4b7c]
21  /opt/conda/envs/gdf/bin/python(_PyEval_EvalFrameDefault+0x6fd) [0x558e971e519d]
22  /opt/conda/envs/gdf/bin/python(_PyFunction_Vectorcall+0x6c) [0x558e971f4b7c]
23  /opt/conda/envs/gdf/bin/python(_PyEval_EvalFrameDefault+0x6fd) [0x558e971e519d]
24  /opt/conda/envs/gdf/bin/python(_PyFunction_Vectorcall+0x6c) [0x558e971f4b7c]
25  /opt/conda/envs/gdf/bin/python(_PyEval_EvalFrameDefault+0x6fd) [0x558e971e519d]
26  /opt/conda/envs/gdf/bin/python(_PyFunction_Vectorcall+0x6c) [0x558e971f4b7c]
27  /opt/conda/envs/gdf/bin/python(_PyEval_EvalFrameDefault+0x6fd) [0x558e971e519d]
28  /opt/conda/envs/gdf/bin/python(_PyFunction_Vectorcall+0x6c) [0x558e971f4b7c]
29  /opt/conda/envs/gdf/bin/python(_PyEval_EvalFrameDefault+0x1341) [0x558e971e5de1]
30  /opt/conda/envs/gdf/bin/python(+0x146fb2) [0x558e971fffb2]
31  /opt/conda/envs/gdf/bin/python(PyObject_Call+0xbc) [0x558e9720094c]
32  /opt/conda/envs/gdf/bin/python(+0x1ff72d) [0x558e972b872d]
33  /opt/conda/envs/gdf/bin/python(_PyObject_MakeTpCall+0x2d3) [0x558e971eda03]
34  /opt/conda/envs/gdf/bin/python(_PyEval_EvalFrameDefault+0x2c3e) [0x558e971e76de]
35  /opt/conda/envs/gdf/bin/python(+0x147108) [0x558e97200108]
36  /opt/conda/envs/gdf/bin/python(_PyEval_EvalFrameDefault+0x2c3e) [0x558e971e76de]
37  /opt/conda/envs/gdf/bin/python(_PyFunction_Vectorcall+0x6c) [0x558e971f4b7c]
38  /opt/conda/envs/gdf/bin/python(_PyEval_EvalFrameDefault+0x6fd) [0x558e971e519d]
39  /opt/conda/envs/gdf/bin/python(_PyFunction_Vectorcall+0x6c) [0x558e971f4b7c]
40  /opt/conda/envs/gdf/bin/python(_PyEval_EvalFrameDefault+0x6fd) [0x558e971e519d]
41  /opt/conda/envs/gdf/bin/python(_PyFunction_Vectorcall+0x6c) [0x558e971f4b7c]
42  /opt/conda/envs/gdf/bin/python(_PyEval_EvalFrameDefault+0x309) [0x558e971e4da9]
43  /opt/conda/envs/gdf/bin/python(_PyFunction_Vectorcall+0x6c) [0x558e971f4b7c]
44  /opt/conda/envs/gdf/bin/python(_PyEval_EvalFrameDefault+0x1341) [0x558e971e5de1]
45  /opt/conda/envs/gdf/bin/python(+0x1cca8c) [0x558e97285a8c]
46  /opt/conda/envs/gdf/bin/python(PyEval_EvalCode+0x87) [0x558e972859d7]
47  /opt/conda/envs/gdf/bin/python(+0x1fceba) [0x558e972b5eba]
48  /opt/conda/envs/gdf/bin/python(+0x1f8343) [0x558e972b1343]
49  /opt/conda/envs/gdf/bin/python(PyRun_StringFlags+0x7d) [0x558e972a9add]
50  /opt/conda/envs/gdf/bin/python(PyRun_SimpleStringFlags+0x3c) [0x558e972a991c]
51  /opt/conda/envs/gdf/bin/python(Py_RunMain+0x3ba) [0x558e972a8b1a]
52  /opt/conda/envs/gdf/bin/python(Py_BytesMain+0x37) [0x558e97279117]
53  /usr/lib/x86_64-linux-gnu/libc.so.6(__libc_start_main+0xf3) [0x7f7524236083]
54  /opt/conda/envs/gdf/bin/python(+0x1c002e) [0x558e9727902e]
=================================
2025-02-09 08:02:25,814 - distributed.worker - ERROR - Worker stream died during communication: ucx://127.0.0.1:34161
Traceback (most recent call last):
  File "/opt/conda/envs/gdf/lib/python3.10/site-packages/rapids_dask_dependency/patches/distributed/comm/__rdd_patch_ucx.py", line 353, in read
    await self.ep.recv(msg)
  File "/opt/conda/envs/gdf/lib/python3.10/site-packages/ucp/core.py", line 748, in recv
    ret = await comm.tag_recv(self._ep, buffer, nbytes, tag, name=log)
ucp._libs.exceptions.UCXCanceled: <[Recv #003] ep: 0x7f564148d200, tag: 0xccd6fcc18ca1161a, nbytes: 16, type: <class 'numpy.ndarray'>>: 

During handling of the above exception, another exception occurred:

Traceback (most recent call last):
  File "/opt/conda/envs/gdf/lib/python3.10/site-packages/distributed/worker.py", line 2075, in gather_dep
    response = await get_data_from_worker(
  File "/opt/conda/envs/gdf/lib/python3.10/site-packages/distributed/worker.py", line 2881, in get_data_from_worker
    response = await send_recv(
  File "/opt/conda/envs/gdf/lib/python3.10/site-packages/distributed/core.py", line 1018, in send_recv
    response = await comm.read(deserializers=deserializers)
  File "/opt/conda/envs/gdf/lib/python3.10/site-packages/distributed/utils.py", line 805, in wrapper
    return await func(*args, **kwargs)
  File "/opt/conda/envs/gdf/lib/python3.10/site-packages/rapids_dask_dependency/patches/distributed/comm/__rdd_patch_ucx.py", line 371, in read
    raise CommClosedError(
distributed.comm.core.CommClosedError: Connection closed by writer.
Inner exception: UCXCanceled("<[Recv #003] ep: 0x7f564148d200, tag: 0xccd6fcc18ca1161a, nbytes: 16, type: <class 'numpy.ndarray'>>: ")
2025-02-09 08:02:25,850 - distributed.nanny - WARNING - Restarting worker
2025-02-09 08:02:25,863 - distributed.scheduler - WARNING - Removing worker 'ucx://127.0.0.1:58217' caused the cluster to lose already computed task(s), which will be recomputed elsewhere: {('random_sample-5e82b0af659a79c990cdca68265c3334', 5, 8), ('random_sample-5e82b0af659a79c990cdca68265c3334', 3, 1), ('random_sample-5e82b0af659a79c990cdca68265c3334', 0, 8), ('random_sample-5e82b0af659a79c990cdca68265c3334', 6, 7), ('random_sample-5e82b0af659a79c990cdca68265c3334', 1, 6), ('sum-89130f6907e3c59de9d9073c8c839191', 5, 5), ('random_sample-5e82b0af659a79c990cdca68265c3334', 9, 3), ('sum-89130f6907e3c59de9d9073c8c839191', 5, 8), ('sum-89130f6907e3c59de9d9073c8c839191', 0, 8), ('random_sample-5e82b0af659a79c990cdca68265c3334', 1, 2), ('random_sample-5e82b0af659a79c990cdca68265c3334', 8, 5), ('sum-89130f6907e3c59de9d9073c8c839191', 8, 5), ('random_sample-5e82b0af659a79c990cdca68265c3334', 4, 2), ('random_sample-5e82b0af659a79c990cdca68265c3334', 8, 2), ('random_sample-5e82b0af659a79c990cdca68265c3334', 3, 2), ('random_sample-5e82b0af659a79c990cdca68265c3334', 3, 8), ('random_sample-5e82b0af659a79c990cdca68265c3334', 5, 5), ('random_sample-5e82b0af659a79c990cdca68265c3334', 0, 5)} (stimulus_id='handle-worker-cleanup-1739088145.8637133')
2025-02-09 08:02:25,864 - distributed.worker - ERROR - failed during get data with ucx://127.0.0.1:50433 -> ucx://127.0.0.1:58217
Traceback (most recent call last):
  File "/opt/conda/envs/gdf/lib/python3.10/site-packages/rapids_dask_dependency/patches/distributed/comm/__rdd_patch_ucx.py", line 337, in write
    await self.ep.send(each_frame)
  File "/opt/conda/envs/gdf/lib/python3.10/site-packages/ucp/core.py", line 673, in send
    return await comm.tag_send(self._ep, buffer, nbytes, tag, name=log)
ucp._libs.exceptions.UCXError: <[Send #007] ep: 0x7f564148d140, tag: 0x7a7e0f921e1d5516, nbytes: 50000000, type: <class 'cupy.ndarray'>>: Connection reset by remote peer

During handling of the above exception, another exception occurred:

Traceback (most recent call last):
  File "/opt/conda/envs/gdf/lib/python3.10/site-packages/distributed/worker.py", line 1796, in get_data
    compressed = await comm.write(msg, serializers=serializers)
  File "/opt/conda/envs/gdf/lib/python3.10/site-packages/distributed/utils.py", line 805, in wrapper
    return await func(*args, **kwargs)
  File "/opt/conda/envs/gdf/lib/python3.10/site-packages/rapids_dask_dependency/patches/distributed/comm/__rdd_patch_ucx.py", line 341, in write
    raise CommClosedError("While writing, the connection was closed")
distributed.comm.core.CommClosedError: While writing, the connection was closed
2025-02-09 08:02:25,867 - distributed.worker - ERROR - Worker stream died during communication: ucx://127.0.0.1:58217
Traceback (most recent call last):
  File "/opt/conda/envs/gdf/lib/python3.10/site-packages/rapids_dask_dependency/patches/distributed/comm/__rdd_patch_ucx.py", line 353, in read
    await self.ep.recv(msg)
  File "/opt/conda/envs/gdf/lib/python3.10/site-packages/ucp/core.py", line 748, in recv
    ret = await comm.tag_recv(self._ep, buffer, nbytes, tag, name=log)
ucp._libs.exceptions.UCXCanceled: <[Recv #000] ep: 0x7f564148d2c0, tag: 0xaf94aafb66aefee5, nbytes: 16, type: <class 'numpy.ndarray'>>: 

During handling of the above exception, another exception occurred:

Traceback (most recent call last):
  File "/opt/conda/envs/gdf/lib/python3.10/site-packages/distributed/worker.py", line 2075, in gather_dep
    response = await get_data_from_worker(
  File "/opt/conda/envs/gdf/lib/python3.10/site-packages/distributed/worker.py", line 2878, in get_data_from_worker
    comm = await rpc.connect(worker)
  File "/opt/conda/envs/gdf/lib/python3.10/site-packages/distributed/core.py", line 1539, in connect
    return connect_attempt.result()
  File "/opt/conda/envs/gdf/lib/python3.10/site-packages/distributed/core.py", line 1429, in _connect
    comm = await connect(
  File "/opt/conda/envs/gdf/lib/python3.10/site-packages/distributed/comm/core.py", line 377, in connect
    handshake = await comm.read()
  File "/opt/conda/envs/gdf/lib/python3.10/site-packages/distributed/utils.py", line 805, in wrapper
    return await func(*args, **kwargs)
  File "/opt/conda/envs/gdf/lib/python3.10/site-packages/rapids_dask_dependency/patches/distributed/comm/__rdd_patch_ucx.py", line 371, in read
    raise CommClosedError(
distributed.comm.core.CommClosedError: Connection closed by writer.
Inner exception: UCXCanceled("<[Recv #000] ep: 0x7f564148d2c0, tag: 0xaf94aafb66aefee5, nbytes: 16, type: <class 'numpy.ndarray'>>: ")
2025-02-09 08:02:25,879 - distributed.worker - ERROR - failed during get data with ucx://127.0.0.1:46253 -> ucx://127.0.0.1:35289
Traceback (most recent call last):
  File "/opt/conda/envs/gdf/lib/python3.10/site-packages/rapids_dask_dependency/patches/distributed/comm/__rdd_patch_ucx.py", line 337, in write
    await self.ep.send(each_frame)
  File "/opt/conda/envs/gdf/lib/python3.10/site-packages/ucp/core.py", line 673, in send
    return await comm.tag_send(self._ep, buffer, nbytes, tag, name=log)
ucp._libs.exceptions.UCXError: <[Send #007] ep: 0x7f844572b280, tag: 0xfeef8221dc0d1e0b, nbytes: 50000000, type: <class 'cupy.ndarray'>>: Connection reset by remote peer

During handling of the above exception, another exception occurred:

Traceback (most recent call last):
  File "/opt/conda/envs/gdf/lib/python3.10/site-packages/distributed/worker.py", line 1796, in get_data
    compressed = await comm.write(msg, serializers=serializers)
  File "/opt/conda/envs/gdf/lib/python3.10/site-packages/distributed/utils.py", line 805, in wrapper
    return await func(*args, **kwargs)
  File "/opt/conda/envs/gdf/lib/python3.10/site-packages/rapids_dask_dependency/patches/distributed/comm/__rdd_patch_ucx.py", line 341, in write
    raise CommClosedError("While writing, the connection was closed")
distributed.comm.core.CommClosedError: While writing, the connection was closed
2025-02-09 08:02:25,880 - distributed.worker - ERROR - failed during get data with ucx://127.0.0.1:46253 -> ucx://127.0.0.1:34161
Traceback (most recent call last):
  File "/opt/conda/envs/gdf/lib/python3.10/site-packages/rapids_dask_dependency/patches/distributed/comm/__rdd_patch_ucx.py", line 337, in write
    await self.ep.send(each_frame)
  File "/opt/conda/envs/gdf/lib/python3.10/site-packages/ucp/core.py", line 673, in send
    return await comm.tag_send(self._ep, buffer, nbytes, tag, name=log)
ucp._libs.exceptions.UCXError: <[Send #007] ep: 0x7f844572b340, tag: 0xf3042db1f9606fb3, nbytes: 50000000, type: <class 'cupy.ndarray'>>: Connection reset by remote peer

During handling of the above exception, another exception occurred:

Traceback (most recent call last):
  File "/opt/conda/envs/gdf/lib/python3.10/site-packages/distributed/worker.py", line 1796, in get_data
    compressed = await comm.write(msg, serializers=serializers)
  File "/opt/conda/envs/gdf/lib/python3.10/site-packages/distributed/utils.py", line 805, in wrapper
    return await func(*args, **kwargs)
  File "/opt/conda/envs/gdf/lib/python3.10/site-packages/rapids_dask_dependency/patches/distributed/comm/__rdd_patch_ucx.py", line 341, in write
    raise CommClosedError("While writing, the connection was closed")
distributed.comm.core.CommClosedError: While writing, the connection was closed
2025-02-09 08:02:25,884 - distributed.nanny - WARNING - Restarting worker
2025-02-09 08:02:25,886 - distributed.worker - ERROR - Worker stream died during communication: ucx://127.0.0.1:58217
Traceback (most recent call last):
  File "/opt/conda/envs/gdf/lib/python3.10/site-packages/distributed/worker.py", line 2075, in gather_dep
    response = await get_data_from_worker(
  File "/opt/conda/envs/gdf/lib/python3.10/site-packages/distributed/worker.py", line 2895, in get_data_from_worker
    await comm.write("OK")
  File "/opt/conda/envs/gdf/lib/python3.10/site-packages/distributed/utils.py", line 805, in wrapper
    return await func(*args, **kwargs)
  File "/opt/conda/envs/gdf/lib/python3.10/site-packages/rapids_dask_dependency/patches/distributed/comm/__rdd_patch_ucx.py", line 293, in write
    raise CommClosedError("Endpoint is closed -- unable to send message")
distributed.comm.core.CommClosedError: Endpoint is closed -- unable to send message
2025-02-09 08:02:25,954 - distributed.worker - ERROR - Worker stream died during communication: ucx://127.0.0.1:58217
Traceback (most recent call last):
  File "/opt/conda/envs/gdf/lib/python3.10/site-packages/rapids_dask_dependency/patches/distributed/comm/__rdd_patch_ucx.py", line 353, in read
    await self.ep.recv(msg)
  File "/opt/conda/envs/gdf/lib/python3.10/site-packages/ucp/core.py", line 748, in recv
    ret = await comm.tag_recv(self._ep, buffer, nbytes, tag, name=log)
ucp._libs.exceptions.UCXCanceled: <[Recv #008] ep: 0x7fa93852d0c0, tag: 0xf024565b2b501da6, nbytes: 16, type: <class 'numpy.ndarray'>>: 

During handling of the above exception, another exception occurred:

Traceback (most recent call last):
  File "/opt/conda/envs/gdf/lib/python3.10/site-packages/distributed/worker.py", line 2075, in gather_dep
    response = await get_data_from_worker(
  File "/opt/conda/envs/gdf/lib/python3.10/site-packages/distributed/worker.py", line 2881, in get_data_from_worker
    response = await send_recv(
  File "/opt/conda/envs/gdf/lib/python3.10/site-packages/distributed/core.py", line 1018, in send_recv
    response = await comm.read(deserializers=deserializers)
  File "/opt/conda/envs/gdf/lib/python3.10/site-packages/distributed/utils.py", line 805, in wrapper
    return await func(*args, **kwargs)
  File "/opt/conda/envs/gdf/lib/python3.10/site-packages/rapids_dask_dependency/patches/distributed/comm/__rdd_patch_ucx.py", line 371, in read
    raise CommClosedError(
distributed.comm.core.CommClosedError: Connection closed by writer.
Inner exception: UCXCanceled("<[Recv #008] ep: 0x7fa93852d0c0, tag: 0xf024565b2b501da6, nbytes: 16, type: <class 'numpy.ndarray'>>: ")
2025-02-09 08:02:26,033 - distributed.worker - ERROR - Worker stream died during communication: ucx://127.0.0.1:56539
Traceback (most recent call last):
  File "/opt/conda/envs/gdf/lib/python3.10/site-packages/rapids_dask_dependency/patches/distributed/comm/__rdd_patch_ucx.py", line 353, in read
    await self.ep.recv(msg)
  File "/opt/conda/envs/gdf/lib/python3.10/site-packages/ucp/core.py", line 748, in recv
    ret = await comm.tag_recv(self._ep, buffer, nbytes, tag, name=log)
ucp._libs.exceptions.UCXCanceled: <[Recv #008] ep: 0x7f844572b100, tag: 0xf3134a68a70eecd4, nbytes: 16, type: <class 'numpy.ndarray'>>: 

During handling of the above exception, another exception occurred:

Traceback (most recent call last):
  File "/opt/conda/envs/gdf/lib/python3.10/site-packages/distributed/worker.py", line 2075, in gather_dep
    response = await get_data_from_worker(
  File "/opt/conda/envs/gdf/lib/python3.10/site-packages/distributed/worker.py", line 2881, in get_data_from_worker
    response = await send_recv(
  File "/opt/conda/envs/gdf/lib/python3.10/site-packages/distributed/core.py", line 1018, in send_recv
    response = await comm.read(deserializers=deserializers)
  File "/opt/conda/envs/gdf/lib/python3.10/site-packages/distributed/utils.py", line 805, in wrapper
    return await func(*args, **kwargs)
  File "/opt/conda/envs/gdf/lib/python3.10/site-packages/rapids_dask_dependency/patches/distributed/comm/__rdd_patch_ucx.py", line 371, in read
    raise CommClosedError(
distributed.comm.core.CommClosedError: Connection closed by writer.
Inner exception: UCXCanceled("<[Recv #008] ep: 0x7f844572b100, tag: 0xf3134a68a70eecd4, nbytes: 16, type: <class 'numpy.ndarray'>>: ")
2025-02-09 08:02:26,048 - distributed.worker - ERROR - failed during get data with ucx://127.0.0.1:50433 -> ucx://127.0.0.1:34161
Traceback (most recent call last):
  File "/opt/conda/envs/gdf/lib/python3.10/site-packages/rapids_dask_dependency/patches/distributed/comm/__rdd_patch_ucx.py", line 337, in write
    await self.ep.send(each_frame)
  File "/opt/conda/envs/gdf/lib/python3.10/site-packages/ucp/core.py", line 673, in send
    return await comm.tag_send(self._ep, buffer, nbytes, tag, name=log)
ucp._libs.exceptions.UCXError: <[Send #007] ep: 0x7f564148d340, tag: 0x5e43cddefaf6ce06, nbytes: 50000000, type: <class 'cupy.ndarray'>>: Connection reset by remote peer

During handling of the above exception, another exception occurred:

Traceback (most recent call last):
  File "/opt/conda/envs/gdf/lib/python3.10/site-packages/distributed/worker.py", line 1796, in get_data
    compressed = await comm.write(msg, serializers=serializers)
  File "/opt/conda/envs/gdf/lib/python3.10/site-packages/distributed/utils.py", line 805, in wrapper
    return await func(*args, **kwargs)
  File "/opt/conda/envs/gdf/lib/python3.10/site-packages/rapids_dask_dependency/patches/distributed/comm/__rdd_patch_ucx.py", line 341, in write
    raise CommClosedError("While writing, the connection was closed")
distributed.comm.core.CommClosedError: While writing, the connection was closed
2025-02-09 08:02:26,049 - distributed.worker - ERROR - failed during get data with ucx://127.0.0.1:50433 -> ucx://127.0.0.1:35289
Traceback (most recent call last):
  File "/opt/conda/envs/gdf/lib/python3.10/site-packages/rapids_dask_dependency/patches/distributed/comm/__rdd_patch_ucx.py", line 337, in write
    await self.ep.send(each_frame)
  File "/opt/conda/envs/gdf/lib/python3.10/site-packages/ucp/core.py", line 673, in send
    return await comm.tag_send(self._ep, buffer, nbytes, tag, name=log)
ucp._libs.exceptions.UCXError: <[Send #007] ep: 0x7f564148d100, tag: 0x43dbdf8f971fbaee, nbytes: 50000000, type: <class 'cupy.ndarray'>>: Connection reset by remote peer

During handling of the above exception, another exception occurred:

Traceback (most recent call last):
  File "/opt/conda/envs/gdf/lib/python3.10/site-packages/distributed/worker.py", line 1796, in get_data
    compressed = await comm.write(msg, serializers=serializers)
  File "/opt/conda/envs/gdf/lib/python3.10/site-packages/distributed/utils.py", line 805, in wrapper
    return await func(*args, **kwargs)
  File "/opt/conda/envs/gdf/lib/python3.10/site-packages/rapids_dask_dependency/patches/distributed/comm/__rdd_patch_ucx.py", line 341, in write
    raise CommClosedError("While writing, the connection was closed")
distributed.comm.core.CommClosedError: While writing, the connection was closed
[dgx13:76887:0:76887] Caught signal 11 (Segmentation fault: address not mapped to object at address 0x2faf4d0)
==== backtrace (tid:  76887) ====
 0  /opt/conda/envs/gdf/lib/libucs.so.0(ucs_handle_error+0x305) [0x7f564405c025]
 1  /opt/conda/envs/gdf/lib/libucs.so.0(+0x2f221) [0x7f564405c221]
 2  /opt/conda/envs/gdf/lib/libucs.so.0(+0x2f3ea) [0x7f564405c3ea]
 3  /usr/lib/x86_64-linux-gnu/libpthread.so.0(+0x14420) [0x7f568ff31420]
 4  /opt/conda/envs/gdf/lib/libucp.so.0(ucp_mem_type_unpack+0x17) [0x7f56440e1197]
 5  /opt/conda/envs/gdf/lib/libucp.so.0(ucp_rndv_data_handler+0x5f5) [0x7f564410c9e5]
 6  /opt/conda/envs/gdf/lib/./libuct.so.0(+0x21dd6) [0x7f5641fe3dd6]
 7  /opt/conda/envs/gdf/lib/./libuct.so.0(+0x24f48) [0x7f5641fe6f48]
 8  /opt/conda/envs/gdf/lib/libucs.so.0(ucs_event_set_wait+0xb1) [0x7f5644065851]
 9  /opt/conda/envs/gdf/lib/./libuct.so.0(uct_tcp_iface_progress+0x7c) [0x7f5641fe5fbc]
10  /opt/conda/envs/gdf/lib/libucp.so.0(ucp_worker_progress+0x5a) [0x7f56440ddd5a]
11  /opt/conda/envs/gdf/lib/python3.10/site-packages/ucp/_libs/ucx_api.cpython-310-x86_64-linux-gnu.so(+0x31dca) [0x7f56441a1dca]
12  /opt/conda/envs/gdf/bin/python(_PyEval_EvalFrameDefault+0x2c3e) [0x55c8e03e26de]
13  /opt/conda/envs/gdf/bin/python(_PyFunction_Vectorcall+0x6c) [0x55c8e03efb7c]
14  /opt/conda/envs/gdf/bin/python(_PyEval_EvalFrameDefault+0x6fd) [0x55c8e03e019d]
15  /opt/conda/envs/gdf/bin/python(+0x1d62c9) [0x55c8e048a2c9]
16  /opt/conda/envs/gdf/lib/python3.10/lib-dynload/_asyncio.cpython-310-x86_64-linux-gnu.so(+0x7782) [0x7f566fae2782]
17  /opt/conda/envs/gdf/bin/python(_PyObject_MakeTpCall+0x2d3) [0x55c8e03e8a03]
18  /opt/conda/envs/gdf/bin/python(+0xf745f) [0x55c8e03ab45f]
19  /opt/conda/envs/gdf/bin/python(+0x1331b3) [0x55c8e03e71b3]
20  /opt/conda/envs/gdf/bin/python(_PyEval_EvalFrameDefault+0x593b) [0x55c8e03e53db]
21  /opt/conda/envs/gdf/bin/python(_PyFunction_Vectorcall+0x6c) [0x55c8e03efb7c]
22  /opt/conda/envs/gdf/bin/python(_PyEval_EvalFrameDefault+0x6fd) [0x55c8e03e019d]
23  /opt/conda/envs/gdf/bin/python(_PyFunction_Vectorcall+0x6c) [0x55c8e03efb7c]
24  /opt/conda/envs/gdf/bin/python(_PyEval_EvalFrameDefault+0x6fd) [0x55c8e03e019d]
25  /opt/conda/envs/gdf/bin/python(_PyFunction_Vectorcall+0x6c) [0x55c8e03efb7c]
26  /opt/conda/envs/gdf/bin/python(_PyEval_EvalFrameDefault+0x6fd) [0x55c8e03e019d]
27  /opt/conda/envs/gdf/bin/python(_PyFunction_Vectorcall+0x6c) [0x55c8e03efb7c]
28  /opt/conda/envs/gdf/bin/python(_PyEval_EvalFrameDefault+0x6fd) [0x55c8e03e019d]
29  /opt/conda/envs/gdf/bin/python(_PyFunction_Vectorcall+0x6c) [0x55c8e03efb7c]
30  /opt/conda/envs/gdf/bin/python(_PyEval_EvalFrameDefault+0x1341) [0x55c8e03e0de1]
31  /opt/conda/envs/gdf/bin/python(+0x146fb2) [0x55c8e03fafb2]
32  /opt/conda/envs/gdf/bin/python(PyObject_Call+0xbc) [0x55c8e03fb94c]
33  /opt/conda/envs/gdf/bin/python(+0x1ff72d) [0x55c8e04b372d]
34  /opt/conda/envs/gdf/bin/python(_PyObject_MakeTpCall+0x2d3) [0x55c8e03e8a03]
35  /opt/conda/envs/gdf/bin/python(_PyEval_EvalFrameDefault+0x2c3e) [0x55c8e03e26de]
36  /opt/conda/envs/gdf/bin/python(+0x147108) [0x55c8e03fb108]
37  /opt/conda/envs/gdf/bin/python(_PyEval_EvalFrameDefault+0x2c3e) [0x55c8e03e26de]
38  /opt/conda/envs/gdf/bin/python(_PyFunction_Vectorcall+0x6c) [0x55c8e03efb7c]
39  /opt/conda/envs/gdf/bin/python(_PyEval_EvalFrameDefault+0x6fd) [0x55c8e03e019d]
40  /opt/conda/envs/gdf/bin/python(_PyFunction_Vectorcall+0x6c) [0x55c8e03efb7c]
41  /opt/conda/envs/gdf/bin/python(_PyEval_EvalFrameDefault+0x6fd) [0x55c8e03e019d]
42  /opt/conda/envs/gdf/bin/python(_PyFunction_Vectorcall+0x6c) [0x55c8e03efb7c]
43  /opt/conda/envs/gdf/bin/python(_PyEval_EvalFrameDefault+0x309) [0x55c8e03dfda9]
44  /opt/conda/envs/gdf/bin/python(_PyFunction_Vectorcall+0x6c) [0x55c8e03efb7c]
45  /opt/conda/envs/gdf/bin/python(_PyEval_EvalFrameDefault+0x1341) [0x55c8e03e0de1]
46  /opt/conda/envs/gdf/bin/python(+0x1cca8c) [0x55c8e0480a8c]
47  /opt/conda/envs/gdf/bin/python(PyEval_EvalCode+0x87) [0x55c8e04809d7]
48  /opt/conda/envs/gdf/bin/python(+0x1fceba) [0x55c8e04b0eba]
49  /opt/conda/envs/gdf/bin/python(+0x1f8343) [0x55c8e04ac343]
50  /opt/conda/envs/gdf/bin/python(PyRun_StringFlags+0x7d) [0x55c8e04a4add]
51  /opt/conda/envs/gdf/bin/python(PyRun_SimpleStringFlags+0x3c) [0x55c8e04a491c]
52  /opt/conda/envs/gdf/bin/python(Py_RunMain+0x3ba) [0x55c8e04a3b1a]
53  /opt/conda/envs/gdf/bin/python(Py_BytesMain+0x37) [0x55c8e0474117]
54  /usr/lib/x86_64-linux-gnu/libc.so.6(__libc_start_main+0xf3) [0x7f568fbf5083]
55  /opt/conda/envs/gdf/bin/python(+0x1c002e) [0x55c8e047402e]
=================================
2025-02-09 08:02:26,067 - distributed.scheduler - WARNING - Removing worker 'ucx://127.0.0.1:56539' caused the cluster to lose already computed task(s), which will be recomputed elsewhere: {('sum-89130f6907e3c59de9d9073c8c839191', 9, 6), ('random_sample-5e82b0af659a79c990cdca68265c3334', 1, 0), ('sum-89130f6907e3c59de9d9073c8c839191', 6, 3), ('sum-89130f6907e3c59de9d9073c8c839191', 6, 9), ('random_sample-5e82b0af659a79c990cdca68265c3334', 2, 4), ('random_sample-5e82b0af659a79c990cdca68265c3334', 7, 6), ('random_sample-5e82b0af659a79c990cdca68265c3334', 5, 0), ('random_sample-5e82b0af659a79c990cdca68265c3334', 3, 6), ('random_sample-5e82b0af659a79c990cdca68265c3334', 9, 6), ('random_sample-5e82b0af659a79c990cdca68265c3334', 2, 0), ('random_sample-5e82b0af659a79c990cdca68265c3334', 6, 9), ('random_sample-5e82b0af659a79c990cdca68265c3334', 6, 3), ('sum-89130f6907e3c59de9d9073c8c839191', 8, 8), ('random_sample-5e82b0af659a79c990cdca68265c3334', 8, 8), ('random_sample-5e82b0af659a79c990cdca68265c3334', 6, 2)} (stimulus_id='handle-worker-cleanup-1739088146.0668144')
2025-02-09 08:02:26,076 - distributed.worker - ERROR - Worker stream died during communication: ucx://127.0.0.1:56539
Traceback (most recent call last):
  File "/opt/conda/envs/gdf/lib/python3.10/site-packages/rapids_dask_dependency/patches/distributed/comm/__rdd_patch_ucx.py", line 470, in connect
    ep = await ucp.create_endpoint(ip, port)
  File "/opt/conda/envs/gdf/lib/python3.10/site-packages/ucp/core.py", line 1040, in create_endpoint
    return await _get_ctx().create_endpoint(
  File "/opt/conda/envs/gdf/lib/python3.10/site-packages/ucp/core.py", line 337, in create_endpoint
    peer_info = await exchange_peer_info(
  File "/opt/conda/envs/gdf/lib/python3.10/site-packages/ucp/core.py", line 62, in exchange_peer_info
    await asyncio.wait_for(
  File "/opt/conda/envs/gdf/lib/python3.10/asyncio/tasks.py", line 445, in wait_for
    return fut.result()
ucp._libs.exceptions.UCXNotConnected: <stream_recv>: 

During handling of the above exception, another exception occurred:

Traceback (most recent call last):
  File "/opt/conda/envs/gdf/lib/python3.10/site-packages/distributed/comm/core.py", line 342, in connect
    comm = await wait_for(
  File "/opt/conda/envs/gdf/lib/python3.10/site-packages/distributed/utils.py", line 1915, in wait_for
    return await asyncio.wait_for(fut, timeout)
  File "/opt/conda/envs/gdf/lib/python3.10/asyncio/tasks.py", line 445, in wait_for
    return fut.result()
  File "/opt/conda/envs/gdf/lib/python3.10/site-packages/rapids_dask_dependency/patches/distributed/comm/__rdd_patch_ucx.py", line 472, in connect
    raise CommClosedError("Connection closed before handshake completed")
distributed.comm.core.CommClosedError: Connection closed before handshake completed

During handling of the above exception, another exception occurred:

Traceback (most recent call last):
  File "/opt/conda/envs/gdf/lib/python3.10/site-packages/distributed/core.py", line 1429, in _connect
    comm = await connect(
  File "/opt/conda/envs/gdf/lib/python3.10/site-packages/distributed/comm/core.py", line 366, in connect
    await asyncio.sleep(backoff)
  File "/opt/conda/envs/gdf/lib/python3.10/asyncio/tasks.py", line 605, in sleep
    return await future
asyncio.exceptions.CancelledError

During handling of the above exception, another exception occurred:

Traceback (most recent call last):
  File "/opt/conda/envs/gdf/lib/python3.10/site-packages/distributed/core.py", line 1539, in connect
    return connect_attempt.result()
asyncio.exceptions.CancelledError

During handling of the above exception, another exception occurred:

Traceback (most recent call last):
  File "/opt/conda/envs/gdf/lib/python3.10/site-packages/distributed/worker.py", line 2075, in gather_dep
    response = await get_data_from_worker(
  File "/opt/conda/envs/gdf/lib/python3.10/site-packages/distributed/worker.py", line 2878, in get_data_from_worker
    comm = await rpc.connect(worker)
  File "/opt/conda/envs/gdf/lib/python3.10/site-packages/distributed/core.py", line 1542, in connect
    raise CommClosedError(reason)
distributed.comm.core.CommClosedError: Address removed.
Task exception was never retrieved
future: <Task finished name='Task-1500' coro=<_listener_handler_coroutine() done, defined at /opt/conda/envs/gdf/lib/python3.10/site-packages/ucp/core.py:142> exception=UCXError('<stream_send>: Connection reset by remote peer')>
Traceback (most recent call last):
  File "/opt/conda/envs/gdf/lib/python3.10/site-packages/ucp/core.py", line 157, in _listener_handler_coroutine
    peer_info = await exchange_peer_info(
  File "/opt/conda/envs/gdf/lib/python3.10/site-packages/ucp/core.py", line 53, in exchange_peer_info
    await asyncio.wait_for(
  File "/opt/conda/envs/gdf/lib/python3.10/asyncio/tasks.py", line 445, in wait_for
    return fut.result()
ucp._libs.exceptions.UCXError: <stream_send>: Connection reset by remote peer
2025-02-09 08:02:26,257 - distributed.worker - ERROR - failed during get data with ucx://127.0.0.1:38517 -> ucx://127.0.0.1:56539
Traceback (most recent call last):
  File "/opt/conda/envs/gdf/lib/python3.10/site-packages/rapids_dask_dependency/patches/distributed/comm/__rdd_patch_ucx.py", line 337, in write
    await self.ep.send(each_frame)
  File "/opt/conda/envs/gdf/lib/python3.10/site-packages/ucp/core.py", line 673, in send
    return await comm.tag_send(self._ep, buffer, nbytes, tag, name=log)
ucp._libs.exceptions.UCXError: <[Send #007] ep: 0x7f37714cb340, tag: 0x6d91f4800eb4d74b, nbytes: 50000000, type: <class 'cupy.ndarray'>>: Connection reset by remote peer

During handling of the above exception, another exception occurred:

Traceback (most recent call last):
  File "/opt/conda/envs/gdf/lib/python3.10/site-packages/distributed/worker.py", line 1796, in get_data
    compressed = await comm.write(msg, serializers=serializers)
  File "/opt/conda/envs/gdf/lib/python3.10/site-packages/distributed/utils.py", line 805, in wrapper
    return await func(*args, **kwargs)
  File "/opt/conda/envs/gdf/lib/python3.10/site-packages/rapids_dask_dependency/patches/distributed/comm/__rdd_patch_ucx.py", line 341, in write
    raise CommClosedError("While writing, the connection was closed")
distributed.comm.core.CommClosedError: While writing, the connection was closed
2025-02-09 08:02:26,257 - distributed.worker - ERROR - Worker stream died during communication: ucx://127.0.0.1:56539
Traceback (most recent call last):
  File "/opt/conda/envs/gdf/lib/python3.10/site-packages/rapids_dask_dependency/patches/distributed/comm/__rdd_patch_ucx.py", line 395, in read
    await self.ep.recv(each_frame)
  File "/opt/conda/envs/gdf/lib/python3.10/site-packages/ucp/core.py", line 748, in recv
    ret = await comm.tag_recv(self._ep, buffer, nbytes, tag, name=log)
ucp._libs.exceptions.UCXError: <[Recv #007] ep: 0x7f37714cb1c0, tag: 0xad648e1d8316caa, nbytes: 50000000, type: <class 'rmm.pylibrmm.device_buffer.DeviceBuffer'>>: Connection reset by remote peer

During handling of the above exception, another exception occurred:

Traceback (most recent call last):
  File "/opt/conda/envs/gdf/lib/python3.10/site-packages/distributed/worker.py", line 2075, in gather_dep
    response = await get_data_from_worker(
  File "/opt/conda/envs/gdf/lib/python3.10/site-packages/distributed/worker.py", line 2881, in get_data_from_worker
    response = await send_recv(
  File "/opt/conda/envs/gdf/lib/python3.10/site-packages/distributed/core.py", line 1018, in send_recv
    response = await comm.read(deserializers=deserializers)
  File "/opt/conda/envs/gdf/lib/python3.10/site-packages/distributed/utils.py", line 805, in wrapper
    return await func(*args, **kwargs)
  File "/opt/conda/envs/gdf/lib/python3.10/site-packages/rapids_dask_dependency/patches/distributed/comm/__rdd_patch_ucx.py", line 401, in read
    raise CommClosedError(
distributed.comm.core.CommClosedError: Connection closed by writer.
Inner exception: UCXError("<[Recv #007] ep: 0x7f37714cb1c0, tag: 0xad648e1d8316caa, nbytes: 50000000, type: <class 'rmm.pylibrmm.device_buffer.DeviceBuffer'>>: Connection reset by remote peer")
2025-02-09 08:02:26,258 - distributed.worker - ERROR - Worker stream died during communication: ucx://127.0.0.1:58217
Traceback (most recent call last):
  File "/opt/conda/envs/gdf/lib/python3.10/site-packages/rapids_dask_dependency/patches/distributed/comm/__rdd_patch_ucx.py", line 353, in read
    await self.ep.recv(msg)
  File "/opt/conda/envs/gdf/lib/python3.10/site-packages/ucp/core.py", line 748, in recv
    ret = await comm.tag_recv(self._ep, buffer, nbytes, tag, name=log)
ucp._libs.exceptions.UCXCanceled: <[Recv #003] ep: 0x7f37714cb240, tag: 0xea173b234e202c72, nbytes: 16, type: <class 'numpy.ndarray'>>: 

During handling of the above exception, another exception occurred:

Traceback (most recent call last):
  File "/opt/conda/envs/gdf/lib/python3.10/site-packages/distributed/worker.py", line 2075, in gather_dep
    response = await get_data_from_worker(
  File "/opt/conda/envs/gdf/lib/python3.10/site-packages/distributed/worker.py", line 2881, in get_data_from_worker
    response = await send_recv(
  File "/opt/conda/envs/gdf/lib/python3.10/site-packages/distributed/core.py", line 1018, in send_recv
    response = await comm.read(deserializers=deserializers)
  File "/opt/conda/envs/gdf/lib/python3.10/site-packages/distributed/utils.py", line 805, in wrapper
    return await func(*args, **kwargs)
  File "/opt/conda/envs/gdf/lib/python3.10/site-packages/rapids_dask_dependency/patches/distributed/comm/__rdd_patch_ucx.py", line 371, in read
    raise CommClosedError(
distributed.comm.core.CommClosedError: Connection closed by writer.
Inner exception: UCXCanceled("<[Recv #003] ep: 0x7f37714cb240, tag: 0xea173b234e202c72, nbytes: 16, type: <class 'numpy.ndarray'>>: ")
2025-02-09 08:02:26,266 - distributed.nanny - WARNING - Restarting worker
2025-02-09 08:02:26,276 - distributed.worker - ERROR - failed during get data with ucx://127.0.0.1:46253 -> ucx://127.0.0.1:50433
Traceback (most recent call last):
  File "/opt/conda/envs/gdf/lib/python3.10/site-packages/rapids_dask_dependency/patches/distributed/comm/__rdd_patch_ucx.py", line 337, in write
    await self.ep.send(each_frame)
  File "/opt/conda/envs/gdf/lib/python3.10/site-packages/ucp/core.py", line 673, in send
    return await comm.tag_send(self._ep, buffer, nbytes, tag, name=log)
ucp._libs.exceptions.UCXError: <[Send #007] ep: 0x7f844572b380, tag: 0xa2cfed811d078225, nbytes: 50000000, type: <class 'cupy.ndarray'>>: Connection reset by remote peer

During handling of the above exception, another exception occurred:

Traceback (most recent call last):
  File "/opt/conda/envs/gdf/lib/python3.10/site-packages/distributed/worker.py", line 1796, in get_data
    compressed = await comm.write(msg, serializers=serializers)
  File "/opt/conda/envs/gdf/lib/python3.10/site-packages/distributed/utils.py", line 805, in wrapper
    return await func(*args, **kwargs)
  File "/opt/conda/envs/gdf/lib/python3.10/site-packages/rapids_dask_dependency/patches/distributed/comm/__rdd_patch_ucx.py", line 341, in write
    raise CommClosedError("While writing, the connection was closed")
distributed.comm.core.CommClosedError: While writing, the connection was closed
2025-02-09 08:02:26,276 - distributed.worker - ERROR - Worker stream died during communication: ucx://127.0.0.1:50433
Traceback (most recent call last):
  File "/opt/conda/envs/gdf/lib/python3.10/site-packages/rapids_dask_dependency/patches/distributed/comm/__rdd_patch_ucx.py", line 395, in read
    await self.ep.recv(each_frame)
  File "/opt/conda/envs/gdf/lib/python3.10/site-packages/ucp/core.py", line 748, in recv
    ret = await comm.tag_recv(self._ep, buffer, nbytes, tag, name=log)
ucp._libs.exceptions.UCXError: <[Recv #007] ep: 0x7fa93852d140, tag: 0x24369432fe7d5fce, nbytes: 50000000, type: <class 'rmm.pylibrmm.device_buffer.DeviceBuffer'>>: Connection reset by remote peer

During handling of the above exception, another exception occurred:

Traceback (most recent call last):
  File "/opt/conda/envs/gdf/lib/python3.10/site-packages/distributed/worker.py", line 2075, in gather_dep
    response = await get_data_from_worker(
  File "/opt/conda/envs/gdf/lib/python3.10/site-packages/distributed/worker.py", line 2881, in get_data_from_worker
    response = await send_recv(
  File "/opt/conda/envs/gdf/lib/python3.10/site-packages/distributed/core.py", line 1018, in send_recv
    response = await comm.read(deserializers=deserializers)
  File "/opt/conda/envs/gdf/lib/python3.10/site-packages/distributed/utils.py", line 805, in wrapper
    return await func(*args, **kwargs)
  File "/opt/conda/envs/gdf/lib/python3.10/site-packages/rapids_dask_dependency/patches/distributed/comm/__rdd_patch_ucx.py", line 401, in read
    raise CommClosedError(
distributed.comm.core.CommClosedError: Connection closed by writer.
Inner exception: UCXError("<[Recv #007] ep: 0x7fa93852d140, tag: 0x24369432fe7d5fce, nbytes: 50000000, type: <class 'rmm.pylibrmm.device_buffer.DeviceBuffer'>>: Connection reset by remote peer")
2025-02-09 08:02:26,276 - distributed.worker - ERROR - failed during get data with ucx://127.0.0.1:46253 -> ucx://127.0.0.1:56539
Traceback (most recent call last):
  File "/opt/conda/envs/gdf/lib/python3.10/site-packages/rapids_dask_dependency/patches/distributed/comm/__rdd_patch_ucx.py", line 337, in write
    await self.ep.send(each_frame)
  File "/opt/conda/envs/gdf/lib/python3.10/site-packages/ucp/core.py", line 673, in send
    return await comm.tag_send(self._ep, buffer, nbytes, tag, name=log)
ucp._libs.exceptions.UCXError: <[Send #012] ep: 0x7f844572b0c0, tag: 0x3821b7f23311d3dc, nbytes: 50000000, type: <class 'cupy.ndarray'>>: Connection reset by remote peer

During handling of the above exception, another exception occurred:

Traceback (most recent call last):
  File "/opt/conda/envs/gdf/lib/python3.10/site-packages/distributed/worker.py", line 1796, in get_data
    compressed = await comm.write(msg, serializers=serializers)
  File "/opt/conda/envs/gdf/lib/python3.10/site-packages/distributed/utils.py", line 805, in wrapper
    return await func(*args, **kwargs)
  File "/opt/conda/envs/gdf/lib/python3.10/site-packages/rapids_dask_dependency/patches/distributed/comm/__rdd_patch_ucx.py", line 341, in write
    raise CommClosedError("While writing, the connection was closed")
distributed.comm.core.CommClosedError: While writing, the connection was closed
2025-02-09 08:02:26,277 - distributed.worker - ERROR - failed during get data with ucx://127.0.0.1:32861 -> ucx://127.0.0.1:50433
Traceback (most recent call last):
  File "/opt/conda/envs/gdf/lib/python3.10/site-packages/rapids_dask_dependency/patches/distributed/comm/__rdd_patch_ucx.py", line 337, in write
    await self.ep.send(each_frame)
  File "/opt/conda/envs/gdf/lib/python3.10/site-packages/ucp/core.py", line 673, in send
    return await comm.tag_send(self._ep, buffer, nbytes, tag, name=log)
ucp._libs.exceptions.UCXError: <[Send #007] ep: 0x7fa93852d280, tag: 0x8a9aa8e7ae8af2e2, nbytes: 50000000, type: <class 'cupy.ndarray'>>: Connection reset by remote peer

During handling of the above exception, another exception occurred:

Traceback (most recent call last):
  File "/opt/conda/envs/gdf/lib/python3.10/site-packages/distributed/worker.py", line 1796, in get_data
    compressed = await comm.write(msg, serializers=serializers)
  File "/opt/conda/envs/gdf/lib/python3.10/site-packages/distributed/utils.py", line 805, in wrapper
    return await func(*args, **kwargs)
  File "/opt/conda/envs/gdf/lib/python3.10/site-packages/rapids_dask_dependency/patches/distributed/comm/__rdd_patch_ucx.py", line 341, in write
    raise CommClosedError("While writing, the connection was closed")
distributed.comm.core.CommClosedError: While writing, the connection was closed
2025-02-09 08:02:26,277 - distributed.scheduler - WARNING - Removing worker 'ucx://127.0.0.1:50433' caused the cluster to lose already computed task(s), which will be recomputed elsewhere: {('sum-89130f6907e3c59de9d9073c8c839191', 9, 9), ('random_sample-5e82b0af659a79c990cdca68265c3334', 1, 4), ('random_sample-5e82b0af659a79c990cdca68265c3334', 9, 1), ('random_sample-5e82b0af659a79c990cdca68265c3334', 4, 7), ('random_sample-5e82b0af659a79c990cdca68265c3334', 7, 8), ('random_sample-5e82b0af659a79c990cdca68265c3334', 2, 8), ('random_sample-5e82b0af659a79c990cdca68265c3334', 0, 4), ('random_sample-5e82b0af659a79c990cdca68265c3334', 6, 4), ('random_sample-5e82b0af659a79c990cdca68265c3334', 5, 3), ('random_sample-5e82b0af659a79c990cdca68265c3334', 0, 3), ('random_sample-5e82b0af659a79c990cdca68265c3334', 3, 9), ('sum-89130f6907e3c59de9d9073c8c839191', 4, 7), ('random_sample-5e82b0af659a79c990cdca68265c3334', 9, 9), ('random_sample-5e82b0af659a79c990cdca68265c3334', 2, 3), ('sum-89130f6907e3c59de9d9073c8c839191', 7, 4)} (stimulus_id='handle-worker-cleanup-1739088146.2773924')
2025-02-09 08:02:26,277 - distributed.worker - ERROR - Worker stream died during communication: ucx://127.0.0.1:50433
Traceback (most recent call last):
  File "/opt/conda/envs/gdf/lib/python3.10/site-packages/rapids_dask_dependency/patches/distributed/comm/__rdd_patch_ucx.py", line 395, in read
    await self.ep.recv(each_frame)
  File "/opt/conda/envs/gdf/lib/python3.10/site-packages/ucp/core.py", line 748, in recv
    ret = await comm.tag_recv(self._ep, buffer, nbytes, tag, name=log)
ucp._libs.exceptions.UCXError: <[Recv #007] ep: 0x7f844572b1c0, tag: 0xa4553c25b8f42b6b, nbytes: 50000000, type: <class 'rmm.pylibrmm.device_buffer.DeviceBuffer'>>: Connection reset by remote peer

During handling of the above exception, another exception occurred:

Traceback (most recent call last):
  File "/opt/conda/envs/gdf/lib/python3.10/site-packages/distributed/worker.py", line 2075, in gather_dep
    response = await get_data_from_worker(
  File "/opt/conda/envs/gdf/lib/python3.10/site-packages/distributed/worker.py", line 2881, in get_data_from_worker
    response = await send_recv(
  File "/opt/conda/envs/gdf/lib/python3.10/site-packages/distributed/core.py", line 1018, in send_recv
    response = await comm.read(deserializers=deserializers)
  File "/opt/conda/envs/gdf/lib/python3.10/site-packages/distributed/utils.py", line 805, in wrapper
    return await func(*args, **kwargs)
  File "/opt/conda/envs/gdf/lib/python3.10/site-packages/rapids_dask_dependency/patches/distributed/comm/__rdd_patch_ucx.py", line 401, in read
    raise CommClosedError(
distributed.comm.core.CommClosedError: Connection closed by writer.
Inner exception: UCXError("<[Recv #007] ep: 0x7f844572b1c0, tag: 0xa4553c25b8f42b6b, nbytes: 50000000, type: <class 'rmm.pylibrmm.device_buffer.DeviceBuffer'>>: Connection reset by remote peer")
2025-02-09 08:02:26,277 - distributed.worker - ERROR - failed during get data with ucx://127.0.0.1:32861 -> ucx://127.0.0.1:58217
Traceback (most recent call last):
  File "/opt/conda/envs/gdf/lib/python3.10/site-packages/rapids_dask_dependency/patches/distributed/comm/__rdd_patch_ucx.py", line 337, in write
    await self.ep.send(each_frame)
  File "/opt/conda/envs/gdf/lib/python3.10/site-packages/ucp/core.py", line 673, in send
    return await comm.tag_send(self._ep, buffer, nbytes, tag, name=log)
ucp._libs.exceptions.UCXError: <[Send #007] ep: 0x7fa93852d240, tag: 0xda8412aa54f5ac69, nbytes: 50000000, type: <class 'cupy.ndarray'>>: Connection reset by remote peer

During handling of the above exception, another exception occurred:

Traceback (most recent call last):
  File "/opt/conda/envs/gdf/lib/python3.10/site-packages/distributed/worker.py", line 1796, in get_data
    compressed = await comm.write(msg, serializers=serializers)
  File "/opt/conda/envs/gdf/lib/python3.10/site-packages/distributed/utils.py", line 805, in wrapper
    return await func(*args, **kwargs)
  File "/opt/conda/envs/gdf/lib/python3.10/site-packages/rapids_dask_dependency/patches/distributed/comm/__rdd_patch_ucx.py", line 341, in write
    raise CommClosedError("While writing, the connection was closed")
distributed.comm.core.CommClosedError: While writing, the connection was closed
2025-02-09 08:02:26,424 - distributed.nanny - WARNING - Restarting worker
2025-02-09 08:02:26,456 - distributed.nanny - WARNING - Restarting worker
[dgx13:76892:0:76892] Caught signal 11 (Segmentation fault: address not mapped to object at address 0x2faf4d0)
==== backtrace (tid:  76892) ====
 0  /opt/conda/envs/gdf/lib/libucs.so.0(ucs_handle_error+0x305) [0x7f844c2fd025]
 1  /opt/conda/envs/gdf/lib/libucs.so.0(+0x2f221) [0x7f844c2fd221]
 2  /opt/conda/envs/gdf/lib/libucs.so.0(+0x2f3ea) [0x7f844c2fd3ea]
 3  /usr/lib/x86_64-linux-gnu/libpthread.so.0(+0x14420) [0x7f84983ac420]
 4  /opt/conda/envs/gdf/lib/libucp.so.0(ucp_mem_type_unpack+0x17) [0x7f844c382197]
 5  /opt/conda/envs/gdf/lib/libucp.so.0(ucp_rndv_data_handler+0x5f5) [0x7f844c3ad9e5]
 6  /opt/conda/envs/gdf/lib/./libuct.so.0(+0x21dd6) [0x7f844c2b1dd6]
 7  /opt/conda/envs/gdf/lib/./libuct.so.0(+0x24f48) [0x7f844c2b4f48]
 8  /opt/conda/envs/gdf/lib/libucs.so.0(ucs_event_set_wait+0xb1) [0x7f844c306851]
 9  /opt/conda/envs/gdf/lib/./libuct.so.0(uct_tcp_iface_progress+0x7c) [0x7f844c2b3fbc]
10  /opt/conda/envs/gdf/lib/libucp.so.0(ucp_worker_progress+0x5a) [0x7f844c37ed5a]
11  /opt/conda/envs/gdf/lib/python3.10/site-packages/ucp/_libs/ucx_api.cpython-310-x86_64-linux-gnu.so(+0x31dca) [0x7f844c442dca]
12  /opt/conda/envs/gdf/bin/python(_PyEval_EvalFrameDefault+0x2c3e) [0x55d7b6cf76de]
13  /opt/conda/envs/gdf/bin/python(_PyFunction_Vectorcall+0x6c) [0x55d7b6d04b7c]
14  /opt/conda/envs/gdf/bin/python(_PyEval_EvalFrameDefault+0x6fd) [0x55d7b6cf519d]
15  /opt/conda/envs/gdf/bin/python(+0x1d62c9) [0x55d7b6d9f2c9]
16  /opt/conda/envs/gdf/lib/python3.10/lib-dynload/_asyncio.cpython-310-x86_64-linux-gnu.so(+0x7782) [0x7f8477f61782]
17  /opt/conda/envs/gdf/bin/python(_PyObject_MakeTpCall+0x2d3) [0x55d7b6cfda03]
18  /opt/conda/envs/gdf/bin/python(+0xf745f) [0x55d7b6cc045f]
19  /opt/conda/envs/gdf/bin/python(+0x1331b3) [0x55d7b6cfc1b3]
20  /opt/conda/envs/gdf/bin/python(_PyEval_EvalFrameDefault+0x593b) [0x55d7b6cfa3db]
21  /opt/conda/envs/gdf/bin/python(_PyFunction_Vectorcall+0x6c) [0x55d7b6d04b7c]
22  /opt/conda/envs/gdf/bin/python(_PyEval_EvalFrameDefault+0x6fd) [0x55d7b6cf519d]
23  /opt/conda/envs/gdf/bin/python(_PyFunction_Vectorcall+0x6c) [0x55d7b6d04b7c]
24  /opt/conda/envs/gdf/bin/python(_PyEval_EvalFrameDefault+0x6fd) [0x55d7b6cf519d]
25  /opt/conda/envs/gdf/bin/python(_PyFunction_Vectorcall+0x6c) [0x55d7b6d04b7c]
26  /opt/conda/envs/gdf/bin/python(_PyEval_EvalFrameDefault+0x6fd) [0x55d7b6cf519d]
27  /opt/conda/envs/gdf/bin/python(_PyFunction_Vectorcall+0x6c) [0x55d7b6d04b7c]
28  /opt/conda/envs/gdf/bin/python(_PyEval_EvalFrameDefault+0x6fd) [0x55d7b6cf519d]
29  /opt/conda/envs/gdf/bin/python(_PyFunction_Vectorcall+0x6c) [0x55d7b6d04b7c]
30  /opt/conda/envs/gdf/bin/python(_PyEval_EvalFrameDefault+0x1341) [0x55d7b6cf5de1]
31  /opt/conda/envs/gdf/bin/python(+0x146fb2) [0x55d7b6d0ffb2]
32  /opt/conda/envs/gdf/bin/python(PyObject_Call+0xbc) [0x55d7b6d1094c]
33  /opt/conda/envs/gdf/bin/python(+0x1ff72d) [0x55d7b6dc872d]
34  /opt/conda/envs/gdf/bin/python(_PyObject_MakeTpCall+0x2d3) [0x55d7b6cfda03]
35  /opt/conda/envs/gdf/bin/python(_PyEval_EvalFrameDefault+0x2c3e) [0x55d7b6cf76de]
36  /opt/conda/envs/gdf/bin/python(+0x147108) [0x55d7b6d10108]
37  /opt/conda/envs/gdf/bin/python(_PyEval_EvalFrameDefault+0x2c3e) [0x55d7b6cf76de]
38  /opt/conda/envs/gdf/bin/python(_PyFunction_Vectorcall+0x6c) [0x55d7b6d04b7c]
39  /opt/conda/envs/gdf/bin/python(_PyEval_EvalFrameDefault+0x6fd) [0x55d7b6cf519d]
40  /opt/conda/envs/gdf/bin/python(_PyFunction_Vectorcall+0x6c) [0x55d7b6d04b7c]
41  /opt/conda/envs/gdf/bin/python(_PyEval_EvalFrameDefault+0x6fd) [0x55d7b6cf519d]
42  /opt/conda/envs/gdf/bin/python(_PyFunction_Vectorcall+0x6c) [0x55d7b6d04b7c]
43  /opt/conda/envs/gdf/bin/python(_PyEval_EvalFrameDefault+0x309) [0x55d7b6cf4da9]
44  /opt/conda/envs/gdf/bin/python(_PyFunction_Vectorcall+0x6c) [0x55d7b6d04b7c]
45  /opt/conda/envs/gdf/bin/python(_PyEval_EvalFrameDefault+0x1341) [0x55d7b6cf5de1]
46  /opt/conda/envs/gdf/bin/python(+0x1cca8c) [0x55d7b6d95a8c]
47  /opt/conda/envs/gdf/bin/python(PyEval_EvalCode+0x87) [0x55d7b6d959d7]
48  /opt/conda/envs/gdf/bin/python(+0x1fceba) [0x55d7b6dc5eba]
49  /opt/conda/envs/gdf/bin/python(+0x1f8343) [0x55d7b6dc1343]
50  /opt/conda/envs/gdf/bin/python(PyRun_StringFlags+0x7d) [0x55d7b6db9add]
51  /opt/conda/envs/gdf/bin/python(PyRun_SimpleStringFlags+0x3c) [0x55d7b6db991c]
52  /opt/conda/envs/gdf/bin/python(Py_RunMain+0x3ba) [0x55d7b6db8b1a]
53  /opt/conda/envs/gdf/bin/python(Py_BytesMain+0x37) [0x55d7b6d89117]
54  /usr/lib/x86_64-linux-gnu/libc.so.6(__libc_start_main+0xf3) [0x7f8498070083]
55  /opt/conda/envs/gdf/bin/python(+0x1c002e) [0x55d7b6d8902e]
=================================
2025-02-09 08:02:30,791 - distributed.worker - ERROR - Worker stream died during communication: ucx://127.0.0.1:46253
Traceback (most recent call last):
  File "/opt/conda/envs/gdf/lib/python3.10/site-packages/rapids_dask_dependency/patches/distributed/comm/__rdd_patch_ucx.py", line 353, in read
    await self.ep.recv(msg)
  File "/opt/conda/envs/gdf/lib/python3.10/site-packages/ucp/core.py", line 748, in recv
    ret = await comm.tag_recv(self._ep, buffer, nbytes, tag, name=log)
ucp._libs.exceptions.UCXCanceled: <[Recv #511] ep: 0x7f37714cb140, tag: 0x6f68a90a9a421060, nbytes: 16, type: <class 'numpy.ndarray'>>: 

During handling of the above exception, another exception occurred:

Traceback (most recent call last):
  File "/opt/conda/envs/gdf/lib/python3.10/site-packages/distributed/worker.py", line 2075, in gather_dep
    response = await get_data_from_worker(
  File "/opt/conda/envs/gdf/lib/python3.10/site-packages/distributed/worker.py", line 2881, in get_data_from_worker
    response = await send_recv(
  File "/opt/conda/envs/gdf/lib/python3.10/site-packages/distributed/core.py", line 1018, in send_recv
    response = await comm.read(deserializers=deserializers)
  File "/opt/conda/envs/gdf/lib/python3.10/site-packages/distributed/utils.py", line 805, in wrapper
    return await func(*args, **kwargs)
  File "/opt/conda/envs/gdf/lib/python3.10/site-packages/rapids_dask_dependency/patches/distributed/comm/__rdd_patch_ucx.py", line 371, in read
    raise CommClosedError(
distributed.comm.core.CommClosedError: Connection closed by writer.
Inner exception: UCXCanceled("<[Recv #511] ep: 0x7f37714cb140, tag: 0x6f68a90a9a421060, nbytes: 16, type: <class 'numpy.ndarray'>>: ")
2025-02-09 08:02:30,791 - distributed.scheduler - WARNING - Removing worker 'ucx://127.0.0.1:46253' caused the cluster to lose already computed task(s), which will be recomputed elsewhere: {('random_sample-5834b3897a21af7b61d3f6b272dd6e00', 7, 5), ('sum-d52548bd33ade3e686a86e4294a4cc9b', 1, 4), ('sum-d52548bd33ade3e686a86e4294a4cc9b', 6, 0), ('random_sample-5834b3897a21af7b61d3f6b272dd6e00', 6, 6), ('random_sample-5834b3897a21af7b61d3f6b272dd6e00', 6, 9), ('random_sample-5834b3897a21af7b61d3f6b272dd6e00', 8, 0), ('sum-d52548bd33ade3e686a86e4294a4cc9b', 2, 2), ('random_sample-5834b3897a21af7b61d3f6b272dd6e00', 7, 1), ('random_sample-5834b3897a21af7b61d3f6b272dd6e00', 5, 7), ('random_sample-5834b3897a21af7b61d3f6b272dd6e00', 2, 2), ('sum-d52548bd33ade3e686a86e4294a4cc9b', 0, 4), ('random_sample-5834b3897a21af7b61d3f6b272dd6e00', 3, 3), ('random_sample-5834b3897a21af7b61d3f6b272dd6e00', 3, 0), ('sum-d52548bd33ade3e686a86e4294a4cc9b', 6, 2), ('random_sample-5834b3897a21af7b61d3f6b272dd6e00', 6, 2), ('random_sample-5834b3897a21af7b61d3f6b272dd6e00', 8, 8), ('sum-d52548bd33ade3e686a86e4294a4cc9b', 3, 3), ('sum-d52548bd33ade3e686a86e4294a4cc9b', 2, 1), ('random_sample-5834b3897a21af7b61d3f6b272dd6e00', 5, 0), ('sum-d52548bd33ade3e686a86e4294a4cc9b', 4, 1), ('random_sample-5834b3897a21af7b61d3f6b272dd6e00', 4, 1), ('random_sample-5834b3897a21af7b61d3f6b272dd6e00', 1, 8), ('sum-d52548bd33ade3e686a86e4294a4cc9b', 0, 6), ('random_sample-5834b3897a21af7b61d3f6b272dd6e00', 4, 4), ('sum-d52548bd33ade3e686a86e4294a4cc9b', 0, 9), ('sum-d52548bd33ade3e686a86e4294a4cc9b', 1, 8), ('random_sample-5834b3897a21af7b61d3f6b272dd6e00', 3, 5), ('sum-d52548bd33ade3e686a86e4294a4cc9b', 8, 1), ('sum-d52548bd33ade3e686a86e4294a4cc9b', 8, 7), ('random_sample-5834b3897a21af7b61d3f6b272dd6e00', 0, 0), ('random_sample-5834b3897a21af7b61d3f6b272dd6e00', 0, 6), ('random_sample-5834b3897a21af7b61d3f6b272dd6e00', 5, 5)} (stimulus_id='handle-worker-cleanup-1739088150.7915223')
2025-02-09 08:02:30,790 - distributed.worker - ERROR - Worker stream died during communication: ucx://127.0.0.1:46253
Traceback (most recent call last):
  File "/opt/conda/envs/gdf/lib/python3.10/site-packages/rapids_dask_dependency/patches/distributed/comm/__rdd_patch_ucx.py", line 395, in read
    await self.ep.recv(each_frame)
  File "/opt/conda/envs/gdf/lib/python3.10/site-packages/ucp/core.py", line 748, in recv
    ret = await comm.tag_recv(self._ep, buffer, nbytes, tag, name=log)
ucp._libs.exceptions.UCXError: <[Recv #007] ep: 0x7f57e81fc100, tag: 0x766340a24c687832, nbytes: 50000000, type: <class 'rmm.pylibrmm.device_buffer.DeviceBuffer'>>: Connection reset by remote peer

During handling of the above exception, another exception occurred:

Traceback (most recent call last):
  File "/opt/conda/envs/gdf/lib/python3.10/site-packages/distributed/worker.py", line 2075, in gather_dep
    response = await get_data_from_worker(
  File "/opt/conda/envs/gdf/lib/python3.10/site-packages/distributed/worker.py", line 2881, in get_data_from_worker
    response = await send_recv(
  File "/opt/conda/envs/gdf/lib/python3.10/site-packages/distributed/core.py", line 1018, in send_recv
    response = await comm.read(deserializers=deserializers)
  File "/opt/conda/envs/gdf/lib/python3.10/site-packages/distributed/utils.py", line 805, in wrapper
    return await func(*args, **kwargs)
  File "/opt/conda/envs/gdf/lib/python3.10/site-packages/rapids_dask_dependency/patches/distributed/comm/__rdd_patch_ucx.py", line 401, in read
    raise CommClosedError(
distributed.comm.core.CommClosedError: Connection closed by writer.
Inner exception: UCXError("<[Recv #007] ep: 0x7f57e81fc100, tag: 0x766340a24c687832, nbytes: 50000000, type: <class 'rmm.pylibrmm.device_buffer.DeviceBuffer'>>: Connection reset by remote peer")
2025-02-09 08:02:30,794 - distributed.worker - ERROR - failed during get data with ucx://127.0.0.1:41113 -> ucx://127.0.0.1:46253
Traceback (most recent call last):
  File "/opt/conda/envs/gdf/lib/python3.10/site-packages/rapids_dask_dependency/patches/distributed/comm/__rdd_patch_ucx.py", line 337, in write
    await self.ep.send(each_frame)
  File "/opt/conda/envs/gdf/lib/python3.10/site-packages/ucp/core.py", line 673, in send
    return await comm.tag_send(self._ep, buffer, nbytes, tag, name=log)
ucp._libs.exceptions.UCXError: <[Send #007] ep: 0x7f57e81fc180, tag: 0x95db22eb8402be01, nbytes: 50000000, type: <class 'cupy.ndarray'>>: Connection reset by remote peer

During handling of the above exception, another exception occurred:

Traceback (most recent call last):
  File "/opt/conda/envs/gdf/lib/python3.10/site-packages/distributed/worker.py", line 1796, in get_data
    compressed = await comm.write(msg, serializers=serializers)
  File "/opt/conda/envs/gdf/lib/python3.10/site-packages/distributed/utils.py", line 805, in wrapper
    return await func(*args, **kwargs)
  File "/opt/conda/envs/gdf/lib/python3.10/site-packages/rapids_dask_dependency/patches/distributed/comm/__rdd_patch_ucx.py", line 341, in write
    raise CommClosedError("While writing, the connection was closed")
distributed.comm.core.CommClosedError: While writing, the connection was closed
[dgx13:77115:0:77115] Caught signal 11 (Segmentation fault: address not mapped to object at address 0x450)
==== backtrace (tid:  77115) ====
 0  /opt/conda/envs/gdf/lib/libucs.so.0(ucs_handle_error+0x305) [0x7f8f036be025]
 1  /opt/conda/envs/gdf/lib/libucs.so.0(+0x2f221) [0x7f8f036be221]
 2  /opt/conda/envs/gdf/lib/libucs.so.0(+0x2f3ea) [0x7f8f036be3ea]
 3  /usr/lib/x86_64-linux-gnu/libpthread.so.0(+0x14420) [0x7f8f53590420]
 4  /opt/conda/envs/gdf/lib/libucp.so.0(ucp_mem_type_unpack+0x17) [0x7f8f03743197]
 5  /opt/conda/envs/gdf/lib/libucp.so.0(ucp_rndv_data_handler+0x5f5) [0x7f8f0376e9e5]
 6  /opt/conda/envs/gdf/lib/./libuct.so.0(+0x21dd6) [0x7f8f03672dd6]
 7  /opt/conda/envs/gdf/lib/./libuct.so.0(+0x24f48) [0x7f8f03675f48]
 8  /opt/conda/envs/gdf/lib/libucs.so.0(ucs_event_set_wait+0xb1) [0x7f8f036c7851]
 9  /opt/conda/envs/gdf/lib/./libuct.so.0(uct_tcp_iface_progress+0x7c) [0x7f8f03674fbc]
10  /opt/conda/envs/gdf/lib/libucp.so.0(ucp_worker_progress+0x5a) [0x7f8f0373fd5a]
11  /opt/conda/envs/gdf/lib/python3.10/site-packages/ucp/_libs/ucx_api.cpython-310-x86_64-linux-gnu.so(+0x31dca) [0x7f8f03803dca]
12  /opt/conda/envs/gdf/bin/python(_PyEval_EvalFrameDefault+0x2c3e) [0x561c2c6c56de]
13  /opt/conda/envs/gdf/bin/python(_PyFunction_Vectorcall+0x6c) [0x561c2c6d2b7c]
14  /opt/conda/envs/gdf/bin/python(_PyEval_EvalFrameDefault+0x6fd) [0x561c2c6c319d]
15  /opt/conda/envs/gdf/bin/python(+0x1d62c9) [0x561c2c76d2c9]
16  /opt/conda/envs/gdf/lib/python3.10/lib-dynload/_asyncio.cpython-310-x86_64-linux-gnu.so(+0x7782) [0x7f8f3c0bd782]
17  /opt/conda/envs/gdf/bin/python(_PyObject_MakeTpCall+0x2d3) [0x561c2c6cba03]
18  /opt/conda/envs/gdf/bin/python(+0xf745f) [0x561c2c68e45f]
19  /opt/conda/envs/gdf/bin/python(+0x1331b3) [0x561c2c6ca1b3]
20  /opt/conda/envs/gdf/bin/python(_PyEval_EvalFrameDefault+0x593b) [0x561c2c6c83db]
21  /opt/conda/envs/gdf/bin/python(_PyFunction_Vectorcall+0x6c) [0x561c2c6d2b7c]
22  /opt/conda/envs/gdf/bin/python(_PyEval_EvalFrameDefault+0x6fd) [0x561c2c6c319d]
23  /opt/conda/envs/gdf/bin/python(_PyFunction_Vectorcall+0x6c) [0x561c2c6d2b7c]
24  /opt/conda/envs/gdf/bin/python(_PyEval_EvalFrameDefault+0x6fd) [0x561c2c6c319d]
25  /opt/conda/envs/gdf/bin/python(_PyFunction_Vectorcall+0x6c) [0x561c2c6d2b7c]
26  /opt/conda/envs/gdf/bin/python(_PyEval_EvalFrameDefault+0x6fd) [0x561c2c6c319d]
27  /opt/conda/envs/gdf/bin/python(_PyFunction_Vectorcall+0x6c) [0x561c2c6d2b7c]
28  /opt/conda/envs/gdf/bin/python(_PyEval_EvalFrameDefault+0x6fd) [0x561c2c6c319d]
29  /opt/conda/envs/gdf/bin/python(_PyFunction_Vectorcall+0x6c) [0x561c2c6d2b7c]
30  /opt/conda/envs/gdf/bin/python(_PyEval_EvalFrameDefault+0x1341) [0x561c2c6c3de1]
31  /opt/conda/envs/gdf/bin/python(+0x146fb2) [0x561c2c6ddfb2]
32  /opt/conda/envs/gdf/bin/python(PyObject_Call+0xbc) [0x561c2c6de94c]
33  /opt/conda/envs/gdf/bin/python(+0x1ff72d) [0x561c2c79672d]
34  /opt/conda/envs/gdf/bin/python(_PyObject_MakeTpCall+0x2d3) [0x561c2c6cba03]
35  /opt/conda/envs/gdf/bin/python(_PyEval_EvalFrameDefault+0x2c3e) [0x561c2c6c56de]
36  /opt/conda/envs/gdf/bin/python(+0x147108) [0x561c2c6de108]
37  /opt/conda/envs/gdf/bin/python(_PyEval_EvalFrameDefault+0x2c3e) [0x561c2c6c56de]
38  /opt/conda/envs/gdf/bin/python(_PyFunction_Vectorcall+0x6c) [0x561c2c6d2b7c]
39  /opt/conda/envs/gdf/bin/python(_PyEval_EvalFrameDefault+0x6fd) [0x561c2c6c319d]
40  /opt/conda/envs/gdf/bin/python(_PyFunction_Vectorcall+0x6c) [0x561c2c6d2b7c]
41  /opt/conda/envs/gdf/bin/python(_PyEval_EvalFrameDefault+0x6fd) [0x561c2c6c319d]
42  /opt/conda/envs/gdf/bin/python(_PyFunction_Vectorcall+0x6c) [0x561c2c6d2b7c]
43  /opt/conda/envs/gdf/bin/python(_PyEval_EvalFrameDefault+0x309) [0x561c2c6c2da9]
44  /opt/conda/envs/gdf/bin/python(_PyFunction_Vectorcall+0x6c) [0x561c2c6d2b7c]
45  /opt/conda/envs/gdf/bin/python(_PyEval_EvalFrameDefault+0x1341) [0x561c2c6c3de1]
46  /opt/conda/envs/gdf/bin/python(+0x1cca8c) [0x561c2c763a8c]
47  /opt/conda/envs/gdf/bin/python(PyEval_EvalCode+0x87) [0x561c2c7639d7]
48  /opt/conda/envs/gdf/bin/python(+0x1fceba) [0x561c2c793eba]
49  /opt/conda/envs/gdf/bin/python(+0x1f8343) [0x561c2c78f343]
50  /opt/conda/envs/gdf/bin/python(PyRun_StringFlags+0x7d) [0x561c2c787add]
51  /opt/conda/envs/gdf/bin/python(PyRun_SimpleStringFlags+0x3c) [0x561c2c78791c]
52  /opt/conda/envs/gdf/bin/python(Py_RunMain+0x3ba) [0x561c2c786b1a]
53  /opt/conda/envs/gdf/bin/python(Py_BytesMain+0x37) [0x561c2c757117]
54  /usr/lib/x86_64-linux-gnu/libc.so.6(__libc_start_main+0xf3) [0x7f8f53254083]
55  /opt/conda/envs/gdf/bin/python(+0x1c002e) [0x561c2c75702e]
=================================
2025-02-09 08:02:31,273 - distributed.nanny - WARNING - Restarting worker
[dgx13:76896:0:76896] Caught signal 11 (Segmentation fault: address not mapped to object at address 0x450)
==== backtrace (tid:  76896) ====
 0  /opt/conda/envs/gdf/lib/libucs.so.0(ucs_handle_error+0x305) [0x7f377407c025]
 1  /opt/conda/envs/gdf/lib/libucs.so.0(+0x2f221) [0x7f377407c221]
 2  /opt/conda/envs/gdf/lib/libucs.so.0(+0x2f3ea) [0x7f377407c3ea]
 3  /usr/lib/x86_64-linux-gnu/libpthread.so.0(+0x14420) [0x7f37c013e420]
 4  /opt/conda/envs/gdf/lib/libucp.so.0(ucp_mem_type_unpack+0x17) [0x7f3774101197]
 5  /opt/conda/envs/gdf/lib/libucp.so.0(ucp_rndv_data_handler+0x5f5) [0x7f377412c9e5]
 6  /opt/conda/envs/gdf/lib/./libuct.so.0(+0x21dd6) [0x7f3774030dd6]
 7  /opt/conda/envs/gdf/lib/./libuct.so.0(+0x24f48) [0x7f3774033f48]
 8  /opt/conda/envs/gdf/lib/libucs.so.0(ucs_event_set_wait+0xb1) [0x7f3774085851]
 9  /opt/conda/envs/gdf/lib/./libuct.so.0(uct_tcp_iface_progress+0x7c) [0x7f3774032fbc]
10  /opt/conda/envs/gdf/lib/libucp.so.0(ucp_worker_progress+0x5a) [0x7f37740fdd5a]
11  /opt/conda/envs/gdf/lib/python3.10/site-packages/ucp/_libs/ucx_api.cpython-310-x86_64-linux-gnu.so(+0x31dca) [0x7f37741c1dca]
12  /opt/conda/envs/gdf/bin/python(_PyEval_EvalFrameDefault+0x2c3e) [0x55e85bcd46de]
13  /opt/conda/envs/gdf/bin/python(_PyFunction_Vectorcall+0x6c) [0x55e85bce1b7c]
14  /opt/conda/envs/gdf/bin/python(_PyEval_EvalFrameDefault+0x6fd) [0x55e85bcd219d]
15  /opt/conda/envs/gdf/bin/python(+0x147234) [0x55e85bced234]
16  /opt/conda/envs/gdf/bin/python(+0x252f7c) [0x55e85bdf8f7c]
17  /opt/conda/envs/gdf/bin/python(+0xf745f) [0x55e85bc9d45f]
18  /opt/conda/envs/gdf/bin/python(+0x1331b3) [0x55e85bcd91b3]
19  /opt/conda/envs/gdf/bin/python(_PyEval_EvalFrameDefault+0x593b) [0x55e85bcd73db]
20  /opt/conda/envs/gdf/bin/python(_PyFunction_Vectorcall+0x6c) [0x55e85bce1b7c]
21  /opt/conda/envs/gdf/bin/python(_PyEval_EvalFrameDefault+0x6fd) [0x55e85bcd219d]
22  /opt/conda/envs/gdf/bin/python(_PyFunction_Vectorcall+0x6c) [0x55e85bce1b7c]
23  /opt/conda/envs/gdf/bin/python(_PyEval_EvalFrameDefault+0x6fd) [0x55e85bcd219d]
24  /opt/conda/envs/gdf/bin/python(_PyFunction_Vectorcall+0x6c) [0x55e85bce1b7c]
25  /opt/conda/envs/gdf/bin/python(_PyEval_EvalFrameDefault+0x6fd) [0x55e85bcd219d]
26  /opt/conda/envs/gdf/bin/python(_PyFunction_Vectorcall+0x6c) [0x55e85bce1b7c]
27  /opt/conda/envs/gdf/bin/python(_PyEval_EvalFrameDefault+0x6fd) [0x55e85bcd219d]
28  /opt/conda/envs/gdf/bin/python(_PyFunction_Vectorcall+0x6c) [0x55e85bce1b7c]
29  /opt/conda/envs/gdf/bin/python(_PyEval_EvalFrameDefault+0x1341) [0x55e85bcd2de1]
30  /opt/conda/envs/gdf/bin/python(+0x146fb2) [0x55e85bcecfb2]
31  /opt/conda/envs/gdf/bin/python(PyObject_Call+0xbc) [0x55e85bced94c]
32  /opt/conda/envs/gdf/bin/python(+0x1ff72d) [0x55e85bda572d]
33  /opt/conda/envs/gdf/bin/python(_PyObject_MakeTpCall+0x2d3) [0x55e85bcdaa03]
34  /opt/conda/envs/gdf/bin/python(_PyEval_EvalFrameDefault+0x2c3e) [0x55e85bcd46de]
35  /opt/conda/envs/gdf/bin/python(+0x147108) [0x55e85bced108]
36  /opt/conda/envs/gdf/bin/python(_PyEval_EvalFrameDefault+0x2c3e) [0x55e85bcd46de]
37  /opt/conda/envs/gdf/bin/python(_PyFunction_Vectorcall+0x6c) [0x55e85bce1b7c]
38  /opt/conda/envs/gdf/bin/python(_PyEval_EvalFrameDefault+0x6fd) [0x55e85bcd219d]
39  /opt/conda/envs/gdf/bin/python(_PyFunction_Vectorcall+0x6c) [0x55e85bce1b7c]
40  /opt/conda/envs/gdf/bin/python(_PyEval_EvalFrameDefault+0x6fd) [0x55e85bcd219d]
41  /opt/conda/envs/gdf/bin/python(_PyFunction_Vectorcall+0x6c) [0x55e85bce1b7c]
42  /opt/conda/envs/gdf/bin/python(_PyEval_EvalFrameDefault+0x309) [0x55e85bcd1da9]
43  /opt/conda/envs/gdf/bin/python(_PyFunction_Vectorcall+0x6c) [0x55e85bce1b7c]
44  /opt/conda/envs/gdf/bin/python(_PyEval_EvalFrameDefault+0x1341) [0x55e85bcd2de1]
45  /opt/conda/envs/gdf/bin/python(+0x1cca8c) [0x55e85bd72a8c]
46  /opt/conda/envs/gdf/bin/python(PyEval_EvalCode+0x87) [0x55e85bd729d7]
47  /opt/conda/envs/gdf/bin/python(+0x1fceba) [0x55e85bda2eba]
48  /opt/conda/envs/gdf/bin/python(+0x1f8343) [0x55e85bd9e343]
49  /opt/conda/envs/gdf/bin/python(PyRun_StringFlags+0x7d) [0x55e85bd96add]
50  /opt/conda/envs/gdf/bin/python(PyRun_SimpleStringFlags+0x3c) [0x55e85bd9691c]
51  /opt/conda/envs/gdf/bin/python(Py_RunMain+0x3ba) [0x55e85bd95b1a]
52  /opt/conda/envs/gdf/bin/python(Py_BytesMain+0x37) [0x55e85bd66117]
53  /usr/lib/x86_64-linux-gnu/libc.so.6(__libc_start_main+0xf3) [0x7f37bfe02083]
54  /opt/conda/envs/gdf/bin/python(+0x1c002e) [0x55e85bd6602e]
=================================
[dgx13:76904:0:76904] Caught signal 11 (Segmentation fault: address not mapped to object at address 0x450)
==== backtrace (tid:  76904) ====
 0  /opt/conda/envs/gdf/lib/libucs.so.0(ucs_handle_error+0x305) [0x7fa9388be025]
 1  /opt/conda/envs/gdf/lib/libucs.so.0(+0x2f221) [0x7fa9388be221]
 2  /opt/conda/envs/gdf/lib/libucs.so.0(+0x2f3ea) [0x7fa9388be3ea]
 3  /usr/lib/x86_64-linux-gnu/libpthread.so.0(+0x14420) [0x7fa984982420]
 4  /opt/conda/envs/gdf/lib/libucp.so.0(ucp_mem_type_unpack+0x17) [0x7fa938943197]
 5  /opt/conda/envs/gdf/lib/libucp.so.0(ucp_rndv_data_handler+0x5f5) [0x7fa93896e9e5]
 6  /opt/conda/envs/gdf/lib/./libuct.so.0(+0x21dd6) [0x7fa938872dd6]
 7  /opt/conda/envs/gdf/lib/./libuct.so.0(+0x24f48) [0x7fa938875f48]
 8  /opt/conda/envs/gdf/lib/libucs.so.0(ucs_event_set_wait+0xb1) [0x7fa9388c7851]
 9  /opt/conda/envs/gdf/lib/./libuct.so.0(uct_tcp_iface_progress+0x7c) [0x7fa938874fbc]
10  /opt/conda/envs/gdf/lib/libucp.so.0(ucp_worker_progress+0x5a) [0x7fa93893fd5a]
11  /opt/conda/envs/gdf/lib/python3.10/site-packages/ucp/_libs/ucx_api.cpython-310-x86_64-linux-gnu.so(+0x31dca) [0x7fa938a03dca]
12  /opt/conda/envs/gdf/bin/python(_PyEval_EvalFrameDefault+0x2c3e) [0x56207a1996de]
13  /opt/conda/envs/gdf/bin/python(_PyFunction_Vectorcall+0x6c) [0x56207a1a6b7c]
14  /opt/conda/envs/gdf/bin/python(_PyEval_EvalFrameDefault+0x6fd) [0x56207a19719d]
15  /opt/conda/envs/gdf/bin/python(+0x147234) [0x56207a1b2234]
16  /opt/conda/envs/gdf/bin/python(+0x252f7c) [0x56207a2bdf7c]
17  /opt/conda/envs/gdf/bin/python(+0xf745f) [0x56207a16245f]
18  /opt/conda/envs/gdf/bin/python(+0x1331b3) [0x56207a19e1b3]
19  /opt/conda/envs/gdf/bin/python(_PyEval_EvalFrameDefault+0x593b) [0x56207a19c3db]
20  /opt/conda/envs/gdf/bin/python(_PyFunction_Vectorcall+0x6c) [0x56207a1a6b7c]
21  /opt/conda/envs/gdf/bin/python(_PyEval_EvalFrameDefault+0x6fd) [0x56207a19719d]
22  /opt/conda/envs/gdf/bin/python(_PyFunction_Vectorcall+0x6c) [0x56207a1a6b7c]
23  /opt/conda/envs/gdf/bin/python(_PyEval_EvalFrameDefault+0x6fd) [0x56207a19719d]
24  /opt/conda/envs/gdf/bin/python(_PyFunction_Vectorcall+0x6c) [0x56207a1a6b7c]
25  /opt/conda/envs/gdf/bin/python(_PyEval_EvalFrameDefault+0x6fd) [0x56207a19719d]
26  /opt/conda/envs/gdf/bin/python(_PyFunction_Vectorcall+0x6c) [0x56207a1a6b7c]
27  /opt/conda/envs/gdf/bin/python(_PyEval_EvalFrameDefault+0x6fd) [0x56207a19719d]
28  /opt/conda/envs/gdf/bin/python(_PyFunction_Vectorcall+0x6c) [0x56207a1a6b7c]
29  /opt/conda/envs/gdf/bin/python(_PyEval_EvalFrameDefault+0x1341) [0x56207a197de1]
30  /opt/conda/envs/gdf/bin/python(+0x146fb2) [0x56207a1b1fb2]
31  /opt/conda/envs/gdf/bin/python(PyObject_Call+0xbc) [0x56207a1b294c]
32  /opt/conda/envs/gdf/bin/python(+0x1ff72d) [0x56207a26a72d]
33  /opt/conda/envs/gdf/bin/python(_PyObject_MakeTpCall+0x2d3) [0x56207a19fa03]
34  /opt/conda/envs/gdf/bin/python(_PyEval_EvalFrameDefault+0x2c3e) [0x56207a1996de]
35  /opt/conda/envs/gdf/bin/python(+0x147108) [0x56207a1b2108]
36  /opt/conda/envs/gdf/bin/python(_PyEval_EvalFrameDefault+0x2c3e) [0x56207a1996de]
37  /opt/conda/envs/gdf/bin/python(_PyFunction_Vectorcall+0x6c) [0x56207a1a6b7c]
38  /opt/conda/envs/gdf/bin/python(_PyEval_EvalFrameDefault+0x6fd) [0x56207a19719d]
39  /opt/conda/envs/gdf/bin/python(_PyFunction_Vectorcall+0x6c) [0x56207a1a6b7c]
40  /opt/conda/envs/gdf/bin/python(_PyEval_EvalFrameDefault+0x6fd) [0x56207a19719d]
41  /opt/conda/envs/gdf/bin/python(_PyFunction_Vectorcall+0x6c) [0x56207a1a6b7c]
42  /opt/conda/envs/gdf/bin/python(_PyEval_EvalFrameDefault+0x309) [0x56207a196da9]
43  /opt/conda/envs/gdf/bin/python(_PyFunction_Vectorcall+0x6c) [0x56207a1a6b7c]
44  /opt/conda/envs/gdf/bin/python(_PyEval_EvalFrameDefault+0x1341) [0x56207a197de1]
45  /opt/conda/envs/gdf/bin/python(+0x1cca8c) [0x56207a237a8c]
46  /opt/conda/envs/gdf/bin/python(PyEval_EvalCode+0x87) [0x56207a2379d7]
47  /opt/conda/envs/gdf/bin/python(+0x1fceba) [0x56207a267eba]
48  /opt/conda/envs/gdf/bin/python(+0x1f8343) [0x56207a263343]
49  /opt/conda/envs/gdf/bin/python(PyRun_StringFlags+0x7d) [0x56207a25badd]
50  /opt/conda/envs/gdf/bin/python(PyRun_SimpleStringFlags+0x3c) [0x56207a25b91c]
51  /opt/conda/envs/gdf/bin/python(Py_RunMain+0x3ba) [0x56207a25ab1a]
52  /opt/conda/envs/gdf/bin/python(Py_BytesMain+0x37) [0x56207a22b117]
53  /usr/lib/x86_64-linux-gnu/libc.so.6(__libc_start_main+0xf3) [0x7fa984646083]
54  /opt/conda/envs/gdf/bin/python(+0x1c002e) [0x56207a22b02e]
=================================
2025-02-09 08:02:31,393 - distributed.worker - ERROR - failed during get data with ucx://127.0.0.1:41113 -> ucx://127.0.0.1:59107
Traceback (most recent call last):
  File "/opt/conda/envs/gdf/lib/python3.10/site-packages/rapids_dask_dependency/patches/distributed/comm/__rdd_patch_ucx.py", line 337, in write
    await self.ep.send(each_frame)
  File "/opt/conda/envs/gdf/lib/python3.10/site-packages/ucp/core.py", line 673, in send
    return await comm.tag_send(self._ep, buffer, nbytes, tag, name=log)
ucp._libs.exceptions.UCXError: <[Send #007] ep: 0x7f57e81fc180, tag: 0x9c85ecaecf054550, nbytes: 50000000, type: <class 'cupy.ndarray'>>: Connection reset by remote peer

During handling of the above exception, another exception occurred:

Traceback (most recent call last):
  File "/opt/conda/envs/gdf/lib/python3.10/site-packages/distributed/worker.py", line 1796, in get_data
    compressed = await comm.write(msg, serializers=serializers)
  File "/opt/conda/envs/gdf/lib/python3.10/site-packages/distributed/utils.py", line 805, in wrapper
    return await func(*args, **kwargs)
  File "/opt/conda/envs/gdf/lib/python3.10/site-packages/rapids_dask_dependency/patches/distributed/comm/__rdd_patch_ucx.py", line 341, in write
    raise CommClosedError("While writing, the connection was closed")
distributed.comm.core.CommClosedError: While writing, the connection was closed
2025-02-09 08:02:31,394 - distributed.scheduler - WARNING - Removing worker 'ucx://127.0.0.1:59107' caused the cluster to lose already computed task(s), which will be recomputed elsewhere: {('random_sample-5834b3897a21af7b61d3f6b272dd6e00', 6, 2), ('random_sample-5834b3897a21af7b61d3f6b272dd6e00', 3, 0), ('random_sample-5834b3897a21af7b61d3f6b272dd6e00', 0, 0)} (stimulus_id='handle-worker-cleanup-1739088151.3940647')
2025-02-09 08:02:31,394 - distributed.worker - ERROR - Worker stream died during communication: ucx://127.0.0.1:59107
Traceback (most recent call last):
  File "/opt/conda/envs/gdf/lib/python3.10/site-packages/rapids_dask_dependency/patches/distributed/comm/__rdd_patch_ucx.py", line 353, in read
    await self.ep.recv(msg)
  File "/opt/conda/envs/gdf/lib/python3.10/site-packages/ucp/core.py", line 748, in recv
    ret = await comm.tag_recv(self._ep, buffer, nbytes, tag, name=log)
ucp._libs.exceptions.UCXCanceled: <[Recv #003] ep: 0x7f57e81fc100, tag: 0x4e2f700433110079, nbytes: 16, type: <class 'numpy.ndarray'>>: 

During handling of the above exception, another exception occurred:

Traceback (most recent call last):
  File "/opt/conda/envs/gdf/lib/python3.10/site-packages/distributed/worker.py", line 2075, in gather_dep
    response = await get_data_from_worker(
  File "/opt/conda/envs/gdf/lib/python3.10/site-packages/distributed/worker.py", line 2881, in get_data_from_worker
    response = await send_recv(
  File "/opt/conda/envs/gdf/lib/python3.10/site-packages/distributed/core.py", line 1018, in send_recv
    response = await comm.read(deserializers=deserializers)
  File "/opt/conda/envs/gdf/lib/python3.10/site-packages/distributed/utils.py", line 805, in wrapper
    return await func(*args, **kwargs)
  File "/opt/conda/envs/gdf/lib/python3.10/site-packages/rapids_dask_dependency/patches/distributed/comm/__rdd_patch_ucx.py", line 371, in read
    raise CommClosedError(
distributed.comm.core.CommClosedError: Connection closed by writer.
Inner exception: UCXCanceled("<[Recv #003] ep: 0x7f57e81fc100, tag: 0x4e2f700433110079, nbytes: 16, type: <class 'numpy.ndarray'>>: ")
2025-02-09 08:02:31,436 - distributed.nanny - WARNING - Restarting worker
2025-02-09 08:02:31,497 - distributed.worker - ERROR - Worker stream died during communication: ucx://127.0.0.1:38517
Traceback (most recent call last):
  File "/opt/conda/envs/gdf/lib/python3.10/site-packages/rapids_dask_dependency/patches/distributed/comm/__rdd_patch_ucx.py", line 395, in read
    await self.ep.recv(each_frame)
  File "/opt/conda/envs/gdf/lib/python3.10/site-packages/ucp/core.py", line 748, in recv
    ret = await comm.tag_recv(self._ep, buffer, nbytes, tag, name=log)
ucp._libs.exceptions.UCXError: <[Recv #007] ep: 0x7f57e81fc140, tag: 0xf1b7bed15ff3f744, nbytes: 50000000, type: <class 'rmm.pylibrmm.device_buffer.DeviceBuffer'>>: Connection reset by remote peer

During handling of the above exception, another exception occurred:

Traceback (most recent call last):
  File "/opt/conda/envs/gdf/lib/python3.10/site-packages/distributed/worker.py", line 2075, in gather_dep
    response = await get_data_from_worker(
  File "/opt/conda/envs/gdf/lib/python3.10/site-packages/distributed/worker.py", line 2881, in get_data_from_worker
    response = await send_recv(
  File "/opt/conda/envs/gdf/lib/python3.10/site-packages/distributed/core.py", line 1018, in send_recv
    response = await comm.read(deserializers=deserializers)
  File "/opt/conda/envs/gdf/lib/python3.10/site-packages/distributed/utils.py", line 805, in wrapper
    return await func(*args, **kwargs)
  File "/opt/conda/envs/gdf/lib/python3.10/site-packages/rapids_dask_dependency/patches/distributed/comm/__rdd_patch_ucx.py", line 401, in read
    raise CommClosedError(
distributed.comm.core.CommClosedError: Connection closed by writer.
Inner exception: UCXError("<[Recv #007] ep: 0x7f57e81fc140, tag: 0xf1b7bed15ff3f744, nbytes: 50000000, type: <class 'rmm.pylibrmm.device_buffer.DeviceBuffer'>>: Connection reset by remote peer")
2025-02-09 08:02:31,497 - distributed.scheduler - WARNING - Removing worker 'ucx://127.0.0.1:38517' caused the cluster to lose already computed task(s), which will be recomputed elsewhere: {('random_sample-5834b3897a21af7b61d3f6b272dd6e00', 4, 0), ('random_sample-5834b3897a21af7b61d3f6b272dd6e00', 4, 6), ('random_sample-5834b3897a21af7b61d3f6b272dd6e00', 3, 4), ('random_sample-5834b3897a21af7b61d3f6b272dd6e00', 4, 3), ('random_sample-5834b3897a21af7b61d3f6b272dd6e00', 6, 0), ('random_sample-5834b3897a21af7b61d3f6b272dd6e00', 3, 7), ('random_sample-5834b3897a21af7b61d3f6b272dd6e00', 8, 0), ('random_sample-5834b3897a21af7b61d3f6b272dd6e00', 9, 5), ('random_sample-5834b3897a21af7b61d3f6b272dd6e00', 0, 2), ('random_sample-5834b3897a21af7b61d3f6b272dd6e00', 7, 1), ('random_sample-5834b3897a21af7b61d3f6b272dd6e00', 7, 7), ('sum-d52548bd33ade3e686a86e4294a4cc9b', 9, 1), ('sum-partial-c5f0c35449fd8e21ba821ab34037711e', 4, 1), ('sum-d52548bd33ade3e686a86e4294a4cc9b', 0, 4), ('sum-d52548bd33ade3e686a86e4294a4cc9b', 0, 7), ('random_sample-5834b3897a21af7b61d3f6b272dd6e00', 2, 8), ('random_sample-5834b3897a21af7b61d3f6b272dd6e00', 3, 9), ('random_sample-5834b3897a21af7b61d3f6b272dd6e00', 8, 2), ('random_sample-5834b3897a21af7b61d3f6b272dd6e00', 9, 7), ('random_sample-5834b3897a21af7b61d3f6b272dd6e00', 8, 5), ('random_sample-5834b3897a21af7b61d3f6b272dd6e00', 0, 4), ('sum-d52548bd33ade3e686a86e4294a4cc9b', 2, 1), ('random_sample-5834b3897a21af7b61d3f6b272dd6e00', 7, 3), ('random_sample-5834b3897a21af7b61d3f6b272dd6e00', 5, 3), ('random_sample-5834b3897a21af7b61d3f6b272dd6e00', 7, 0), ('random_sample-5834b3897a21af7b61d3f6b272dd6e00', 5, 9), ('sum-d52548bd33ade3e686a86e4294a4cc9b', 7, 0), ('sum-d52548bd33ade3e686a86e4294a4cc9b', 7, 3), ('random_sample-5834b3897a21af7b61d3f6b272dd6e00', 7, 9), ('sum-d52548bd33ade3e686a86e4294a4cc9b', 1, 2), ('random_sample-5834b3897a21af7b61d3f6b272dd6e00', 1, 2), ('random_sample-5834b3897a21af7b61d3f6b272dd6e00', 2, 1), ('random_sample-5834b3897a21af7b61d3f6b272dd6e00', 6, 4), ('random_sample-5834b3897a21af7b61d3f6b272dd6e00', 9, 3), ('random_sample-5834b3897a21af7b61d3f6b272dd6e00', 9, 9), ('random_sample-5834b3897a21af7b61d3f6b272dd6e00', 8, 7), ('sum-d52548bd33ade3e686a86e4294a4cc9b', 4, 0), ('random_sample-5834b3897a21af7b61d3f6b272dd6e00', 5, 8), ('random_sample-5834b3897a21af7b61d3f6b272dd6e00', 7, 8)} (stimulus_id='handle-worker-cleanup-1739088151.497318')
2025-02-09 08:02:31,497 - distributed.worker - ERROR - failed during get data with ucx://127.0.0.1:41113 -> ucx://127.0.0.1:38517
Traceback (most recent call last):
  File "/opt/conda/envs/gdf/lib/python3.10/site-packages/rapids_dask_dependency/patches/distributed/comm/__rdd_patch_ucx.py", line 353, in read
    await self.ep.recv(msg)
  File "/opt/conda/envs/gdf/lib/python3.10/site-packages/ucp/core.py", line 748, in recv
    ret = await comm.tag_recv(self._ep, buffer, nbytes, tag, name=log)
ucp._libs.exceptions.UCXCanceled: <[Recv #018] ep: 0x7f57e81fc1c0, tag: 0x4fde08e440ed5595, nbytes: 16, type: <class 'numpy.ndarray'>>: 

During handling of the above exception, another exception occurred:

Traceback (most recent call last):
  File "/opt/conda/envs/gdf/lib/python3.10/site-packages/distributed/worker.py", line 1797, in get_data
    response = await comm.read(deserializers=serializers)
  File "/opt/conda/envs/gdf/lib/python3.10/site-packages/distributed/utils.py", line 805, in wrapper
    return await func(*args, **kwargs)
  File "/opt/conda/envs/gdf/lib/python3.10/site-packages/rapids_dask_dependency/patches/distributed/comm/__rdd_patch_ucx.py", line 371, in read
    raise CommClosedError(
distributed.comm.core.CommClosedError: Connection closed by writer.
Inner exception: UCXCanceled("<[Recv #018] ep: 0x7f57e81fc1c0, tag: 0x4fde08e440ed5595, nbytes: 16, type: <class 'numpy.ndarray'>>: ")
2025-02-09 08:02:31,497 - distributed.worker - ERROR - failed during get data with ucx://127.0.0.1:59359 -> ucx://127.0.0.1:38517
Traceback (most recent call last):
  File "/opt/conda/envs/gdf/lib/python3.10/site-packages/rapids_dask_dependency/patches/distributed/comm/__rdd_patch_ucx.py", line 337, in write
    await self.ep.send(each_frame)
  File "/opt/conda/envs/gdf/lib/python3.10/site-packages/ucp/core.py", line 673, in send
    return await comm.tag_send(self._ep, buffer, nbytes, tag, name=log)
ucp._libs.exceptions.UCXError: <[Send #007] ep: 0x7f8e2cac20c0, tag: 0xafc194817706b8e6, nbytes: 50000000, type: <class 'cupy.ndarray'>>: Connection reset by remote peer

During handling of the above exception, another exception occurred:

Traceback (most recent call last):
  File "/opt/conda/envs/gdf/lib/python3.10/site-packages/distributed/worker.py", line 1796, in get_data
    compressed = await comm.write(msg, serializers=serializers)
  File "/opt/conda/envs/gdf/lib/python3.10/site-packages/distributed/utils.py", line 805, in wrapper
    return await func(*args, **kwargs)
  File "/opt/conda/envs/gdf/lib/python3.10/site-packages/rapids_dask_dependency/patches/distributed/comm/__rdd_patch_ucx.py", line 341, in write
    raise CommClosedError("While writing, the connection was closed")
distributed.comm.core.CommClosedError: While writing, the connection was closed
2025-02-09 08:02:31,504 - distributed.worker - ERROR - Worker stream died during communication: ucx://127.0.0.1:38517
Traceback (most recent call last):
  File "/opt/conda/envs/gdf/lib/python3.10/site-packages/rapids_dask_dependency/patches/distributed/comm/__rdd_patch_ucx.py", line 470, in connect
    ep = await ucp.create_endpoint(ip, port)
  File "/opt/conda/envs/gdf/lib/python3.10/site-packages/ucp/core.py", line 1040, in create_endpoint
    return await _get_ctx().create_endpoint(
  File "/opt/conda/envs/gdf/lib/python3.10/site-packages/ucp/core.py", line 337, in create_endpoint
    peer_info = await exchange_peer_info(
  File "/opt/conda/envs/gdf/lib/python3.10/site-packages/ucp/core.py", line 62, in exchange_peer_info
    await asyncio.wait_for(
  File "/opt/conda/envs/gdf/lib/python3.10/asyncio/tasks.py", line 445, in wait_for
    return fut.result()
ucp._libs.exceptions.UCXError: <stream_recv>: Connection reset by remote peer

During handling of the above exception, another exception occurred:

Traceback (most recent call last):
  File "/opt/conda/envs/gdf/lib/python3.10/site-packages/distributed/comm/core.py", line 342, in connect
    comm = await wait_for(
  File "/opt/conda/envs/gdf/lib/python3.10/site-packages/distributed/utils.py", line 1915, in wait_for
    return await asyncio.wait_for(fut, timeout)
  File "/opt/conda/envs/gdf/lib/python3.10/asyncio/tasks.py", line 445, in wait_for
    return fut.result()
  File "/opt/conda/envs/gdf/lib/python3.10/site-packages/rapids_dask_dependency/patches/distributed/comm/__rdd_patch_ucx.py", line 472, in connect
    raise CommClosedError("Connection closed before handshake completed")
distributed.comm.core.CommClosedError: Connection closed before handshake completed

During handling of the above exception, another exception occurred:

Traceback (most recent call last):
  File "/opt/conda/envs/gdf/lib/python3.10/site-packages/distributed/core.py", line 1429, in _connect
    comm = await connect(
  File "/opt/conda/envs/gdf/lib/python3.10/site-packages/distributed/comm/core.py", line 366, in connect
    await asyncio.sleep(backoff)
  File "/opt/conda/envs/gdf/lib/python3.10/asyncio/tasks.py", line 605, in sleep
    return await future
asyncio.exceptions.CancelledError

During handling of the above exception, another exception occurred:

Traceback (most recent call last):
  File "/opt/conda/envs/gdf/lib/python3.10/site-packages/distributed/core.py", line 1539, in connect
    return connect_attempt.result()
asyncio.exceptions.CancelledError

During handling of the above exception, another exception occurred:

Traceback (most recent call last):
  File "/opt/conda/envs/gdf/lib/python3.10/site-packages/distributed/worker.py", line 2075, in gather_dep
    response = await get_data_from_worker(
  File "/opt/conda/envs/gdf/lib/python3.10/site-packages/distributed/worker.py", line 2878, in get_data_from_worker
    comm = await rpc.connect(worker)
  File "/opt/conda/envs/gdf/lib/python3.10/site-packages/distributed/core.py", line 1542, in connect
    raise CommClosedError(reason)
distributed.comm.core.CommClosedError: Address removed.
2025-02-09 08:02:31,505 - distributed.worker - ERROR - Worker stream died during communication: ucx://127.0.0.1:38517
Traceback (most recent call last):
  File "/opt/conda/envs/gdf/lib/python3.10/site-packages/rapids_dask_dependency/patches/distributed/comm/__rdd_patch_ucx.py", line 470, in connect
    ep = await ucp.create_endpoint(ip, port)
  File "/opt/conda/envs/gdf/lib/python3.10/site-packages/ucp/core.py", line 1040, in create_endpoint
    return await _get_ctx().create_endpoint(
  File "/opt/conda/envs/gdf/lib/python3.10/site-packages/ucp/core.py", line 337, in create_endpoint
    peer_info = await exchange_peer_info(
  File "/opt/conda/envs/gdf/lib/python3.10/site-packages/ucp/core.py", line 62, in exchange_peer_info
    await asyncio.wait_for(
  File "/opt/conda/envs/gdf/lib/python3.10/asyncio/tasks.py", line 445, in wait_for
    return fut.result()
ucp._libs.exceptions.UCXError: <stream_recv>: Connection reset by remote peer

During handling of the above exception, another exception occurred:

Traceback (most recent call last):
  File "/opt/conda/envs/gdf/lib/python3.10/site-packages/distributed/comm/core.py", line 342, in connect
    comm = await wait_for(
  File "/opt/conda/envs/gdf/lib/python3.10/site-packages/distributed/utils.py", line 1915, in wait_for
    return await asyncio.wait_for(fut, timeout)
  File "/opt/conda/envs/gdf/lib/python3.10/asyncio/tasks.py", line 445, in wait_for
    return fut.result()
  File "/opt/conda/envs/gdf/lib/python3.10/site-packages/rapids_dask_dependency/patches/distributed/comm/__rdd_patch_ucx.py", line 472, in connect
    raise CommClosedError("Connection closed before handshake completed")
distributed.comm.core.CommClosedError: Connection closed before handshake completed

During handling of the above exception, another exception occurred:

Traceback (most recent call last):
  File "/opt/conda/envs/gdf/lib/python3.10/site-packages/distributed/core.py", line 1429, in _connect
    comm = await connect(
  File "/opt/conda/envs/gdf/lib/python3.10/site-packages/distributed/comm/core.py", line 366, in connect
    await asyncio.sleep(backoff)
  File "/opt/conda/envs/gdf/lib/python3.10/asyncio/tasks.py", line 605, in sleep
    return await future
asyncio.exceptions.CancelledError

During handling of the above exception, another exception occurred:

Traceback (most recent call last):
  File "/opt/conda/envs/gdf/lib/python3.10/site-packages/distributed/core.py", line 1539, in connect
    return connect_attempt.result()
asyncio.exceptions.CancelledError

During handling of the above exception, another exception occurred:

Traceback (most recent call last):
  File "/opt/conda/envs/gdf/lib/python3.10/site-packages/distributed/worker.py", line 2075, in gather_dep
    response = await get_data_from_worker(
  File "/opt/conda/envs/gdf/lib/python3.10/site-packages/distributed/worker.py", line 2878, in get_data_from_worker
    comm = await rpc.connect(worker)
  File "/opt/conda/envs/gdf/lib/python3.10/site-packages/distributed/core.py", line 1542, in connect
    raise CommClosedError(reason)
distributed.comm.core.CommClosedError: Address removed.
2025-02-09 08:02:31,529 - distributed.scheduler - WARNING - Removing worker 'ucx://127.0.0.1:32861' caused the cluster to lose already computed task(s), which will be recomputed elsewhere: {('random_sample-5834b3897a21af7b61d3f6b272dd6e00', 7, 5), ('random_sample-5834b3897a21af7b61d3f6b272dd6e00', 1, 1), ('random_sample-5834b3897a21af7b61d3f6b272dd6e00', 2, 6), ('random_sample-5834b3897a21af7b61d3f6b272dd6e00', 3, 1), ('sum-partial-a39d5ead60be8af424d74d4d198708a2', 1, 1), ('random_sample-5834b3897a21af7b61d3f6b272dd6e00', 6, 3), ('random_sample-5834b3897a21af7b61d3f6b272dd6e00', 4, 9), ('random_sample-5834b3897a21af7b61d3f6b272dd6e00', 6, 6), ('sum-d52548bd33ade3e686a86e4294a4cc9b', 6, 3), ('random_sample-5834b3897a21af7b61d3f6b272dd6e00', 8, 3), ('sum-partial-c5f0c35449fd8e21ba821ab34037711e', 1, 3), ('random_sample-5834b3897a21af7b61d3f6b272dd6e00', 9, 8), ('random_sample-5834b3897a21af7b61d3f6b272dd6e00', 8, 6), ('random_sample-5834b3897a21af7b61d3f6b272dd6e00', 6, 9), ('random_sample-5834b3897a21af7b61d3f6b272dd6e00', 8, 9), ('sum-d52548bd33ade3e686a86e4294a4cc9b', 3, 1), ('sum-partial-0eea463d0915a3edc064e71bf01ad53d', 1, 1), ('random_sample-5834b3897a21af7b61d3f6b272dd6e00', 5, 4), ('random_sample-5834b3897a21af7b61d3f6b272dd6e00', 7, 4), ('sum-partial-c5f0c35449fd8e21ba821ab34037711e', 2, 1), ('random_sample-5834b3897a21af7b61d3f6b272dd6e00', 1, 3), ('random_sample-5834b3897a21af7b61d3f6b272dd6e00', 1, 0), ('random_sample-5834b3897a21af7b61d3f6b272dd6e00', 1, 6), ('sum-d52548bd33ade3e686a86e4294a4cc9b', 1, 3), ('random_sample-5834b3897a21af7b61d3f6b272dd6e00', 2, 5), ('random_sample-5834b3897a21af7b61d3f6b272dd6e00', 4, 2), ('random_sample-5834b3897a21af7b61d3f6b272dd6e00', 1, 9), ('random_sample-5834b3897a21af7b61d3f6b272dd6e00', 3, 6), ('sum-d52548bd33ade3e686a86e4294a4cc9b', 1, 6), ('random_sample-5834b3897a21af7b61d3f6b272dd6e00', 4, 5), ('random_sample-5834b3897a21af7b61d3f6b272dd6e00', 4, 8), ('random_sample-5834b3897a21af7b61d3f6b272dd6e00', 9, 1), ('random_sample-5834b3897a21af7b61d3f6b272dd6e00', 6, 8), ('sum-partial-c5f0c35449fd8e21ba821ab34037711e', 0, 0), ('random_sample-5834b3897a21af7b61d3f6b272dd6e00', 9, 4), ('random_sample-5834b3897a21af7b61d3f6b272dd6e00', 6, 5), ('random_sample-5834b3897a21af7b61d3f6b272dd6e00', 0, 1), ('sum-partial-c5f0c35449fd8e21ba821ab34037711e', 1, 2), ('random_sample-5834b3897a21af7b61d3f6b272dd6e00', 8, 8), ('random_sample-5834b3897a21af7b61d3f6b272dd6e00', 0, 7), ('sum-partial-a39d5ead60be8af424d74d4d198708a2', 2, 1), ('random_sample-5834b3897a21af7b61d3f6b272dd6e00', 5, 6), ('sum-d52548bd33ade3e686a86e4294a4cc9b', 1, 9), ('random_sample-5834b3897a21af7b61d3f6b272dd6e00', 7, 6), ('sum-d52548bd33ade3e686a86e4294a4cc9b', 9, 0), ('random_sample-5834b3897a21af7b61d3f6b272dd6e00', 2, 4), ('sum-d52548bd33ade3e686a86e4294a4cc9b', 0, 9), ('sum-partial-a39d5ead60be8af424d74d4d198708a2', 1, 2), ('random_sample-5834b3897a21af7b61d3f6b272dd6e00', 6, 1), ('random_sample-5834b3897a21af7b61d3f6b272dd6e00', 3, 8), ('random_sample-5834b3897a21af7b61d3f6b272dd6e00', 4, 7), ('random_sample-5834b3897a21af7b61d3f6b272dd6e00', 3, 5), ('sum-d52548bd33ade3e686a86e4294a4cc9b', 1, 8), ('random_sample-5834b3897a21af7b61d3f6b272dd6e00', 8, 1), ('sum-d52548bd33ade3e686a86e4294a4cc9b', 6, 1), ('random_sample-5834b3897a21af7b61d3f6b272dd6e00', 9, 0), ('random_sample-5834b3897a21af7b61d3f6b272dd6e00', 6, 7), ('random_sample-5834b3897a21af7b61d3f6b272dd6e00', 8, 4), ('sum-partial-c5f0c35449fd8e21ba821ab34037711e', 1, 4), ('sum-d52548bd33ade3e686a86e4294a4cc9b', 8, 1), ('random_sample-5834b3897a21af7b61d3f6b272dd6e00', 0, 9), ('random_sample-5834b3897a21af7b61d3f6b272dd6e00', 5, 2)} (stimulus_id='handle-worker-cleanup-1739088151.529205')
2025-02-09 08:02:31,528 - distributed.worker - ERROR - failed during get data with ucx://127.0.0.1:40203 -> ucx://127.0.0.1:32861
Traceback (most recent call last):
  File "/opt/conda/envs/gdf/lib/python3.10/site-packages/rapids_dask_dependency/patches/distributed/comm/__rdd_patch_ucx.py", line 337, in write
    await self.ep.send(each_frame)
  File "/opt/conda/envs/gdf/lib/python3.10/site-packages/ucp/core.py", line 673, in send
    return await comm.tag_send(self._ep, buffer, nbytes, tag, name=log)
ucp._libs.exceptions.UCXError: <[Send #007] ep: 0x7fe495fe0100, tag: 0xcfbe78cd3b3832d1, nbytes: 50000000, type: <class 'cupy.ndarray'>>: Connection reset by remote peer

During handling of the above exception, another exception occurred:

Traceback (most recent call last):
  File "/opt/conda/envs/gdf/lib/python3.10/site-packages/distributed/worker.py", line 1796, in get_data
    compressed = await comm.write(msg, serializers=serializers)
  File "/opt/conda/envs/gdf/lib/python3.10/site-packages/distributed/utils.py", line 805, in wrapper
    return await func(*args, **kwargs)
  File "/opt/conda/envs/gdf/lib/python3.10/site-packages/rapids_dask_dependency/patches/distributed/comm/__rdd_patch_ucx.py", line 341, in write
    raise CommClosedError("While writing, the connection was closed")
distributed.comm.core.CommClosedError: While writing, the connection was closed
2025-02-09 08:02:31,673 - distributed.worker - ERROR - Worker stream died during communication: ucx://127.0.0.1:32861
Traceback (most recent call last):
  File "/opt/conda/envs/gdf/lib/python3.10/site-packages/rapids_dask_dependency/patches/distributed/comm/__rdd_patch_ucx.py", line 470, in connect
    ep = await ucp.create_endpoint(ip, port)
  File "/opt/conda/envs/gdf/lib/python3.10/site-packages/ucp/core.py", line 1040, in create_endpoint
    return await _get_ctx().create_endpoint(
  File "/opt/conda/envs/gdf/lib/python3.10/site-packages/ucp/core.py", line 337, in create_endpoint
    peer_info = await exchange_peer_info(
  File "/opt/conda/envs/gdf/lib/python3.10/site-packages/ucp/core.py", line 62, in exchange_peer_info
    await asyncio.wait_for(
  File "/opt/conda/envs/gdf/lib/python3.10/asyncio/tasks.py", line 445, in wait_for
    return fut.result()
ucp._libs.exceptions.UCXError: <stream_recv>: Connection reset by remote peer

During handling of the above exception, another exception occurred:

Traceback (most recent call last):
  File "/opt/conda/envs/gdf/lib/python3.10/site-packages/distributed/comm/core.py", line 342, in connect
    comm = await wait_for(
  File "/opt/conda/envs/gdf/lib/python3.10/site-packages/distributed/utils.py", line 1915, in wait_for
    return await asyncio.wait_for(fut, timeout)
  File "/opt/conda/envs/gdf/lib/python3.10/asyncio/tasks.py", line 445, in wait_for
    return fut.result()
  File "/opt/conda/envs/gdf/lib/python3.10/site-packages/rapids_dask_dependency/patches/distributed/comm/__rdd_patch_ucx.py", line 472, in connect
    raise CommClosedError("Connection closed before handshake completed")
distributed.comm.core.CommClosedError: Connection closed before handshake completed

During handling of the above exception, another exception occurred:

Traceback (most recent call last):
  File "/opt/conda/envs/gdf/lib/python3.10/site-packages/distributed/core.py", line 1429, in _connect
    comm = await connect(
  File "/opt/conda/envs/gdf/lib/python3.10/site-packages/distributed/comm/core.py", line 366, in connect
    await asyncio.sleep(backoff)
  File "/opt/conda/envs/gdf/lib/python3.10/asyncio/tasks.py", line 605, in sleep
    return await future
asyncio.exceptions.CancelledError

During handling of the above exception, another exception occurred:

Traceback (most recent call last):
  File "/opt/conda/envs/gdf/lib/python3.10/site-packages/distributed/core.py", line 1539, in connect
    return connect_attempt.result()
asyncio.exceptions.CancelledError

During handling of the above exception, another exception occurred:

Traceback (most recent call last):
  File "/opt/conda/envs/gdf/lib/python3.10/site-packages/distributed/worker.py", line 2075, in gather_dep
    response = await get_data_from_worker(
  File "/opt/conda/envs/gdf/lib/python3.10/site-packages/distributed/worker.py", line 2878, in get_data_from_worker
    comm = await rpc.connect(worker)
  File "/opt/conda/envs/gdf/lib/python3.10/site-packages/distributed/core.py", line 1542, in connect
    raise CommClosedError(reason)
distributed.comm.core.CommClosedError: Address removed.
[dgx13:77110:0:77110] Caught signal 11 (Segmentation fault: address not mapped to object at address 0x3e4520)
==== backtrace (tid:  77110) ====
 0  /opt/conda/envs/gdf/lib/libucs.so.0(ucs_handle_error+0x305) [0x7fe49cbac025]
 1  /opt/conda/envs/gdf/lib/libucs.so.0(+0x2f221) [0x7fe49cbac221]
 2  /opt/conda/envs/gdf/lib/libucs.so.0(+0x2f3ea) [0x7fe49cbac3ea]
 3  /usr/lib/x86_64-linux-gnu/libpthread.so.0(+0x14420) [0x7fe4e8a8c420]
 4  /opt/conda/envs/gdf/lib/libucp.so.0(ucp_mem_type_unpack+0x17) [0x7fe49cc31197]
 5  /opt/conda/envs/gdf/lib/libucp.so.0(ucp_rndv_data_handler+0x5f5) [0x7fe49cc5c9e5]
 6  /opt/conda/envs/gdf/lib/./libuct.so.0(+0x21dd6) [0x7fe49cb60dd6]
 7  /opt/conda/envs/gdf/lib/./libuct.so.0(+0x24f48) [0x7fe49cb63f48]
 8  /opt/conda/envs/gdf/lib/libucs.so.0(ucs_event_set_wait+0xb1) [0x7fe49cbb5851]
 9  /opt/conda/envs/gdf/lib/./libuct.so.0(uct_tcp_iface_progress+0x7c) [0x7fe49cb62fbc]
10  /opt/conda/envs/gdf/lib/libucp.so.0(ucp_worker_progress+0x5a) [0x7fe49cc2dd5a]
11  /opt/conda/envs/gdf/lib/python3.10/site-packages/ucp/_libs/ucx_api.cpython-310-x86_64-linux-gnu.so(+0x31dca) [0x7fe49ccf1dca]
12  /opt/conda/envs/gdf/bin/python(_PyEval_EvalFrameDefault+0x2c3e) [0x5557cd0526de]
13  /opt/conda/envs/gdf/bin/python(_PyFunction_Vectorcall+0x6c) [0x5557cd05fb7c]
14  /opt/conda/envs/gdf/bin/python(_PyEval_EvalFrameDefault+0x6fd) [0x5557cd05019d]
15  /opt/conda/envs/gdf/bin/python(+0x147234) [0x5557cd06b234]
16  /opt/conda/envs/gdf/bin/python(+0x252f7c) [0x5557cd176f7c]
17  /opt/conda/envs/gdf/bin/python(+0xf745f) [0x5557cd01b45f]
18  /opt/conda/envs/gdf/bin/python(+0x1331b3) [0x5557cd0571b3]
19  /opt/conda/envs/gdf/bin/python(_PyEval_EvalFrameDefault+0x593b) [0x5557cd0553db]
20  /opt/conda/envs/gdf/bin/python(_PyFunction_Vectorcall+0x6c) [0x5557cd05fb7c]
21  /opt/conda/envs/gdf/bin/python(_PyEval_EvalFrameDefault+0x6fd) [0x5557cd05019d]
22  /opt/conda/envs/gdf/bin/python(_PyFunction_Vectorcall+0x6c) [0x5557cd05fb7c]
23  /opt/conda/envs/gdf/bin/python(_PyEval_EvalFrameDefault+0x6fd) [0x5557cd05019d]
24  /opt/conda/envs/gdf/bin/python(_PyFunction_Vectorcall+0x6c) [0x5557cd05fb7c]
25  /opt/conda/envs/gdf/bin/python(_PyEval_EvalFrameDefault+0x6fd) [0x5557cd05019d]
26  /opt/conda/envs/gdf/bin/python(_PyFunction_Vectorcall+0x6c) [0x5557cd05fb7c]
27  /opt/conda/envs/gdf/bin/python(_PyEval_EvalFrameDefault+0x6fd) [0x5557cd05019d]
28  /opt/conda/envs/gdf/bin/python(_PyFunction_Vectorcall+0x6c) [0x5557cd05fb7c]
29  /opt/conda/envs/gdf/bin/python(_PyEval_EvalFrameDefault+0x1341) [0x5557cd050de1]
30  /opt/conda/envs/gdf/bin/python(+0x146fb2) [0x5557cd06afb2]
31  /opt/conda/envs/gdf/bin/python(PyObject_Call+0xbc) [0x5557cd06b94c]
32  /opt/conda/envs/gdf/bin/python(+0x1ff72d) [0x5557cd12372d]
33  /opt/conda/envs/gdf/bin/python(_PyObject_MakeTpCall+0x2d3) [0x5557cd058a03]
34  /opt/conda/envs/gdf/bin/python(_PyEval_EvalFrameDefault+0x2c3e) [0x5557cd0526de]
35  /opt/conda/envs/gdf/bin/python(+0x147108) [0x5557cd06b108]
36  /opt/conda/envs/gdf/bin/python(_PyEval_EvalFrameDefault+0x2c3e) [0x5557cd0526de]
37  /opt/conda/envs/gdf/bin/python(_PyFunction_Vectorcall+0x6c) [0x5557cd05fb7c]
38  /opt/conda/envs/gdf/bin/python(_PyEval_EvalFrameDefault+0x6fd) [0x5557cd05019d]
39  /opt/conda/envs/gdf/bin/python(_PyFunction_Vectorcall+0x6c) [0x5557cd05fb7c]
40  /opt/conda/envs/gdf/bin/python(_PyEval_EvalFrameDefault+0x6fd) [0x5557cd05019d]
41  /opt/conda/envs/gdf/bin/python(_PyFunction_Vectorcall+0x6c) [0x5557cd05fb7c]
42  /opt/conda/envs/gdf/bin/python(_PyEval_EvalFrameDefault+0x309) [0x5557cd04fda9]
43  /opt/conda/envs/gdf/bin/python(_PyFunction_Vectorcall+0x6c) [0x5557cd05fb7c]
44  /opt/conda/envs/gdf/bin/python(_PyEval_EvalFrameDefault+0x1341) [0x5557cd050de1]
45  /opt/conda/envs/gdf/bin/python(+0x1cca8c) [0x5557cd0f0a8c]
46  /opt/conda/envs/gdf/bin/python(PyEval_EvalCode+0x87) [0x5557cd0f09d7]
47  /opt/conda/envs/gdf/bin/python(+0x1fceba) [0x5557cd120eba]
48  /opt/conda/envs/gdf/bin/python(+0x1f8343) [0x5557cd11c343]
49  /opt/conda/envs/gdf/bin/python(PyRun_StringFlags+0x7d) [0x5557cd114add]
50  /opt/conda/envs/gdf/bin/python(PyRun_SimpleStringFlags+0x3c) [0x5557cd11491c]
51  /opt/conda/envs/gdf/bin/python(Py_RunMain+0x3ba) [0x5557cd113b1a]
52  /opt/conda/envs/gdf/bin/python(Py_BytesMain+0x37) [0x5557cd0e4117]
53  /usr/lib/x86_64-linux-gnu/libc.so.6(__libc_start_main+0xf3) [0x7fe4e8750083]
54  /opt/conda/envs/gdf/bin/python(+0x1c002e) [0x5557cd0e402e]
=================================
2025-02-09 08:02:31,749 - distributed.nanny - WARNING - Restarting worker
2025-02-09 08:02:31,820 - distributed.nanny - WARNING - Restarting worker
2025-02-09 08:02:31,913 - distributed.worker - ERROR - failed during get data with ucx://127.0.0.1:39629 -> ucx://127.0.0.1:40203
Traceback (most recent call last):
  File "/opt/conda/envs/gdf/lib/python3.10/site-packages/rapids_dask_dependency/patches/distributed/comm/__rdd_patch_ucx.py", line 337, in write
    await self.ep.send(each_frame)
  File "/opt/conda/envs/gdf/lib/python3.10/site-packages/ucp/core.py", line 673, in send
    return await comm.tag_send(self._ep, buffer, nbytes, tag, name=log)
ucp._libs.exceptions.UCXError: <[Send #012] ep: 0x7fb1416ad140, tag: 0xe564ce0d0177b95c, nbytes: 50000000, type: <class 'cupy.ndarray'>>: Connection reset by remote peer

During handling of the above exception, another exception occurred:

Traceback (most recent call last):
  File "/opt/conda/envs/gdf/lib/python3.10/site-packages/distributed/worker.py", line 1796, in get_data
    compressed = await comm.write(msg, serializers=serializers)
  File "/opt/conda/envs/gdf/lib/python3.10/site-packages/distributed/utils.py", line 805, in wrapper
    return await func(*args, **kwargs)
  File "/opt/conda/envs/gdf/lib/python3.10/site-packages/rapids_dask_dependency/patches/distributed/comm/__rdd_patch_ucx.py", line 341, in write
    raise CommClosedError("While writing, the connection was closed")
distributed.comm.core.CommClosedError: While writing, the connection was closed
2025-02-09 08:02:31,914 - distributed.scheduler - WARNING - Removing worker 'ucx://127.0.0.1:40203' caused the cluster to lose already computed task(s), which will be recomputed elsewhere: {('random_sample-5834b3897a21af7b61d3f6b272dd6e00', 9, 4), ('random_sample-5834b3897a21af7b61d3f6b272dd6e00', 4, 4), ('random_sample-5834b3897a21af7b61d3f6b272dd6e00', 8, 8), ('random_sample-5834b3897a21af7b61d3f6b272dd6e00', 7, 5), ('sum-d52548bd33ade3e686a86e4294a4cc9b', 8, 8), ('random_sample-5834b3897a21af7b61d3f6b272dd6e00', 8, 1), ('sum-d52548bd33ade3e686a86e4294a4cc9b', 0, 5), ('random_sample-5834b3897a21af7b61d3f6b272dd6e00', 5, 0), ('random_sample-5834b3897a21af7b61d3f6b272dd6e00', 9, 3), ('sum-d52548bd33ade3e686a86e4294a4cc9b', 0, 8), ('random_sample-5834b3897a21af7b61d3f6b272dd6e00', 2, 2), ('sum-d52548bd33ade3e686a86e4294a4cc9b', 4, 4), ('sum-d52548bd33ade3e686a86e4294a4cc9b', 8, 0), ('random_sample-5834b3897a21af7b61d3f6b272dd6e00', 8, 0), ('random_sample-5834b3897a21af7b61d3f6b272dd6e00', 8, 9), ('sum-d52548bd33ade3e686a86e4294a4cc9b', 5, 0)} (stimulus_id='handle-worker-cleanup-1739088151.9136362')
2025-02-09 08:02:31,913 - distributed.worker - ERROR - Worker stream died during communication: ucx://127.0.0.1:40203
Traceback (most recent call last):
  File "/opt/conda/envs/gdf/lib/python3.10/site-packages/rapids_dask_dependency/patches/distributed/comm/__rdd_patch_ucx.py", line 353, in read
    await self.ep.recv(msg)
  File "/opt/conda/envs/gdf/lib/python3.10/site-packages/ucp/core.py", line 748, in recv
    ret = await comm.tag_recv(self._ep, buffer, nbytes, tag, name=log)
ucp._libs.exceptions.UCXCanceled: <[Recv #013] ep: 0x7f8e2cac2140, tag: 0x4958601683c7c349, nbytes: 16, type: <class 'numpy.ndarray'>>: 

During handling of the above exception, another exception occurred:

Traceback (most recent call last):
  File "/opt/conda/envs/gdf/lib/python3.10/site-packages/distributed/worker.py", line 2075, in gather_dep
    response = await get_data_from_worker(
  File "/opt/conda/envs/gdf/lib/python3.10/site-packages/distributed/worker.py", line 2881, in get_data_from_worker
    response = await send_recv(
  File "/opt/conda/envs/gdf/lib/python3.10/site-packages/distributed/core.py", line 1018, in send_recv
    response = await comm.read(deserializers=deserializers)
  File "/opt/conda/envs/gdf/lib/python3.10/site-packages/distributed/utils.py", line 805, in wrapper
    return await func(*args, **kwargs)
  File "/opt/conda/envs/gdf/lib/python3.10/site-packages/rapids_dask_dependency/patches/distributed/comm/__rdd_patch_ucx.py", line 371, in read
    raise CommClosedError(
distributed.comm.core.CommClosedError: Connection closed by writer.
Inner exception: UCXCanceled("<[Recv #013] ep: 0x7f8e2cac2140, tag: 0x4958601683c7c349, nbytes: 16, type: <class 'numpy.ndarray'>>: ")
2025-02-09 08:02:31,917 - distributed.worker - ERROR - Worker stream died during communication: ucx://127.0.0.1:40203
Traceback (most recent call last):
  File "/opt/conda/envs/gdf/lib/python3.10/site-packages/rapids_dask_dependency/patches/distributed/comm/__rdd_patch_ucx.py", line 470, in connect
    ep = await ucp.create_endpoint(ip, port)
  File "/opt/conda/envs/gdf/lib/python3.10/site-packages/ucp/core.py", line 1040, in create_endpoint
    return await _get_ctx().create_endpoint(
  File "/opt/conda/envs/gdf/lib/python3.10/site-packages/ucp/core.py", line 337, in create_endpoint
    peer_info = await exchange_peer_info(
  File "/opt/conda/envs/gdf/lib/python3.10/site-packages/ucp/core.py", line 62, in exchange_peer_info
    await asyncio.wait_for(
  File "/opt/conda/envs/gdf/lib/python3.10/asyncio/tasks.py", line 445, in wait_for
    return fut.result()
ucp._libs.exceptions.UCXNotConnected: <stream_recv>: 

During handling of the above exception, another exception occurred:

Traceback (most recent call last):
  File "/opt/conda/envs/gdf/lib/python3.10/site-packages/distributed/comm/core.py", line 342, in connect
    comm = await wait_for(
  File "/opt/conda/envs/gdf/lib/python3.10/site-packages/distributed/utils.py", line 1915, in wait_for
    return await asyncio.wait_for(fut, timeout)
  File "/opt/conda/envs/gdf/lib/python3.10/asyncio/tasks.py", line 445, in wait_for
    return fut.result()
  File "/opt/conda/envs/gdf/lib/python3.10/site-packages/rapids_dask_dependency/patches/distributed/comm/__rdd_patch_ucx.py", line 472, in connect
    raise CommClosedError("Connection closed before handshake completed")
distributed.comm.core.CommClosedError: Connection closed before handshake completed

During handling of the above exception, another exception occurred:

Traceback (most recent call last):
  File "/opt/conda/envs/gdf/lib/python3.10/site-packages/distributed/core.py", line 1429, in _connect
    comm = await connect(
  File "/opt/conda/envs/gdf/lib/python3.10/site-packages/distributed/comm/core.py", line 366, in connect
    await asyncio.sleep(backoff)
  File "/opt/conda/envs/gdf/lib/python3.10/asyncio/tasks.py", line 605, in sleep
    return await future
asyncio.exceptions.CancelledError

During handling of the above exception, another exception occurred:

Traceback (most recent call last):
  File "/opt/conda/envs/gdf/lib/python3.10/site-packages/distributed/core.py", line 1539, in connect
    return connect_attempt.result()
asyncio.exceptions.CancelledError

During handling of the above exception, another exception occurred:

Traceback (most recent call last):
  File "/opt/conda/envs/gdf/lib/python3.10/site-packages/distributed/worker.py", line 2075, in gather_dep
    response = await get_data_from_worker(
  File "/opt/conda/envs/gdf/lib/python3.10/site-packages/distributed/worker.py", line 2878, in get_data_from_worker
    comm = await rpc.connect(worker)
  File "/opt/conda/envs/gdf/lib/python3.10/site-packages/distributed/core.py", line 1542, in connect
    raise CommClosedError(reason)
distributed.comm.core.CommClosedError: Address removed.
2025-02-09 08:02:31,982 - distributed.nanny - WARNING - Restarting worker
/opt/conda/envs/gdf/lib/python3.10/multiprocessing/resource_tracker.py:224: UserWarning: resource_tracker: There appear to be 48 leaked semaphore objects to clean up at shutdown
  warnings.warn('resource_tracker: There appear to be %d '
