[dgx13:97679:0:97679] Caught signal 11 (Segmentation fault: address not mapped to object at address 0x450)
==== backtrace (tid:  97679) ====
 0  /opt/conda/envs/gdf/lib/libucs.so.0(ucs_handle_error+0x2fd) [0x7fc2a12f7cfd]
 1  /opt/conda/envs/gdf/lib/libucs.so.0(+0x2def4) [0x7fc2a12f7ef4]
 2  /opt/conda/envs/gdf/lib/libucs.so.0(+0x2e0ba) [0x7fc2a12f80ba]
 3  /usr/lib/x86_64-linux-gnu/libpthread.so.0(+0x14420) [0x7fc2e1d3c420]
 4  /opt/conda/envs/gdf/lib/libucp.so.0(ucp_mem_type_unpack+0x17) [0x7fc2a137b197]
 5  /opt/conda/envs/gdf/lib/libucp.so.0(ucp_rndv_data_handler+0x65d) [0x7fc2a13a564d]
 6  /opt/conda/envs/gdf/lib/libuct.so.0(+0x21bdf) [0x7fc2a12adbdf]
 7  /opt/conda/envs/gdf/lib/libuct.so.0(+0x24db8) [0x7fc2a12b0db8]
 8  /opt/conda/envs/gdf/lib/libucs.so.0(ucs_event_set_wait+0xb9) [0x7fc2a1301619]
 9  /opt/conda/envs/gdf/lib/libuct.so.0(uct_tcp_iface_progress+0x7d) [0x7fc2a12afecd]
10  /opt/conda/envs/gdf/lib/libucp.so.0(ucp_worker_progress+0x5a) [0x7fc2a1377eea]
11  /opt/conda/envs/gdf/lib/python3.10/site-packages/ucp/_libs/ucx_api.cpython-310-x86_64-linux-gnu.so(+0x31d7a) [0x7fc2a1438d7a]
12  /opt/conda/envs/gdf/bin/python(_PyEval_EvalFrameDefault+0x2d83) [0x55ef8d6212b3]
13  /opt/conda/envs/gdf/bin/python(_PyFunction_Vectorcall+0x6c) [0x55ef8d62ea2c]
14  /opt/conda/envs/gdf/bin/python(_PyEval_EvalFrameDefault+0x72c) [0x55ef8d61ec5c]
15  /opt/conda/envs/gdf/bin/python(+0x1e1384) [0x55ef8d6cb384]
16  /opt/conda/envs/gdf/lib/python3.10/lib-dynload/_asyncio.cpython-310-x86_64-linux-gnu.so(+0x7bf6) [0x7fc2c94d4bf6]
17  /opt/conda/envs/gdf/bin/python(_PyObject_MakeTpCall+0x26b) [0x55ef8d627a6b]
18  /opt/conda/envs/gdf/bin/python(+0xfdd90) [0x55ef8d5e7d90]
19  /opt/conda/envs/gdf/bin/python(+0x13c2a3) [0x55ef8d6262a3]
20  /opt/conda/envs/gdf/bin/python(_PyEval_EvalFrameDefault+0x5cd5) [0x55ef8d624205]
21  /opt/conda/envs/gdf/bin/python(_PyFunction_Vectorcall+0x6c) [0x55ef8d62ea2c]
22  /opt/conda/envs/gdf/bin/python(_PyEval_EvalFrameDefault+0x72c) [0x55ef8d61ec5c]
23  /opt/conda/envs/gdf/bin/python(_PyFunction_Vectorcall+0x6c) [0x55ef8d62ea2c]
24  /opt/conda/envs/gdf/bin/python(_PyEval_EvalFrameDefault+0x72c) [0x55ef8d61ec5c]
25  /opt/conda/envs/gdf/bin/python(_PyFunction_Vectorcall+0x6c) [0x55ef8d62ea2c]
26  /opt/conda/envs/gdf/bin/python(_PyEval_EvalFrameDefault+0x72c) [0x55ef8d61ec5c]
27  /opt/conda/envs/gdf/bin/python(_PyFunction_Vectorcall+0x6c) [0x55ef8d62ea2c]
28  /opt/conda/envs/gdf/bin/python(_PyEval_EvalFrameDefault+0x72c) [0x55ef8d61ec5c]
29  /opt/conda/envs/gdf/bin/python(_PyFunction_Vectorcall+0x6c) [0x55ef8d62ea2c]
30  /opt/conda/envs/gdf/bin/python(_PyEval_EvalFrameDefault+0x13ca) [0x55ef8d61f8fa]
31  /opt/conda/envs/gdf/bin/python(+0x150582) [0x55ef8d63a582]
32  /opt/conda/envs/gdf/bin/python(PyObject_Call+0xbc) [0x55ef8d63af1c]
33  /opt/conda/envs/gdf/bin/python(+0x20a9ae) [0x55ef8d6f49ae]
34  /opt/conda/envs/gdf/bin/python(_PyObject_MakeTpCall+0x26b) [0x55ef8d627a6b]
35  /opt/conda/envs/gdf/bin/python(_PyEval_EvalFrameDefault+0x2d83) [0x55ef8d6212b3]
36  /opt/conda/envs/gdf/bin/python(+0x1506d8) [0x55ef8d63a6d8]
37  /opt/conda/envs/gdf/bin/python(_PyEval_EvalFrameDefault+0x2d83) [0x55ef8d6212b3]
38  /opt/conda/envs/gdf/bin/python(_PyFunction_Vectorcall+0x6c) [0x55ef8d62ea2c]
39  /opt/conda/envs/gdf/bin/python(_PyEval_EvalFrameDefault+0x72c) [0x55ef8d61ec5c]
40  /opt/conda/envs/gdf/bin/python(_PyFunction_Vectorcall+0x6c) [0x55ef8d62ea2c]
41  /opt/conda/envs/gdf/bin/python(_PyEval_EvalFrameDefault+0x72c) [0x55ef8d61ec5c]
42  /opt/conda/envs/gdf/bin/python(_PyFunction_Vectorcall+0x6c) [0x55ef8d62ea2c]
43  /opt/conda/envs/gdf/bin/python(_PyEval_EvalFrameDefault+0x320) [0x55ef8d61e850]
44  /opt/conda/envs/gdf/bin/python(_PyFunction_Vectorcall+0x6c) [0x55ef8d62ea2c]
45  /opt/conda/envs/gdf/bin/python(_PyEval_EvalFrameDefault+0x13ca) [0x55ef8d61f8fa]
46  /opt/conda/envs/gdf/bin/python(+0x1d7c60) [0x55ef8d6c1c60]
47  /opt/conda/envs/gdf/bin/python(PyEval_EvalCode+0x87) [0x55ef8d6c1ba7]
48  /opt/conda/envs/gdf/bin/python(+0x20812a) [0x55ef8d6f212a]
49  /opt/conda/envs/gdf/bin/python(+0x203523) [0x55ef8d6ed523]
50  /opt/conda/envs/gdf/bin/python(PyRun_StringFlags+0x7d) [0x55ef8d6e591d]
51  /opt/conda/envs/gdf/bin/python(PyRun_SimpleStringFlags+0x3c) [0x55ef8d6e575c]
52  /opt/conda/envs/gdf/bin/python(Py_RunMain+0x26b) [0x55ef8d6e466b]
53  /opt/conda/envs/gdf/bin/python(Py_BytesMain+0x37) [0x55ef8d6b51f7]
54  /usr/lib/x86_64-linux-gnu/libc.so.6(__libc_start_main+0xf3) [0x7fc2e1a00083]
55  /opt/conda/envs/gdf/bin/python(+0x1cb0f1) [0x55ef8d6b50f1]
=================================
[dgx13:97675:0:97675] Caught signal 11 (Segmentation fault: address not mapped to object at address 0x450)
==== backtrace (tid:  97675) ====
 0  /opt/conda/envs/gdf/lib/libucs.so.0(ucs_handle_error+0x2fd) [0x7f7357777cfd]
 1  /opt/conda/envs/gdf/lib/libucs.so.0(+0x2def4) [0x7f7357777ef4]
 2  /opt/conda/envs/gdf/lib/libucs.so.0(+0x2e0ba) [0x7f73577780ba]
 3  /usr/lib/x86_64-linux-gnu/libpthread.so.0(+0x14420) [0x7f73abfb7420]
 4  /opt/conda/envs/gdf/lib/libucp.so.0(ucp_mem_type_unpack+0x17) [0x7f73577fb197]
 5  /opt/conda/envs/gdf/lib/libucp.so.0(ucp_rndv_data_handler+0x65d) [0x7f735782564d]
 6  /opt/conda/envs/gdf/lib/libuct.so.0(+0x21bdf) [0x7f735772dbdf]
 7  /opt/conda/envs/gdf/lib/libuct.so.0(+0x24db8) [0x7f7357730db8]
 8  /opt/conda/envs/gdf/lib/libucs.so.0(ucs_event_set_wait+0xb9) [0x7f7357781619]
 9  /opt/conda/envs/gdf/lib/libuct.so.0(uct_tcp_iface_progress+0x7d) [0x7f735772fecd]
10  /opt/conda/envs/gdf/lib/libucp.so.0(ucp_worker_progress+0x5a) [0x7f73577f7eea]
11  /opt/conda/envs/gdf/lib/python3.10/site-packages/ucp/_libs/ucx_api.cpython-310-x86_64-linux-gnu.so(+0x31d7a) [0x7f73578b8d7a]
12  /opt/conda/envs/gdf/bin/python(_PyEval_EvalFrameDefault+0x2d83) [0x55ea6550f2b3]
13  /opt/conda/envs/gdf/bin/python(_PyFunction_Vectorcall+0x6c) [0x55ea6551ca2c]
14  /opt/conda/envs/gdf/bin/python(_PyEval_EvalFrameDefault+0x72c) [0x55ea6550cc5c]
15  /opt/conda/envs/gdf/bin/python(+0x150804) [0x55ea65528804]
16  /opt/conda/envs/gdf/bin/python(+0x25f60c) [0x55ea6563760c]
17  /opt/conda/envs/gdf/bin/python(+0xfdd90) [0x55ea654d5d90]
18  /opt/conda/envs/gdf/bin/python(+0x13c2a3) [0x55ea655142a3]
19  /opt/conda/envs/gdf/bin/python(_PyEval_EvalFrameDefault+0x5cd5) [0x55ea65512205]
20  /opt/conda/envs/gdf/bin/python(_PyFunction_Vectorcall+0x6c) [0x55ea6551ca2c]
21  /opt/conda/envs/gdf/bin/python(_PyEval_EvalFrameDefault+0x72c) [0x55ea6550cc5c]
22  /opt/conda/envs/gdf/bin/python(_PyFunction_Vectorcall+0x6c) [0x55ea6551ca2c]
23  /opt/conda/envs/gdf/bin/python(_PyEval_EvalFrameDefault+0x72c) [0x55ea6550cc5c]
24  /opt/conda/envs/gdf/bin/python(_PyFunction_Vectorcall+0x6c) [0x55ea6551ca2c]
25  /opt/conda/envs/gdf/bin/python(_PyEval_EvalFrameDefault+0x72c) [0x55ea6550cc5c]
26  /opt/conda/envs/gdf/bin/python(_PyFunction_Vectorcall+0x6c) [0x55ea6551ca2c]
27  /opt/conda/envs/gdf/bin/python(_PyEval_EvalFrameDefault+0x72c) [0x55ea6550cc5c]
28  /opt/conda/envs/gdf/bin/python(_PyFunction_Vectorcall+0x6c) [0x55ea6551ca2c]
29  /opt/conda/envs/gdf/bin/python(_PyEval_EvalFrameDefault+0x13ca) [0x55ea6550d8fa]
30  /opt/conda/envs/gdf/bin/python(+0x150582) [0x55ea65528582]
31  /opt/conda/envs/gdf/bin/python(PyObject_Call+0xbc) [0x55ea65528f1c]
32  /opt/conda/envs/gdf/bin/python(+0x20a9ae) [0x55ea655e29ae]
33  /opt/conda/envs/gdf/bin/python(_PyObject_MakeTpCall+0x26b) [0x55ea65515a6b]
34  /opt/conda/envs/gdf/bin/python(_PyEval_EvalFrameDefault+0x2d83) [0x55ea6550f2b3]
35  /opt/conda/envs/gdf/bin/python(+0x1506d8) [0x55ea655286d8]
36  /opt/conda/envs/gdf/bin/python(_PyEval_EvalFrameDefault+0x2d83) [0x55ea6550f2b3]
37  /opt/conda/envs/gdf/bin/python(_PyFunction_Vectorcall+0x6c) [0x55ea6551ca2c]
38  /opt/conda/envs/gdf/bin/python(_PyEval_EvalFrameDefault+0x72c) [0x55ea6550cc5c]
39  /opt/conda/envs/gdf/bin/python(_PyFunction_Vectorcall+0x6c) [0x55ea6551ca2c]
40  /opt/conda/envs/gdf/bin/python(_PyEval_EvalFrameDefault+0x72c) [0x55ea6550cc5c]
41  /opt/conda/envs/gdf/bin/python(_PyFunction_Vectorcall+0x6c) [0x55ea6551ca2c]
42  /opt/conda/envs/gdf/bin/python(_PyEval_EvalFrameDefault+0x320) [0x55ea6550c850]
43  /opt/conda/envs/gdf/bin/python(_PyFunction_Vectorcall+0x6c) [0x55ea6551ca2c]
44  /opt/conda/envs/gdf/bin/python(_PyEval_EvalFrameDefault+0x13ca) [0x55ea6550d8fa]
45  /opt/conda/envs/gdf/bin/python(+0x1d7c60) [0x55ea655afc60]
46  /opt/conda/envs/gdf/bin/python(PyEval_EvalCode+0x87) [0x55ea655afba7]
47  /opt/conda/envs/gdf/bin/python(+0x20812a) [0x55ea655e012a]
48  /opt/conda/envs/gdf/bin/python(+0x203523) [0x55ea655db523]
49  /opt/conda/envs/gdf/bin/python(PyRun_StringFlags+0x7d) [0x55ea655d391d]
50  /opt/conda/envs/gdf/bin/python(PyRun_SimpleStringFlags+0x3c) [0x55ea655d375c]
51  /opt/conda/envs/gdf/bin/python(Py_RunMain+0x26b) [0x55ea655d266b]
52  /opt/conda/envs/gdf/bin/python(Py_BytesMain+0x37) [0x55ea655a31f7]
53  /usr/lib/x86_64-linux-gnu/libc.so.6(__libc_start_main+0xf3) [0x7f73abc7b083]
54  /opt/conda/envs/gdf/bin/python(+0x1cb0f1) [0x55ea655a30f1]
=================================
[dgx13:97684:0:97684] Caught signal 11 (Segmentation fault: address not mapped to object at address 0x450)
==== backtrace (tid:  97684) ====
 0  /opt/conda/envs/gdf/lib/libucs.so.0(ucs_handle_error+0x2fd) [0x7f279803ecfd]
 1  /opt/conda/envs/gdf/lib/libucs.so.0(+0x2def4) [0x7f279803eef4]
 2  /opt/conda/envs/gdf/lib/libucs.so.0(+0x2e0ba) [0x7f279803f0ba]
 3  /usr/lib/x86_64-linux-gnu/libpthread.so.0(+0x14420) [0x7f27d487d420]
 4  /opt/conda/envs/gdf/lib/libucp.so.0(ucp_mem_type_unpack+0x17) [0x7f27980c2197]
 5  /opt/conda/envs/gdf/lib/libucp.so.0(ucp_rndv_data_handler+0x65d) [0x7f27980ec64d]
 6  /opt/conda/envs/gdf/lib/libuct.so.0(+0x21bdf) [0x7f2791fe3bdf]
 7  /opt/conda/envs/gdf/lib/libuct.so.0(+0x24db8) [0x7f2791fe6db8]
 8  /opt/conda/envs/gdf/lib/libucs.so.0(ucs_event_set_wait+0xb9) [0x7f2798048619]
 9  /opt/conda/envs/gdf/lib/libuct.so.0(uct_tcp_iface_progress+0x7d) [0x7f2791fe5ecd]
10  /opt/conda/envs/gdf/lib/libucp.so.0(ucp_worker_progress+0x5a) [0x7f27980beeea]
11  /opt/conda/envs/gdf/lib/python3.10/site-packages/ucp/_libs/ucx_api.cpython-310-x86_64-linux-gnu.so(+0x31d7a) [0x7f279817fd7a]
12  /opt/conda/envs/gdf/bin/python(_PyEval_EvalFrameDefault+0x2d83) [0x55cc1d0c92b3]
13  /opt/conda/envs/gdf/bin/python(_PyFunction_Vectorcall+0x6c) [0x55cc1d0d6a2c]
14  /opt/conda/envs/gdf/bin/python(_PyEval_EvalFrameDefault+0x72c) [0x55cc1d0c6c5c]
15  /opt/conda/envs/gdf/bin/python(+0x150804) [0x55cc1d0e2804]
16  /opt/conda/envs/gdf/bin/python(+0x25f60c) [0x55cc1d1f160c]
17  /opt/conda/envs/gdf/bin/python(+0xfdd90) [0x55cc1d08fd90]
18  /opt/conda/envs/gdf/bin/python(+0x13c2a3) [0x55cc1d0ce2a3]
19  /opt/conda/envs/gdf/bin/python(_PyEval_EvalFrameDefault+0x5cd5) [0x55cc1d0cc205]
20  /opt/conda/envs/gdf/bin/python(_PyFunction_Vectorcall+0x6c) [0x55cc1d0d6a2c]
21  /opt/conda/envs/gdf/bin/python(_PyEval_EvalFrameDefault+0x72c) [0x55cc1d0c6c5c]
22  /opt/conda/envs/gdf/bin/python(_PyFunction_Vectorcall+0x6c) [0x55cc1d0d6a2c]
23  /opt/conda/envs/gdf/bin/python(_PyEval_EvalFrameDefault+0x72c) [0x55cc1d0c6c5c]
24  /opt/conda/envs/gdf/bin/python(_PyFunction_Vectorcall+0x6c) [0x55cc1d0d6a2c]
25  /opt/conda/envs/gdf/bin/python(_PyEval_EvalFrameDefault+0x72c) [0x55cc1d0c6c5c]
26  /opt/conda/envs/gdf/bin/python(_PyFunction_Vectorcall+0x6c) [0x55cc1d0d6a2c]
27  /opt/conda/envs/gdf/bin/python(_PyEval_EvalFrameDefault+0x72c) [0x55cc1d0c6c5c]
28  /opt/conda/envs/gdf/bin/python(_PyFunction_Vectorcall+0x6c) [0x55cc1d0d6a2c]
29  /opt/conda/envs/gdf/bin/python(_PyEval_EvalFrameDefault+0x13ca) [0x55cc1d0c78fa]
30  /opt/conda/envs/gdf/bin/python(+0x150582) [0x55cc1d0e2582]
31  /opt/conda/envs/gdf/bin/python(PyObject_Call+0xbc) [0x55cc1d0e2f1c]
32  /opt/conda/envs/gdf/bin/python(+0x20a9ae) [0x55cc1d19c9ae]
33  /opt/conda/envs/gdf/bin/python(_PyObject_MakeTpCall+0x26b) [0x55cc1d0cfa6b]
34  /opt/conda/envs/gdf/bin/python(_PyEval_EvalFrameDefault+0x2d83) [0x55cc1d0c92b3]
35  /opt/conda/envs/gdf/bin/python(+0x1506d8) [0x55cc1d0e26d8]
36  /opt/conda/envs/gdf/bin/python(_PyEval_EvalFrameDefault+0x2d83) [0x55cc1d0c92b3]
37  /opt/conda/envs/gdf/bin/python(_PyFunction_Vectorcall+0x6c) [0x55cc1d0d6a2c]
38  /opt/conda/envs/gdf/bin/python(_PyEval_EvalFrameDefault+0x72c) [0x55cc1d0c6c5c]
39  /opt/conda/envs/gdf/bin/python(_PyFunction_Vectorcall+0x6c) [0x55cc1d0d6a2c]
40  /opt/conda/envs/gdf/bin/python(_PyEval_EvalFrameDefault+0x72c) [0x55cc1d0c6c5c]
41  /opt/conda/envs/gdf/bin/python(_PyFunction_Vectorcall+0x6c) [0x55cc1d0d6a2c]
42  /opt/conda/envs/gdf/bin/python(_PyEval_EvalFrameDefault+0x320) [0x55cc1d0c6850]
43  /opt/conda/envs/gdf/bin/python(_PyFunction_Vectorcall+0x6c) [0x55cc1d0d6a2c]
44  /opt/conda/envs/gdf/bin/python(_PyEval_EvalFrameDefault+0x13ca) [0x55cc1d0c78fa]
45  /opt/conda/envs/gdf/bin/python(+0x1d7c60) [0x55cc1d169c60]
46  /opt/conda/envs/gdf/bin/python(PyEval_EvalCode+0x87) [0x55cc1d169ba7]
47  /opt/conda/envs/gdf/bin/python(+0x20812a) [0x55cc1d19a12a]
48  /opt/conda/envs/gdf/bin/python(+0x203523) [0x55cc1d195523]
49  /opt/conda/envs/gdf/bin/python(PyRun_StringFlags+0x7d) [0x55cc1d18d91d]
50  /opt/conda/envs/gdf/bin/python(PyRun_SimpleStringFlags+0x3c) [0x55cc1d18d75c]
51  /opt/conda/envs/gdf/bin/python(Py_RunMain+0x26b) [0x55cc1d18c66b]
52  /opt/conda/envs/gdf/bin/python(Py_BytesMain+0x37) [0x55cc1d15d1f7]
53  /usr/lib/x86_64-linux-gnu/libc.so.6(__libc_start_main+0xf3) [0x7f27d4541083]
54  /opt/conda/envs/gdf/bin/python(+0x1cb0f1) [0x55cc1d15d0f1]
=================================
2024-09-05 06:17:09,079 - distributed.worker - ERROR - Worker stream died during communication: ucx://127.0.0.1:58425
Traceback (most recent call last):
  File "/opt/conda/envs/gdf/lib/python3.10/site-packages/distributed/comm/ucx.py", line 351, in read
    await self.ep.recv(msg)
  File "/opt/conda/envs/gdf/lib/python3.10/site-packages/ucp/core.py", line 737, in recv
    ret = await comm.tag_recv(self._ep, buffer, nbytes, tag, name=log)
ucp._libs.exceptions.UCXCanceled: <[Recv #003] ep: 0x7ff80c2da180, tag: 0x2d2d163e2aabd6ac, nbytes: 16, type: <class 'numpy.ndarray'>>: 

During handling of the above exception, another exception occurred:

Traceback (most recent call last):
  File "/opt/conda/envs/gdf/lib/python3.10/site-packages/distributed/worker.py", line 2056, in gather_dep
    response = await get_data_from_worker(
  File "/opt/conda/envs/gdf/lib/python3.10/site-packages/distributed/worker.py", line 2874, in get_data_from_worker
    response = await send_recv(
  File "/opt/conda/envs/gdf/lib/python3.10/site-packages/distributed/core.py", line 1015, in send_recv
    response = await comm.read(deserializers=deserializers)
  File "/opt/conda/envs/gdf/lib/python3.10/site-packages/distributed/utils.py", line 806, in wrapper
    return await func(*args, **kwargs)
  File "/opt/conda/envs/gdf/lib/python3.10/site-packages/distributed/comm/ucx.py", line 369, in read
    raise CommClosedError(
distributed.comm.core.CommClosedError: Connection closed by writer.
Inner exception: UCXCanceled("<[Recv #003] ep: 0x7ff80c2da180, tag: 0x2d2d163e2aabd6ac, nbytes: 16, type: <class 'numpy.ndarray'>>: ")
2024-09-05 06:17:09,079 - distributed.worker - ERROR - Worker stream died during communication: ucx://127.0.0.1:58425
Traceback (most recent call last):
  File "/opt/conda/envs/gdf/lib/python3.10/site-packages/distributed/comm/ucx.py", line 351, in read
    await self.ep.recv(msg)
  File "/opt/conda/envs/gdf/lib/python3.10/site-packages/ucp/core.py", line 737, in recv
    ret = await comm.tag_recv(self._ep, buffer, nbytes, tag, name=log)
ucp._libs.exceptions.UCXCanceled: <[Recv #003] ep: 0x7f36dcca0100, tag: 0x89702c59ade09535, nbytes: 16, type: <class 'numpy.ndarray'>>: 

During handling of the above exception, another exception occurred:

Traceback (most recent call last):
  File "/opt/conda/envs/gdf/lib/python3.10/site-packages/distributed/worker.py", line 2056, in gather_dep
    response = await get_data_from_worker(
  File "/opt/conda/envs/gdf/lib/python3.10/site-packages/distributed/worker.py", line 2874, in get_data_from_worker
    response = await send_recv(
  File "/opt/conda/envs/gdf/lib/python3.10/site-packages/distributed/core.py", line 1015, in send_recv
    response = await comm.read(deserializers=deserializers)
  File "/opt/conda/envs/gdf/lib/python3.10/site-packages/distributed/utils.py", line 806, in wrapper
    return await func(*args, **kwargs)
  File "/opt/conda/envs/gdf/lib/python3.10/site-packages/distributed/comm/ucx.py", line 369, in read
    raise CommClosedError(
distributed.comm.core.CommClosedError: Connection closed by writer.
Inner exception: UCXCanceled("<[Recv #003] ep: 0x7f36dcca0100, tag: 0x89702c59ade09535, nbytes: 16, type: <class 'numpy.ndarray'>>: ")
2024-09-05 06:17:09,083 - distributed.worker - ERROR - failed during get data with ucx://127.0.0.1:59809 -> ucx://127.0.0.1:58425
Traceback (most recent call last):
  File "/opt/conda/envs/gdf/lib/python3.10/site-packages/distributed/comm/ucx.py", line 335, in write
    await self.ep.send(each_frame)
  File "/opt/conda/envs/gdf/lib/python3.10/site-packages/ucp/core.py", line 662, in send
    return await comm.tag_send(self._ep, buffer, nbytes, tag, name=log)
ucp._libs.exceptions.UCXError: <[Send #007] ep: 0x7f36dcca0280, tag: 0x3eab85c264baf422, nbytes: 50000000, type: <class 'cupy.ndarray'>>: Connection reset by remote peer

During handling of the above exception, another exception occurred:

Traceback (most recent call last):
  File "/opt/conda/envs/gdf/lib/python3.10/site-packages/distributed/worker.py", line 1777, in get_data
    compressed = await comm.write(msg, serializers=serializers)
  File "/opt/conda/envs/gdf/lib/python3.10/site-packages/distributed/utils.py", line 806, in wrapper
    return await func(*args, **kwargs)
  File "/opt/conda/envs/gdf/lib/python3.10/site-packages/distributed/comm/ucx.py", line 339, in write
    raise CommClosedError("While writing, the connection was closed")
distributed.comm.core.CommClosedError: While writing, the connection was closed
Task exception was never retrieved
future: <Task finished name='Task-1566' coro=<_listener_handler_coroutine() done, defined at /opt/conda/envs/gdf/lib/python3.10/site-packages/ucp/core.py:140> exception=UCXError('<stream_send>: Connection reset by remote peer')>
Traceback (most recent call last):
  File "/opt/conda/envs/gdf/lib/python3.10/site-packages/ucp/core.py", line 155, in _listener_handler_coroutine
    peer_info = await exchange_peer_info(
  File "/opt/conda/envs/gdf/lib/python3.10/site-packages/ucp/core.py", line 51, in exchange_peer_info
    await asyncio.wait_for(
  File "/opt/conda/envs/gdf/lib/python3.10/asyncio/tasks.py", line 445, in wait_for
    return fut.result()
ucp._libs.exceptions.UCXError: <stream_send>: Connection reset by remote peer
2024-09-05 06:17:09,084 - distributed.scheduler - WARNING - Removing worker 'ucx://127.0.0.1:58425' caused the cluster to lose already computed task(s), which will be recomputed elsewhere: {('sum-9592b789f29e1ae16700d066af498326', 9, 0), ('random_sample-fee6ff2d905e9b2c8f20e4ba816c9dbc', 5, 9), ('random_sample-fee6ff2d905e9b2c8f20e4ba816c9dbc', 2, 0), ('random_sample-fee6ff2d905e9b2c8f20e4ba816c9dbc', 0, 9), ('random_sample-fee6ff2d905e9b2c8f20e4ba816c9dbc', 6, 9), ('random_sample-fee6ff2d905e9b2c8f20e4ba816c9dbc', 9, 8), ('random_sample-fee6ff2d905e9b2c8f20e4ba816c9dbc', 4, 8), ('random_sample-fee6ff2d905e9b2c8f20e4ba816c9dbc', 7, 5), ('random_sample-fee6ff2d905e9b2c8f20e4ba816c9dbc', 2, 5), ('sum-9592b789f29e1ae16700d066af498326', 0, 0), ('random_sample-fee6ff2d905e9b2c8f20e4ba816c9dbc', 9, 0), ('random_sample-fee6ff2d905e9b2c8f20e4ba816c9dbc', 3, 4), ('sum-9592b789f29e1ae16700d066af498326', 0, 9), ('random_sample-fee6ff2d905e9b2c8f20e4ba816c9dbc', 0, 0), ('random_sample-fee6ff2d905e9b2c8f20e4ba816c9dbc', 4, 9)} (stimulus_id='handle-worker-cleanup-1725517029.084141')
2024-09-05 06:17:09,085 - distributed.worker - ERROR - Worker stream died during communication: ucx://127.0.0.1:58425
Traceback (most recent call last):
  File "/opt/conda/envs/gdf/lib/python3.10/site-packages/distributed/comm/ucx.py", line 351, in read
    await self.ep.recv(msg)
  File "/opt/conda/envs/gdf/lib/python3.10/site-packages/ucp/core.py", line 737, in recv
    ret = await comm.tag_recv(self._ep, buffer, nbytes, tag, name=log)
ucp._libs.exceptions.UCXCanceled: <[Recv #000] ep: 0x7f178985f240, tag: 0xf6efa10988a2c9e, nbytes: 16, type: <class 'numpy.ndarray'>>: 

During handling of the above exception, another exception occurred:

Traceback (most recent call last):
  File "/opt/conda/envs/gdf/lib/python3.10/site-packages/distributed/worker.py", line 2056, in gather_dep
    response = await get_data_from_worker(
  File "/opt/conda/envs/gdf/lib/python3.10/site-packages/distributed/worker.py", line 2871, in get_data_from_worker
    comm = await rpc.connect(worker)
  File "/opt/conda/envs/gdf/lib/python3.10/site-packages/distributed/core.py", line 1535, in connect
    return connect_attempt.result()
  File "/opt/conda/envs/gdf/lib/python3.10/site-packages/distributed/core.py", line 1425, in _connect
    comm = await connect(
  File "/opt/conda/envs/gdf/lib/python3.10/site-packages/distributed/comm/core.py", line 377, in connect
    handshake = await comm.read()
  File "/opt/conda/envs/gdf/lib/python3.10/site-packages/distributed/utils.py", line 806, in wrapper
    return await func(*args, **kwargs)
  File "/opt/conda/envs/gdf/lib/python3.10/site-packages/distributed/comm/ucx.py", line 369, in read
    raise CommClosedError(
distributed.comm.core.CommClosedError: Connection closed by writer.
Inner exception: UCXCanceled("<[Recv #000] ep: 0x7f178985f240, tag: 0xf6efa10988a2c9e, nbytes: 16, type: <class 'numpy.ndarray'>>: ")
2024-09-05 06:17:09,121 - distributed.scheduler - WARNING - Removing worker 'ucx://127.0.0.1:40899' caused the cluster to lose already computed task(s), which will be recomputed elsewhere: {('random_sample-fee6ff2d905e9b2c8f20e4ba816c9dbc', 1, 3), ('random_sample-fee6ff2d905e9b2c8f20e4ba816c9dbc', 8, 6), ('random_sample-fee6ff2d905e9b2c8f20e4ba816c9dbc', 2, 9), ('random_sample-fee6ff2d905e9b2c8f20e4ba816c9dbc', 0, 5), ('random_sample-fee6ff2d905e9b2c8f20e4ba816c9dbc', 9, 4), ('random_sample-fee6ff2d905e9b2c8f20e4ba816c9dbc', 1, 5), ('random_sample-fee6ff2d905e9b2c8f20e4ba816c9dbc', 5, 4), ('sum-9592b789f29e1ae16700d066af498326', 7, 7), ('random_sample-fee6ff2d905e9b2c8f20e4ba816c9dbc', 0, 1), ('random_sample-fee6ff2d905e9b2c8f20e4ba816c9dbc', 7, 7)} (stimulus_id='handle-worker-cleanup-1725517029.1214669')
2024-09-05 06:17:09,123 - distributed.worker - ERROR - Worker stream died during communication: ucx://127.0.0.1:40899
Traceback (most recent call last):
  File "/opt/conda/envs/gdf/lib/python3.10/site-packages/distributed/comm/ucx.py", line 351, in read
    await self.ep.recv(msg)
  File "/opt/conda/envs/gdf/lib/python3.10/site-packages/ucp/core.py", line 737, in recv
    ret = await comm.tag_recv(self._ep, buffer, nbytes, tag, name=log)
ucp._libs.exceptions.UCXCanceled: <[Recv #008] ep: 0x7ff80c2da0c0, tag: 0xabff56dc903de51, nbytes: 16, type: <class 'numpy.ndarray'>>: 

During handling of the above exception, another exception occurred:

Traceback (most recent call last):
  File "/opt/conda/envs/gdf/lib/python3.10/site-packages/distributed/worker.py", line 2056, in gather_dep
    response = await get_data_from_worker(
  File "/opt/conda/envs/gdf/lib/python3.10/site-packages/distributed/worker.py", line 2874, in get_data_from_worker
    response = await send_recv(
  File "/opt/conda/envs/gdf/lib/python3.10/site-packages/distributed/core.py", line 1015, in send_recv
    response = await comm.read(deserializers=deserializers)
  File "/opt/conda/envs/gdf/lib/python3.10/site-packages/distributed/utils.py", line 806, in wrapper
    return await func(*args, **kwargs)
  File "/opt/conda/envs/gdf/lib/python3.10/site-packages/distributed/comm/ucx.py", line 369, in read
    raise CommClosedError(
distributed.comm.core.CommClosedError: Connection closed by writer.
Inner exception: UCXCanceled("<[Recv #008] ep: 0x7ff80c2da0c0, tag: 0xabff56dc903de51, nbytes: 16, type: <class 'numpy.ndarray'>>: ")
2024-09-05 06:17:09,124 - distributed.worker - ERROR - failed during get data with ucx://127.0.0.1:34825 -> ucx://127.0.0.1:40899
Traceback (most recent call last):
  File "/opt/conda/envs/gdf/lib/python3.10/site-packages/distributed/comm/ucx.py", line 335, in write
    await self.ep.send(each_frame)
  File "/opt/conda/envs/gdf/lib/python3.10/site-packages/ucp/core.py", line 662, in send
    return await comm.tag_send(self._ep, buffer, nbytes, tag, name=log)
ucp._libs.exceptions.UCXError: <[Send #007] ep: 0x7f178985f100, tag: 0x2df8035f952bf2c6, nbytes: 50000000, type: <class 'cupy.ndarray'>>: Connection reset by remote peer

During handling of the above exception, another exception occurred:

Traceback (most recent call last):
  File "/opt/conda/envs/gdf/lib/python3.10/site-packages/distributed/worker.py", line 1777, in get_data
    compressed = await comm.write(msg, serializers=serializers)
  File "/opt/conda/envs/gdf/lib/python3.10/site-packages/distributed/utils.py", line 806, in wrapper
    return await func(*args, **kwargs)
  File "/opt/conda/envs/gdf/lib/python3.10/site-packages/distributed/comm/ucx.py", line 339, in write
    raise CommClosedError("While writing, the connection was closed")
distributed.comm.core.CommClosedError: While writing, the connection was closed
2024-09-05 06:17:09,130 - distributed.worker - ERROR - Worker stream died during communication: ucx://127.0.0.1:40899
Traceback (most recent call last):
  File "/opt/conda/envs/gdf/lib/python3.10/site-packages/distributed/comm/ucx.py", line 351, in read
    await self.ep.recv(msg)
  File "/opt/conda/envs/gdf/lib/python3.10/site-packages/ucp/core.py", line 737, in recv
    ret = await comm.tag_recv(self._ep, buffer, nbytes, tag, name=log)
ucp._libs.exceptions.UCXCanceled: <[Recv #008] ep: 0x7f81f0095100, tag: 0x9bf82b1e81224c50, nbytes: 16, type: <class 'numpy.ndarray'>>: 

During handling of the above exception, another exception occurred:

Traceback (most recent call last):
  File "/opt/conda/envs/gdf/lib/python3.10/site-packages/distributed/worker.py", line 2056, in gather_dep
    response = await get_data_from_worker(
  File "/opt/conda/envs/gdf/lib/python3.10/site-packages/distributed/worker.py", line 2874, in get_data_from_worker
    response = await send_recv(
  File "/opt/conda/envs/gdf/lib/python3.10/site-packages/distributed/core.py", line 1015, in send_recv
    response = await comm.read(deserializers=deserializers)
  File "/opt/conda/envs/gdf/lib/python3.10/site-packages/distributed/utils.py", line 806, in wrapper
    return await func(*args, **kwargs)
  File "/opt/conda/envs/gdf/lib/python3.10/site-packages/distributed/comm/ucx.py", line 369, in read
    raise CommClosedError(
distributed.comm.core.CommClosedError: Connection closed by writer.
Inner exception: UCXCanceled("<[Recv #008] ep: 0x7f81f0095100, tag: 0x9bf82b1e81224c50, nbytes: 16, type: <class 'numpy.ndarray'>>: ")
2024-09-05 06:17:09,162 - distributed.worker - ERROR - failed during get data with ucx://127.0.0.1:60369 -> ucx://127.0.0.1:40899
Traceback (most recent call last):
  File "/opt/conda/envs/gdf/lib/python3.10/site-packages/distributed/comm/ucx.py", line 335, in write
    await self.ep.send(each_frame)
  File "/opt/conda/envs/gdf/lib/python3.10/site-packages/ucp/core.py", line 662, in send
    return await comm.tag_send(self._ep, buffer, nbytes, tag, name=log)
ucp._libs.exceptions.UCXError: <[Send #007] ep: 0x7fa221512240, tag: 0x9f01ed6b36a38789, nbytes: 50000000, type: <class 'cupy.ndarray'>>: Connection reset by remote peer

During handling of the above exception, another exception occurred:

Traceback (most recent call last):
  File "/opt/conda/envs/gdf/lib/python3.10/site-packages/distributed/worker.py", line 1777, in get_data
    compressed = await comm.write(msg, serializers=serializers)
  File "/opt/conda/envs/gdf/lib/python3.10/site-packages/distributed/utils.py", line 806, in wrapper
    return await func(*args, **kwargs)
  File "/opt/conda/envs/gdf/lib/python3.10/site-packages/distributed/comm/ucx.py", line 339, in write
    raise CommClosedError("While writing, the connection was closed")
distributed.comm.core.CommClosedError: While writing, the connection was closed
2024-09-05 06:17:09,164 - distributed.worker - ERROR - Worker stream died during communication: ucx://127.0.0.1:40899
Traceback (most recent call last):
  File "/opt/conda/envs/gdf/lib/python3.10/site-packages/distributed/comm/ucx.py", line 351, in read
    await self.ep.recv(msg)
  File "/opt/conda/envs/gdf/lib/python3.10/site-packages/ucp/core.py", line 737, in recv
    ret = await comm.tag_recv(self._ep, buffer, nbytes, tag, name=log)
ucp._libs.exceptions.UCXCanceled: <[Recv #003] ep: 0x7fa221512140, tag: 0x1d913fae69cbe37d, nbytes: 16, type: <class 'numpy.ndarray'>>: 

During handling of the above exception, another exception occurred:

Traceback (most recent call last):
  File "/opt/conda/envs/gdf/lib/python3.10/site-packages/distributed/worker.py", line 2056, in gather_dep
    response = await get_data_from_worker(
  File "/opt/conda/envs/gdf/lib/python3.10/site-packages/distributed/worker.py", line 2874, in get_data_from_worker
    response = await send_recv(
  File "/opt/conda/envs/gdf/lib/python3.10/site-packages/distributed/core.py", line 1015, in send_recv
    response = await comm.read(deserializers=deserializers)
  File "/opt/conda/envs/gdf/lib/python3.10/site-packages/distributed/utils.py", line 806, in wrapper
    return await func(*args, **kwargs)
  File "/opt/conda/envs/gdf/lib/python3.10/site-packages/distributed/comm/ucx.py", line 369, in read
    raise CommClosedError(
distributed.comm.core.CommClosedError: Connection closed by writer.
Inner exception: UCXCanceled("<[Recv #003] ep: 0x7fa221512140, tag: 0x1d913fae69cbe37d, nbytes: 16, type: <class 'numpy.ndarray'>>: ")
2024-09-05 06:17:09,164 - distributed.worker - ERROR - Worker stream died during communication: ucx://127.0.0.1:58425
Traceback (most recent call last):
  File "/opt/conda/envs/gdf/lib/python3.10/site-packages/distributed/comm/ucx.py", line 351, in read
    await self.ep.recv(msg)
  File "/opt/conda/envs/gdf/lib/python3.10/site-packages/ucp/core.py", line 737, in recv
    ret = await comm.tag_recv(self._ep, buffer, nbytes, tag, name=log)
ucp._libs.exceptions.UCXCanceled: <[Recv #003] ep: 0x7fa221512180, tag: 0xa7bba437d8360cbf, nbytes: 16, type: <class 'numpy.ndarray'>>: 

During handling of the above exception, another exception occurred:

Traceback (most recent call last):
  File "/opt/conda/envs/gdf/lib/python3.10/site-packages/distributed/worker.py", line 2056, in gather_dep
    response = await get_data_from_worker(
  File "/opt/conda/envs/gdf/lib/python3.10/site-packages/distributed/worker.py", line 2874, in get_data_from_worker
    response = await send_recv(
  File "/opt/conda/envs/gdf/lib/python3.10/site-packages/distributed/core.py", line 1015, in send_recv
    response = await comm.read(deserializers=deserializers)
  File "/opt/conda/envs/gdf/lib/python3.10/site-packages/distributed/utils.py", line 806, in wrapper
    return await func(*args, **kwargs)
  File "/opt/conda/envs/gdf/lib/python3.10/site-packages/distributed/comm/ucx.py", line 369, in read
    raise CommClosedError(
distributed.comm.core.CommClosedError: Connection closed by writer.
Inner exception: UCXCanceled("<[Recv #003] ep: 0x7fa221512180, tag: 0xa7bba437d8360cbf, nbytes: 16, type: <class 'numpy.ndarray'>>: ")
2024-09-05 06:17:09,243 - distributed.worker - ERROR - Worker stream died during communication: ucx://127.0.0.1:42663
Traceback (most recent call last):
  File "/opt/conda/envs/gdf/lib/python3.10/site-packages/distributed/comm/ucx.py", line 351, in read
    await self.ep.recv(msg)
  File "/opt/conda/envs/gdf/lib/python3.10/site-packages/ucp/core.py", line 737, in recv
    ret = await comm.tag_recv(self._ep, buffer, nbytes, tag, name=log)
ucp._libs.exceptions.UCXCanceled: <[Recv #003] ep: 0x7f178985f200, tag: 0x5271de3d04768399, nbytes: 16, type: <class 'numpy.ndarray'>>: 

During handling of the above exception, another exception occurred:

Traceback (most recent call last):
  File "/opt/conda/envs/gdf/lib/python3.10/site-packages/distributed/worker.py", line 2056, in gather_dep
    response = await get_data_from_worker(
  File "/opt/conda/envs/gdf/lib/python3.10/site-packages/distributed/worker.py", line 2874, in get_data_from_worker
    response = await send_recv(
  File "/opt/conda/envs/gdf/lib/python3.10/site-packages/distributed/core.py", line 1015, in send_recv
    response = await comm.read(deserializers=deserializers)
  File "/opt/conda/envs/gdf/lib/python3.10/site-packages/distributed/utils.py", line 806, in wrapper
    return await func(*args, **kwargs)
  File "/opt/conda/envs/gdf/lib/python3.10/site-packages/distributed/comm/ucx.py", line 369, in read
    raise CommClosedError(
distributed.comm.core.CommClosedError: Connection closed by writer.
Inner exception: UCXCanceled("<[Recv #003] ep: 0x7f178985f200, tag: 0x5271de3d04768399, nbytes: 16, type: <class 'numpy.ndarray'>>: ")
2024-09-05 06:17:09,254 - distributed.scheduler - WARNING - Removing worker 'ucx://127.0.0.1:42663' caused the cluster to lose already computed task(s), which will be recomputed elsewhere: {('random_sample-fee6ff2d905e9b2c8f20e4ba816c9dbc', 1, 4), ('random_sample-fee6ff2d905e9b2c8f20e4ba816c9dbc', 5, 2), ('random_sample-fee6ff2d905e9b2c8f20e4ba816c9dbc', 3, 3), ('random_sample-fee6ff2d905e9b2c8f20e4ba816c9dbc', 6, 2), ('random_sample-fee6ff2d905e9b2c8f20e4ba816c9dbc', 1, 2), ('random_sample-fee6ff2d905e9b2c8f20e4ba816c9dbc', 3, 9), ('random_sample-fee6ff2d905e9b2c8f20e4ba816c9dbc', 3, 8), ('random_sample-fee6ff2d905e9b2c8f20e4ba816c9dbc', 8, 5), ('random_sample-fee6ff2d905e9b2c8f20e4ba816c9dbc', 0, 4), ('random_sample-fee6ff2d905e9b2c8f20e4ba816c9dbc', 6, 4), ('random_sample-fee6ff2d905e9b2c8f20e4ba816c9dbc', 2, 8), ('sum-9592b789f29e1ae16700d066af498326', 3, 3), ('random_sample-fee6ff2d905e9b2c8f20e4ba816c9dbc', 9, 3)} (stimulus_id='handle-worker-cleanup-1725517029.2544446')
2024-09-05 06:17:09,264 - distributed.worker - ERROR - Worker stream died during communication: ucx://127.0.0.1:42663
Traceback (most recent call last):
  File "/opt/conda/envs/gdf/lib/python3.10/site-packages/distributed/core.py", line 1425, in _connect
    comm = await connect(
  File "/opt/conda/envs/gdf/lib/python3.10/site-packages/distributed/comm/core.py", line 342, in connect
    comm = await wait_for(
  File "/opt/conda/envs/gdf/lib/python3.10/site-packages/distributed/utils.py", line 1926, in wait_for
    return await asyncio.wait_for(fut, timeout)
  File "/opt/conda/envs/gdf/lib/python3.10/asyncio/tasks.py", line 432, in wait_for
    await waiter
asyncio.exceptions.CancelledError

During handling of the above exception, another exception occurred:

Traceback (most recent call last):
  File "/opt/conda/envs/gdf/lib/python3.10/site-packages/distributed/core.py", line 1535, in connect
    return connect_attempt.result()
asyncio.exceptions.CancelledError

During handling of the above exception, another exception occurred:

Traceback (most recent call last):
  File "/opt/conda/envs/gdf/lib/python3.10/site-packages/distributed/worker.py", line 2056, in gather_dep
    response = await get_data_from_worker(
  File "/opt/conda/envs/gdf/lib/python3.10/site-packages/distributed/worker.py", line 2871, in get_data_from_worker
    comm = await rpc.connect(worker)
  File "/opt/conda/envs/gdf/lib/python3.10/site-packages/distributed/core.py", line 1537, in connect
    raise CommClosedError(reason)
distributed.comm.core.CommClosedError: Address removed.
2024-09-05 06:17:09,273 - distributed.worker - ERROR - failed during get data with ucx://127.0.0.1:42277 -> ucx://127.0.0.1:42663
Traceback (most recent call last):
  File "/opt/conda/envs/gdf/lib/python3.10/site-packages/distributed/comm/ucx.py", line 335, in write
    await self.ep.send(each_frame)
  File "/opt/conda/envs/gdf/lib/python3.10/site-packages/ucp/core.py", line 662, in send
    return await comm.tag_send(self._ep, buffer, nbytes, tag, name=log)
ucp._libs.exceptions.UCXError: <[Send #007] ep: 0x7f81f0095280, tag: 0x52dfdcec7d2d2de6, nbytes: 50000000, type: <class 'cupy.ndarray'>>: Connection reset by remote peer

During handling of the above exception, another exception occurred:

Traceback (most recent call last):
  File "/opt/conda/envs/gdf/lib/python3.10/site-packages/distributed/worker.py", line 1777, in get_data
    compressed = await comm.write(msg, serializers=serializers)
  File "/opt/conda/envs/gdf/lib/python3.10/site-packages/distributed/utils.py", line 806, in wrapper
    return await func(*args, **kwargs)
  File "/opt/conda/envs/gdf/lib/python3.10/site-packages/distributed/comm/ucx.py", line 339, in write
    raise CommClosedError("While writing, the connection was closed")
distributed.comm.core.CommClosedError: While writing, the connection was closed
2024-09-05 06:17:09,275 - distributed.worker - ERROR - Worker stream died during communication: ucx://127.0.0.1:42663
Traceback (most recent call last):
  File "/opt/conda/envs/gdf/lib/python3.10/site-packages/distributed/comm/ucx.py", line 393, in read
    await self.ep.recv(each_frame)
  File "/opt/conda/envs/gdf/lib/python3.10/site-packages/ucp/core.py", line 737, in recv
    ret = await comm.tag_recv(self._ep, buffer, nbytes, tag, name=log)
ucp._libs.exceptions.UCXError: <[Recv #007] ep: 0x7f81f0095140, tag: 0xfad221011ea024ec, nbytes: 50000000, type: <class 'rmm._lib.device_buffer.DeviceBuffer'>>: Connection reset by remote peer

During handling of the above exception, another exception occurred:

Traceback (most recent call last):
  File "/opt/conda/envs/gdf/lib/python3.10/site-packages/distributed/worker.py", line 2056, in gather_dep
    response = await get_data_from_worker(
  File "/opt/conda/envs/gdf/lib/python3.10/site-packages/distributed/worker.py", line 2874, in get_data_from_worker
    response = await send_recv(
  File "/opt/conda/envs/gdf/lib/python3.10/site-packages/distributed/core.py", line 1015, in send_recv
    response = await comm.read(deserializers=deserializers)
  File "/opt/conda/envs/gdf/lib/python3.10/site-packages/distributed/utils.py", line 806, in wrapper
    return await func(*args, **kwargs)
  File "/opt/conda/envs/gdf/lib/python3.10/site-packages/distributed/comm/ucx.py", line 399, in read
    raise CommClosedError(
distributed.comm.core.CommClosedError: Connection closed by writer.
Inner exception: UCXError("<[Recv #007] ep: 0x7f81f0095140, tag: 0xfad221011ea024ec, nbytes: 50000000, type: <class 'rmm._lib.device_buffer.DeviceBuffer'>>: Connection reset by remote peer")
2024-09-05 06:17:09,276 - distributed.worker - ERROR - failed during get data with ucx://127.0.0.1:42277 -> ucx://127.0.0.1:40899
Traceback (most recent call last):
  File "/opt/conda/envs/gdf/lib/python3.10/site-packages/distributed/comm/ucx.py", line 335, in write
    await self.ep.send(each_frame)
  File "/opt/conda/envs/gdf/lib/python3.10/site-packages/ucp/core.py", line 662, in send
    return await comm.tag_send(self._ep, buffer, nbytes, tag, name=log)
ucp._libs.exceptions.UCXError: <[Send #007] ep: 0x7f81f00950c0, tag: 0x950f7e3fdec7a343, nbytes: 50000000, type: <class 'cupy.ndarray'>>: Connection reset by remote peer

During handling of the above exception, another exception occurred:

Traceback (most recent call last):
  File "/opt/conda/envs/gdf/lib/python3.10/site-packages/distributed/worker.py", line 1777, in get_data
    compressed = await comm.write(msg, serializers=serializers)
  File "/opt/conda/envs/gdf/lib/python3.10/site-packages/distributed/utils.py", line 806, in wrapper
    return await func(*args, **kwargs)
  File "/opt/conda/envs/gdf/lib/python3.10/site-packages/distributed/comm/ucx.py", line 339, in write
    raise CommClosedError("While writing, the connection was closed")
distributed.comm.core.CommClosedError: While writing, the connection was closed
2024-09-05 06:17:09,277 - distributed.nanny - WARNING - Restarting worker
2024-09-05 06:17:09,279 - distributed.worker - ERROR - failed during get data with ucx://127.0.0.1:53335 -> ucx://127.0.0.1:58425
Traceback (most recent call last):
  File "/opt/conda/envs/gdf/lib/python3.10/site-packages/distributed/comm/ucx.py", line 335, in write
    await self.ep.send(each_frame)
  File "/opt/conda/envs/gdf/lib/python3.10/site-packages/ucp/core.py", line 662, in send
    return await comm.tag_send(self._ep, buffer, nbytes, tag, name=log)
ucp._libs.exceptions.UCXError: <[Send #007] ep: 0x7ff80c2da240, tag: 0x7088169a87175531, nbytes: 50000000, type: <class 'cupy.ndarray'>>: Connection reset by remote peer

During handling of the above exception, another exception occurred:

Traceback (most recent call last):
  File "/opt/conda/envs/gdf/lib/python3.10/site-packages/distributed/worker.py", line 1777, in get_data
    compressed = await comm.write(msg, serializers=serializers)
  File "/opt/conda/envs/gdf/lib/python3.10/site-packages/distributed/utils.py", line 806, in wrapper
    return await func(*args, **kwargs)
  File "/opt/conda/envs/gdf/lib/python3.10/site-packages/distributed/comm/ucx.py", line 339, in write
    raise CommClosedError("While writing, the connection was closed")
distributed.comm.core.CommClosedError: While writing, the connection was closed
2024-09-05 06:17:09,280 - distributed.worker - ERROR - failed during get data with ucx://127.0.0.1:53335 -> ucx://127.0.0.1:40899
Traceback (most recent call last):
  File "/opt/conda/envs/gdf/lib/python3.10/site-packages/distributed/comm/ucx.py", line 335, in write
    await self.ep.send(each_frame)
  File "/opt/conda/envs/gdf/lib/python3.10/site-packages/ucp/core.py", line 662, in send
    return await comm.tag_send(self._ep, buffer, nbytes, tag, name=log)
ucp._libs.exceptions.UCXError: <[Send #007] ep: 0x7ff80c2da200, tag: 0xf1debe989da29ddf, nbytes: 50000000, type: <class 'cupy.ndarray'>>: Connection reset by remote peer

During handling of the above exception, another exception occurred:

Traceback (most recent call last):
  File "/opt/conda/envs/gdf/lib/python3.10/site-packages/distributed/worker.py", line 1777, in get_data
    compressed = await comm.write(msg, serializers=serializers)
  File "/opt/conda/envs/gdf/lib/python3.10/site-packages/distributed/utils.py", line 806, in wrapper
    return await func(*args, **kwargs)
  File "/opt/conda/envs/gdf/lib/python3.10/site-packages/distributed/comm/ucx.py", line 339, in write
    raise CommClosedError("While writing, the connection was closed")
distributed.comm.core.CommClosedError: While writing, the connection was closed
Task exception was never retrieved
future: <Task finished name='Task-265' coro=<_listener_handler_coroutine() done, defined at /opt/conda/envs/gdf/lib/python3.10/site-packages/ucp/core.py:140> exception=UCXError('<stream_recv>: Connection reset by remote peer')>
Traceback (most recent call last):
  File "/opt/conda/envs/gdf/lib/python3.10/site-packages/ucp/core.py", line 155, in _listener_handler_coroutine
    peer_info = await exchange_peer_info(
  File "/opt/conda/envs/gdf/lib/python3.10/site-packages/ucp/core.py", line 55, in exchange_peer_info
    await asyncio.wait_for(
  File "/opt/conda/envs/gdf/lib/python3.10/asyncio/tasks.py", line 445, in wait_for
    return fut.result()
ucp._libs.exceptions.UCXError: <stream_recv>: Connection reset by remote peer
2024-09-05 06:17:09,281 - distributed.nanny - WARNING - Restarting worker
[dgx13:97699:0:97699] Caught signal 11 (Segmentation fault: address not mapped to object at address 0x450)
==== backtrace (tid:  97699) ====
 0  /opt/conda/envs/gdf/lib/libucs.so.0(ucs_handle_error+0x2fd) [0x7f81f0ba3cfd]
 1  /opt/conda/envs/gdf/lib/libucs.so.0(+0x2def4) [0x7f81f0ba3ef4]
 2  /opt/conda/envs/gdf/lib/libucs.so.0(+0x2e0ba) [0x7f81f0ba40ba]
 3  /usr/lib/x86_64-linux-gnu/libpthread.so.0(+0x14420) [0x7f822d5fb420]
 4  /opt/conda/envs/gdf/lib/libucp.so.0(ucp_mem_type_unpack+0x17) [0x7f81f0c27197]
 5  /opt/conda/envs/gdf/lib/libucp.so.0(ucp_rndv_data_handler+0x65d) [0x7f81f0c5164d]
 6  /opt/conda/envs/gdf/lib/libuct.so.0(+0x21bdf) [0x7f81f0b59bdf]
 7  /opt/conda/envs/gdf/lib/libuct.so.0(+0x24db8) [0x7f81f0b5cdb8]
 8  /opt/conda/envs/gdf/lib/libucs.so.0(ucs_event_set_wait+0xb9) [0x7f81f0bad619]
 9  /opt/conda/envs/gdf/lib/libuct.so.0(uct_tcp_iface_progress+0x7d) [0x7f81f0b5becd]
10  /opt/conda/envs/gdf/lib/libucp.so.0(ucp_worker_progress+0x5a) [0x7f81f0c23eea]
11  /opt/conda/envs/gdf/lib/python3.10/site-packages/ucp/_libs/ucx_api.cpython-310-x86_64-linux-gnu.so(+0x31d7a) [0x7f81f0ce4d7a]
12  /opt/conda/envs/gdf/bin/python(_PyEval_EvalFrameDefault+0x2d83) [0x55ab7aa9d2b3]
13  /opt/conda/envs/gdf/bin/python(_PyFunction_Vectorcall+0x6c) [0x55ab7aaaaa2c]
14  /opt/conda/envs/gdf/bin/python(_PyEval_EvalFrameDefault+0x72c) [0x55ab7aa9ac5c]
15  /opt/conda/envs/gdf/bin/python(+0x150804) [0x55ab7aab6804]
16  /opt/conda/envs/gdf/bin/python(+0x25f60c) [0x55ab7abc560c]
17  /opt/conda/envs/gdf/bin/python(+0xfdd90) [0x55ab7aa63d90]
18  /opt/conda/envs/gdf/bin/python(+0x13c2a3) [0x55ab7aaa22a3]
19  /opt/conda/envs/gdf/bin/python(_PyEval_EvalFrameDefault+0x5cd5) [0x55ab7aaa0205]
20  /opt/conda/envs/gdf/bin/python(_PyFunction_Vectorcall+0x6c) [0x55ab7aaaaa2c]
21  /opt/conda/envs/gdf/bin/python(_PyEval_EvalFrameDefault+0x72c) [0x55ab7aa9ac5c]
22  /opt/conda/envs/gdf/bin/python(_PyFunction_Vectorcall+0x6c) [0x55ab7aaaaa2c]
23  /opt/conda/envs/gdf/bin/python(_PyEval_EvalFrameDefault+0x72c) [0x55ab7aa9ac5c]
24  /opt/conda/envs/gdf/bin/python(_PyFunction_Vectorcall+0x6c) [0x55ab7aaaaa2c]
25  /opt/conda/envs/gdf/bin/python(_PyEval_EvalFrameDefault+0x72c) [0x55ab7aa9ac5c]
26  /opt/conda/envs/gdf/bin/python(_PyFunction_Vectorcall+0x6c) [0x55ab7aaaaa2c]
27  /opt/conda/envs/gdf/bin/python(_PyEval_EvalFrameDefault+0x72c) [0x55ab7aa9ac5c]
28  /opt/conda/envs/gdf/bin/python(_PyFunction_Vectorcall+0x6c) [0x55ab7aaaaa2c]
29  /opt/conda/envs/gdf/bin/python(_PyEval_EvalFrameDefault+0x13ca) [0x55ab7aa9b8fa]
30  /opt/conda/envs/gdf/bin/python(+0x150582) [0x55ab7aab6582]
31  /opt/conda/envs/gdf/bin/python(PyObject_Call+0xbc) [0x55ab7aab6f1c]
32  /opt/conda/envs/gdf/bin/python(+0x20a9ae) [0x55ab7ab709ae]
33  /opt/conda/envs/gdf/bin/python(_PyObject_MakeTpCall+0x26b) [0x55ab7aaa3a6b]
34  /opt/conda/envs/gdf/bin/python(_PyEval_EvalFrameDefault+0x2d83) [0x55ab7aa9d2b3]
35  /opt/conda/envs/gdf/bin/python(+0x1506d8) [0x55ab7aab66d8]
36  /opt/conda/envs/gdf/bin/python(_PyEval_EvalFrameDefault+0x2d83) [0x55ab7aa9d2b3]
37  /opt/conda/envs/gdf/bin/python(_PyFunction_Vectorcall+0x6c) [0x55ab7aaaaa2c]
38  /opt/conda/envs/gdf/bin/python(_PyEval_EvalFrameDefault+0x72c) [0x55ab7aa9ac5c]
39  /opt/conda/envs/gdf/bin/python(_PyFunction_Vectorcall+0x6c) [0x55ab7aaaaa2c]
40  /opt/conda/envs/gdf/bin/python(_PyEval_EvalFrameDefault+0x72c) [0x55ab7aa9ac5c]
41  /opt/conda/envs/gdf/bin/python(_PyFunction_Vectorcall+0x6c) [0x55ab7aaaaa2c]
42  /opt/conda/envs/gdf/bin/python(_PyEval_EvalFrameDefault+0x320) [0x55ab7aa9a850]
43  /opt/conda/envs/gdf/bin/python(_PyFunction_Vectorcall+0x6c) [0x55ab7aaaaa2c]
44  /opt/conda/envs/gdf/bin/python(_PyEval_EvalFrameDefault+0x13ca) [0x55ab7aa9b8fa]
45  /opt/conda/envs/gdf/bin/python(+0x1d7c60) [0x55ab7ab3dc60]
46  /opt/conda/envs/gdf/bin/python(PyEval_EvalCode+0x87) [0x55ab7ab3dba7]
47  /opt/conda/envs/gdf/bin/python(+0x20812a) [0x55ab7ab6e12a]
48  /opt/conda/envs/gdf/bin/python(+0x203523) [0x55ab7ab69523]
49  /opt/conda/envs/gdf/bin/python(PyRun_StringFlags+0x7d) [0x55ab7ab6191d]
50  /opt/conda/envs/gdf/bin/python(PyRun_SimpleStringFlags+0x3c) [0x55ab7ab6175c]
51  /opt/conda/envs/gdf/bin/python(Py_RunMain+0x26b) [0x55ab7ab6066b]
52  /opt/conda/envs/gdf/bin/python(Py_BytesMain+0x37) [0x55ab7ab311f7]
53  /usr/lib/x86_64-linux-gnu/libc.so.6(__libc_start_main+0xf3) [0x7f822d2bf083]
54  /opt/conda/envs/gdf/bin/python(+0x1cb0f1) [0x55ab7ab310f1]
=================================
2024-09-05 06:17:09,475 - distributed.nanny - WARNING - Restarting worker
2024-09-05 06:17:09,534 - distributed.worker - ERROR - failed during get data with ucx://127.0.0.1:59809 -> ucx://127.0.0.1:42277
Traceback (most recent call last):
  File "/opt/conda/envs/gdf/lib/python3.10/site-packages/distributed/comm/ucx.py", line 335, in write
    await self.ep.send(each_frame)
  File "/opt/conda/envs/gdf/lib/python3.10/site-packages/ucp/core.py", line 662, in send
    return await comm.tag_send(self._ep, buffer, nbytes, tag, name=log)
ucp._libs.exceptions.UCXError: <[Send #007] ep: 0x7f36dcca0240, tag: 0x324bb3628fae77d5, nbytes: 50000000, type: <class 'cupy.ndarray'>>: Connection reset by remote peer

During handling of the above exception, another exception occurred:

Traceback (most recent call last):
  File "/opt/conda/envs/gdf/lib/python3.10/site-packages/distributed/worker.py", line 1777, in get_data
    compressed = await comm.write(msg, serializers=serializers)
  File "/opt/conda/envs/gdf/lib/python3.10/site-packages/distributed/utils.py", line 806, in wrapper
    return await func(*args, **kwargs)
  File "/opt/conda/envs/gdf/lib/python3.10/site-packages/distributed/comm/ucx.py", line 339, in write
    raise CommClosedError("While writing, the connection was closed")
distributed.comm.core.CommClosedError: While writing, the connection was closed
2024-09-05 06:17:09,535 - distributed.scheduler - WARNING - Removing worker 'ucx://127.0.0.1:42277' caused the cluster to lose already computed task(s), which will be recomputed elsewhere: {('sum-9592b789f29e1ae16700d066af498326', 5, 6), ('sum-9592b789f29e1ae16700d066af498326', 6, 5), ('random_sample-fee6ff2d905e9b2c8f20e4ba816c9dbc', 3, 1), ('random_sample-fee6ff2d905e9b2c8f20e4ba816c9dbc', 1, 7), ('sum-9592b789f29e1ae16700d066af498326', 7, 0), ('random_sample-fee6ff2d905e9b2c8f20e4ba816c9dbc', 8, 0), ('random_sample-fee6ff2d905e9b2c8f20e4ba816c9dbc', 8, 3), ('random_sample-fee6ff2d905e9b2c8f20e4ba816c9dbc', 7, 1), ('random_sample-fee6ff2d905e9b2c8f20e4ba816c9dbc', 7, 7), ('sum-9592b789f29e1ae16700d066af498326', 3, 8), ('random_sample-fee6ff2d905e9b2c8f20e4ba816c9dbc', 4, 5), ('sum-partial-ed87e3083d3b25b1866b034c40df98fa', 3, 3), ('random_sample-fee6ff2d905e9b2c8f20e4ba816c9dbc', 6, 5), ('random_sample-fee6ff2d905e9b2c8f20e4ba816c9dbc', 8, 2), ('sum-9592b789f29e1ae16700d066af498326', 1, 7), ('random_sample-fee6ff2d905e9b2c8f20e4ba816c9dbc', 2, 1), ('random_sample-fee6ff2d905e9b2c8f20e4ba816c9dbc', 8, 5), ('random_sample-fee6ff2d905e9b2c8f20e4ba816c9dbc', 5, 6), ('random_sample-fee6ff2d905e9b2c8f20e4ba816c9dbc', 3, 8), ('random_sample-fee6ff2d905e9b2c8f20e4ba816c9dbc', 4, 1), ('sum-9592b789f29e1ae16700d066af498326', 8, 3), ('sum-9592b789f29e1ae16700d066af498326', 7, 1), ('random_sample-fee6ff2d905e9b2c8f20e4ba816c9dbc', 6, 4), ('random_sample-fee6ff2d905e9b2c8f20e4ba816c9dbc', 9, 9), ('sum-9592b789f29e1ae16700d066af498326', 1, 9)} (stimulus_id='handle-worker-cleanup-1725517029.5347044')
2024-09-05 06:17:09,535 - distributed.worker - ERROR - Worker stream died during communication: ucx://127.0.0.1:42277
Traceback (most recent call last):
  File "/opt/conda/envs/gdf/lib/python3.10/site-packages/distributed/comm/ucx.py", line 393, in read
    await self.ep.recv(each_frame)
  File "/opt/conda/envs/gdf/lib/python3.10/site-packages/ucp/core.py", line 737, in recv
    ret = await comm.tag_recv(self._ep, buffer, nbytes, tag, name=log)
ucp._libs.exceptions.UCXError: <[Recv #007] ep: 0x7f36dcca0180, tag: 0xf84d159ce5d081eb, nbytes: 50000000, type: <class 'rmm._lib.device_buffer.DeviceBuffer'>>: Connection reset by remote peer

During handling of the above exception, another exception occurred:

Traceback (most recent call last):
  File "/opt/conda/envs/gdf/lib/python3.10/site-packages/distributed/worker.py", line 2056, in gather_dep
    response = await get_data_from_worker(
  File "/opt/conda/envs/gdf/lib/python3.10/site-packages/distributed/worker.py", line 2874, in get_data_from_worker
    response = await send_recv(
  File "/opt/conda/envs/gdf/lib/python3.10/site-packages/distributed/core.py", line 1015, in send_recv
    response = await comm.read(deserializers=deserializers)
  File "/opt/conda/envs/gdf/lib/python3.10/site-packages/distributed/utils.py", line 806, in wrapper
    return await func(*args, **kwargs)
  File "/opt/conda/envs/gdf/lib/python3.10/site-packages/distributed/comm/ucx.py", line 399, in read
    raise CommClosedError(
distributed.comm.core.CommClosedError: Connection closed by writer.
Inner exception: UCXError("<[Recv #007] ep: 0x7f36dcca0180, tag: 0xf84d159ce5d081eb, nbytes: 50000000, type: <class 'rmm._lib.device_buffer.DeviceBuffer'>>: Connection reset by remote peer")
2024-09-05 06:17:09,537 - distributed.worker - ERROR - Worker stream died during communication: ucx://127.0.0.1:42277
Traceback (most recent call last):
  File "/opt/conda/envs/gdf/lib/python3.10/site-packages/distributed/comm/ucx.py", line 351, in read
    await self.ep.recv(msg)
  File "/opt/conda/envs/gdf/lib/python3.10/site-packages/ucp/core.py", line 737, in recv
    ret = await comm.tag_recv(self._ep, buffer, nbytes, tag, name=log)
ucp._libs.exceptions.UCXCanceled: <[Recv #013] ep: 0x7f178985f240, tag: 0xe671d855b2f58f1d, nbytes: 16, type: <class 'numpy.ndarray'>>: 

During handling of the above exception, another exception occurred:

Traceback (most recent call last):
  File "/opt/conda/envs/gdf/lib/python3.10/site-packages/distributed/worker.py", line 2056, in gather_dep
    response = await get_data_from_worker(
  File "/opt/conda/envs/gdf/lib/python3.10/site-packages/distributed/worker.py", line 2874, in get_data_from_worker
    response = await send_recv(
  File "/opt/conda/envs/gdf/lib/python3.10/site-packages/distributed/core.py", line 1015, in send_recv
    response = await comm.read(deserializers=deserializers)
  File "/opt/conda/envs/gdf/lib/python3.10/site-packages/distributed/utils.py", line 806, in wrapper
    return await func(*args, **kwargs)
  File "/opt/conda/envs/gdf/lib/python3.10/site-packages/distributed/comm/ucx.py", line 369, in read
    raise CommClosedError(
distributed.comm.core.CommClosedError: Connection closed by writer.
Inner exception: UCXCanceled("<[Recv #013] ep: 0x7f178985f240, tag: 0xe671d855b2f58f1d, nbytes: 16, type: <class 'numpy.ndarray'>>: ")
Task exception was never retrieved
future: <Task finished name='Task-474' coro=<_listener_handler_coroutine() done, defined at /opt/conda/envs/gdf/lib/python3.10/site-packages/ucp/core.py:140> exception=UCXError('<stream_send>: Connection reset by remote peer')>
Traceback (most recent call last):
  File "/opt/conda/envs/gdf/lib/python3.10/site-packages/ucp/core.py", line 155, in _listener_handler_coroutine
    peer_info = await exchange_peer_info(
  File "/opt/conda/envs/gdf/lib/python3.10/site-packages/ucp/core.py", line 51, in exchange_peer_info
    await asyncio.wait_for(
  File "/opt/conda/envs/gdf/lib/python3.10/asyncio/tasks.py", line 445, in wait_for
    return fut.result()
ucp._libs.exceptions.UCXError: <stream_send>: Connection reset by remote peer
2024-09-05 06:17:09,749 - distributed.nanny - WARNING - Restarting worker
[dgx13:97890:0:97890] Caught signal 11 (Segmentation fault: address not mapped to object at address 0x450)
==== backtrace (tid:  97890) ====
 0  /opt/conda/envs/gdf/lib/libucs.so.0(ucs_handle_error+0x2fd) [0x7f4d23618cfd]
 1  /opt/conda/envs/gdf/lib/libucs.so.0(+0x2def4) [0x7f4d23618ef4]
 2  /opt/conda/envs/gdf/lib/libucs.so.0(+0x2e0ba) [0x7f4d236190ba]
 3  /usr/lib/x86_64-linux-gnu/libpthread.so.0(+0x14420) [0x7f4d63e6e420]
 4  /opt/conda/envs/gdf/lib/libucp.so.0(ucp_mem_type_unpack+0x17) [0x7f4d2369c197]
 5  /opt/conda/envs/gdf/lib/libucp.so.0(ucp_rndv_data_handler+0x65d) [0x7f4d236c664d]
 6  /opt/conda/envs/gdf/lib/libuct.so.0(+0x21bdf) [0x7f4d235cebdf]
 7  /opt/conda/envs/gdf/lib/libuct.so.0(+0x24db8) [0x7f4d235d1db8]
 8  /opt/conda/envs/gdf/lib/libucs.so.0(ucs_event_set_wait+0xb9) [0x7f4d23622619]
 9  /opt/conda/envs/gdf/lib/libuct.so.0(uct_tcp_iface_progress+0x7d) [0x7f4d235d0ecd]
10  /opt/conda/envs/gdf/lib/libucp.so.0(ucp_worker_progress+0x5a) [0x7f4d23698eea]
11  /opt/conda/envs/gdf/lib/python3.10/site-packages/ucp/_libs/ucx_api.cpython-310-x86_64-linux-gnu.so(+0x31d7a) [0x7f4d23759d7a]
12  /opt/conda/envs/gdf/bin/python(_PyEval_EvalFrameDefault+0x2d83) [0x5617c7cd92b3]
13  /opt/conda/envs/gdf/bin/python(_PyFunction_Vectorcall+0x6c) [0x5617c7ce6a2c]
14  /opt/conda/envs/gdf/bin/python(_PyEval_EvalFrameDefault+0x72c) [0x5617c7cd6c5c]
15  /opt/conda/envs/gdf/bin/python(+0x150804) [0x5617c7cf2804]
16  /opt/conda/envs/gdf/bin/python(+0x25f60c) [0x5617c7e0160c]
17  /opt/conda/envs/gdf/bin/python(+0xfdd90) [0x5617c7c9fd90]
18  /opt/conda/envs/gdf/bin/python(+0x13c2a3) [0x5617c7cde2a3]
19  /opt/conda/envs/gdf/bin/python(_PyEval_EvalFrameDefault+0x5cd5) [0x5617c7cdc205]
20  /opt/conda/envs/gdf/bin/python(_PyFunction_Vectorcall+0x6c) [0x5617c7ce6a2c]
21  /opt/conda/envs/gdf/bin/python(_PyEval_EvalFrameDefault+0x72c) [0x5617c7cd6c5c]
22  /opt/conda/envs/gdf/bin/python(_PyFunction_Vectorcall+0x6c) [0x5617c7ce6a2c]
23  /opt/conda/envs/gdf/bin/python(_PyEval_EvalFrameDefault+0x72c) [0x5617c7cd6c5c]
24  /opt/conda/envs/gdf/bin/python(_PyFunction_Vectorcall+0x6c) [0x5617c7ce6a2c]
25  /opt/conda/envs/gdf/bin/python(_PyEval_EvalFrameDefault+0x72c) [0x5617c7cd6c5c]
26  /opt/conda/envs/gdf/bin/python(_PyFunction_Vectorcall+0x6c) [0x5617c7ce6a2c]
27  /opt/conda/envs/gdf/bin/python(_PyEval_EvalFrameDefault+0x72c) [0x5617c7cd6c5c]
28  /opt/conda/envs/gdf/bin/python(_PyFunction_Vectorcall+0x6c) [0x5617c7ce6a2c]
29  /opt/conda/envs/gdf/bin/python(_PyEval_EvalFrameDefault+0x13ca) [0x5617c7cd78fa]
30  /opt/conda/envs/gdf/bin/python(+0x150582) [0x5617c7cf2582]
31  /opt/conda/envs/gdf/bin/python(PyObject_Call+0xbc) [0x5617c7cf2f1c]
32  /opt/conda/envs/gdf/bin/python(+0x20a9ae) [0x5617c7dac9ae]
33  /opt/conda/envs/gdf/bin/python(_PyObject_MakeTpCall+0x26b) [0x5617c7cdfa6b]
34  /opt/conda/envs/gdf/bin/python(_PyEval_EvalFrameDefault+0x2d83) [0x5617c7cd92b3]
35  /opt/conda/envs/gdf/bin/python(+0x1506d8) [0x5617c7cf26d8]
36  /opt/conda/envs/gdf/bin/python(_PyEval_EvalFrameDefault+0x2d83) [0x5617c7cd92b3]
37  /opt/conda/envs/gdf/bin/python(_PyFunction_Vectorcall+0x6c) [0x5617c7ce6a2c]
38  /opt/conda/envs/gdf/bin/python(_PyEval_EvalFrameDefault+0x72c) [0x5617c7cd6c5c]
39  /opt/conda/envs/gdf/bin/python(_PyFunction_Vectorcall+0x6c) [0x5617c7ce6a2c]
40  /opt/conda/envs/gdf/bin/python(_PyEval_EvalFrameDefault+0x72c) [0x5617c7cd6c5c]
41  /opt/conda/envs/gdf/bin/python(_PyFunction_Vectorcall+0x6c) [0x5617c7ce6a2c]
42  /opt/conda/envs/gdf/bin/python(_PyEval_EvalFrameDefault+0x320) [0x5617c7cd6850]
43  /opt/conda/envs/gdf/bin/python(_PyFunction_Vectorcall+0x6c) [0x5617c7ce6a2c]
44  /opt/conda/envs/gdf/bin/python(_PyEval_EvalFrameDefault+0x13ca) [0x5617c7cd78fa]
45  /opt/conda/envs/gdf/bin/python(+0x1d7c60) [0x5617c7d79c60]
46  /opt/conda/envs/gdf/bin/python(PyEval_EvalCode+0x87) [0x5617c7d79ba7]
47  /opt/conda/envs/gdf/bin/python(+0x20812a) [0x5617c7daa12a]
48  /opt/conda/envs/gdf/bin/python(+0x203523) [0x5617c7da5523]
49  /opt/conda/envs/gdf/bin/python(PyRun_StringFlags+0x7d) [0x5617c7d9d91d]
50  /opt/conda/envs/gdf/bin/python(PyRun_SimpleStringFlags+0x3c) [0x5617c7d9d75c]
51  /opt/conda/envs/gdf/bin/python(Py_RunMain+0x26b) [0x5617c7d9c66b]
52  /opt/conda/envs/gdf/bin/python(Py_BytesMain+0x37) [0x5617c7d6d1f7]
53  /usr/lib/x86_64-linux-gnu/libc.so.6(__libc_start_main+0xf3) [0x7f4d63b32083]
54  /opt/conda/envs/gdf/bin/python(+0x1cb0f1) [0x5617c7d6d0f1]
=================================
[dgx13:97896:0:97896] Caught signal 11 (Segmentation fault: address not mapped to object at address 0x450)
==== backtrace (tid:  97896) ====
 0  /opt/conda/envs/gdf/lib/libucs.so.0(ucs_handle_error+0x2fd) [0x7f646c530cfd]
 1  /opt/conda/envs/gdf/lib/libucs.so.0(+0x2def4) [0x7f646c530ef4]
 2  /opt/conda/envs/gdf/lib/libucs.so.0(+0x2e0ba) [0x7f646c5310ba]
 3  /usr/lib/x86_64-linux-gnu/libpthread.so.0(+0x14420) [0x7f649ad79420]
 4  /opt/conda/envs/gdf/lib/libucp.so.0(ucp_mem_type_unpack+0x17) [0x7f646c5b4197]
 5  /opt/conda/envs/gdf/lib/libucp.so.0(ucp_rndv_data_handler+0x65d) [0x7f646c5de64d]
 6  /opt/conda/envs/gdf/lib/libuct.so.0(+0x21bdf) [0x7f646c4e6bdf]
 7  /opt/conda/envs/gdf/lib/libuct.so.0(+0x24db8) [0x7f646c4e9db8]
 8  /opt/conda/envs/gdf/lib/libucs.so.0(ucs_event_set_wait+0xb9) [0x7f646c53a619]
 9  /opt/conda/envs/gdf/lib/libuct.so.0(uct_tcp_iface_progress+0x7d) [0x7f646c4e8ecd]
10  /opt/conda/envs/gdf/lib/libucp.so.0(ucp_worker_progress+0x5a) [0x7f646c5b0eea]
11  /opt/conda/envs/gdf/lib/python3.10/site-packages/ucp/_libs/ucx_api.cpython-310-x86_64-linux-gnu.so(+0x31d7a) [0x7f646c671d7a]
12  /opt/conda/envs/gdf/bin/python(_PyEval_EvalFrameDefault+0x2d83) [0x55b42b8992b3]
13  /opt/conda/envs/gdf/bin/python(_PyFunction_Vectorcall+0x6c) [0x55b42b8a6a2c]
14  /opt/conda/envs/gdf/bin/python(_PyEval_EvalFrameDefault+0x72c) [0x55b42b896c5c]
15  /opt/conda/envs/gdf/bin/python(+0x150804) [0x55b42b8b2804]
16  /opt/conda/envs/gdf/bin/python(+0x25f60c) [0x55b42b9c160c]
17  /opt/conda/envs/gdf/bin/python(+0xfdd90) [0x55b42b85fd90]
18  /opt/conda/envs/gdf/bin/python(+0x13c2a3) [0x55b42b89e2a3]
19  /opt/conda/envs/gdf/bin/python(_PyEval_EvalFrameDefault+0x5cd5) [0x55b42b89c205]
20  /opt/conda/envs/gdf/bin/python(_PyFunction_Vectorcall+0x6c) [0x55b42b8a6a2c]
21  /opt/conda/envs/gdf/bin/python(_PyEval_EvalFrameDefault+0x72c) [0x55b42b896c5c]
22  /opt/conda/envs/gdf/bin/python(_PyFunction_Vectorcall+0x6c) [0x55b42b8a6a2c]
23  /opt/conda/envs/gdf/bin/python(_PyEval_EvalFrameDefault+0x72c) [0x55b42b896c5c]
24  /opt/conda/envs/gdf/bin/python(_PyFunction_Vectorcall+0x6c) [0x55b42b8a6a2c]
25  /opt/conda/envs/gdf/bin/python(_PyEval_EvalFrameDefault+0x72c) [0x55b42b896c5c]
26  /opt/conda/envs/gdf/bin/python(_PyFunction_Vectorcall+0x6c) [0x55b42b8a6a2c]
27  /opt/conda/envs/gdf/bin/python(_PyEval_EvalFrameDefault+0x72c) [0x55b42b896c5c]
28  /opt/conda/envs/gdf/bin/python(_PyFunction_Vectorcall+0x6c) [0x55b42b8a6a2c]
29  /opt/conda/envs/gdf/bin/python(_PyEval_EvalFrameDefault+0x13ca) [0x55b42b8978fa]
30  /opt/conda/envs/gdf/bin/python(+0x150582) [0x55b42b8b2582]
31  /opt/conda/envs/gdf/bin/python(PyObject_Call+0xbc) [0x55b42b8b2f1c]
32  /opt/conda/envs/gdf/bin/python(+0x20a9ae) [0x55b42b96c9ae]
33  /opt/conda/envs/gdf/bin/python(_PyObject_MakeTpCall+0x26b) [0x55b42b89fa6b]
34  /opt/conda/envs/gdf/bin/python(_PyEval_EvalFrameDefault+0x2d83) [0x55b42b8992b3]
35  /opt/conda/envs/gdf/bin/python(+0x1506d8) [0x55b42b8b26d8]
36  /opt/conda/envs/gdf/bin/python(_PyEval_EvalFrameDefault+0x2d83) [0x55b42b8992b3]
37  /opt/conda/envs/gdf/bin/python(_PyFunction_Vectorcall+0x6c) [0x55b42b8a6a2c]
38  /opt/conda/envs/gdf/bin/python(_PyEval_EvalFrameDefault+0x72c) [0x55b42b896c5c]
39  /opt/conda/envs/gdf/bin/python(_PyFunction_Vectorcall+0x6c) [0x55b42b8a6a2c]
40  /opt/conda/envs/gdf/bin/python(_PyEval_EvalFrameDefault+0x72c) [0x55b42b896c5c]
41  /opt/conda/envs/gdf/bin/python(_PyFunction_Vectorcall+0x6c) [0x55b42b8a6a2c]
42  /opt/conda/envs/gdf/bin/python(_PyEval_EvalFrameDefault+0x320) [0x55b42b896850]
43  /opt/conda/envs/gdf/bin/python(_PyFunction_Vectorcall+0x6c) [0x55b42b8a6a2c]
44  /opt/conda/envs/gdf/bin/python(_PyEval_EvalFrameDefault+0x13ca) [0x55b42b8978fa]
45  /opt/conda/envs/gdf/bin/python(+0x1d7c60) [0x55b42b939c60]
46  /opt/conda/envs/gdf/bin/python(PyEval_EvalCode+0x87) [0x55b42b939ba7]
47  /opt/conda/envs/gdf/bin/python(+0x20812a) [0x55b42b96a12a]
48  /opt/conda/envs/gdf/bin/python(+0x203523) [0x55b42b965523]
49  /opt/conda/envs/gdf/bin/python(PyRun_StringFlags+0x7d) [0x55b42b95d91d]
50  /opt/conda/envs/gdf/bin/python(PyRun_SimpleStringFlags+0x3c) [0x55b42b95d75c]
51  /opt/conda/envs/gdf/bin/python(Py_RunMain+0x26b) [0x55b42b95c66b]
52  /opt/conda/envs/gdf/bin/python(Py_BytesMain+0x37) [0x55b42b92d1f7]
53  /usr/lib/x86_64-linux-gnu/libc.so.6(__libc_start_main+0xf3) [0x7f649aa3d083]
54  /opt/conda/envs/gdf/bin/python(+0x1cb0f1) [0x55b42b92d0f1]
=================================
2024-09-05 06:17:13,554 - distributed.scheduler - WARNING - Removing worker 'ucx://127.0.0.1:43983' caused the cluster to lose already computed task(s), which will be recomputed elsewhere: {('random_sample-fee6ff2d905e9b2c8f20e4ba816c9dbc', 3, 8), ('random_sample-fee6ff2d905e9b2c8f20e4ba816c9dbc', 3, 4)} (stimulus_id='handle-worker-cleanup-1725517033.5540247')
2024-09-05 06:17:13,557 - distributed.worker - ERROR - failed during get data with ucx://127.0.0.1:59809 -> ucx://127.0.0.1:43983
Traceback (most recent call last):
  File "/opt/conda/envs/gdf/lib/python3.10/site-packages/distributed/comm/ucx.py", line 335, in write
    await self.ep.send(each_frame)
  File "/opt/conda/envs/gdf/lib/python3.10/site-packages/ucp/core.py", line 662, in send
    return await comm.tag_send(self._ep, buffer, nbytes, tag, name=log)
ucp._libs.exceptions.UCXError: <[Send #007] ep: 0x7f36dcca0100, tag: 0x55e0b0f92831d86c, nbytes: 50000000, type: <class 'cupy.ndarray'>>: Connection reset by remote peer

During handling of the above exception, another exception occurred:

Traceback (most recent call last):
  File "/opt/conda/envs/gdf/lib/python3.10/site-packages/distributed/worker.py", line 1777, in get_data
    compressed = await comm.write(msg, serializers=serializers)
  File "/opt/conda/envs/gdf/lib/python3.10/site-packages/distributed/utils.py", line 806, in wrapper
    return await func(*args, **kwargs)
  File "/opt/conda/envs/gdf/lib/python3.10/site-packages/distributed/comm/ucx.py", line 339, in write
    raise CommClosedError("While writing, the connection was closed")
distributed.comm.core.CommClosedError: While writing, the connection was closed
Task exception was never retrieved
future: <Task finished name='Task-3835' coro=<_listener_handler_coroutine() done, defined at /opt/conda/envs/gdf/lib/python3.10/site-packages/ucp/core.py:140> exception=UCXError('<stream_send>: Connection reset by remote peer')>
Traceback (most recent call last):
  File "/opt/conda/envs/gdf/lib/python3.10/site-packages/ucp/core.py", line 155, in _listener_handler_coroutine
    peer_info = await exchange_peer_info(
  File "/opt/conda/envs/gdf/lib/python3.10/site-packages/ucp/core.py", line 51, in exchange_peer_info
    await asyncio.wait_for(
  File "/opt/conda/envs/gdf/lib/python3.10/asyncio/tasks.py", line 445, in wait_for
    return fut.result()
ucp._libs.exceptions.UCXError: <stream_send>: Connection reset by remote peer
2024-09-05 06:17:13,557 - distributed.worker - ERROR - Worker stream died during communication: ucx://127.0.0.1:43983
Traceback (most recent call last):
  File "/opt/conda/envs/gdf/lib/python3.10/site-packages/distributed/comm/ucx.py", line 393, in read
    await self.ep.recv(each_frame)
  File "/opt/conda/envs/gdf/lib/python3.10/site-packages/ucp/core.py", line 737, in recv
    ret = await comm.tag_recv(self._ep, buffer, nbytes, tag, name=log)
ucp._libs.exceptions.UCXError: <[Recv #007] ep: 0x7f36dcca0280, tag: 0x188cfd7f7b85bc25, nbytes: 50000000, type: <class 'rmm._lib.device_buffer.DeviceBuffer'>>: Connection reset by remote peer

During handling of the above exception, another exception occurred:

Traceback (most recent call last):
  File "/opt/conda/envs/gdf/lib/python3.10/site-packages/distributed/worker.py", line 2056, in gather_dep
    response = await get_data_from_worker(
  File "/opt/conda/envs/gdf/lib/python3.10/site-packages/distributed/worker.py", line 2874, in get_data_from_worker
    response = await send_recv(
  File "/opt/conda/envs/gdf/lib/python3.10/site-packages/distributed/core.py", line 1015, in send_recv
    response = await comm.read(deserializers=deserializers)
  File "/opt/conda/envs/gdf/lib/python3.10/site-packages/distributed/utils.py", line 806, in wrapper
    return await func(*args, **kwargs)
  File "/opt/conda/envs/gdf/lib/python3.10/site-packages/distributed/comm/ucx.py", line 399, in read
    raise CommClosedError(
distributed.comm.core.CommClosedError: Connection closed by writer.
Inner exception: UCXError("<[Recv #007] ep: 0x7f36dcca0280, tag: 0x188cfd7f7b85bc25, nbytes: 50000000, type: <class 'rmm._lib.device_buffer.DeviceBuffer'>>: Connection reset by remote peer")
[dgx13:97901:0:97901] Caught signal 11 (Segmentation fault: address not mapped to object at address 0x450)
==== backtrace (tid:  97901) ====
 0  /opt/conda/envs/gdf/lib/libucs.so.0(ucs_handle_error+0x2fd) [0x7faba31ddcfd]
 1  /opt/conda/envs/gdf/lib/libucs.so.0(+0x2def4) [0x7faba31ddef4]
 2  /opt/conda/envs/gdf/lib/libucs.so.0(+0x2e0ba) [0x7faba31de0ba]
 3  /usr/lib/x86_64-linux-gnu/libpthread.so.0(+0x14420) [0x7fabdfa3b420]
 4  /opt/conda/envs/gdf/lib/libucp.so.0(ucp_mem_type_unpack+0x17) [0x7faba3261197]
 5  /opt/conda/envs/gdf/lib/libucp.so.0(ucp_rndv_data_handler+0x65d) [0x7faba328b64d]
 6  /opt/conda/envs/gdf/lib/libuct.so.0(+0x21bdf) [0x7faba3193bdf]
 7  /opt/conda/envs/gdf/lib/libuct.so.0(+0x24db8) [0x7faba3196db8]
 8  /opt/conda/envs/gdf/lib/libucs.so.0(ucs_event_set_wait+0xb9) [0x7faba31e7619]
 9  /opt/conda/envs/gdf/lib/libuct.so.0(uct_tcp_iface_progress+0x7d) [0x7faba3195ecd]
10  /opt/conda/envs/gdf/lib/libucp.so.0(ucp_worker_progress+0x5a) [0x7faba325deea]
11  /opt/conda/envs/gdf/lib/python3.10/site-packages/ucp/_libs/ucx_api.cpython-310-x86_64-linux-gnu.so(+0x31d7a) [0x7faba331ed7a]
12  /opt/conda/envs/gdf/bin/python(_PyEval_EvalFrameDefault+0x2d83) [0x55b04e8c42b3]
13  /opt/conda/envs/gdf/bin/python(_PyFunction_Vectorcall+0x6c) [0x55b04e8d1a2c]
14  /opt/conda/envs/gdf/bin/python(_PyEval_EvalFrameDefault+0x72c) [0x55b04e8c1c5c]
15  /opt/conda/envs/gdf/bin/python(+0x150804) [0x55b04e8dd804]
16  /opt/conda/envs/gdf/bin/python(+0x25f60c) [0x55b04e9ec60c]
17  /opt/conda/envs/gdf/bin/python(+0xfdd90) [0x55b04e88ad90]
18  /opt/conda/envs/gdf/bin/python(+0x13c2a3) [0x55b04e8c92a3]
19  /opt/conda/envs/gdf/bin/python(_PyEval_EvalFrameDefault+0x5cd5) [0x55b04e8c7205]
20  /opt/conda/envs/gdf/bin/python(_PyFunction_Vectorcall+0x6c) [0x55b04e8d1a2c]
21  /opt/conda/envs/gdf/bin/python(_PyEval_EvalFrameDefault+0x72c) [0x55b04e8c1c5c]
22  /opt/conda/envs/gdf/bin/python(_PyFunction_Vectorcall+0x6c) [0x55b04e8d1a2c]
23  /opt/conda/envs/gdf/bin/python(_PyEval_EvalFrameDefault+0x72c) [0x55b04e8c1c5c]
24  /opt/conda/envs/gdf/bin/python(_PyFunction_Vectorcall+0x6c) [0x55b04e8d1a2c]
25  /opt/conda/envs/gdf/bin/python(_PyEval_EvalFrameDefault+0x72c) [0x55b04e8c1c5c]
26  /opt/conda/envs/gdf/bin/python(_PyFunction_Vectorcall+0x6c) [0x55b04e8d1a2c]
27  /opt/conda/envs/gdf/bin/python(_PyEval_EvalFrameDefault+0x72c) [0x55b04e8c1c5c]
28  /opt/conda/envs/gdf/bin/python(_PyFunction_Vectorcall+0x6c) [0x55b04e8d1a2c]
29  /opt/conda/envs/gdf/bin/python(_PyEval_EvalFrameDefault+0x13ca) [0x55b04e8c28fa]
30  /opt/conda/envs/gdf/bin/python(+0x150582) [0x55b04e8dd582]
31  /opt/conda/envs/gdf/bin/python(PyObject_Call+0xbc) [0x55b04e8ddf1c]
32  /opt/conda/envs/gdf/bin/python(+0x20a9ae) [0x55b04e9979ae]
33  /opt/conda/envs/gdf/bin/python(_PyObject_MakeTpCall+0x26b) [0x55b04e8caa6b]
34  /opt/conda/envs/gdf/bin/python(_PyEval_EvalFrameDefault+0x2d83) [0x55b04e8c42b3]
35  /opt/conda/envs/gdf/bin/python(+0x1506d8) [0x55b04e8dd6d8]
36  /opt/conda/envs/gdf/bin/python(_PyEval_EvalFrameDefault+0x2d83) [0x55b04e8c42b3]
37  /opt/conda/envs/gdf/bin/python(_PyFunction_Vectorcall+0x6c) [0x55b04e8d1a2c]
38  /opt/conda/envs/gdf/bin/python(_PyEval_EvalFrameDefault+0x72c) [0x55b04e8c1c5c]
39  /opt/conda/envs/gdf/bin/python(_PyFunction_Vectorcall+0x6c) [0x55b04e8d1a2c]
40  /opt/conda/envs/gdf/bin/python(_PyEval_EvalFrameDefault+0x72c) [0x55b04e8c1c5c]
41  /opt/conda/envs/gdf/bin/python(_PyFunction_Vectorcall+0x6c) [0x55b04e8d1a2c]
42  /opt/conda/envs/gdf/bin/python(_PyEval_EvalFrameDefault+0x320) [0x55b04e8c1850]
43  /opt/conda/envs/gdf/bin/python(_PyFunction_Vectorcall+0x6c) [0x55b04e8d1a2c]
44  /opt/conda/envs/gdf/bin/python(_PyEval_EvalFrameDefault+0x13ca) [0x55b04e8c28fa]
45  /opt/conda/envs/gdf/bin/python(+0x1d7c60) [0x55b04e964c60]
46  /opt/conda/envs/gdf/bin/python(PyEval_EvalCode+0x87) [0x55b04e964ba7]
47  /opt/conda/envs/gdf/bin/python(+0x20812a) [0x55b04e99512a]
48  /opt/conda/envs/gdf/bin/python(+0x203523) [0x55b04e990523]
49  /opt/conda/envs/gdf/bin/python(PyRun_StringFlags+0x7d) [0x55b04e98891d]
50  /opt/conda/envs/gdf/bin/python(PyRun_SimpleStringFlags+0x3c) [0x55b04e98875c]
51  /opt/conda/envs/gdf/bin/python(Py_RunMain+0x26b) [0x55b04e98766b]
52  /opt/conda/envs/gdf/bin/python(Py_BytesMain+0x37) [0x55b04e9581f7]
53  /usr/lib/x86_64-linux-gnu/libc.so.6(__libc_start_main+0xf3) [0x7fabdf6ff083]
54  /opt/conda/envs/gdf/bin/python(+0x1cb0f1) [0x55b04e9580f1]
=================================
2024-09-05 06:17:13,596 - distributed.nanny - WARNING - Restarting worker
2024-09-05 06:17:13,689 - distributed.worker - ERROR - failed during get data with ucx://127.0.0.1:34825 -> ucx://127.0.0.1:50191
Traceback (most recent call last):
  File "/opt/conda/envs/gdf/lib/python3.10/site-packages/distributed/comm/ucx.py", line 335, in write
    await self.ep.send(each_frame)
  File "/opt/conda/envs/gdf/lib/python3.10/site-packages/ucp/core.py", line 662, in send
    return await comm.tag_send(self._ep, buffer, nbytes, tag, name=log)
ucp._libs.exceptions.UCXError: <[Send #007] ep: 0x7f178985f100, tag: 0x4046b7ac926afe8d, nbytes: 50000000, type: <class 'cupy.ndarray'>>: Connection reset by remote peer

During handling of the above exception, another exception occurred:

Traceback (most recent call last):
  File "/opt/conda/envs/gdf/lib/python3.10/site-packages/distributed/worker.py", line 1777, in get_data
    compressed = await comm.write(msg, serializers=serializers)
  File "/opt/conda/envs/gdf/lib/python3.10/site-packages/distributed/utils.py", line 806, in wrapper
    return await func(*args, **kwargs)
  File "/opt/conda/envs/gdf/lib/python3.10/site-packages/distributed/comm/ucx.py", line 339, in write
    raise CommClosedError("While writing, the connection was closed")
distributed.comm.core.CommClosedError: While writing, the connection was closed
2024-09-05 06:17:13,689 - distributed.scheduler - WARNING - Removing worker 'ucx://127.0.0.1:50191' caused the cluster to lose already computed task(s), which will be recomputed elsewhere: {('random_sample-fee6ff2d905e9b2c8f20e4ba816c9dbc', 3, 1), ('random_sample-fee6ff2d905e9b2c8f20e4ba816c9dbc', 2, 9), ('random_sample-fee6ff2d905e9b2c8f20e4ba816c9dbc', 1, 5)} (stimulus_id='handle-worker-cleanup-1725517033.6892655')
2024-09-05 06:17:13,689 - distributed.worker - ERROR - failed during get data with ucx://127.0.0.1:53335 -> ucx://127.0.0.1:50191
Traceback (most recent call last):
  File "/opt/conda/envs/gdf/lib/python3.10/site-packages/distributed/comm/ucx.py", line 335, in write
    await self.ep.send(each_frame)
  File "/opt/conda/envs/gdf/lib/python3.10/site-packages/ucp/core.py", line 662, in send
    return await comm.tag_send(self._ep, buffer, nbytes, tag, name=log)
ucp._libs.exceptions.UCXError: <[Send #007] ep: 0x7ff80c2da200, tag: 0x691b4dbe6dff64c9, nbytes: 50000000, type: <class 'cupy.ndarray'>>: Connection reset by remote peer

During handling of the above exception, another exception occurred:

Traceback (most recent call last):
  File "/opt/conda/envs/gdf/lib/python3.10/site-packages/distributed/worker.py", line 1777, in get_data
    compressed = await comm.write(msg, serializers=serializers)
  File "/opt/conda/envs/gdf/lib/python3.10/site-packages/distributed/utils.py", line 806, in wrapper
    return await func(*args, **kwargs)
  File "/opt/conda/envs/gdf/lib/python3.10/site-packages/distributed/comm/ucx.py", line 339, in write
    raise CommClosedError("While writing, the connection was closed")
distributed.comm.core.CommClosedError: While writing, the connection was closed
2024-09-05 06:17:13,689 - distributed.worker - ERROR - Worker stream died during communication: ucx://127.0.0.1:50191
Traceback (most recent call last):
  File "/opt/conda/envs/gdf/lib/python3.10/site-packages/distributed/comm/ucx.py", line 351, in read
    await self.ep.recv(msg)
  File "/opt/conda/envs/gdf/lib/python3.10/site-packages/ucp/core.py", line 737, in recv
    ret = await comm.tag_recv(self._ep, buffer, nbytes, tag, name=log)
ucp._libs.exceptions.UCXCanceled: <[Recv #003] ep: 0x7f178985f240, tag: 0xe739e11b295dde43, nbytes: 16, type: <class 'numpy.ndarray'>>: 

During handling of the above exception, another exception occurred:

Traceback (most recent call last):
  File "/opt/conda/envs/gdf/lib/python3.10/site-packages/distributed/worker.py", line 2056, in gather_dep
    response = await get_data_from_worker(
  File "/opt/conda/envs/gdf/lib/python3.10/site-packages/distributed/worker.py", line 2874, in get_data_from_worker
    response = await send_recv(
  File "/opt/conda/envs/gdf/lib/python3.10/site-packages/distributed/core.py", line 1015, in send_recv
    response = await comm.read(deserializers=deserializers)
  File "/opt/conda/envs/gdf/lib/python3.10/site-packages/distributed/utils.py", line 806, in wrapper
    return await func(*args, **kwargs)
  File "/opt/conda/envs/gdf/lib/python3.10/site-packages/distributed/comm/ucx.py", line 369, in read
    raise CommClosedError(
distributed.comm.core.CommClosedError: Connection closed by writer.
Inner exception: UCXCanceled("<[Recv #003] ep: 0x7f178985f240, tag: 0xe739e11b295dde43, nbytes: 16, type: <class 'numpy.ndarray'>>: ")
2024-09-05 06:17:13,693 - distributed.worker - ERROR - Worker stream died during communication: ucx://127.0.0.1:50191
Traceback (most recent call last):
  File "/opt/conda/envs/gdf/lib/python3.10/site-packages/distributed/comm/ucx.py", line 468, in connect
    ep = await ucp.create_endpoint(ip, port)
  File "/opt/conda/envs/gdf/lib/python3.10/site-packages/ucp/core.py", line 1016, in create_endpoint
    return await _get_ctx().create_endpoint(
  File "/opt/conda/envs/gdf/lib/python3.10/site-packages/ucp/core.py", line 328, in create_endpoint
    peer_info = await exchange_peer_info(
  File "/opt/conda/envs/gdf/lib/python3.10/site-packages/ucp/core.py", line 60, in exchange_peer_info
    await asyncio.wait_for(
  File "/opt/conda/envs/gdf/lib/python3.10/asyncio/tasks.py", line 445, in wait_for
    return fut.result()
ucp._libs.exceptions.UCXError: <stream_recv>: Connection reset by remote peer

During handling of the above exception, another exception occurred:

Traceback (most recent call last):
  File "/opt/conda/envs/gdf/lib/python3.10/site-packages/distributed/comm/core.py", line 342, in connect
    comm = await wait_for(
  File "/opt/conda/envs/gdf/lib/python3.10/site-packages/distributed/utils.py", line 1926, in wait_for
    return await asyncio.wait_for(fut, timeout)
  File "/opt/conda/envs/gdf/lib/python3.10/asyncio/tasks.py", line 445, in wait_for
    return fut.result()
  File "/opt/conda/envs/gdf/lib/python3.10/site-packages/distributed/comm/ucx.py", line 470, in connect
    raise CommClosedError("Connection closed before handshake completed")
distributed.comm.core.CommClosedError: Connection closed before handshake completed

During handling of the above exception, another exception occurred:

Traceback (most recent call last):
  File "/opt/conda/envs/gdf/lib/python3.10/site-packages/distributed/core.py", line 1425, in _connect
    comm = await connect(
  File "/opt/conda/envs/gdf/lib/python3.10/site-packages/distributed/comm/core.py", line 366, in connect
    await asyncio.sleep(backoff)
  File "/opt/conda/envs/gdf/lib/python3.10/asyncio/tasks.py", line 605, in sleep
    return await future
asyncio.exceptions.CancelledError

During handling of the above exception, another exception occurred:

Traceback (most recent call last):
  File "/opt/conda/envs/gdf/lib/python3.10/site-packages/distributed/core.py", line 1535, in connect
    return connect_attempt.result()
asyncio.exceptions.CancelledError

During handling of the above exception, another exception occurred:

Traceback (most recent call last):
  File "/opt/conda/envs/gdf/lib/python3.10/site-packages/distributed/worker.py", line 2056, in gather_dep
    response = await get_data_from_worker(
  File "/opt/conda/envs/gdf/lib/python3.10/site-packages/distributed/worker.py", line 2871, in get_data_from_worker
    comm = await rpc.connect(worker)
  File "/opt/conda/envs/gdf/lib/python3.10/site-packages/distributed/core.py", line 1537, in connect
    raise CommClosedError(reason)
distributed.comm.core.CommClosedError: Address removed.
2024-09-05 06:17:13,728 - distributed.nanny - WARNING - Restarting worker
2024-09-05 06:17:13,766 - distributed.worker - ERROR - failed during get data with ucx://127.0.0.1:59809 -> ucx://127.0.0.1:60377
Traceback (most recent call last):
  File "/opt/conda/envs/gdf/lib/python3.10/site-packages/distributed/comm/ucx.py", line 335, in write
    await self.ep.send(each_frame)
  File "/opt/conda/envs/gdf/lib/python3.10/site-packages/ucp/core.py", line 662, in send
    return await comm.tag_send(self._ep, buffer, nbytes, tag, name=log)
ucp._libs.exceptions.UCXError: <[Send #007] ep: 0x7f36dcca0380, tag: 0xb4bb1dd40dbc47a2, nbytes: 50000000, type: <class 'cupy.ndarray'>>: Connection reset by remote peer

During handling of the above exception, another exception occurred:

Traceback (most recent call last):
  File "/opt/conda/envs/gdf/lib/python3.10/site-packages/distributed/worker.py", line 1777, in get_data
    compressed = await comm.write(msg, serializers=serializers)
  File "/opt/conda/envs/gdf/lib/python3.10/site-packages/distributed/utils.py", line 806, in wrapper
    return await func(*args, **kwargs)
  File "/opt/conda/envs/gdf/lib/python3.10/site-packages/distributed/comm/ucx.py", line 339, in write
    raise CommClosedError("While writing, the connection was closed")
distributed.comm.core.CommClosedError: While writing, the connection was closed
2024-09-05 06:17:13,766 - distributed.scheduler - WARNING - Removing worker 'ucx://127.0.0.1:60377' caused the cluster to lose already computed task(s), which will be recomputed elsewhere: {('random_sample-fee6ff2d905e9b2c8f20e4ba816c9dbc', 2, 5), ('random_sample-fee6ff2d905e9b2c8f20e4ba816c9dbc', 2, 8)} (stimulus_id='handle-worker-cleanup-1725517033.7662842')
2024-09-05 06:17:13,818 - distributed.nanny - WARNING - Restarting worker
[dgx13:97886:0:97886] Caught signal 11 (Segmentation fault: address not mapped to object at address 0x450)
==== backtrace (tid:  97886) ====
 0  /opt/conda/envs/gdf/lib/libucs.so.0(ucs_handle_error+0x2fd) [0x7faedf3e7cfd]
 1  /opt/conda/envs/gdf/lib/libucs.so.0(+0x2def4) [0x7faedf3e7ef4]
 2  /opt/conda/envs/gdf/lib/libucs.so.0(+0x2e0ba) [0x7faedf3e80ba]
 3  /usr/lib/x86_64-linux-gnu/libpthread.so.0(+0x14420) [0x7faf2bc39420]
 4  /opt/conda/envs/gdf/lib/libucp.so.0(ucp_mem_type_unpack+0x17) [0x7faedf46b197]
 5  /opt/conda/envs/gdf/lib/libucp.so.0(ucp_rndv_data_handler+0x65d) [0x7faedf49564d]
 6  /opt/conda/envs/gdf/lib/libuct.so.0(+0x21bdf) [0x7faedf39dbdf]
 7  /opt/conda/envs/gdf/lib/libuct.so.0(+0x24db8) [0x7faedf3a0db8]
 8  /opt/conda/envs/gdf/lib/libucs.so.0(ucs_event_set_wait+0xb9) [0x7faedf3f1619]
 9  /opt/conda/envs/gdf/lib/libuct.so.0(uct_tcp_iface_progress+0x7d) [0x7faedf39fecd]
10  /opt/conda/envs/gdf/lib/libucp.so.0(ucp_worker_progress+0x5a) [0x7faedf467eea]
11  /opt/conda/envs/gdf/lib/python3.10/site-packages/ucp/_libs/ucx_api.cpython-310-x86_64-linux-gnu.so(+0x31d7a) [0x7faedf528d7a]
12  /opt/conda/envs/gdf/bin/python(_PyEval_EvalFrameDefault+0x2d83) [0x55ba642e32b3]
13  /opt/conda/envs/gdf/bin/python(_PyFunction_Vectorcall+0x6c) [0x55ba642f0a2c]
14  /opt/conda/envs/gdf/bin/python(_PyEval_EvalFrameDefault+0x72c) [0x55ba642e0c5c]
15  /opt/conda/envs/gdf/bin/python(+0x150804) [0x55ba642fc804]
16  /opt/conda/envs/gdf/bin/python(+0x25f60c) [0x55ba6440b60c]
17  /opt/conda/envs/gdf/bin/python(+0xfdd90) [0x55ba642a9d90]
18  /opt/conda/envs/gdf/bin/python(+0x13c2a3) [0x55ba642e82a3]
19  /opt/conda/envs/gdf/bin/python(_PyEval_EvalFrameDefault+0x5cd5) [0x55ba642e6205]
20  /opt/conda/envs/gdf/bin/python(_PyFunction_Vectorcall+0x6c) [0x55ba642f0a2c]
21  /opt/conda/envs/gdf/bin/python(_PyEval_EvalFrameDefault+0x72c) [0x55ba642e0c5c]
22  /opt/conda/envs/gdf/bin/python(_PyFunction_Vectorcall+0x6c) [0x55ba642f0a2c]
23  /opt/conda/envs/gdf/bin/python(_PyEval_EvalFrameDefault+0x72c) [0x55ba642e0c5c]
24  /opt/conda/envs/gdf/bin/python(_PyFunction_Vectorcall+0x6c) [0x55ba642f0a2c]
25  /opt/conda/envs/gdf/bin/python(_PyEval_EvalFrameDefault+0x72c) [0x55ba642e0c5c]
26  /opt/conda/envs/gdf/bin/python(_PyFunction_Vectorcall+0x6c) [0x55ba642f0a2c]
27  /opt/conda/envs/gdf/bin/python(_PyEval_EvalFrameDefault+0x72c) [0x55ba642e0c5c]
28  /opt/conda/envs/gdf/bin/python(_PyFunction_Vectorcall+0x6c) [0x55ba642f0a2c]
29  /opt/conda/envs/gdf/bin/python(_PyEval_EvalFrameDefault+0x13ca) [0x55ba642e18fa]
30  /opt/conda/envs/gdf/bin/python(+0x150582) [0x55ba642fc582]
31  /opt/conda/envs/gdf/bin/python(PyObject_Call+0xbc) [0x55ba642fcf1c]
32  /opt/conda/envs/gdf/bin/python(+0x20a9ae) [0x55ba643b69ae]
33  /opt/conda/envs/gdf/bin/python(_PyObject_MakeTpCall+0x26b) [0x55ba642e9a6b]
34  /opt/conda/envs/gdf/bin/python(_PyEval_EvalFrameDefault+0x2d83) [0x55ba642e32b3]
35  /opt/conda/envs/gdf/bin/python(+0x1506d8) [0x55ba642fc6d8]
36  /opt/conda/envs/gdf/bin/python(_PyEval_EvalFrameDefault+0x2d83) [0x55ba642e32b3]
37  /opt/conda/envs/gdf/bin/python(_PyFunction_Vectorcall+0x6c) [0x55ba642f0a2c]
38  /opt/conda/envs/gdf/bin/python(_PyEval_EvalFrameDefault+0x72c) [0x55ba642e0c5c]
39  /opt/conda/envs/gdf/bin/python(_PyFunction_Vectorcall+0x6c) [0x55ba642f0a2c]
40  /opt/conda/envs/gdf/bin/python(_PyEval_EvalFrameDefault+0x72c) [0x55ba642e0c5c]
41  /opt/conda/envs/gdf/bin/python(_PyFunction_Vectorcall+0x6c) [0x55ba642f0a2c]
42  /opt/conda/envs/gdf/bin/python(_PyEval_EvalFrameDefault+0x320) [0x55ba642e0850]
43  /opt/conda/envs/gdf/bin/python(_PyFunction_Vectorcall+0x6c) [0x55ba642f0a2c]
44  /opt/conda/envs/gdf/bin/python(_PyEval_EvalFrameDefault+0x13ca) [0x55ba642e18fa]
45  /opt/conda/envs/gdf/bin/python(+0x1d7c60) [0x55ba64383c60]
46  /opt/conda/envs/gdf/bin/python(PyEval_EvalCode+0x87) [0x55ba64383ba7]
47  /opt/conda/envs/gdf/bin/python(+0x20812a) [0x55ba643b412a]
48  /opt/conda/envs/gdf/bin/python(+0x203523) [0x55ba643af523]
49  /opt/conda/envs/gdf/bin/python(PyRun_StringFlags+0x7d) [0x55ba643a791d]
50  /opt/conda/envs/gdf/bin/python(PyRun_SimpleStringFlags+0x3c) [0x55ba643a775c]
51  /opt/conda/envs/gdf/bin/python(Py_RunMain+0x26b) [0x55ba643a666b]
52  /opt/conda/envs/gdf/bin/python(Py_BytesMain+0x37) [0x55ba643771f7]
53  /usr/lib/x86_64-linux-gnu/libc.so.6(__libc_start_main+0xf3) [0x7faf2b8fd083]
54  /opt/conda/envs/gdf/bin/python(+0x1cb0f1) [0x55ba643770f1]
=================================
2024-09-05 06:17:14,247 - distributed.worker - ERROR - failed during get data with ucx://127.0.0.1:34825 -> ucx://127.0.0.1:35663
Traceback (most recent call last):
  File "/opt/conda/envs/gdf/lib/python3.10/site-packages/distributed/comm/ucx.py", line 335, in write
    await self.ep.send(each_frame)
  File "/opt/conda/envs/gdf/lib/python3.10/site-packages/ucp/core.py", line 662, in send
    return await comm.tag_send(self._ep, buffer, nbytes, tag, name=log)
ucp._libs.exceptions.UCXError: <[Send #007] ep: 0x7f178985f100, tag: 0x3e5027ad7fd7e5ad, nbytes: 50000000, type: <class 'cupy.ndarray'>>: Connection reset by remote peer

During handling of the above exception, another exception occurred:

Traceback (most recent call last):
  File "/opt/conda/envs/gdf/lib/python3.10/site-packages/distributed/worker.py", line 1777, in get_data
    compressed = await comm.write(msg, serializers=serializers)
  File "/opt/conda/envs/gdf/lib/python3.10/site-packages/distributed/utils.py", line 806, in wrapper
    return await func(*args, **kwargs)
  File "/opt/conda/envs/gdf/lib/python3.10/site-packages/distributed/comm/ucx.py", line 339, in write
    raise CommClosedError("While writing, the connection was closed")
distributed.comm.core.CommClosedError: While writing, the connection was closed
2024-09-05 06:17:14,248 - distributed.scheduler - WARNING - Removing worker 'ucx://127.0.0.1:35663' caused the cluster to lose already computed task(s), which will be recomputed elsewhere: {('random_sample-fee6ff2d905e9b2c8f20e4ba816c9dbc', 2, 0), ('sum-partial-ed87e3083d3b25b1866b034c40df98fa', 1, 1), ('random_sample-fee6ff2d905e9b2c8f20e4ba816c9dbc', 2, 9), ('random_sample-fee6ff2d905e9b2c8f20e4ba816c9dbc', 5, 2), ('sum-partial-ed87e3083d3b25b1866b034c40df98fa', 1, 4), ('random_sample-fee6ff2d905e9b2c8f20e4ba816c9dbc', 1, 4), ('random_sample-fee6ff2d905e9b2c8f20e4ba816c9dbc', 3, 1), ('random_sample-fee6ff2d905e9b2c8f20e4ba816c9dbc', 1, 7), ('random_sample-fee6ff2d905e9b2c8f20e4ba816c9dbc', 3, 4), ('random_sample-fee6ff2d905e9b2c8f20e4ba816c9dbc', 4, 3), ('random_sample-fee6ff2d905e9b2c8f20e4ba816c9dbc', 9, 2), ('random_sample-fee6ff2d905e9b2c8f20e4ba816c9dbc', 0, 2), ('random_sample-fee6ff2d905e9b2c8f20e4ba816c9dbc', 8, 3), ('sum-9592b789f29e1ae16700d066af498326', 4, 1), ('random_sample-fee6ff2d905e9b2c8f20e4ba816c9dbc', 2, 5), ('random_sample-fee6ff2d905e9b2c8f20e4ba816c9dbc', 2, 8), ('random_sample-fee6ff2d905e9b2c8f20e4ba816c9dbc', 7, 1), ('sum-9592b789f29e1ae16700d066af498326', 2, 0), ('random_sample-fee6ff2d905e9b2c8f20e4ba816c9dbc', 1, 3), ('random_sample-fee6ff2d905e9b2c8f20e4ba816c9dbc', 3, 3), ('random_sample-fee6ff2d905e9b2c8f20e4ba816c9dbc', 3, 9), ('sum-9592b789f29e1ae16700d066af498326', 1, 4), ('sum-9592b789f29e1ae16700d066af498326', 1, 7), ('random_sample-fee6ff2d905e9b2c8f20e4ba816c9dbc', 2, 1), ('sum-partial-ed87e3083d3b25b1866b034c40df98fa', 1, 2), ('sum-partial-ed87e3083d3b25b1866b034c40df98fa', 4, 1), ('sum-9592b789f29e1ae16700d066af498326', 0, 2), ('sum-9592b789f29e1ae16700d066af498326', 3, 1), ('random_sample-fee6ff2d905e9b2c8f20e4ba816c9dbc', 1, 5), ('random_sample-fee6ff2d905e9b2c8f20e4ba816c9dbc', 3, 8), ('random_sample-fee6ff2d905e9b2c8f20e4ba816c9dbc', 4, 1), ('random_sample-fee6ff2d905e9b2c8f20e4ba816c9dbc', 9, 3), ('sum-9592b789f29e1ae16700d066af498326', 1, 3)} (stimulus_id='handle-worker-cleanup-1725517034.247833')
2024-09-05 06:17:14,248 - distributed.worker - ERROR - Worker stream died during communication: ucx://127.0.0.1:35663
Traceback (most recent call last):
  File "/opt/conda/envs/gdf/lib/python3.10/site-packages/distributed/comm/ucx.py", line 393, in read
    await self.ep.recv(each_frame)
  File "/opt/conda/envs/gdf/lib/python3.10/site-packages/ucp/core.py", line 737, in recv
    ret = await comm.tag_recv(self._ep, buffer, nbytes, tag, name=log)
ucp._libs.exceptions.UCXError: <[Recv #007] ep: 0x7f178985f240, tag: 0x5242f9628b03177a, nbytes: 50000000, type: <class 'rmm._lib.device_buffer.DeviceBuffer'>>: Connection reset by remote peer

During handling of the above exception, another exception occurred:

Traceback (most recent call last):
  File "/opt/conda/envs/gdf/lib/python3.10/site-packages/distributed/worker.py", line 2056, in gather_dep
    response = await get_data_from_worker(
  File "/opt/conda/envs/gdf/lib/python3.10/site-packages/distributed/worker.py", line 2874, in get_data_from_worker
    response = await send_recv(
  File "/opt/conda/envs/gdf/lib/python3.10/site-packages/distributed/core.py", line 1015, in send_recv
    response = await comm.read(deserializers=deserializers)
  File "/opt/conda/envs/gdf/lib/python3.10/site-packages/distributed/utils.py", line 806, in wrapper
    return await func(*args, **kwargs)
  File "/opt/conda/envs/gdf/lib/python3.10/site-packages/distributed/comm/ucx.py", line 399, in read
    raise CommClosedError(
distributed.comm.core.CommClosedError: Connection closed by writer.
Inner exception: UCXError("<[Recv #007] ep: 0x7f178985f240, tag: 0x5242f9628b03177a, nbytes: 50000000, type: <class 'rmm._lib.device_buffer.DeviceBuffer'>>: Connection reset by remote peer")
2024-09-05 06:17:14,457 - distributed.nanny - WARNING - Restarting worker
[dgx13:97991:0:97991] Caught signal 11 (Segmentation fault: address not mapped to object at address 0x450)
==== backtrace (tid:  97991) ====
 0  /opt/conda/envs/gdf/lib/libucs.so.0(ucs_handle_error+0x2fd) [0x7f5923fc9cfd]
 1  /opt/conda/envs/gdf/lib/libucs.so.0(+0x2def4) [0x7f5923fc9ef4]
 2  /opt/conda/envs/gdf/lib/libucs.so.0(+0x2e0ba) [0x7f5923fca0ba]
 3  /usr/lib/x86_64-linux-gnu/libpthread.so.0(+0x14420) [0x7f598c835420]
 4  /opt/conda/envs/gdf/lib/libucp.so.0(ucp_mem_type_unpack+0x17) [0x7f5950063197]
 5  /opt/conda/envs/gdf/lib/libucp.so.0(ucp_rndv_data_handler+0x65d) [0x7f595008d64d]
 6  /opt/conda/envs/gdf/lib/libuct.so.0(+0x21bdf) [0x7f5923f7fbdf]
 7  /opt/conda/envs/gdf/lib/libuct.so.0(+0x24db8) [0x7f5923f82db8]
 8  /opt/conda/envs/gdf/lib/libucs.so.0(ucs_event_set_wait+0xb9) [0x7f5923fd3619]
 9  /opt/conda/envs/gdf/lib/libuct.so.0(uct_tcp_iface_progress+0x7d) [0x7f5923f81ecd]
10  /opt/conda/envs/gdf/lib/libucp.so.0(ucp_worker_progress+0x5a) [0x7f595005feea]
11  /opt/conda/envs/gdf/lib/python3.10/site-packages/ucp/_libs/ucx_api.cpython-310-x86_64-linux-gnu.so(+0x31d7a) [0x7f5950120d7a]
12  /opt/conda/envs/gdf/bin/python(_PyEval_EvalFrameDefault+0x2d83) [0x56249f9f22b3]
13  /opt/conda/envs/gdf/bin/python(_PyFunction_Vectorcall+0x6c) [0x56249f9ffa2c]
14  /opt/conda/envs/gdf/bin/python(_PyEval_EvalFrameDefault+0x72c) [0x56249f9efc5c]
15  /opt/conda/envs/gdf/bin/python(+0x150804) [0x56249fa0b804]
16  /opt/conda/envs/gdf/bin/python(+0x25f60c) [0x56249fb1a60c]
17  /opt/conda/envs/gdf/bin/python(+0xfdd90) [0x56249f9b8d90]
18  /opt/conda/envs/gdf/bin/python(+0x13c2a3) [0x56249f9f72a3]
19  /opt/conda/envs/gdf/bin/python(_PyEval_EvalFrameDefault+0x5cd5) [0x56249f9f5205]
20  /opt/conda/envs/gdf/bin/python(_PyFunction_Vectorcall+0x6c) [0x56249f9ffa2c]
21  /opt/conda/envs/gdf/bin/python(_PyEval_EvalFrameDefault+0x72c) [0x56249f9efc5c]
22  /opt/conda/envs/gdf/bin/python(_PyFunction_Vectorcall+0x6c) [0x56249f9ffa2c]
23  /opt/conda/envs/gdf/bin/python(_PyEval_EvalFrameDefault+0x72c) [0x56249f9efc5c]
24  /opt/conda/envs/gdf/bin/python(_PyFunction_Vectorcall+0x6c) [0x56249f9ffa2c]
25  /opt/conda/envs/gdf/bin/python(_PyEval_EvalFrameDefault+0x72c) [0x56249f9efc5c]
26  /opt/conda/envs/gdf/bin/python(_PyFunction_Vectorcall+0x6c) [0x56249f9ffa2c]
27  /opt/conda/envs/gdf/bin/python(_PyEval_EvalFrameDefault+0x72c) [0x56249f9efc5c]
28  /opt/conda/envs/gdf/bin/python(_PyFunction_Vectorcall+0x6c) [0x56249f9ffa2c]
29  /opt/conda/envs/gdf/bin/python(_PyEval_EvalFrameDefault+0x13ca) [0x56249f9f08fa]
30  /opt/conda/envs/gdf/bin/python(+0x150582) [0x56249fa0b582]
31  /opt/conda/envs/gdf/bin/python(PyObject_Call+0xbc) [0x56249fa0bf1c]
32  /opt/conda/envs/gdf/bin/python(+0x20a9ae) [0x56249fac59ae]
33  /opt/conda/envs/gdf/bin/python(_PyObject_MakeTpCall+0x26b) [0x56249f9f8a6b]
34  /opt/conda/envs/gdf/bin/python(_PyEval_EvalFrameDefault+0x2d83) [0x56249f9f22b3]
35  /opt/conda/envs/gdf/bin/python(+0x1506d8) [0x56249fa0b6d8]
36  /opt/conda/envs/gdf/bin/python(_PyEval_EvalFrameDefault+0x2d83) [0x56249f9f22b3]
37  /opt/conda/envs/gdf/bin/python(_PyFunction_Vectorcall+0x6c) [0x56249f9ffa2c]
38  /opt/conda/envs/gdf/bin/python(_PyEval_EvalFrameDefault+0x72c) [0x56249f9efc5c]
39  /opt/conda/envs/gdf/bin/python(_PyFunction_Vectorcall+0x6c) [0x56249f9ffa2c]
40  /opt/conda/envs/gdf/bin/python(_PyEval_EvalFrameDefault+0x72c) [0x56249f9efc5c]
41  /opt/conda/envs/gdf/bin/python(_PyFunction_Vectorcall+0x6c) [0x56249f9ffa2c]
42  /opt/conda/envs/gdf/bin/python(_PyEval_EvalFrameDefault+0x320) [0x56249f9ef850]
43  /opt/conda/envs/gdf/bin/python(_PyFunction_Vectorcall+0x6c) [0x56249f9ffa2c]
44  /opt/conda/envs/gdf/bin/python(_PyEval_EvalFrameDefault+0x13ca) [0x56249f9f08fa]
45  /opt/conda/envs/gdf/bin/python(+0x1d7c60) [0x56249fa92c60]
46  /opt/conda/envs/gdf/bin/python(PyEval_EvalCode+0x87) [0x56249fa92ba7]
47  /opt/conda/envs/gdf/bin/python(+0x20812a) [0x56249fac312a]
48  /opt/conda/envs/gdf/bin/python(+0x203523) [0x56249fabe523]
49  /opt/conda/envs/gdf/bin/python(PyRun_StringFlags+0x7d) [0x56249fab691d]
50  /opt/conda/envs/gdf/bin/python(PyRun_SimpleStringFlags+0x3c) [0x56249fab675c]
51  /opt/conda/envs/gdf/bin/python(Py_RunMain+0x26b) [0x56249fab566b]
52  /opt/conda/envs/gdf/bin/python(Py_BytesMain+0x37) [0x56249fa861f7]
53  /usr/lib/x86_64-linux-gnu/libc.so.6(__libc_start_main+0xf3) [0x7f598c4f9083]
54  /opt/conda/envs/gdf/bin/python(+0x1cb0f1) [0x56249fa860f1]
=================================
2024-09-05 06:17:17,495 - distributed.worker - ERROR - failed during get data with ucx://127.0.0.1:60369 -> ucx://127.0.0.1:44419
Traceback (most recent call last):
  File "/opt/conda/envs/gdf/lib/python3.10/site-packages/distributed/comm/ucx.py", line 335, in write
    await self.ep.send(each_frame)
  File "/opt/conda/envs/gdf/lib/python3.10/site-packages/ucp/core.py", line 662, in send
    return await comm.tag_send(self._ep, buffer, nbytes, tag, name=log)
ucp._libs.exceptions.UCXError: <[Send #007] ep: 0x7fa221512100, tag: 0xee392035271c3cdb, nbytes: 50000000, type: <class 'cupy.ndarray'>>: Connection reset by remote peer

During handling of the above exception, another exception occurred:

Traceback (most recent call last):
  File "/opt/conda/envs/gdf/lib/python3.10/site-packages/distributed/worker.py", line 1777, in get_data
    compressed = await comm.write(msg, serializers=serializers)
  File "/opt/conda/envs/gdf/lib/python3.10/site-packages/distributed/utils.py", line 806, in wrapper
    return await func(*args, **kwargs)
  File "/opt/conda/envs/gdf/lib/python3.10/site-packages/distributed/comm/ucx.py", line 339, in write
    raise CommClosedError("While writing, the connection was closed")
distributed.comm.core.CommClosedError: While writing, the connection was closed
2024-09-05 06:17:17,495 - distributed.scheduler - WARNING - Removing worker 'ucx://127.0.0.1:44419' caused the cluster to lose already computed task(s), which will be recomputed elsewhere: {('random_sample-fee6ff2d905e9b2c8f20e4ba816c9dbc', 9, 2), ('sum-9592b789f29e1ae16700d066af498326', 9, 3), ('sum-9592b789f29e1ae16700d066af498326', 3, 8), ('random_sample-fee6ff2d905e9b2c8f20e4ba816c9dbc', 5, 2), ('random_sample-fee6ff2d905e9b2c8f20e4ba816c9dbc', 8, 3), ('random_sample-fee6ff2d905e9b2c8f20e4ba816c9dbc', 3, 9), ('random_sample-fee6ff2d905e9b2c8f20e4ba816c9dbc', 3, 8), ('random_sample-fee6ff2d905e9b2c8f20e4ba816c9dbc', 4, 1), ('sum-9592b789f29e1ae16700d066af498326', 8, 3), ('sum-9592b789f29e1ae16700d066af498326', 3, 9), ('random_sample-fee6ff2d905e9b2c8f20e4ba816c9dbc', 7, 1), ('random_sample-fee6ff2d905e9b2c8f20e4ba816c9dbc', 3, 4), ('random_sample-fee6ff2d905e9b2c8f20e4ba816c9dbc', 9, 3), ('random_sample-fee6ff2d905e9b2c8f20e4ba816c9dbc', 4, 3)} (stimulus_id='handle-worker-cleanup-1725517037.4956522')
2024-09-05 06:17:17,495 - distributed.worker - ERROR - failed during get data with ucx://127.0.0.1:53335 -> ucx://127.0.0.1:44419
Traceback (most recent call last):
  File "/opt/conda/envs/gdf/lib/python3.10/site-packages/distributed/comm/ucx.py", line 335, in write
    await self.ep.send(each_frame)
  File "/opt/conda/envs/gdf/lib/python3.10/site-packages/ucp/core.py", line 662, in send
    return await comm.tag_send(self._ep, buffer, nbytes, tag, name=log)
ucp._libs.exceptions.UCXError: <[Send #007] ep: 0x7ff80c2da200, tag: 0x8e7d36f5dd3b1eca, nbytes: 50000000, type: <class 'cupy.ndarray'>>: Connection reset by remote peer

During handling of the above exception, another exception occurred:

Traceback (most recent call last):
  File "/opt/conda/envs/gdf/lib/python3.10/site-packages/distributed/worker.py", line 1777, in get_data
    compressed = await comm.write(msg, serializers=serializers)
  File "/opt/conda/envs/gdf/lib/python3.10/site-packages/distributed/utils.py", line 806, in wrapper
    return await func(*args, **kwargs)
  File "/opt/conda/envs/gdf/lib/python3.10/site-packages/distributed/comm/ucx.py", line 339, in write
    raise CommClosedError("While writing, the connection was closed")
distributed.comm.core.CommClosedError: While writing, the connection was closed
2024-09-05 06:17:17,534 - distributed.nanny - WARNING - Restarting worker
[dgx13:97995:0:97995] Caught signal 11 (Segmentation fault: address not mapped to object at address 0x450)
==== backtrace (tid:  97995) ====
 0  /opt/conda/envs/gdf/lib/libucs.so.0(ucs_handle_error+0x2fd) [0x7fbbac3d6cfd]
 1  /opt/conda/envs/gdf/lib/libucs.so.0(+0x2def4) [0x7fbbac3d6ef4]
 2  /opt/conda/envs/gdf/lib/libucs.so.0(+0x2e0ba) [0x7fbbac3d70ba]
 3  /usr/lib/x86_64-linux-gnu/libpthread.so.0(+0x14420) [0x7fbbdac20420]
 4  /opt/conda/envs/gdf/lib/libucp.so.0(ucp_mem_type_unpack+0x17) [0x7fbbac45a197]
 5  /opt/conda/envs/gdf/lib/libucp.so.0(ucp_rndv_data_handler+0x65d) [0x7fbbac48464d]
 6  /opt/conda/envs/gdf/lib/libuct.so.0(+0x21bdf) [0x7fbbac38cbdf]
 7  /opt/conda/envs/gdf/lib/libuct.so.0(+0x24db8) [0x7fbbac38fdb8]
 8  /opt/conda/envs/gdf/lib/libucs.so.0(ucs_event_set_wait+0xb9) [0x7fbbac3e0619]
 9  /opt/conda/envs/gdf/lib/libuct.so.0(uct_tcp_iface_progress+0x7d) [0x7fbbac38eecd]
10  /opt/conda/envs/gdf/lib/libucp.so.0(ucp_worker_progress+0x5a) [0x7fbbac456eea]
11  /opt/conda/envs/gdf/lib/python3.10/site-packages/ucp/_libs/ucx_api.cpython-310-x86_64-linux-gnu.so(+0x31d7a) [0x7fbbac517d7a]
12  /opt/conda/envs/gdf/bin/python(_PyEval_EvalFrameDefault+0x2d83) [0x55ee40da02b3]
13  /opt/conda/envs/gdf/bin/python(_PyFunction_Vectorcall+0x6c) [0x55ee40dada2c]
14  /opt/conda/envs/gdf/bin/python(_PyEval_EvalFrameDefault+0x72c) [0x55ee40d9dc5c]
15  /opt/conda/envs/gdf/bin/python(+0x1e1384) [0x55ee40e4a384]
16  /opt/conda/envs/gdf/lib/python3.10/lib-dynload/_asyncio.cpython-310-x86_64-linux-gnu.so(+0x7bf6) [0x7fbbc23aebf6]
17  /opt/conda/envs/gdf/bin/python(_PyObject_MakeTpCall+0x26b) [0x55ee40da6a6b]
18  /opt/conda/envs/gdf/bin/python(+0xfdd90) [0x55ee40d66d90]
19  /opt/conda/envs/gdf/bin/python(+0x13c2a3) [0x55ee40da52a3]
20  /opt/conda/envs/gdf/bin/python(_PyEval_EvalFrameDefault+0x5cd5) [0x55ee40da3205]
21  /opt/conda/envs/gdf/bin/python(_PyFunction_Vectorcall+0x6c) [0x55ee40dada2c]
22  /opt/conda/envs/gdf/bin/python(_PyEval_EvalFrameDefault+0x72c) [0x55ee40d9dc5c]
23  /opt/conda/envs/gdf/bin/python(_PyFunction_Vectorcall+0x6c) [0x55ee40dada2c]
24  /opt/conda/envs/gdf/bin/python(_PyEval_EvalFrameDefault+0x72c) [0x55ee40d9dc5c]
25  /opt/conda/envs/gdf/bin/python(_PyFunction_Vectorcall+0x6c) [0x55ee40dada2c]
26  /opt/conda/envs/gdf/bin/python(_PyEval_EvalFrameDefault+0x72c) [0x55ee40d9dc5c]
27  /opt/conda/envs/gdf/bin/python(_PyFunction_Vectorcall+0x6c) [0x55ee40dada2c]
28  /opt/conda/envs/gdf/bin/python(_PyEval_EvalFrameDefault+0x72c) [0x55ee40d9dc5c]
29  /opt/conda/envs/gdf/bin/python(_PyFunction_Vectorcall+0x6c) [0x55ee40dada2c]
30  /opt/conda/envs/gdf/bin/python(_PyEval_EvalFrameDefault+0x13ca) [0x55ee40d9e8fa]
31  /opt/conda/envs/gdf/bin/python(+0x150582) [0x55ee40db9582]
32  /opt/conda/envs/gdf/bin/python(PyObject_Call+0xbc) [0x55ee40db9f1c]
33  /opt/conda/envs/gdf/bin/python(+0x20a9ae) [0x55ee40e739ae]
34  /opt/conda/envs/gdf/bin/python(_PyObject_MakeTpCall+0x26b) [0x55ee40da6a6b]
35  /opt/conda/envs/gdf/bin/python(_PyEval_EvalFrameDefault+0x2d83) [0x55ee40da02b3]
36  /opt/conda/envs/gdf/bin/python(+0x1506d8) [0x55ee40db96d8]
37  /opt/conda/envs/gdf/bin/python(_PyEval_EvalFrameDefault+0x2d83) [0x55ee40da02b3]
38  /opt/conda/envs/gdf/bin/python(_PyFunction_Vectorcall+0x6c) [0x55ee40dada2c]
39  /opt/conda/envs/gdf/bin/python(_PyEval_EvalFrameDefault+0x72c) [0x55ee40d9dc5c]
40  /opt/conda/envs/gdf/bin/python(_PyFunction_Vectorcall+0x6c) [0x55ee40dada2c]
41  /opt/conda/envs/gdf/bin/python(_PyEval_EvalFrameDefault+0x72c) [0x55ee40d9dc5c]
42  /opt/conda/envs/gdf/bin/python(_PyFunction_Vectorcall+0x6c) [0x55ee40dada2c]
43  /opt/conda/envs/gdf/bin/python(_PyEval_EvalFrameDefault+0x320) [0x55ee40d9d850]
44  /opt/conda/envs/gdf/bin/python(_PyFunction_Vectorcall+0x6c) [0x55ee40dada2c]
45  /opt/conda/envs/gdf/bin/python(_PyEval_EvalFrameDefault+0x13ca) [0x55ee40d9e8fa]
46  /opt/conda/envs/gdf/bin/python(+0x1d7c60) [0x55ee40e40c60]
47  /opt/conda/envs/gdf/bin/python(PyEval_EvalCode+0x87) [0x55ee40e40ba7]
48  /opt/conda/envs/gdf/bin/python(+0x20812a) [0x55ee40e7112a]
49  /opt/conda/envs/gdf/bin/python(+0x203523) [0x55ee40e6c523]
50  /opt/conda/envs/gdf/bin/python(PyRun_StringFlags+0x7d) [0x55ee40e6491d]
51  /opt/conda/envs/gdf/bin/python(PyRun_SimpleStringFlags+0x3c) [0x55ee40e6475c]
52  /opt/conda/envs/gdf/bin/python(Py_RunMain+0x26b) [0x55ee40e6366b]
53  /opt/conda/envs/gdf/bin/python(Py_BytesMain+0x37) [0x55ee40e341f7]
54  /usr/lib/x86_64-linux-gnu/libc.so.6(__libc_start_main+0xf3) [0x7fbbda8e4083]
55  /opt/conda/envs/gdf/bin/python(+0x1cb0f1) [0x55ee40e340f1]
=================================
[dgx13:98007:0:98007] Caught signal 11 (Segmentation fault: address not mapped to object at address 0x450)
==== backtrace (tid:  98007) ====
 0  /opt/conda/envs/gdf/lib/libucs.so.0(ucs_handle_error+0x2fd) [0x7fc3ec3f6cfd]
 1  /opt/conda/envs/gdf/lib/libucs.so.0(+0x2def4) [0x7fc3ec3f6ef4]
 2  /opt/conda/envs/gdf/lib/libucs.so.0(+0x2e0ba) [0x7fc3ec3f70ba]
 3  /usr/lib/x86_64-linux-gnu/libpthread.so.0(+0x14420) [0x7fc428c50420]
 4  /opt/conda/envs/gdf/lib/libucp.so.0(ucp_mem_type_unpack+0x17) [0x7fc3ec47a197]
 5  /opt/conda/envs/gdf/lib/libucp.so.0(ucp_rndv_data_handler+0x65d) [0x7fc3ec4a464d]
 6  /opt/conda/envs/gdf/lib/libuct.so.0(+0x21bdf) [0x7fc3ec3acbdf]
 7  /opt/conda/envs/gdf/lib/libuct.so.0(+0x24db8) [0x7fc3ec3afdb8]
 8  /opt/conda/envs/gdf/lib/libucs.so.0(ucs_event_set_wait+0xb9) [0x7fc3ec400619]
 9  /opt/conda/envs/gdf/lib/libuct.so.0(uct_tcp_iface_progress+0x7d) [0x7fc3ec3aeecd]
10  /opt/conda/envs/gdf/lib/libucp.so.0(ucp_worker_progress+0x5a) [0x7fc3ec476eea]
11  /opt/conda/envs/gdf/lib/python3.10/site-packages/ucp/_libs/ucx_api.cpython-310-x86_64-linux-gnu.so(+0x31d7a) [0x7fc3ec537d7a]
12  /opt/conda/envs/gdf/bin/python(_PyEval_EvalFrameDefault+0x2d83) [0x560bdf4ed2b3]
13  /opt/conda/envs/gdf/bin/python(_PyFunction_Vectorcall+0x6c) [0x560bdf4faa2c]
14  /opt/conda/envs/gdf/bin/python(_PyEval_EvalFrameDefault+0x72c) [0x560bdf4eac5c]
15  /opt/conda/envs/gdf/bin/python(+0x150804) [0x560bdf506804]
16  /opt/conda/envs/gdf/bin/python(+0x25f60c) [0x560bdf61560c]
17  /opt/conda/envs/gdf/bin/python(+0xfdd90) [0x560bdf4b3d90]
18  /opt/conda/envs/gdf/bin/python(+0x13c2a3) [0x560bdf4f22a3]
19  /opt/conda/envs/gdf/bin/python(_PyEval_EvalFrameDefault+0x5cd5) [0x560bdf4f0205]
20  /opt/conda/envs/gdf/bin/python(_PyFunction_Vectorcall+0x6c) [0x560bdf4faa2c]
21  /opt/conda/envs/gdf/bin/python(_PyEval_EvalFrameDefault+0x72c) [0x560bdf4eac5c]
22  /opt/conda/envs/gdf/bin/python(_PyFunction_Vectorcall+0x6c) [0x560bdf4faa2c]
23  /opt/conda/envs/gdf/bin/python(_PyEval_EvalFrameDefault+0x72c) [0x560bdf4eac5c]
24  /opt/conda/envs/gdf/bin/python(_PyFunction_Vectorcall+0x6c) [0x560bdf4faa2c]
25  /opt/conda/envs/gdf/bin/python(_PyEval_EvalFrameDefault+0x72c) [0x560bdf4eac5c]
26  /opt/conda/envs/gdf/bin/python(_PyFunction_Vectorcall+0x6c) [0x560bdf4faa2c]
27  /opt/conda/envs/gdf/bin/python(_PyEval_EvalFrameDefault+0x72c) [0x560bdf4eac5c]
28  /opt/conda/envs/gdf/bin/python(_PyFunction_Vectorcall+0x6c) [0x560bdf4faa2c]
29  /opt/conda/envs/gdf/bin/python(_PyEval_EvalFrameDefault+0x13ca) [0x560bdf4eb8fa]
30  /opt/conda/envs/gdf/bin/python(+0x150582) [0x560bdf506582]
31  /opt/conda/envs/gdf/bin/python(PyObject_Call+0xbc) [0x560bdf506f1c]
32  /opt/conda/envs/gdf/bin/python(+0x20a9ae) [0x560bdf5c09ae]
33  /opt/conda/envs/gdf/bin/python(_PyObject_MakeTpCall+0x26b) [0x560bdf4f3a6b]
34  /opt/conda/envs/gdf/bin/python(_PyEval_EvalFrameDefault+0x2d83) [0x560bdf4ed2b3]
35  /opt/conda/envs/gdf/bin/python(+0x1506d8) [0x560bdf5066d8]
36  /opt/conda/envs/gdf/bin/python(_PyEval_EvalFrameDefault+0x2d83) [0x560bdf4ed2b3]
37  /opt/conda/envs/gdf/bin/python(_PyFunction_Vectorcall+0x6c) [0x560bdf4faa2c]
38  /opt/conda/envs/gdf/bin/python(_PyEval_EvalFrameDefault+0x72c) [0x560bdf4eac5c]
39  /opt/conda/envs/gdf/bin/python(_PyFunction_Vectorcall+0x6c) [0x560bdf4faa2c]
40  /opt/conda/envs/gdf/bin/python(_PyEval_EvalFrameDefault+0x72c) [0x560bdf4eac5c]
41  /opt/conda/envs/gdf/bin/python(_PyFunction_Vectorcall+0x6c) [0x560bdf4faa2c]
42  /opt/conda/envs/gdf/bin/python(_PyEval_EvalFrameDefault+0x320) [0x560bdf4ea850]
43  /opt/conda/envs/gdf/bin/python(_PyFunction_Vectorcall+0x6c) [0x560bdf4faa2c]
44  /opt/conda/envs/gdf/bin/python(_PyEval_EvalFrameDefault+0x13ca) [0x560bdf4eb8fa]
45  /opt/conda/envs/gdf/bin/python(+0x1d7c60) [0x560bdf58dc60]
46  /opt/conda/envs/gdf/bin/python(PyEval_EvalCode+0x87) [0x560bdf58dba7]
47  /opt/conda/envs/gdf/bin/python(+0x20812a) [0x560bdf5be12a]
48  /opt/conda/envs/gdf/bin/python(+0x203523) [0x560bdf5b9523]
49  /opt/conda/envs/gdf/bin/python(PyRun_StringFlags+0x7d) [0x560bdf5b191d]
50  /opt/conda/envs/gdf/bin/python(PyRun_SimpleStringFlags+0x3c) [0x560bdf5b175c]
51  /opt/conda/envs/gdf/bin/python(Py_RunMain+0x26b) [0x560bdf5b066b]
52  /opt/conda/envs/gdf/bin/python(Py_BytesMain+0x37) [0x560bdf5811f7]
53  /usr/lib/x86_64-linux-gnu/libc.so.6(__libc_start_main+0xf3) [0x7fc428914083]
54  /opt/conda/envs/gdf/bin/python(+0x1cb0f1) [0x560bdf5810f1]
=================================
2024-09-05 06:17:17,959 - distributed.worker - ERROR - failed during get data with ucx://127.0.0.1:60369 -> ucx://127.0.0.1:60905
Traceback (most recent call last):
  File "/opt/conda/envs/gdf/lib/python3.10/site-packages/distributed/comm/ucx.py", line 335, in write
    await self.ep.send(each_frame)
  File "/opt/conda/envs/gdf/lib/python3.10/site-packages/ucp/core.py", line 662, in send
    return await comm.tag_send(self._ep, buffer, nbytes, tag, name=log)
ucp._libs.exceptions.UCXError: <[Send #007] ep: 0x7fa221512300, tag: 0x5efe7e411847f46d, nbytes: 50000000, type: <class 'cupy.ndarray'>>: Connection reset by remote peer

During handling of the above exception, another exception occurred:

Traceback (most recent call last):
  File "/opt/conda/envs/gdf/lib/python3.10/site-packages/distributed/worker.py", line 1777, in get_data
    compressed = await comm.write(msg, serializers=serializers)
  File "/opt/conda/envs/gdf/lib/python3.10/site-packages/distributed/utils.py", line 806, in wrapper
    return await func(*args, **kwargs)
  File "/opt/conda/envs/gdf/lib/python3.10/site-packages/distributed/comm/ucx.py", line 339, in write
    raise CommClosedError("While writing, the connection was closed")
distributed.comm.core.CommClosedError: While writing, the connection was closed
2024-09-05 06:17:17,960 - distributed.worker - ERROR - failed during get data with ucx://127.0.0.1:53335 -> ucx://127.0.0.1:60905
Traceback (most recent call last):
  File "/opt/conda/envs/gdf/lib/python3.10/site-packages/distributed/comm/ucx.py", line 335, in write
    await self.ep.send(each_frame)
  File "/opt/conda/envs/gdf/lib/python3.10/site-packages/ucp/core.py", line 662, in send
    return await comm.tag_send(self._ep, buffer, nbytes, tag, name=log)
ucp._libs.exceptions.UCXError: <[Send #007] ep: 0x7ff80c2da200, tag: 0xbdead225163bf176, nbytes: 50000000, type: <class 'cupy.ndarray'>>: Connection reset by remote peer

During handling of the above exception, another exception occurred:

Traceback (most recent call last):
  File "/opt/conda/envs/gdf/lib/python3.10/site-packages/distributed/worker.py", line 1777, in get_data
    compressed = await comm.write(msg, serializers=serializers)
  File "/opt/conda/envs/gdf/lib/python3.10/site-packages/distributed/utils.py", line 806, in wrapper
    return await func(*args, **kwargs)
  File "/opt/conda/envs/gdf/lib/python3.10/site-packages/distributed/comm/ucx.py", line 339, in write
    raise CommClosedError("While writing, the connection was closed")
distributed.comm.core.CommClosedError: While writing, the connection was closed
2024-09-05 06:17:17,960 - distributed.scheduler - WARNING - Removing worker 'ucx://127.0.0.1:60905' caused the cluster to lose already computed task(s), which will be recomputed elsewhere: {('random_sample-fee6ff2d905e9b2c8f20e4ba816c9dbc', 2, 9), ('random_sample-fee6ff2d905e9b2c8f20e4ba816c9dbc', 2, 8)} (stimulus_id='handle-worker-cleanup-1725517037.9605656')
2024-09-05 06:17:17,963 - distributed.worker - ERROR - Worker stream died during communication: ucx://127.0.0.1:60905
Traceback (most recent call last):
  File "/opt/conda/envs/gdf/lib/python3.10/site-packages/distributed/comm/ucx.py", line 468, in connect
    ep = await ucp.create_endpoint(ip, port)
  File "/opt/conda/envs/gdf/lib/python3.10/site-packages/ucp/core.py", line 1016, in create_endpoint
    return await _get_ctx().create_endpoint(
  File "/opt/conda/envs/gdf/lib/python3.10/site-packages/ucp/core.py", line 328, in create_endpoint
    peer_info = await exchange_peer_info(
  File "/opt/conda/envs/gdf/lib/python3.10/site-packages/ucp/core.py", line 60, in exchange_peer_info
    await asyncio.wait_for(
  File "/opt/conda/envs/gdf/lib/python3.10/asyncio/tasks.py", line 445, in wait_for
    return fut.result()
ucp._libs.exceptions.UCXError: <stream_recv>: Connection reset by remote peer

During handling of the above exception, another exception occurred:

Traceback (most recent call last):
  File "/opt/conda/envs/gdf/lib/python3.10/site-packages/distributed/comm/core.py", line 342, in connect
    comm = await wait_for(
  File "/opt/conda/envs/gdf/lib/python3.10/site-packages/distributed/utils.py", line 1926, in wait_for
    return await asyncio.wait_for(fut, timeout)
  File "/opt/conda/envs/gdf/lib/python3.10/asyncio/tasks.py", line 445, in wait_for
    return fut.result()
  File "/opt/conda/envs/gdf/lib/python3.10/site-packages/distributed/comm/ucx.py", line 470, in connect
    raise CommClosedError("Connection closed before handshake completed")
distributed.comm.core.CommClosedError: Connection closed before handshake completed

During handling of the above exception, another exception occurred:

Traceback (most recent call last):
  File "/opt/conda/envs/gdf/lib/python3.10/site-packages/distributed/core.py", line 1425, in _connect
    comm = await connect(
  File "/opt/conda/envs/gdf/lib/python3.10/site-packages/distributed/comm/core.py", line 366, in connect
    await asyncio.sleep(backoff)
  File "/opt/conda/envs/gdf/lib/python3.10/asyncio/tasks.py", line 605, in sleep
    return await future
asyncio.exceptions.CancelledError

During handling of the above exception, another exception occurred:

Traceback (most recent call last):
  File "/opt/conda/envs/gdf/lib/python3.10/site-packages/distributed/core.py", line 1535, in connect
    return connect_attempt.result()
asyncio.exceptions.CancelledError

During handling of the above exception, another exception occurred:

Traceback (most recent call last):
  File "/opt/conda/envs/gdf/lib/python3.10/site-packages/distributed/worker.py", line 2056, in gather_dep
    response = await get_data_from_worker(
  File "/opt/conda/envs/gdf/lib/python3.10/site-packages/distributed/worker.py", line 2871, in get_data_from_worker
    comm = await rpc.connect(worker)
  File "/opt/conda/envs/gdf/lib/python3.10/site-packages/distributed/core.py", line 1537, in connect
    raise CommClosedError(reason)
distributed.comm.core.CommClosedError: Address removed.
2024-09-05 06:17:18,048 - distributed.nanny - WARNING - Restarting worker
[dgx13:98000:0:98000] Caught signal 11 (Segmentation fault: address not mapped to object at address 0x450)
==== backtrace (tid:  98000) ====
 0  /opt/conda/envs/gdf/lib/libucs.so.0(ucs_handle_error+0x2fd) [0x7fa3256f8cfd]
 1  /opt/conda/envs/gdf/lib/libucs.so.0(+0x2def4) [0x7fa3256f8ef4]
 2  /opt/conda/envs/gdf/lib/libucs.so.0(+0x2e0ba) [0x7fa3256f90ba]
 3  /usr/lib/x86_64-linux-gnu/libpthread.so.0(+0x14420) [0x7fa365f49420]
 4  /opt/conda/envs/gdf/lib/libucp.so.0(ucp_mem_type_unpack+0x17) [0x7fa32577c197]
 5  /opt/conda/envs/gdf/lib/libucp.so.0(ucp_rndv_data_handler+0x65d) [0x7fa3257a664d]
 6  /opt/conda/envs/gdf/lib/libuct.so.0(+0x21bdf) [0x7fa3256aebdf]
 7  /opt/conda/envs/gdf/lib/libuct.so.0(+0x24db8) [0x7fa3256b1db8]
 8  /opt/conda/envs/gdf/lib/libucs.so.0(ucs_event_set_wait+0xb9) [0x7fa325702619]
 9  /opt/conda/envs/gdf/lib/libuct.so.0(uct_tcp_iface_progress+0x7d) [0x7fa3256b0ecd]
10  /opt/conda/envs/gdf/lib/libucp.so.0(ucp_worker_progress+0x5a) [0x7fa325778eea]
11  /opt/conda/envs/gdf/lib/python3.10/site-packages/ucp/_libs/ucx_api.cpython-310-x86_64-linux-gnu.so(+0x31d7a) [0x7fa325839d7a]
12  /opt/conda/envs/gdf/bin/python(_PyEval_EvalFrameDefault+0x2d83) [0x556f6aba32b3]
13  /opt/conda/envs/gdf/bin/python(_PyFunction_Vectorcall+0x6c) [0x556f6abb0a2c]
14  /opt/conda/envs/gdf/bin/python(_PyEval_EvalFrameDefault+0x72c) [0x556f6aba0c5c]
15  /opt/conda/envs/gdf/bin/python(+0x1e1384) [0x556f6ac4d384]
16  /opt/conda/envs/gdf/lib/python3.10/lib-dynload/_asyncio.cpython-310-x86_64-linux-gnu.so(+0x7bf6) [0x7fa34d6e7bf6]
17  /opt/conda/envs/gdf/bin/python(_PyObject_MakeTpCall+0x26b) [0x556f6aba9a6b]
18  /opt/conda/envs/gdf/bin/python(+0xfdd90) [0x556f6ab69d90]
19  /opt/conda/envs/gdf/bin/python(+0x13c2a3) [0x556f6aba82a3]
20  /opt/conda/envs/gdf/bin/python(_PyEval_EvalFrameDefault+0x5cd5) [0x556f6aba6205]
21  /opt/conda/envs/gdf/bin/python(_PyFunction_Vectorcall+0x6c) [0x556f6abb0a2c]
22  /opt/conda/envs/gdf/bin/python(_PyEval_EvalFrameDefault+0x72c) [0x556f6aba0c5c]
23  /opt/conda/envs/gdf/bin/python(_PyFunction_Vectorcall+0x6c) [0x556f6abb0a2c]
24  /opt/conda/envs/gdf/bin/python(_PyEval_EvalFrameDefault+0x72c) [0x556f6aba0c5c]
25  /opt/conda/envs/gdf/bin/python(_PyFunction_Vectorcall+0x6c) [0x556f6abb0a2c]
26  /opt/conda/envs/gdf/bin/python(_PyEval_EvalFrameDefault+0x72c) [0x556f6aba0c5c]
27  /opt/conda/envs/gdf/bin/python(_PyFunction_Vectorcall+0x6c) [0x556f6abb0a2c]
28  /opt/conda/envs/gdf/bin/python(_PyEval_EvalFrameDefault+0x72c) [0x556f6aba0c5c]
29  /opt/conda/envs/gdf/bin/python(_PyFunction_Vectorcall+0x6c) [0x556f6abb0a2c]
30  /opt/conda/envs/gdf/bin/python(_PyEval_EvalFrameDefault+0x13ca) [0x556f6aba18fa]
31  /opt/conda/envs/gdf/bin/python(+0x150582) [0x556f6abbc582]
32  /opt/conda/envs/gdf/bin/python(PyObject_Call+0xbc) [0x556f6abbcf1c]
33  /opt/conda/envs/gdf/bin/python(+0x20a9ae) [0x556f6ac769ae]
34  /opt/conda/envs/gdf/bin/python(_PyObject_MakeTpCall+0x26b) [0x556f6aba9a6b]
35  /opt/conda/envs/gdf/bin/python(_PyEval_EvalFrameDefault+0x2d83) [0x556f6aba32b3]
36  /opt/conda/envs/gdf/bin/python(+0x1506d8) [0x556f6abbc6d8]
37  /opt/conda/envs/gdf/bin/python(_PyEval_EvalFrameDefault+0x2d83) [0x556f6aba32b3]
38  /opt/conda/envs/gdf/bin/python(_PyFunction_Vectorcall+0x6c) [0x556f6abb0a2c]
39  /opt/conda/envs/gdf/bin/python(_PyEval_EvalFrameDefault+0x72c) [0x556f6aba0c5c]
40  /opt/conda/envs/gdf/bin/python(_PyFunction_Vectorcall+0x6c) [0x556f6abb0a2c]
41  /opt/conda/envs/gdf/bin/python(_PyEval_EvalFrameDefault+0x72c) [0x556f6aba0c5c]
42  /opt/conda/envs/gdf/bin/python(_PyFunction_Vectorcall+0x6c) [0x556f6abb0a2c]
43  /opt/conda/envs/gdf/bin/python(_PyEval_EvalFrameDefault+0x320) [0x556f6aba0850]
44  /opt/conda/envs/gdf/bin/python(_PyFunction_Vectorcall+0x6c) [0x556f6abb0a2c]
45  /opt/conda/envs/gdf/bin/python(_PyEval_EvalFrameDefault+0x13ca) [0x556f6aba18fa]
46  /opt/conda/envs/gdf/bin/python(+0x1d7c60) [0x556f6ac43c60]
47  /opt/conda/envs/gdf/bin/python(PyEval_EvalCode+0x87) [0x556f6ac43ba7]
48  /opt/conda/envs/gdf/bin/python(+0x20812a) [0x556f6ac7412a]
49  /opt/conda/envs/gdf/bin/python(+0x203523) [0x556f6ac6f523]
50  /opt/conda/envs/gdf/bin/python(PyRun_StringFlags+0x7d) [0x556f6ac6791d]
51  /opt/conda/envs/gdf/bin/python(PyRun_SimpleStringFlags+0x3c) [0x556f6ac6775c]
52  /opt/conda/envs/gdf/bin/python(Py_RunMain+0x26b) [0x556f6ac6666b]
53  /opt/conda/envs/gdf/bin/python(Py_BytesMain+0x37) [0x556f6ac371f7]
54  /usr/lib/x86_64-linux-gnu/libc.so.6(__libc_start_main+0xf3) [0x7fa365c0d083]
55  /opt/conda/envs/gdf/bin/python(+0x1cb0f1) [0x556f6ac370f1]
=================================
2024-09-05 06:17:18,071 - distributed.scheduler - WARNING - Removing worker 'ucx://127.0.0.1:48917' caused the cluster to lose already computed task(s), which will be recomputed elsewhere: {('random_sample-fee6ff2d905e9b2c8f20e4ba816c9dbc', 8, 3), ('random_sample-fee6ff2d905e9b2c8f20e4ba816c9dbc', 9, 2)} (stimulus_id='handle-worker-cleanup-1725517038.0717854')
2024-09-05 06:17:18,108 - distributed.nanny - WARNING - Restarting worker
2024-09-05 06:17:18,290 - distributed.scheduler - WARNING - Removing worker 'ucx://127.0.0.1:36029' caused the cluster to lose already computed task(s), which will be recomputed elsewhere: {('random_sample-fee6ff2d905e9b2c8f20e4ba816c9dbc', 2, 0), ('sum-partial-ed87e3083d3b25b1866b034c40df98fa', 1, 1), ('random_sample-fee6ff2d905e9b2c8f20e4ba816c9dbc', 5, 2), ('random_sample-fee6ff2d905e9b2c8f20e4ba816c9dbc', 7, 8), ('sum-9592b789f29e1ae16700d066af498326', 3, 9), ('random_sample-fee6ff2d905e9b2c8f20e4ba816c9dbc', 3, 1), ('random_sample-fee6ff2d905e9b2c8f20e4ba816c9dbc', 1, 7), ('random_sample-fee6ff2d905e9b2c8f20e4ba816c9dbc', 3, 4), ('random_sample-fee6ff2d905e9b2c8f20e4ba816c9dbc', 4, 3), ('sum-9592b789f29e1ae16700d066af498326', 9, 3), ('sum-9592b789f29e1ae16700d066af498326', 1, 5), ('random_sample-fee6ff2d905e9b2c8f20e4ba816c9dbc', 2, 5), ('random_sample-fee6ff2d905e9b2c8f20e4ba816c9dbc', 2, 8), ('random_sample-fee6ff2d905e9b2c8f20e4ba816c9dbc', 7, 1), ('random_sample-fee6ff2d905e9b2c8f20e4ba816c9dbc', 3, 3), ('random_sample-fee6ff2d905e9b2c8f20e4ba816c9dbc', 3, 9), ('sum-9592b789f29e1ae16700d066af498326', 8, 7), ('sum-9592b789f29e1ae16700d066af498326', 7, 8), ('sum-9592b789f29e1ae16700d066af498326', 1, 7), ('random_sample-fee6ff2d905e9b2c8f20e4ba816c9dbc', 2, 1), ('sum-partial-ed87e3083d3b25b1866b034c40df98fa', 1, 2), ('random_sample-fee6ff2d905e9b2c8f20e4ba816c9dbc', 3, 8), ('random_sample-fee6ff2d905e9b2c8f20e4ba816c9dbc', 4, 1), ('random_sample-fee6ff2d905e9b2c8f20e4ba816c9dbc', 9, 3), ('random_sample-fee6ff2d905e9b2c8f20e4ba816c9dbc', 8, 7)} (stimulus_id='handle-worker-cleanup-1725517038.2905738')
2024-09-05 06:17:18,291 - distributed.worker - ERROR - failed during get data with ucx://127.0.0.1:59809 -> ucx://127.0.0.1:36029
Traceback (most recent call last):
  File "/opt/conda/envs/gdf/lib/python3.10/site-packages/distributed/comm/ucx.py", line 335, in write
    await self.ep.send(each_frame)
  File "/opt/conda/envs/gdf/lib/python3.10/site-packages/ucp/core.py", line 662, in send
    return await comm.tag_send(self._ep, buffer, nbytes, tag, name=log)
ucp._libs.exceptions.UCXError: <[Send #019] ep: 0x7f36dcca0340, tag: 0x1931fffacd612d53, nbytes: 50000000, type: <class 'cupy.ndarray'>>: Connection reset by remote peer

During handling of the above exception, another exception occurred:

Traceback (most recent call last):
  File "/opt/conda/envs/gdf/lib/python3.10/site-packages/distributed/worker.py", line 1777, in get_data
    compressed = await comm.write(msg, serializers=serializers)
  File "/opt/conda/envs/gdf/lib/python3.10/site-packages/distributed/utils.py", line 806, in wrapper
    return await func(*args, **kwargs)
  File "/opt/conda/envs/gdf/lib/python3.10/site-packages/distributed/comm/ucx.py", line 339, in write
    raise CommClosedError("While writing, the connection was closed")
distributed.comm.core.CommClosedError: While writing, the connection was closed
2024-09-05 06:17:18,296 - distributed.worker - ERROR - Worker stream died during communication: ucx://127.0.0.1:36029
Traceback (most recent call last):
  File "/opt/conda/envs/gdf/lib/python3.10/site-packages/distributed/comm/ucx.py", line 468, in connect
    ep = await ucp.create_endpoint(ip, port)
  File "/opt/conda/envs/gdf/lib/python3.10/site-packages/ucp/core.py", line 1016, in create_endpoint
    return await _get_ctx().create_endpoint(
  File "/opt/conda/envs/gdf/lib/python3.10/site-packages/ucp/core.py", line 328, in create_endpoint
    peer_info = await exchange_peer_info(
  File "/opt/conda/envs/gdf/lib/python3.10/site-packages/ucp/core.py", line 60, in exchange_peer_info
    await asyncio.wait_for(
  File "/opt/conda/envs/gdf/lib/python3.10/asyncio/tasks.py", line 445, in wait_for
    return fut.result()
ucp._libs.exceptions.UCXError: <stream_recv>: Connection reset by remote peer

During handling of the above exception, another exception occurred:

Traceback (most recent call last):
  File "/opt/conda/envs/gdf/lib/python3.10/site-packages/distributed/comm/core.py", line 342, in connect
    comm = await wait_for(
  File "/opt/conda/envs/gdf/lib/python3.10/site-packages/distributed/utils.py", line 1926, in wait_for
    return await asyncio.wait_for(fut, timeout)
  File "/opt/conda/envs/gdf/lib/python3.10/asyncio/tasks.py", line 445, in wait_for
    return fut.result()
  File "/opt/conda/envs/gdf/lib/python3.10/site-packages/distributed/comm/ucx.py", line 470, in connect
    raise CommClosedError("Connection closed before handshake completed")
distributed.comm.core.CommClosedError: Connection closed before handshake completed

During handling of the above exception, another exception occurred:

Traceback (most recent call last):
  File "/opt/conda/envs/gdf/lib/python3.10/site-packages/distributed/core.py", line 1425, in _connect
    comm = await connect(
  File "/opt/conda/envs/gdf/lib/python3.10/site-packages/distributed/comm/core.py", line 366, in connect
    await asyncio.sleep(backoff)
  File "/opt/conda/envs/gdf/lib/python3.10/asyncio/tasks.py", line 605, in sleep
    return await future
asyncio.exceptions.CancelledError

During handling of the above exception, another exception occurred:

Traceback (most recent call last):
  File "/opt/conda/envs/gdf/lib/python3.10/site-packages/distributed/core.py", line 1535, in connect
    return connect_attempt.result()
asyncio.exceptions.CancelledError

During handling of the above exception, another exception occurred:

Traceback (most recent call last):
  File "/opt/conda/envs/gdf/lib/python3.10/site-packages/distributed/worker.py", line 2056, in gather_dep
    response = await get_data_from_worker(
  File "/opt/conda/envs/gdf/lib/python3.10/site-packages/distributed/worker.py", line 2871, in get_data_from_worker
    comm = await rpc.connect(worker)
  File "/opt/conda/envs/gdf/lib/python3.10/site-packages/distributed/core.py", line 1537, in connect
    raise CommClosedError(reason)
distributed.comm.core.CommClosedError: Address removed.
2024-09-05 06:17:18,497 - distributed.nanny - WARNING - Restarting worker
[dgx13:98091:0:98091] Caught signal 11 (Segmentation fault: address not mapped to object at address 0x450)
==== backtrace (tid:  98091) ====
 0  /opt/conda/envs/gdf/lib/libucs.so.0(ucs_handle_error+0x2fd) [0x7f8488843cfd]
 1  /opt/conda/envs/gdf/lib/libucs.so.0(+0x2def4) [0x7f8488843ef4]
 2  /opt/conda/envs/gdf/lib/libucs.so.0(+0x2e0ba) [0x7f84888440ba]
 3  /usr/lib/x86_64-linux-gnu/libpthread.so.0(+0x14420) [0x7f84c508b420]
 4  /opt/conda/envs/gdf/lib/libucp.so.0(ucp_mem_type_unpack+0x17) [0x7f84888c7197]
 5  /opt/conda/envs/gdf/lib/libucp.so.0(ucp_rndv_data_handler+0x65d) [0x7f84888f164d]
 6  /opt/conda/envs/gdf/lib/libuct.so.0(+0x21bdf) [0x7f84887f9bdf]
 7  /opt/conda/envs/gdf/lib/libuct.so.0(+0x24db8) [0x7f84887fcdb8]
 8  /opt/conda/envs/gdf/lib/libucs.so.0(ucs_event_set_wait+0xb9) [0x7f848884d619]
 9  /opt/conda/envs/gdf/lib/libuct.so.0(uct_tcp_iface_progress+0x7d) [0x7f84887fbecd]
10  /opt/conda/envs/gdf/lib/libucp.so.0(ucp_worker_progress+0x5a) [0x7f84888c3eea]
11  /opt/conda/envs/gdf/lib/python3.10/site-packages/ucp/_libs/ucx_api.cpython-310-x86_64-linux-gnu.so(+0x31d7a) [0x7f8488984d7a]
12  /opt/conda/envs/gdf/bin/python(_PyEval_EvalFrameDefault+0x2d83) [0x562cb1a602b3]
13  /opt/conda/envs/gdf/bin/python(_PyFunction_Vectorcall+0x6c) [0x562cb1a6da2c]
14  /opt/conda/envs/gdf/bin/python(_PyEval_EvalFrameDefault+0x72c) [0x562cb1a5dc5c]
15  /opt/conda/envs/gdf/bin/python(+0x150804) [0x562cb1a79804]
16  /opt/conda/envs/gdf/bin/python(+0x25f60c) [0x562cb1b8860c]
17  /opt/conda/envs/gdf/bin/python(+0xfdd90) [0x562cb1a26d90]
18  /opt/conda/envs/gdf/bin/python(+0x13c2a3) [0x562cb1a652a3]
19  /opt/conda/envs/gdf/bin/python(_PyEval_EvalFrameDefault+0x5cd5) [0x562cb1a63205]
20  /opt/conda/envs/gdf/bin/python(_PyFunction_Vectorcall+0x6c) [0x562cb1a6da2c]
21  /opt/conda/envs/gdf/bin/python(_PyEval_EvalFrameDefault+0x72c) [0x562cb1a5dc5c]
22  /opt/conda/envs/gdf/bin/python(_PyFunction_Vectorcall+0x6c) [0x562cb1a6da2c]
23  /opt/conda/envs/gdf/bin/python(_PyEval_EvalFrameDefault+0x72c) [0x562cb1a5dc5c]
24  /opt/conda/envs/gdf/bin/python(_PyFunction_Vectorcall+0x6c) [0x562cb1a6da2c]
25  /opt/conda/envs/gdf/bin/python(_PyEval_EvalFrameDefault+0x72c) [0x562cb1a5dc5c]
26  /opt/conda/envs/gdf/bin/python(_PyFunction_Vectorcall+0x6c) [0x562cb1a6da2c]
27  /opt/conda/envs/gdf/bin/python(_PyEval_EvalFrameDefault+0x72c) [0x562cb1a5dc5c]
28  /opt/conda/envs/gdf/bin/python(_PyFunction_Vectorcall+0x6c) [0x562cb1a6da2c]
29  /opt/conda/envs/gdf/bin/python(_PyEval_EvalFrameDefault+0x13ca) [0x562cb1a5e8fa]
30  /opt/conda/envs/gdf/bin/python(+0x150582) [0x562cb1a79582]
31  /opt/conda/envs/gdf/bin/python(PyObject_Call+0xbc) [0x562cb1a79f1c]
32  /opt/conda/envs/gdf/bin/python(+0x20a9ae) [0x562cb1b339ae]
33  /opt/conda/envs/gdf/bin/python(_PyObject_MakeTpCall+0x26b) [0x562cb1a66a6b]
34  /opt/conda/envs/gdf/bin/python(_PyEval_EvalFrameDefault+0x2d83) [0x562cb1a602b3]
35  /opt/conda/envs/gdf/bin/python(+0x1506d8) [0x562cb1a796d8]
36  /opt/conda/envs/gdf/bin/python(_PyEval_EvalFrameDefault+0x2d83) [0x562cb1a602b3]
37  /opt/conda/envs/gdf/bin/python(_PyFunction_Vectorcall+0x6c) [0x562cb1a6da2c]
38  /opt/conda/envs/gdf/bin/python(_PyEval_EvalFrameDefault+0x72c) [0x562cb1a5dc5c]
39  /opt/conda/envs/gdf/bin/python(_PyFunction_Vectorcall+0x6c) [0x562cb1a6da2c]
40  /opt/conda/envs/gdf/bin/python(_PyEval_EvalFrameDefault+0x72c) [0x562cb1a5dc5c]
41  /opt/conda/envs/gdf/bin/python(_PyFunction_Vectorcall+0x6c) [0x562cb1a6da2c]
42  /opt/conda/envs/gdf/bin/python(_PyEval_EvalFrameDefault+0x320) [0x562cb1a5d850]
43  /opt/conda/envs/gdf/bin/python(_PyFunction_Vectorcall+0x6c) [0x562cb1a6da2c]
44  /opt/conda/envs/gdf/bin/python(_PyEval_EvalFrameDefault+0x13ca) [0x562cb1a5e8fa]
45  /opt/conda/envs/gdf/bin/python(+0x1d7c60) [0x562cb1b00c60]
46  /opt/conda/envs/gdf/bin/python(PyEval_EvalCode+0x87) [0x562cb1b00ba7]
47  /opt/conda/envs/gdf/bin/python(+0x20812a) [0x562cb1b3112a]
48  /opt/conda/envs/gdf/bin/python(+0x203523) [0x562cb1b2c523]
49  /opt/conda/envs/gdf/bin/python(PyRun_StringFlags+0x7d) [0x562cb1b2491d]
50  /opt/conda/envs/gdf/bin/python(PyRun_SimpleStringFlags+0x3c) [0x562cb1b2475c]
51  /opt/conda/envs/gdf/bin/python(Py_RunMain+0x26b) [0x562cb1b2366b]
52  /opt/conda/envs/gdf/bin/python(Py_BytesMain+0x37) [0x562cb1af41f7]
53  /usr/lib/x86_64-linux-gnu/libc.so.6(__libc_start_main+0xf3) [0x7f84c4d4f083]
54  /opt/conda/envs/gdf/bin/python(+0x1cb0f1) [0x562cb1af40f1]
=================================
2024-09-05 06:17:21,408 - distributed.worker - ERROR - failed during get data with ucx://127.0.0.1:59809 -> ucx://127.0.0.1:33545
Traceback (most recent call last):
  File "/opt/conda/envs/gdf/lib/python3.10/site-packages/distributed/comm/ucx.py", line 335, in write
    await self.ep.send(each_frame)
  File "/opt/conda/envs/gdf/lib/python3.10/site-packages/ucp/core.py", line 662, in send
    return await comm.tag_send(self._ep, buffer, nbytes, tag, name=log)
ucp._libs.exceptions.UCXError: <[Send #014] ep: 0x7f36dcca0340, tag: 0x193cbb1e4e589337, nbytes: 50000000, type: <class 'cupy.ndarray'>>: Connection reset by remote peer

During handling of the above exception, another exception occurred:

Traceback (most recent call last):
  File "/opt/conda/envs/gdf/lib/python3.10/site-packages/distributed/worker.py", line 1777, in get_data
    compressed = await comm.write(msg, serializers=serializers)
  File "/opt/conda/envs/gdf/lib/python3.10/site-packages/distributed/utils.py", line 806, in wrapper
    return await func(*args, **kwargs)
  File "/opt/conda/envs/gdf/lib/python3.10/site-packages/distributed/comm/ucx.py", line 339, in write
    raise CommClosedError("While writing, the connection was closed")
distributed.comm.core.CommClosedError: While writing, the connection was closed
2024-09-05 06:17:21,409 - distributed.scheduler - ERROR - Task ('sum-9592b789f29e1ae16700d066af498326', 2, 8) marked as failed because 4 workers died while trying to run it
2024-09-05 06:17:21,409 - distributed.scheduler - WARNING - Removing worker 'ucx://127.0.0.1:33545' caused the cluster to lose already computed task(s), which will be recomputed elsewhere: {('random_sample-fee6ff2d905e9b2c8f20e4ba816c9dbc', 5, 2), ('random_sample-fee6ff2d905e9b2c8f20e4ba816c9dbc', 2, 9), ('sum-partial-ed87e3083d3b25b1866b034c40df98fa', 1, 1), ('random_sample-fee6ff2d905e9b2c8f20e4ba816c9dbc', 7, 8), ('sum-9592b789f29e1ae16700d066af498326', 3, 9), ('random_sample-fee6ff2d905e9b2c8f20e4ba816c9dbc', 3, 1), ('random_sample-fee6ff2d905e9b2c8f20e4ba816c9dbc', 3, 4), ('random_sample-fee6ff2d905e9b2c8f20e4ba816c9dbc', 4, 3), ('random_sample-fee6ff2d905e9b2c8f20e4ba816c9dbc', 9, 2), ('sum-9592b789f29e1ae16700d066af498326', 9, 3), ('random_sample-fee6ff2d905e9b2c8f20e4ba816c9dbc', 8, 3), ('random_sample-fee6ff2d905e9b2c8f20e4ba816c9dbc', 2, 5), ('random_sample-fee6ff2d905e9b2c8f20e4ba816c9dbc', 2, 8), ('random_sample-fee6ff2d905e9b2c8f20e4ba816c9dbc', 7, 1), ('sum-9592b789f29e1ae16700d066af498326', 2, 9), ('sum-9592b789f29e1ae16700d066af498326', 3, 8), ('sum-9592b789f29e1ae16700d066af498326', 8, 7), ('random_sample-fee6ff2d905e9b2c8f20e4ba816c9dbc', 3, 9), ('random_sample-fee6ff2d905e9b2c8f20e4ba816c9dbc', 3, 3), ('sum-9592b789f29e1ae16700d066af498326', 9, 2), ('sum-9592b789f29e1ae16700d066af498326', 7, 8), ('sum-9592b789f29e1ae16700d066af498326', 3, 4), ('random_sample-fee6ff2d905e9b2c8f20e4ba816c9dbc', 3, 8), ('random_sample-fee6ff2d905e9b2c8f20e4ba816c9dbc', 4, 1), ('sum-9592b789f29e1ae16700d066af498326', 8, 3), ('random_sample-fee6ff2d905e9b2c8f20e4ba816c9dbc', 9, 3), ('random_sample-fee6ff2d905e9b2c8f20e4ba816c9dbc', 8, 7)} (stimulus_id='handle-worker-cleanup-1725517041.4088478')
2024-09-05 06:17:21,451 - distributed.nanny - WARNING - Restarting worker
[dgx13:98105:0:98105] Caught signal 11 (Segmentation fault: address not mapped to object at address 0x450)
==== backtrace (tid:  98105) ====
 0  /opt/conda/envs/gdf/lib/libucs.so.0(ucs_handle_error+0x2fd) [0x7fe7a36f6cfd]
 1  /opt/conda/envs/gdf/lib/libucs.so.0(+0x2def4) [0x7fe7a36f6ef4]
 2  /opt/conda/envs/gdf/lib/libucs.so.0(+0x2e0ba) [0x7fe7a36f70ba]
 3  /usr/lib/x86_64-linux-gnu/libpthread.so.0(+0x14420) [0x7fe7e3f51420]
 4  /opt/conda/envs/gdf/lib/libucp.so.0(ucp_mem_type_unpack+0x17) [0x7fe7a377a197]
 5  /opt/conda/envs/gdf/lib/libucp.so.0(ucp_rndv_data_handler+0x65d) [0x7fe7a37a464d]
 6  /opt/conda/envs/gdf/lib/libuct.so.0(+0x21bdf) [0x7fe7a36acbdf]
 7  /opt/conda/envs/gdf/lib/libuct.so.0(+0x24db8) [0x7fe7a36afdb8]
 8  /opt/conda/envs/gdf/lib/libucs.so.0(ucs_event_set_wait+0xb9) [0x7fe7a3700619]
 9  /opt/conda/envs/gdf/lib/libuct.so.0(uct_tcp_iface_progress+0x7d) [0x7fe7a36aeecd]
10  /opt/conda/envs/gdf/lib/libucp.so.0(ucp_worker_progress+0x5a) [0x7fe7a3776eea]
11  /opt/conda/envs/gdf/lib/python3.10/site-packages/ucp/_libs/ucx_api.cpython-310-x86_64-linux-gnu.so(+0x31d7a) [0x7fe7a3837d7a]
12  /opt/conda/envs/gdf/bin/python(_PyEval_EvalFrameDefault+0x2d83) [0x5594dbb912b3]
13  /opt/conda/envs/gdf/bin/python(_PyFunction_Vectorcall+0x6c) [0x5594dbb9ea2c]
14  /opt/conda/envs/gdf/bin/python(_PyEval_EvalFrameDefault+0x72c) [0x5594dbb8ec5c]
15  /opt/conda/envs/gdf/bin/python(+0x150804) [0x5594dbbaa804]
16  /opt/conda/envs/gdf/bin/python(+0x25f60c) [0x5594dbcb960c]
17  /opt/conda/envs/gdf/bin/python(+0xfdd90) [0x5594dbb57d90]
18  /opt/conda/envs/gdf/bin/python(+0x13c2a3) [0x5594dbb962a3]
19  /opt/conda/envs/gdf/bin/python(_PyEval_EvalFrameDefault+0x5cd5) [0x5594dbb94205]
20  /opt/conda/envs/gdf/bin/python(_PyFunction_Vectorcall+0x6c) [0x5594dbb9ea2c]
21  /opt/conda/envs/gdf/bin/python(_PyEval_EvalFrameDefault+0x72c) [0x5594dbb8ec5c]
22  /opt/conda/envs/gdf/bin/python(_PyFunction_Vectorcall+0x6c) [0x5594dbb9ea2c]
23  /opt/conda/envs/gdf/bin/python(_PyEval_EvalFrameDefault+0x72c) [0x5594dbb8ec5c]
24  /opt/conda/envs/gdf/bin/python(_PyFunction_Vectorcall+0x6c) [0x5594dbb9ea2c]
25  /opt/conda/envs/gdf/bin/python(_PyEval_EvalFrameDefault+0x72c) [0x5594dbb8ec5c]
26  /opt/conda/envs/gdf/bin/python(_PyFunction_Vectorcall+0x6c) [0x5594dbb9ea2c]
27  /opt/conda/envs/gdf/bin/python(_PyEval_EvalFrameDefault+0x72c) [0x5594dbb8ec5c]
28  /opt/conda/envs/gdf/bin/python(_PyFunction_Vectorcall+0x6c) [0x5594dbb9ea2c]
29  /opt/conda/envs/gdf/bin/python(_PyEval_EvalFrameDefault+0x13ca) [0x5594dbb8f8fa]
30  /opt/conda/envs/gdf/bin/python(+0x150582) [0x5594dbbaa582]
31  /opt/conda/envs/gdf/bin/python(PyObject_Call+0xbc) [0x5594dbbaaf1c]
32  /opt/conda/envs/gdf/bin/python(+0x20a9ae) [0x5594dbc649ae]
33  /opt/conda/envs/gdf/bin/python(_PyObject_MakeTpCall+0x26b) [0x5594dbb97a6b]
34  /opt/conda/envs/gdf/bin/python(_PyEval_EvalFrameDefault+0x2d83) [0x5594dbb912b3]
35  /opt/conda/envs/gdf/bin/python(+0x1506d8) [0x5594dbbaa6d8]
36  /opt/conda/envs/gdf/bin/python(_PyEval_EvalFrameDefault+0x2d83) [0x5594dbb912b3]
37  /opt/conda/envs/gdf/bin/python(_PyFunction_Vectorcall+0x6c) [0x5594dbb9ea2c]
38  /opt/conda/envs/gdf/bin/python(_PyEval_EvalFrameDefault+0x72c) [0x5594dbb8ec5c]
39  /opt/conda/envs/gdf/bin/python(_PyFunction_Vectorcall+0x6c) [0x5594dbb9ea2c]
40  /opt/conda/envs/gdf/bin/python(_PyEval_EvalFrameDefault+0x72c) [0x5594dbb8ec5c]
41  /opt/conda/envs/gdf/bin/python(_PyFunction_Vectorcall+0x6c) [0x5594dbb9ea2c]
42  /opt/conda/envs/gdf/bin/python(_PyEval_EvalFrameDefault+0x320) [0x5594dbb8e850]
43  /opt/conda/envs/gdf/bin/python(_PyFunction_Vectorcall+0x6c) [0x5594dbb9ea2c]
44  /opt/conda/envs/gdf/bin/python(_PyEval_EvalFrameDefault+0x13ca) [0x5594dbb8f8fa]
45  /opt/conda/envs/gdf/bin/python(+0x1d7c60) [0x5594dbc31c60]
46  /opt/conda/envs/gdf/bin/python(PyEval_EvalCode+0x87) [0x5594dbc31ba7]
47  /opt/conda/envs/gdf/bin/python(+0x20812a) [0x5594dbc6212a]
48  /opt/conda/envs/gdf/bin/python(+0x203523) [0x5594dbc5d523]
49  /opt/conda/envs/gdf/bin/python(PyRun_StringFlags+0x7d) [0x5594dbc5591d]
50  /opt/conda/envs/gdf/bin/python(PyRun_SimpleStringFlags+0x3c) [0x5594dbc5575c]
51  /opt/conda/envs/gdf/bin/python(Py_RunMain+0x26b) [0x5594dbc5466b]
52  /opt/conda/envs/gdf/bin/python(Py_BytesMain+0x37) [0x5594dbc251f7]
53  /usr/lib/x86_64-linux-gnu/libc.so.6(__libc_start_main+0xf3) [0x7fe7e3c15083]
54  /opt/conda/envs/gdf/bin/python(+0x1cb0f1) [0x5594dbc250f1]
=================================
[dgx13:98101:0:98101] Caught signal 11 (Segmentation fault: address not mapped to object at address 0x450)
==== backtrace (tid:  98101) ====
 0  /opt/conda/envs/gdf/lib/libucs.so.0(ucs_handle_error+0x2fd) [0x7f92f1fc9cfd]
 1  /opt/conda/envs/gdf/lib/libucs.so.0(+0x2def4) [0x7f92f1fc9ef4]
 2  /opt/conda/envs/gdf/lib/libucs.so.0(+0x2e0ba) [0x7f92f1fca0ba]
 3  /usr/lib/x86_64-linux-gnu/libpthread.so.0(+0x14420) [0x7f9334858420]
 4  /opt/conda/envs/gdf/lib/libucp.so.0(ucp_mem_type_unpack+0x17) [0x7f92f8099197]
 5  /opt/conda/envs/gdf/lib/libucp.so.0(ucp_rndv_data_handler+0x65d) [0x7f92f80c364d]
 6  /opt/conda/envs/gdf/lib/libuct.so.0(+0x21bdf) [0x7f92f802fbdf]
 7  /opt/conda/envs/gdf/lib/libuct.so.0(+0x24db8) [0x7f92f8032db8]
 8  /opt/conda/envs/gdf/lib/libucs.so.0(ucs_event_set_wait+0xb9) [0x7f92f1fd3619]
 9  /opt/conda/envs/gdf/lib/libuct.so.0(uct_tcp_iface_progress+0x7d) [0x7f92f8031ecd]
10  /opt/conda/envs/gdf/lib/libucp.so.0(ucp_worker_progress+0x5a) [0x7f92f8095eea]
11  /opt/conda/envs/gdf/lib/python3.10/site-packages/ucp/_libs/ucx_api.cpython-310-x86_64-linux-gnu.so(+0x31d7a) [0x7f92f8156d7a]
12  /opt/conda/envs/gdf/bin/python(_PyEval_EvalFrameDefault+0x2d83) [0x5572a59bc2b3]
13  /opt/conda/envs/gdf/bin/python(_PyFunction_Vectorcall+0x6c) [0x5572a59c9a2c]
14  /opt/conda/envs/gdf/bin/python(_PyEval_EvalFrameDefault+0x72c) [0x5572a59b9c5c]
15  /opt/conda/envs/gdf/bin/python(+0x1e1384) [0x5572a5a66384]
16  /opt/conda/envs/gdf/lib/python3.10/lib-dynload/_asyncio.cpython-310-x86_64-linux-gnu.so(+0x7bf6) [0x7f931bff8bf6]
17  /opt/conda/envs/gdf/bin/python(_PyObject_MakeTpCall+0x26b) [0x5572a59c2a6b]
18  /opt/conda/envs/gdf/bin/python(+0xfdd90) [0x5572a5982d90]
19  /opt/conda/envs/gdf/bin/python(+0x13c2a3) [0x5572a59c12a3]
20  /opt/conda/envs/gdf/bin/python(_PyEval_EvalFrameDefault+0x5cd5) [0x5572a59bf205]
21  /opt/conda/envs/gdf/bin/python(_PyFunction_Vectorcall+0x6c) [0x5572a59c9a2c]
22  /opt/conda/envs/gdf/bin/python(_PyEval_EvalFrameDefault+0x72c) [0x5572a59b9c5c]
23  /opt/conda/envs/gdf/bin/python(_PyFunction_Vectorcall+0x6c) [0x5572a59c9a2c]
24  /opt/conda/envs/gdf/bin/python(_PyEval_EvalFrameDefault+0x72c) [0x5572a59b9c5c]
25  /opt/conda/envs/gdf/bin/python(_PyFunction_Vectorcall+0x6c) [0x5572a59c9a2c]
26  /opt/conda/envs/gdf/bin/python(_PyEval_EvalFrameDefault+0x72c) [0x5572a59b9c5c]
27  /opt/conda/envs/gdf/bin/python(_PyFunction_Vectorcall+0x6c) [0x5572a59c9a2c]
28  /opt/conda/envs/gdf/bin/python(_PyEval_EvalFrameDefault+0x72c) [0x5572a59b9c5c]
29  /opt/conda/envs/gdf/bin/python(_PyFunction_Vectorcall+0x6c) [0x5572a59c9a2c]
30  /opt/conda/envs/gdf/bin/python(_PyEval_EvalFrameDefault+0x13ca) [0x5572a59ba8fa]
31  /opt/conda/envs/gdf/bin/python(+0x150582) [0x5572a59d5582]
32  /opt/conda/envs/gdf/bin/python(PyObject_Call+0xbc) [0x5572a59d5f1c]
33  /opt/conda/envs/gdf/bin/python(+0x20a9ae) [0x5572a5a8f9ae]
34  /opt/conda/envs/gdf/bin/python(_PyObject_MakeTpCall+0x26b) [0x5572a59c2a6b]
35  /opt/conda/envs/gdf/bin/python(_PyEval_EvalFrameDefault+0x2d83) [0x5572a59bc2b3]
36  /opt/conda/envs/gdf/bin/python(+0x1506d8) [0x5572a59d56d8]
37  /opt/conda/envs/gdf/bin/python(_PyEval_EvalFrameDefault+0x2d83) [0x5572a59bc2b3]
38  /opt/conda/envs/gdf/bin/python(_PyFunction_Vectorcall+0x6c) [0x5572a59c9a2c]
39  /opt/conda/envs/gdf/bin/python(_PyEval_EvalFrameDefault+0x72c) [0x5572a59b9c5c]
40  /opt/conda/envs/gdf/bin/python(_PyFunction_Vectorcall+0x6c) [0x5572a59c9a2c]
41  /opt/conda/envs/gdf/bin/python(_PyEval_EvalFrameDefault+0x72c) [0x5572a59b9c5c]
42  /opt/conda/envs/gdf/bin/python(_PyFunction_Vectorcall+0x6c) [0x5572a59c9a2c]
43  /opt/conda/envs/gdf/bin/python(_PyEval_EvalFrameDefault+0x320) [0x5572a59b9850]
44  /opt/conda/envs/gdf/bin/python(_PyFunction_Vectorcall+0x6c) [0x5572a59c9a2c]
45  /opt/conda/envs/gdf/bin/python(_PyEval_EvalFrameDefault+0x13ca) [0x5572a59ba8fa]
46  /opt/conda/envs/gdf/bin/python(+0x1d7c60) [0x5572a5a5cc60]
47  /opt/conda/envs/gdf/bin/python(PyEval_EvalCode+0x87) [0x5572a5a5cba7]
48  /opt/conda/envs/gdf/bin/python(+0x20812a) [0x5572a5a8d12a]
49  /opt/conda/envs/gdf/bin/python(+0x203523) [0x5572a5a88523]
50  /opt/conda/envs/gdf/bin/python(PyRun_StringFlags+0x7d) [0x5572a5a8091d]
51  /opt/conda/envs/gdf/bin/python(PyRun_SimpleStringFlags+0x3c) [0x5572a5a8075c]
52  /opt/conda/envs/gdf/bin/python(Py_RunMain+0x26b) [0x5572a5a7f66b]
53  /opt/conda/envs/gdf/bin/python(Py_BytesMain+0x37) [0x5572a5a501f7]
54  /usr/lib/x86_64-linux-gnu/libc.so.6(__libc_start_main+0xf3) [0x7f933451c083]
55  /opt/conda/envs/gdf/bin/python(+0x1cb0f1) [0x5572a5a500f1]
=================================
2024-09-05 06:17:22,136 - distributed.worker - ERROR - failed during get data with ucx://127.0.0.1:34825 -> ucx://127.0.0.1:57403
Traceback (most recent call last):
  File "/opt/conda/envs/gdf/lib/python3.10/site-packages/distributed/comm/ucx.py", line 335, in write
    await self.ep.send(each_frame)
  File "/opt/conda/envs/gdf/lib/python3.10/site-packages/ucp/core.py", line 662, in send
    return await comm.tag_send(self._ep, buffer, nbytes, tag, name=log)
ucp._libs.exceptions.UCXError: <[Send #007] ep: 0x7f178985f240, tag: 0x5ef28178d33df1cb, nbytes: 50000000, type: <class 'cupy.ndarray'>>: Connection reset by remote peer

During handling of the above exception, another exception occurred:

Traceback (most recent call last):
  File "/opt/conda/envs/gdf/lib/python3.10/site-packages/distributed/worker.py", line 1777, in get_data
    compressed = await comm.write(msg, serializers=serializers)
  File "/opt/conda/envs/gdf/lib/python3.10/site-packages/distributed/utils.py", line 806, in wrapper
    return await func(*args, **kwargs)
  File "/opt/conda/envs/gdf/lib/python3.10/site-packages/distributed/comm/ucx.py", line 339, in write
    raise CommClosedError("While writing, the connection was closed")
distributed.comm.core.CommClosedError: While writing, the connection was closed
2024-09-05 06:17:22,136 - distributed.worker - ERROR - failed during get data with ucx://127.0.0.1:53335 -> ucx://127.0.0.1:57403
Traceback (most recent call last):
  File "/opt/conda/envs/gdf/lib/python3.10/site-packages/distributed/comm/ucx.py", line 335, in write
    await self.ep.send(each_frame)
  File "/opt/conda/envs/gdf/lib/python3.10/site-packages/ucp/core.py", line 662, in send
    return await comm.tag_send(self._ep, buffer, nbytes, tag, name=log)
ucp._libs.exceptions.UCXError: <[Send #007] ep: 0x7ff80c2da380, tag: 0xe24a4818dee3cd8d, nbytes: 50000000, type: <class 'cupy.ndarray'>>: Connection reset by remote peer

During handling of the above exception, another exception occurred:

Traceback (most recent call last):
  File "/opt/conda/envs/gdf/lib/python3.10/site-packages/distributed/worker.py", line 1777, in get_data
    compressed = await comm.write(msg, serializers=serializers)
  File "/opt/conda/envs/gdf/lib/python3.10/site-packages/distributed/utils.py", line 806, in wrapper
    return await func(*args, **kwargs)
  File "/opt/conda/envs/gdf/lib/python3.10/site-packages/distributed/comm/ucx.py", line 339, in write
    raise CommClosedError("While writing, the connection was closed")
distributed.comm.core.CommClosedError: While writing, the connection was closed
2024-09-05 06:17:22,136 - distributed.scheduler - WARNING - Removing worker 'ucx://127.0.0.1:57403' caused the cluster to lose already computed task(s), which will be recomputed elsewhere: {('random_sample-87b9ffb98dc50a3190be56e0a23fbb42', 7, 2), ('random_sample-87b9ffb98dc50a3190be56e0a23fbb42', 7, 3)} (stimulus_id='handle-worker-cleanup-1725517042.136238')
2024-09-05 06:17:22,186 - distributed.nanny - WARNING - Restarting worker
2024-09-05 06:17:22,263 - distributed.worker - ERROR - Worker stream died during communication: ucx://127.0.0.1:41203
Traceback (most recent call last):
  File "/opt/conda/envs/gdf/lib/python3.10/site-packages/distributed/comm/ucx.py", line 351, in read
    await self.ep.recv(msg)
  File "/opt/conda/envs/gdf/lib/python3.10/site-packages/ucp/core.py", line 737, in recv
    ret = await comm.tag_recv(self._ep, buffer, nbytes, tag, name=log)
ucp._libs.exceptions.UCXCanceled: <[Recv #003] ep: 0x7fa221512100, tag: 0x38dd1626a229e612, nbytes: 16, type: <class 'numpy.ndarray'>>: 

During handling of the above exception, another exception occurred:

Traceback (most recent call last):
  File "/opt/conda/envs/gdf/lib/python3.10/site-packages/distributed/worker.py", line 2056, in gather_dep
    response = await get_data_from_worker(
  File "/opt/conda/envs/gdf/lib/python3.10/site-packages/distributed/worker.py", line 2874, in get_data_from_worker
    response = await send_recv(
  File "/opt/conda/envs/gdf/lib/python3.10/site-packages/distributed/core.py", line 1015, in send_recv
    response = await comm.read(deserializers=deserializers)
  File "/opt/conda/envs/gdf/lib/python3.10/site-packages/distributed/utils.py", line 806, in wrapper
    return await func(*args, **kwargs)
  File "/opt/conda/envs/gdf/lib/python3.10/site-packages/distributed/comm/ucx.py", line 369, in read
    raise CommClosedError(
distributed.comm.core.CommClosedError: Connection closed by writer.
Inner exception: UCXCanceled("<[Recv #003] ep: 0x7fa221512100, tag: 0x38dd1626a229e612, nbytes: 16, type: <class 'numpy.ndarray'>>: ")
2024-09-05 06:17:22,263 - distributed.worker - ERROR - failed during get data with ucx://127.0.0.1:34825 -> ucx://127.0.0.1:41203
Traceback (most recent call last):
  File "/opt/conda/envs/gdf/lib/python3.10/site-packages/distributed/comm/ucx.py", line 335, in write
    await self.ep.send(each_frame)
  File "/opt/conda/envs/gdf/lib/python3.10/site-packages/ucp/core.py", line 662, in send
    return await comm.tag_send(self._ep, buffer, nbytes, tag, name=log)
ucp._libs.exceptions.UCXError: <[Send #007] ep: 0x7f178985f300, tag: 0xb84128700bc5c276, nbytes: 50000000, type: <class 'cupy.ndarray'>>: Connection reset by remote peer

During handling of the above exception, another exception occurred:

Traceback (most recent call last):
  File "/opt/conda/envs/gdf/lib/python3.10/site-packages/distributed/worker.py", line 1777, in get_data
    compressed = await comm.write(msg, serializers=serializers)
  File "/opt/conda/envs/gdf/lib/python3.10/site-packages/distributed/utils.py", line 806, in wrapper
    return await func(*args, **kwargs)
  File "/opt/conda/envs/gdf/lib/python3.10/site-packages/distributed/comm/ucx.py", line 339, in write
    raise CommClosedError("While writing, the connection was closed")
distributed.comm.core.CommClosedError: While writing, the connection was closed
2024-09-05 06:17:22,263 - distributed.worker - ERROR - failed during get data with ucx://127.0.0.1:59809 -> ucx://127.0.0.1:41203
Traceback (most recent call last):
  File "/opt/conda/envs/gdf/lib/python3.10/site-packages/distributed/comm/ucx.py", line 335, in write
    await self.ep.send(each_frame)
  File "/opt/conda/envs/gdf/lib/python3.10/site-packages/ucp/core.py", line 662, in send
    return await comm.tag_send(self._ep, buffer, nbytes, tag, name=log)
ucp._libs.exceptions.UCXError: <[Send #007] ep: 0x7f36dcca0280, tag: 0xbd68947760bc70cd, nbytes: 50000000, type: <class 'cupy.ndarray'>>: Connection reset by remote peer

During handling of the above exception, another exception occurred:

Traceback (most recent call last):
  File "/opt/conda/envs/gdf/lib/python3.10/site-packages/distributed/worker.py", line 1777, in get_data
    compressed = await comm.write(msg, serializers=serializers)
  File "/opt/conda/envs/gdf/lib/python3.10/site-packages/distributed/utils.py", line 806, in wrapper
    return await func(*args, **kwargs)
  File "/opt/conda/envs/gdf/lib/python3.10/site-packages/distributed/comm/ucx.py", line 339, in write
    raise CommClosedError("While writing, the connection was closed")
distributed.comm.core.CommClosedError: While writing, the connection was closed
2024-09-05 06:17:22,264 - distributed.scheduler - WARNING - Removing worker 'ucx://127.0.0.1:41203' caused the cluster to lose already computed task(s), which will be recomputed elsewhere: {('random_sample-87b9ffb98dc50a3190be56e0a23fbb42', 4, 1), ('sum-259cdd5a47e6f032184626ea3434c995', 3, 3), ('random_sample-87b9ffb98dc50a3190be56e0a23fbb42', 3, 9), ('random_sample-87b9ffb98dc50a3190be56e0a23fbb42', 5, 6), ('random_sample-87b9ffb98dc50a3190be56e0a23fbb42', 1, 5), ('random_sample-87b9ffb98dc50a3190be56e0a23fbb42', 7, 0), ('random_sample-87b9ffb98dc50a3190be56e0a23fbb42', 9, 9), ('random_sample-87b9ffb98dc50a3190be56e0a23fbb42', 0, 6), ('random_sample-87b9ffb98dc50a3190be56e0a23fbb42', 5, 2), ('random_sample-87b9ffb98dc50a3190be56e0a23fbb42', 4, 6), ('random_sample-87b9ffb98dc50a3190be56e0a23fbb42', 1, 1), ('random_sample-87b9ffb98dc50a3190be56e0a23fbb42', 2, 6), ('random_sample-87b9ffb98dc50a3190be56e0a23fbb42', 6, 0), ('random_sample-87b9ffb98dc50a3190be56e0a23fbb42', 6, 3), ('random_sample-87b9ffb98dc50a3190be56e0a23fbb42', 7, 8), ('random_sample-87b9ffb98dc50a3190be56e0a23fbb42', 8, 9), ('sum-259cdd5a47e6f032184626ea3434c995', 6, 0), ('random_sample-87b9ffb98dc50a3190be56e0a23fbb42', 2, 2), ('random_sample-87b9ffb98dc50a3190be56e0a23fbb42', 8, 2), ('random_sample-87b9ffb98dc50a3190be56e0a23fbb42', 7, 4), ('random_sample-87b9ffb98dc50a3190be56e0a23fbb42', 9, 4), ('random_sample-87b9ffb98dc50a3190be56e0a23fbb42', 0, 1), ('random_sample-87b9ffb98dc50a3190be56e0a23fbb42', 3, 3)} (stimulus_id='handle-worker-cleanup-1725517042.2637155')
2024-09-05 06:17:22,263 - distributed.worker - ERROR - Worker stream died during communication: ucx://127.0.0.1:41203
Traceback (most recent call last):
  File "/opt/conda/envs/gdf/lib/python3.10/site-packages/distributed/comm/ucx.py", line 351, in read
    await self.ep.recv(msg)
  File "/opt/conda/envs/gdf/lib/python3.10/site-packages/ucp/core.py", line 737, in recv
    ret = await comm.tag_recv(self._ep, buffer, nbytes, tag, name=log)
ucp._libs.exceptions.UCXCanceled: <[Recv #003] ep: 0x7f178985f100, tag: 0x11fc6a50ce743c5b, nbytes: 16, type: <class 'numpy.ndarray'>>: 

During handling of the above exception, another exception occurred:

Traceback (most recent call last):
  File "/opt/conda/envs/gdf/lib/python3.10/site-packages/distributed/worker.py", line 2056, in gather_dep
    response = await get_data_from_worker(
  File "/opt/conda/envs/gdf/lib/python3.10/site-packages/distributed/worker.py", line 2874, in get_data_from_worker
    response = await send_recv(
  File "/opt/conda/envs/gdf/lib/python3.10/site-packages/distributed/core.py", line 1015, in send_recv
    response = await comm.read(deserializers=deserializers)
  File "/opt/conda/envs/gdf/lib/python3.10/site-packages/distributed/utils.py", line 806, in wrapper
    return await func(*args, **kwargs)
  File "/opt/conda/envs/gdf/lib/python3.10/site-packages/distributed/comm/ucx.py", line 369, in read
    raise CommClosedError(
distributed.comm.core.CommClosedError: Connection closed by writer.
Inner exception: UCXCanceled("<[Recv #003] ep: 0x7f178985f100, tag: 0x11fc6a50ce743c5b, nbytes: 16, type: <class 'numpy.ndarray'>>: ")
2024-09-05 06:17:22,264 - distributed.worker - ERROR - failed during get data with ucx://127.0.0.1:60369 -> ucx://127.0.0.1:41203
Traceback (most recent call last):
  File "/opt/conda/envs/gdf/lib/python3.10/site-packages/distributed/comm/ucx.py", line 335, in write
    await self.ep.send(each_frame)
  File "/opt/conda/envs/gdf/lib/python3.10/site-packages/ucp/core.py", line 662, in send
    return await comm.tag_send(self._ep, buffer, nbytes, tag, name=log)
ucp._libs.exceptions.UCXError: <[Send #007] ep: 0x7fa221512300, tag: 0x431af194beca756c, nbytes: 50000000, type: <class 'cupy.ndarray'>>: Connection reset by remote peer

During handling of the above exception, another exception occurred:

Traceback (most recent call last):
  File "/opt/conda/envs/gdf/lib/python3.10/site-packages/distributed/worker.py", line 1777, in get_data
    compressed = await comm.write(msg, serializers=serializers)
  File "/opt/conda/envs/gdf/lib/python3.10/site-packages/distributed/utils.py", line 806, in wrapper
    return await func(*args, **kwargs)
  File "/opt/conda/envs/gdf/lib/python3.10/site-packages/distributed/comm/ucx.py", line 339, in write
    raise CommClosedError("While writing, the connection was closed")
distributed.comm.core.CommClosedError: While writing, the connection was closed
2024-09-05 06:17:22,264 - distributed.worker - ERROR - Worker stream died during communication: ucx://127.0.0.1:41203
Traceback (most recent call last):
  File "/opt/conda/envs/gdf/lib/python3.10/site-packages/distributed/comm/ucx.py", line 351, in read
    await self.ep.recv(msg)
  File "/opt/conda/envs/gdf/lib/python3.10/site-packages/ucp/core.py", line 737, in recv
    ret = await comm.tag_recv(self._ep, buffer, nbytes, tag, name=log)
ucp._libs.exceptions.UCXCanceled: <[Recv #003] ep: 0x7f36dcca0340, tag: 0xa81008046475aea3, nbytes: 16, type: <class 'numpy.ndarray'>>: 

During handling of the above exception, another exception occurred:

Traceback (most recent call last):
  File "/opt/conda/envs/gdf/lib/python3.10/site-packages/distributed/worker.py", line 2056, in gather_dep
    response = await get_data_from_worker(
  File "/opt/conda/envs/gdf/lib/python3.10/site-packages/distributed/worker.py", line 2874, in get_data_from_worker
    response = await send_recv(
  File "/opt/conda/envs/gdf/lib/python3.10/site-packages/distributed/core.py", line 1015, in send_recv
    response = await comm.read(deserializers=deserializers)
  File "/opt/conda/envs/gdf/lib/python3.10/site-packages/distributed/utils.py", line 806, in wrapper
    return await func(*args, **kwargs)
  File "/opt/conda/envs/gdf/lib/python3.10/site-packages/distributed/comm/ucx.py", line 369, in read
    raise CommClosedError(
distributed.comm.core.CommClosedError: Connection closed by writer.
Inner exception: UCXCanceled("<[Recv #003] ep: 0x7f36dcca0340, tag: 0xa81008046475aea3, nbytes: 16, type: <class 'numpy.ndarray'>>: ")
2024-09-05 06:17:22,356 - distributed.nanny - WARNING - Restarting worker
[dgx13:98112:0:98112] Caught signal 11 (Segmentation fault: address not mapped to object at address 0x450)
==== backtrace (tid:  98112) ====
 0  /opt/conda/envs/gdf/lib/libucs.so.0(ucs_handle_error+0x2fd) [0x7f9b1082bcfd]
 1  /opt/conda/envs/gdf/lib/libucs.so.0(+0x2def4) [0x7f9b1082bef4]
 2  /opt/conda/envs/gdf/lib/libucs.so.0(+0x2e0ba) [0x7f9b1082c0ba]
 3  /usr/lib/x86_64-linux-gnu/libpthread.so.0(+0x14420) [0x7f9b3f062420]
 4  /opt/conda/envs/gdf/lib/libucp.so.0(ucp_mem_type_unpack+0x17) [0x7f9b108af197]
 5  /opt/conda/envs/gdf/lib/libucp.so.0(ucp_rndv_data_handler+0x65d) [0x7f9b108d964d]
 6  /opt/conda/envs/gdf/lib/libuct.so.0(+0x21bdf) [0x7f9b107e1bdf]
 7  /opt/conda/envs/gdf/lib/libuct.so.0(+0x24db8) [0x7f9b107e4db8]
 8  /opt/conda/envs/gdf/lib/libucs.so.0(ucs_event_set_wait+0xb9) [0x7f9b10835619]
 9  /opt/conda/envs/gdf/lib/libuct.so.0(uct_tcp_iface_progress+0x7d) [0x7f9b107e3ecd]
10  /opt/conda/envs/gdf/lib/libucp.so.0(ucp_worker_progress+0x5a) [0x7f9b108abeea]
11  /opt/conda/envs/gdf/lib/python3.10/site-packages/ucp/_libs/ucx_api.cpython-310-x86_64-linux-gnu.so(+0x31d7a) [0x7f9b1096cd7a]
12  /opt/conda/envs/gdf/bin/python(_PyEval_EvalFrameDefault+0x2d83) [0x55dec4a642b3]
13  /opt/conda/envs/gdf/bin/python(_PyFunction_Vectorcall+0x6c) [0x55dec4a71a2c]
14  /opt/conda/envs/gdf/bin/python(_PyEval_EvalFrameDefault+0x72c) [0x55dec4a61c5c]
15  /opt/conda/envs/gdf/bin/python(+0x150804) [0x55dec4a7d804]
16  /opt/conda/envs/gdf/bin/python(+0x25f60c) [0x55dec4b8c60c]
17  /opt/conda/envs/gdf/bin/python(+0xfdd90) [0x55dec4a2ad90]
18  /opt/conda/envs/gdf/bin/python(+0x13c2a3) [0x55dec4a692a3]
19  /opt/conda/envs/gdf/bin/python(_PyEval_EvalFrameDefault+0x5cd5) [0x55dec4a67205]
20  /opt/conda/envs/gdf/bin/python(_PyFunction_Vectorcall+0x6c) [0x55dec4a71a2c]
21  /opt/conda/envs/gdf/bin/python(_PyEval_EvalFrameDefault+0x72c) [0x55dec4a61c5c]
22  /opt/conda/envs/gdf/bin/python(_PyFunction_Vectorcall+0x6c) [0x55dec4a71a2c]
23  /opt/conda/envs/gdf/bin/python(_PyEval_EvalFrameDefault+0x72c) [0x55dec4a61c5c]
24  /opt/conda/envs/gdf/bin/python(_PyFunction_Vectorcall+0x6c) [0x55dec4a71a2c]
25  /opt/conda/envs/gdf/bin/python(_PyEval_EvalFrameDefault+0x72c) [0x55dec4a61c5c]
26  /opt/conda/envs/gdf/bin/python(_PyFunction_Vectorcall+0x6c) [0x55dec4a71a2c]
27  /opt/conda/envs/gdf/bin/python(_PyEval_EvalFrameDefault+0x72c) [0x55dec4a61c5c]
28  /opt/conda/envs/gdf/bin/python(_PyFunction_Vectorcall+0x6c) [0x55dec4a71a2c]
29  /opt/conda/envs/gdf/bin/python(_PyEval_EvalFrameDefault+0x13ca) [0x55dec4a628fa]
30  /opt/conda/envs/gdf/bin/python(+0x150582) [0x55dec4a7d582]
31  /opt/conda/envs/gdf/bin/python(PyObject_Call+0xbc) [0x55dec4a7df1c]
32  /opt/conda/envs/gdf/bin/python(+0x20a9ae) [0x55dec4b379ae]
33  /opt/conda/envs/gdf/bin/python(_PyObject_MakeTpCall+0x26b) [0x55dec4a6aa6b]
34  /opt/conda/envs/gdf/bin/python(_PyEval_EvalFrameDefault+0x2d83) [0x55dec4a642b3]
35  /opt/conda/envs/gdf/bin/python(+0x1506d8) [0x55dec4a7d6d8]
36  /opt/conda/envs/gdf/bin/python(_PyEval_EvalFrameDefault+0x2d83) [0x55dec4a642b3]
37  /opt/conda/envs/gdf/bin/python(_PyFunction_Vectorcall+0x6c) [0x55dec4a71a2c]
38  /opt/conda/envs/gdf/bin/python(_PyEval_EvalFrameDefault+0x72c) [0x55dec4a61c5c]
39  /opt/conda/envs/gdf/bin/python(_PyFunction_Vectorcall+0x6c) [0x55dec4a71a2c]
40  /opt/conda/envs/gdf/bin/python(_PyEval_EvalFrameDefault+0x72c) [0x55dec4a61c5c]
41  /opt/conda/envs/gdf/bin/python(_PyFunction_Vectorcall+0x6c) [0x55dec4a71a2c]
42  /opt/conda/envs/gdf/bin/python(_PyEval_EvalFrameDefault+0x320) [0x55dec4a61850]
43  /opt/conda/envs/gdf/bin/python(_PyFunction_Vectorcall+0x6c) [0x55dec4a71a2c]
44  /opt/conda/envs/gdf/bin/python(_PyEval_EvalFrameDefault+0x13ca) [0x55dec4a628fa]
45  /opt/conda/envs/gdf/bin/python(+0x1d7c60) [0x55dec4b04c60]
46  /opt/conda/envs/gdf/bin/python(PyEval_EvalCode+0x87) [0x55dec4b04ba7]
47  /opt/conda/envs/gdf/bin/python(+0x20812a) [0x55dec4b3512a]
48  /opt/conda/envs/gdf/bin/python(+0x203523) [0x55dec4b30523]
49  /opt/conda/envs/gdf/bin/python(PyRun_StringFlags+0x7d) [0x55dec4b2891d]
50  /opt/conda/envs/gdf/bin/python(PyRun_SimpleStringFlags+0x3c) [0x55dec4b2875c]
51  /opt/conda/envs/gdf/bin/python(Py_RunMain+0x26b) [0x55dec4b2766b]
52  /opt/conda/envs/gdf/bin/python(Py_BytesMain+0x37) [0x55dec4af81f7]
53  /usr/lib/x86_64-linux-gnu/libc.so.6(__libc_start_main+0xf3) [0x7f9b3ed26083]
54  /opt/conda/envs/gdf/bin/python(+0x1cb0f1) [0x55dec4af80f1]
=================================
2024-09-05 06:17:22,914 - distributed.worker - ERROR - failed during get data with ucx://127.0.0.1:59809 -> ucx://127.0.0.1:48101
Traceback (most recent call last):
  File "/opt/conda/envs/gdf/lib/python3.10/site-packages/distributed/comm/ucx.py", line 335, in write
    await self.ep.send(each_frame)
  File "/opt/conda/envs/gdf/lib/python3.10/site-packages/ucp/core.py", line 662, in send
    return await comm.tag_send(self._ep, buffer, nbytes, tag, name=log)
ucp._libs.exceptions.UCXError: <[Send #012] ep: 0x7f36dcca0340, tag: 0xcd6f8fbfa29c5390, nbytes: 50000000, type: <class 'cupy.ndarray'>>: Connection reset by remote peer

During handling of the above exception, another exception occurred:

Traceback (most recent call last):
  File "/opt/conda/envs/gdf/lib/python3.10/site-packages/distributed/worker.py", line 1777, in get_data
    compressed = await comm.write(msg, serializers=serializers)
  File "/opt/conda/envs/gdf/lib/python3.10/site-packages/distributed/utils.py", line 806, in wrapper
    return await func(*args, **kwargs)
  File "/opt/conda/envs/gdf/lib/python3.10/site-packages/distributed/comm/ucx.py", line 339, in write
    raise CommClosedError("While writing, the connection was closed")
distributed.comm.core.CommClosedError: While writing, the connection was closed
2024-09-05 06:17:22,915 - distributed.scheduler - WARNING - Removing worker 'ucx://127.0.0.1:48101' caused the cluster to lose already computed task(s), which will be recomputed elsewhere: {('random_sample-87b9ffb98dc50a3190be56e0a23fbb42', 7, 2), ('sum-259cdd5a47e6f032184626ea3434c995', 7, 3), ('sum-partial-79a2b682e09421bb914452e519e89085', 0, 1), ('random_sample-87b9ffb98dc50a3190be56e0a23fbb42', 8, 9), ('sum-259cdd5a47e6f032184626ea3434c995', 9, 9), ('sum-259cdd5a47e6f032184626ea3434c995', 7, 2), ('sum-259cdd5a47e6f032184626ea3434c995', 2, 7), ('sum-259cdd5a47e6f032184626ea3434c995', 9, 4), ('sum-partial-79a2b682e09421bb914452e519e89085', 1, 0), ('random_sample-87b9ffb98dc50a3190be56e0a23fbb42', 9, 4), ('random_sample-87b9ffb98dc50a3190be56e0a23fbb42', 7, 3), ('random_sample-87b9ffb98dc50a3190be56e0a23fbb42', 9, 9), ('sum-259cdd5a47e6f032184626ea3434c995', 4, 9), ('sum-259cdd5a47e6f032184626ea3434c995', 3, 7)} (stimulus_id='handle-worker-cleanup-1725517042.9148834')
2024-09-05 06:17:23,063 - distributed.nanny - WARNING - Restarting worker
2024-09-05 06:17:24,792 - distributed.worker.state_machine - WARNING - Async instruction for <Task cancelled name="execute(('random_sample-87b9ffb98dc50a3190be56e0a23fbb42', 9, 9))" coro=<Worker.execute() done, defined at /opt/conda/envs/gdf/lib/python3.10/site-packages/distributed/worker_state_machine.py:3609>> ended with CancelledError
2024-09-05 06:17:25,694 - distributed.worker.state_machine - WARNING - Async instruction for <Task cancelled name="execute(('random_sample-87b9ffb98dc50a3190be56e0a23fbb42', 9, 9))" coro=<Worker.execute() done, defined at /opt/conda/envs/gdf/lib/python3.10/site-packages/distributed/worker_state_machine.py:3609>> ended with CancelledError
2024-09-05 06:17:25,745 - distributed.worker.state_machine - WARNING - Async instruction for <Task cancelled name="execute(('random_sample-87b9ffb98dc50a3190be56e0a23fbb42', 9, 9))" coro=<Worker.execute() done, defined at /opt/conda/envs/gdf/lib/python3.10/site-packages/distributed/worker_state_machine.py:3609>> ended with CancelledError
2024-09-05 06:17:26,402 - distributed.worker.state_machine - WARNING - Async instruction for <Task cancelled name="execute(('random_sample-87b9ffb98dc50a3190be56e0a23fbb42', 9, 9))" coro=<Worker.execute() done, defined at /opt/conda/envs/gdf/lib/python3.10/site-packages/distributed/worker_state_machine.py:3609>> ended with CancelledError
2024-09-05 06:17:26,404 - distributed.scheduler - ERROR - Task ('random_sample-87b9ffb98dc50a3190be56e0a23fbb42', 9, 4) marked as failed because 4 workers died while trying to run it
2024-09-05 06:17:26,404 - distributed.scheduler - ERROR - Task ('random_sample-87b9ffb98dc50a3190be56e0a23fbb42', 9, 9) marked as failed because 4 workers died while trying to run it
/opt/conda/envs/gdf/lib/python3.10/multiprocessing/resource_tracker.py:224: UserWarning: resource_tracker: There appear to be 24 leaked semaphore objects to clean up at shutdown
  warnings.warn('resource_tracker: There appear to be %d '
