[dgx13:88382:0:88382] Caught signal 11 (Segmentation fault: address not mapped to object at address 0x450)
==== backtrace (tid:  88382) ====
 0  /opt/conda/envs/gdf/lib/libucs.so.0(ucs_handle_error+0x2fd) [0x7f13232deeed]
 1  /opt/conda/envs/gdf/lib/libucs.so.0(+0x2c0e4) [0x7f13232df0e4]
 2  /opt/conda/envs/gdf/lib/libucs.so.0(+0x2c2aa) [0x7f13232df2aa]
 3  /usr/lib/x86_64-linux-gnu/libpthread.so.0(+0x14420) [0x7f135fd66420]
 4  /opt/conda/envs/gdf/lib/libucp.so.0(ucp_mem_type_unpack+0x17) [0x7f13233607c7]
 5  /opt/conda/envs/gdf/lib/libucp.so.0(ucp_rndv_data_handler+0x65d) [0x7f132338927d]
 6  /opt/conda/envs/gdf/lib/libuct.so.0(+0x2096f) [0x7f132329796f]
 7  /opt/conda/envs/gdf/lib/libuct.so.0(+0x23b48) [0x7f132329ab48]
 8  /opt/conda/envs/gdf/lib/libucs.so.0(ucs_event_set_wait+0xb9) [0x7f13232e8639]
 9  /opt/conda/envs/gdf/lib/libuct.so.0(uct_tcp_iface_progress+0x7d) [0x7f1323299c5d]
10  /opt/conda/envs/gdf/lib/libucp.so.0(ucp_worker_progress+0x5a) [0x7f132335d6ca]
11  /opt/conda/envs/gdf/lib/python3.10/site-packages/ucp/_libs/ucx_api.cpython-310-x86_64-linux-gnu.so(+0x31d7a) [0x7f132341bd7a]
12  /opt/conda/envs/gdf/bin/python(_PyEval_EvalFrameDefault+0x2d83) [0x5636278d42b3]
13  /opt/conda/envs/gdf/bin/python(_PyFunction_Vectorcall+0x6c) [0x5636278e1a2c]
14  /opt/conda/envs/gdf/bin/python(_PyEval_EvalFrameDefault+0x72c) [0x5636278d1c5c]
15  /opt/conda/envs/gdf/bin/python(+0x150804) [0x5636278ed804]
16  /opt/conda/envs/gdf/bin/python(+0x25f60c) [0x5636279fc60c]
17  /opt/conda/envs/gdf/bin/python(+0xfdd90) [0x56362789ad90]
18  /opt/conda/envs/gdf/bin/python(+0x13c2a3) [0x5636278d92a3]
19  /opt/conda/envs/gdf/bin/python(_PyEval_EvalFrameDefault+0x5cd5) [0x5636278d7205]
20  /opt/conda/envs/gdf/bin/python(_PyFunction_Vectorcall+0x6c) [0x5636278e1a2c]
21  /opt/conda/envs/gdf/bin/python(_PyEval_EvalFrameDefault+0x72c) [0x5636278d1c5c]
22  /opt/conda/envs/gdf/bin/python(_PyFunction_Vectorcall+0x6c) [0x5636278e1a2c]
23  /opt/conda/envs/gdf/bin/python(_PyEval_EvalFrameDefault+0x72c) [0x5636278d1c5c]
24  /opt/conda/envs/gdf/bin/python(_PyFunction_Vectorcall+0x6c) [0x5636278e1a2c]
25  /opt/conda/envs/gdf/bin/python(_PyEval_EvalFrameDefault+0x72c) [0x5636278d1c5c]
26  /opt/conda/envs/gdf/bin/python(_PyFunction_Vectorcall+0x6c) [0x5636278e1a2c]
27  /opt/conda/envs/gdf/bin/python(_PyEval_EvalFrameDefault+0x72c) [0x5636278d1c5c]
28  /opt/conda/envs/gdf/bin/python(_PyFunction_Vectorcall+0x6c) [0x5636278e1a2c]
29  /opt/conda/envs/gdf/bin/python(_PyEval_EvalFrameDefault+0x13ca) [0x5636278d28fa]
30  /opt/conda/envs/gdf/bin/python(+0x150582) [0x5636278ed582]
31  /opt/conda/envs/gdf/bin/python(PyObject_Call+0xbc) [0x5636278edf1c]
32  /opt/conda/envs/gdf/bin/python(+0x20a9ae) [0x5636279a79ae]
33  /opt/conda/envs/gdf/bin/python(_PyObject_MakeTpCall+0x26b) [0x5636278daa6b]
34  /opt/conda/envs/gdf/bin/python(_PyEval_EvalFrameDefault+0x2d83) [0x5636278d42b3]
35  /opt/conda/envs/gdf/bin/python(+0x1506d8) [0x5636278ed6d8]
36  /opt/conda/envs/gdf/bin/python(_PyEval_EvalFrameDefault+0x2d83) [0x5636278d42b3]
37  /opt/conda/envs/gdf/bin/python(_PyFunction_Vectorcall+0x6c) [0x5636278e1a2c]
38  /opt/conda/envs/gdf/bin/python(_PyEval_EvalFrameDefault+0x72c) [0x5636278d1c5c]
39  /opt/conda/envs/gdf/bin/python(_PyFunction_Vectorcall+0x6c) [0x5636278e1a2c]
40  /opt/conda/envs/gdf/bin/python(_PyEval_EvalFrameDefault+0x72c) [0x5636278d1c5c]
41  /opt/conda/envs/gdf/bin/python(_PyFunction_Vectorcall+0x6c) [0x5636278e1a2c]
42  /opt/conda/envs/gdf/bin/python(_PyEval_EvalFrameDefault+0x320) [0x5636278d1850]
43  /opt/conda/envs/gdf/bin/python(_PyFunction_Vectorcall+0x6c) [0x5636278e1a2c]
44  /opt/conda/envs/gdf/bin/python(_PyEval_EvalFrameDefault+0x13ca) [0x5636278d28fa]
45  /opt/conda/envs/gdf/bin/python(+0x1d7c60) [0x563627974c60]
46  /opt/conda/envs/gdf/bin/python(PyEval_EvalCode+0x87) [0x563627974ba7]
47  /opt/conda/envs/gdf/bin/python(+0x20812a) [0x5636279a512a]
48  /opt/conda/envs/gdf/bin/python(+0x203523) [0x5636279a0523]
49  /opt/conda/envs/gdf/bin/python(PyRun_StringFlags+0x7d) [0x56362799891d]
50  /opt/conda/envs/gdf/bin/python(PyRun_SimpleStringFlags+0x3c) [0x56362799875c]
51  /opt/conda/envs/gdf/bin/python(Py_RunMain+0x26b) [0x56362799766b]
52  /opt/conda/envs/gdf/bin/python(Py_BytesMain+0x37) [0x5636279681f7]
53  /usr/lib/x86_64-linux-gnu/libc.so.6(__libc_start_main+0xf3) [0x7f135fa2a083]
54  /opt/conda/envs/gdf/bin/python(+0x1cb0f1) [0x5636279680f1]
=================================
[dgx13:88375:0:88375] Caught signal 11 (Segmentation fault: address not mapped to object at address 0x450)
==== backtrace (tid:  88375) ====
 0  /opt/conda/envs/gdf/lib/libucs.so.0(ucs_handle_error+0x2fd) [0x7fcea002deed]
 1  /opt/conda/envs/gdf/lib/libucs.so.0(+0x2c0e4) [0x7fcea002e0e4]
 2  /opt/conda/envs/gdf/lib/libucs.so.0(+0x2c2aa) [0x7fcea002e2aa]
 3  /usr/lib/x86_64-linux-gnu/libpthread.so.0(+0x14420) [0x7fcedbdfd420]
 4  /opt/conda/envs/gdf/lib/libucp.so.0(ucp_mem_type_unpack+0x17) [0x7fce8f37d7c7]
 5  /opt/conda/envs/gdf/lib/libucp.so.0(ucp_rndv_data_handler+0x65d) [0x7fce8f3a627d]
 6  /opt/conda/envs/gdf/lib/libuct.so.0(+0x2096f) [0x7fce8f31696f]
 7  /opt/conda/envs/gdf/lib/libuct.so.0(+0x23b48) [0x7fce8f319b48]
 8  /opt/conda/envs/gdf/lib/libucs.so.0(ucs_event_set_wait+0xb9) [0x7fcea0037639]
 9  /opt/conda/envs/gdf/lib/libuct.so.0(uct_tcp_iface_progress+0x7d) [0x7fce8f318c5d]
10  /opt/conda/envs/gdf/lib/libucp.so.0(ucp_worker_progress+0x5a) [0x7fce8f37a6ca]
11  /opt/conda/envs/gdf/lib/python3.10/site-packages/ucp/_libs/ucx_api.cpython-310-x86_64-linux-gnu.so(+0x31d7a) [0x7fce8f438d7a]
12  /opt/conda/envs/gdf/bin/python(_PyEval_EvalFrameDefault+0x2d83) [0x55b2610d82b3]
13  /opt/conda/envs/gdf/bin/python(_PyFunction_Vectorcall+0x6c) [0x55b2610e5a2c]
14  /opt/conda/envs/gdf/bin/python(_PyEval_EvalFrameDefault+0x72c) [0x55b2610d5c5c]
15  /opt/conda/envs/gdf/bin/python(+0x150804) [0x55b2610f1804]
16  /opt/conda/envs/gdf/bin/python(+0x25f60c) [0x55b26120060c]
17  /opt/conda/envs/gdf/bin/python(+0xfdd90) [0x55b26109ed90]
18  /opt/conda/envs/gdf/bin/python(+0x13c2a3) [0x55b2610dd2a3]
19  /opt/conda/envs/gdf/bin/python(_PyEval_EvalFrameDefault+0x5cd5) [0x55b2610db205]
20  /opt/conda/envs/gdf/bin/python(_PyFunction_Vectorcall+0x6c) [0x55b2610e5a2c]
21  /opt/conda/envs/gdf/bin/python(_PyEval_EvalFrameDefault+0x72c) [0x55b2610d5c5c]
22  /opt/conda/envs/gdf/bin/python(_PyFunction_Vectorcall+0x6c) [0x55b2610e5a2c]
23  /opt/conda/envs/gdf/bin/python(_PyEval_EvalFrameDefault+0x72c) [0x55b2610d5c5c]
24  /opt/conda/envs/gdf/bin/python(_PyFunction_Vectorcall+0x6c) [0x55b2610e5a2c]
25  /opt/conda/envs/gdf/bin/python(_PyEval_EvalFrameDefault+0x72c) [0x55b2610d5c5c]
26  /opt/conda/envs/gdf/bin/python(_PyFunction_Vectorcall+0x6c) [0x55b2610e5a2c]
27  /opt/conda/envs/gdf/bin/python(_PyEval_EvalFrameDefault+0x72c) [0x55b2610d5c5c]
28  /opt/conda/envs/gdf/bin/python(_PyFunction_Vectorcall+0x6c) [0x55b2610e5a2c]
29  /opt/conda/envs/gdf/bin/python(_PyEval_EvalFrameDefault+0x13ca) [0x55b2610d68fa]
30  /opt/conda/envs/gdf/bin/python(+0x150582) [0x55b2610f1582]
31  /opt/conda/envs/gdf/bin/python(PyObject_Call+0xbc) [0x55b2610f1f1c]
32  /opt/conda/envs/gdf/bin/python(+0x20a9ae) [0x55b2611ab9ae]
33  /opt/conda/envs/gdf/bin/python(_PyObject_MakeTpCall+0x26b) [0x55b2610dea6b]
34  /opt/conda/envs/gdf/bin/python(_PyEval_EvalFrameDefault+0x2d83) [0x55b2610d82b3]
35  /opt/conda/envs/gdf/bin/python(+0x1506d8) [0x55b2610f16d8]
36  /opt/conda/envs/gdf/bin/python(_PyEval_EvalFrameDefault+0x2d83) [0x55b2610d82b3]
37  /opt/conda/envs/gdf/bin/python(_PyFunction_Vectorcall+0x6c) [0x55b2610e5a2c]
38  /opt/conda/envs/gdf/bin/python(_PyEval_EvalFrameDefault+0x72c) [0x55b2610d5c5c]
39  /opt/conda/envs/gdf/bin/python(_PyFunction_Vectorcall+0x6c) [0x55b2610e5a2c]
40  /opt/conda/envs/gdf/bin/python(_PyEval_EvalFrameDefault+0x72c) [0x55b2610d5c5c]
41  /opt/conda/envs/gdf/bin/python(_PyFunction_Vectorcall+0x6c) [0x55b2610e5a2c]
42  /opt/conda/envs/gdf/bin/python(_PyEval_EvalFrameDefault+0x320) [0x55b2610d5850]
43  /opt/conda/envs/gdf/bin/python(_PyFunction_Vectorcall+0x6c) [0x55b2610e5a2c]
44  /opt/conda/envs/gdf/bin/python(_PyEval_EvalFrameDefault+0x13ca) [0x55b2610d68fa]
45  /opt/conda/envs/gdf/bin/python(+0x1d7c60) [0x55b261178c60]
46  /opt/conda/envs/gdf/bin/python(PyEval_EvalCode+0x87) [0x55b261178ba7]
47  /opt/conda/envs/gdf/bin/python(+0x20812a) [0x55b2611a912a]
48  /opt/conda/envs/gdf/bin/python(+0x203523) [0x55b2611a4523]
49  /opt/conda/envs/gdf/bin/python(PyRun_StringFlags+0x7d) [0x55b26119c91d]
50  /opt/conda/envs/gdf/bin/python(PyRun_SimpleStringFlags+0x3c) [0x55b26119c75c]
51  /opt/conda/envs/gdf/bin/python(Py_RunMain+0x26b) [0x55b26119b66b]
52  /opt/conda/envs/gdf/bin/python(Py_BytesMain+0x37) [0x55b26116c1f7]
53  /usr/lib/x86_64-linux-gnu/libc.so.6(__libc_start_main+0xf3) [0x7fcedbac1083]
54  /opt/conda/envs/gdf/bin/python(+0x1cb0f1) [0x55b26116c0f1]
=================================
[dgx13:88379:0:88379] Caught signal 11 (Segmentation fault: address not mapped to object at address 0x450)
[dgx13:88358:0:88358] Caught signal 11 (Segmentation fault: address not mapped to object at address 0x450)
==== backtrace (tid:  88379) ====
 0  /opt/conda/envs/gdf/lib/libucs.so.0(ucs_handle_error+0x2fd) [0x7f84759fceed]
 1  /opt/conda/envs/gdf/lib/libucs.so.0(+0x2c0e4) [0x7f84759fd0e4]
 2  /opt/conda/envs/gdf/lib/libucs.so.0(+0x2c2aa) [0x7f84759fd2aa]
 3  /usr/lib/x86_64-linux-gnu/libpthread.so.0(+0x14420) [0x7f84cc4a7420]
 4  /opt/conda/envs/gdf/lib/libucp.so.0(ucp_mem_type_unpack+0x17) [0x7f8475a7e7c7]
 5  /opt/conda/envs/gdf/lib/libucp.so.0(ucp_rndv_data_handler+0x65d) [0x7f8475aa727d]
 6  /opt/conda/envs/gdf/lib/libuct.so.0(+0x2096f) [0x7f84759b596f]
 7  /opt/conda/envs/gdf/lib/libuct.so.0(+0x23b48) [0x7f84759b8b48]
 8  /opt/conda/envs/gdf/lib/libucs.so.0(ucs_event_set_wait+0xb9) [0x7f8475a06639]
 9  /opt/conda/envs/gdf/lib/libuct.so.0(uct_tcp_iface_progress+0x7d) [0x7f84759b7c5d]
10  /opt/conda/envs/gdf/lib/libucp.so.0(ucp_worker_progress+0x5a) [0x7f8475a7b6ca]
11  /opt/conda/envs/gdf/lib/python3.10/site-packages/ucp/_libs/ucx_api.cpython-310-x86_64-linux-gnu.so(+0x31d7a) [0x7f8475b39d7a]
12  /opt/conda/envs/gdf/bin/python(_PyEval_EvalFrameDefault+0x2d83) [0x5568ae7c92b3]
13  /opt/conda/envs/gdf/bin/python(_PyFunction_Vectorcall+0x6c) [0x5568ae7d6a2c]
14  /opt/conda/envs/gdf/bin/python(_PyEval_EvalFrameDefault+0x72c) [0x5568ae7c6c5c]
15  /opt/conda/envs/gdf/bin/python(+0x150804) [0x5568ae7e2804]
16  /opt/conda/envs/gdf/bin/python(+0x25f60c) [0x5568ae8f160c]
17  /opt/conda/envs/gdf/bin/python(+0xfdd90) [0x5568ae78fd90]
18  /opt/conda/envs/gdf/bin/python(+0x13c2a3) [0x5568ae7ce2a3]
19  /opt/conda/envs/gdf/bin/python(_PyEval_EvalFrameDefault+0x5cd5) [0x5568ae7cc205]
20  /opt/conda/envs/gdf/bin/python(_PyFunction_Vectorcall+0x6c) [0x5568ae7d6a2c]
21  /opt/conda/envs/gdf/bin/python(_PyEval_EvalFrameDefault+0x72c) [0x5568ae7c6c5c]
22  /opt/conda/envs/gdf/bin/python(_PyFunction_Vectorcall+0x6c) [0x5568ae7d6a2c]
23  /opt/conda/envs/gdf/bin/python(_PyEval_EvalFrameDefault+0x72c) [0x5568ae7c6c5c]
24  /opt/conda/envs/gdf/bin/python(_PyFunction_Vectorcall+0x6c) [0x5568ae7d6a2c]
25  /opt/conda/envs/gdf/bin/python(_PyEval_EvalFrameDefault+0x72c) [0x5568ae7c6c5c]
26  /opt/conda/envs/gdf/bin/python(_PyFunction_Vectorcall+0x6c) [0x5568ae7d6a2c]
27  /opt/conda/envs/gdf/bin/python(_PyEval_EvalFrameDefault+0x72c) [0x5568ae7c6c5c]
28  /opt/conda/envs/gdf/bin/python(_PyFunction_Vectorcall+0x6c) [0x5568ae7d6a2c]
29  /opt/conda/envs/gdf/bin/python(_PyEval_EvalFrameDefault+0x13ca) [0x5568ae7c78fa]
30  /opt/conda/envs/gdf/bin/python(+0x150582) [0x5568ae7e2582]
31  /opt/conda/envs/gdf/bin/python(PyObject_Call+0xbc) [0x5568ae7e2f1c]
32  /opt/conda/envs/gdf/bin/python(+0x20a9ae) [0x5568ae89c9ae]
33  /opt/conda/envs/gdf/bin/python(_PyObject_MakeTpCall+0x26b) [0x5568ae7cfa6b]
34  /opt/conda/envs/gdf/bin/python(_PyEval_EvalFrameDefault+0x2d83) [0x5568ae7c92b3]
35  /opt/conda/envs/gdf/bin/python(+0x1506d8) [0x5568ae7e26d8]
36  /opt/conda/envs/gdf/bin/python(_PyEval_EvalFrameDefault+0x2d83) [0x5568ae7c92b3]
37  /opt/conda/envs/gdf/bin/python(_PyFunction_Vectorcall+0x6c) [0x5568ae7d6a2c]
38  /opt/conda/envs/gdf/bin/python(_PyEval_EvalFrameDefault+0x72c) [0x5568ae7c6c5c]
39  /opt/conda/envs/gdf/bin/python(_PyFunction_Vectorcall+0x6c) [0x5568ae7d6a2c]
40  /opt/conda/envs/gdf/bin/python(_PyEval_EvalFrameDefault+0x72c) [0x5568ae7c6c5c]
41  /opt/conda/envs/gdf/bin/python(_PyFunction_Vectorcall+0x6c) [0x5568ae7d6a2c]
42  /opt/conda/envs/gdf/bin/python(_PyEval_EvalFrameDefault+0x320) [0x5568ae7c6850]
43  /opt/conda/envs/gdf/bin/python(_PyFunction_Vectorcall+0x6c) [0x5568ae7d6a2c]
44  /opt/conda/envs/gdf/bin/python(_PyEval_EvalFrameDefault+0x13ca) [0x5568ae7c78fa]
45  /opt/conda/envs/gdf/bin/python(+0x1d7c60) [0x5568ae869c60]
46  /opt/conda/envs/gdf/bin/python(PyEval_EvalCode+0x87) [0x5568ae869ba7]
47  /opt/conda/envs/gdf/bin/python(+0x20812a) [0x5568ae89a12a]
48  /opt/conda/envs/gdf/bin/python(+0x203523) [0x5568ae895523]
49  /opt/conda/envs/gdf/bin/python(PyRun_StringFlags+0x7d) [0x5568ae88d91d]
50  /opt/conda/envs/gdf/bin/python(PyRun_SimpleStringFlags+0x3c) [0x5568ae88d75c]
51  /opt/conda/envs/gdf/bin/python(Py_RunMain+0x26b) [0x5568ae88c66b]
52  /opt/conda/envs/gdf/bin/python(Py_BytesMain+0x37) [0x5568ae85d1f7]
53  /usr/lib/x86_64-linux-gnu/libc.so.6(__libc_start_main+0xf3) [0x7f84cc16b083]
54  /opt/conda/envs/gdf/bin/python(+0x1cb0f1) [0x5568ae85d0f1]
=================================
==== backtrace (tid:  88358) ====
 0  /opt/conda/envs/gdf/lib/libucs.so.0(ucs_handle_error+0x2fd) [0x7fef88f5aeed]
 1  /opt/conda/envs/gdf/lib/libucs.so.0(+0x2c0e4) [0x7fef88f5b0e4]
 2  /opt/conda/envs/gdf/lib/libucs.so.0(+0x2c2aa) [0x7fef88f5b2aa]
 3  /usr/lib/x86_64-linux-gnu/libpthread.so.0(+0x14420) [0x7fefc992d420]
 4  /opt/conda/envs/gdf/lib/libucp.so.0(ucp_mem_type_unpack+0x17) [0x7fef88fdc7c7]
 5  /opt/conda/envs/gdf/lib/libucp.so.0(ucp_rndv_data_handler+0x65d) [0x7fef8900527d]
 6  /opt/conda/envs/gdf/lib/libuct.so.0(+0x2096f) [0x7fef9c02a96f]
 7  /opt/conda/envs/gdf/lib/libuct.so.0(+0x23b48) [0x7fef9c02db48]
 8  /opt/conda/envs/gdf/lib/libucs.so.0(ucs_event_set_wait+0xb9) [0x7fef88f64639]
 9  /opt/conda/envs/gdf/lib/libuct.so.0(uct_tcp_iface_progress+0x7d) [0x7fef9c02cc5d]
10  /opt/conda/envs/gdf/lib/libucp.so.0(ucp_worker_progress+0x5a) [0x7fef88fd96ca]
11  /opt/conda/envs/gdf/lib/python3.10/site-packages/ucp/_libs/ucx_api.cpython-310-x86_64-linux-gnu.so(+0x31d7a) [0x7fef89097d7a]
12  /opt/conda/envs/gdf/bin/python(_PyEval_EvalFrameDefault+0x2d83) [0x5603fe4f82b3]
13  /opt/conda/envs/gdf/bin/python(_PyFunction_Vectorcall+0x6c) [0x5603fe505a2c]
14  /opt/conda/envs/gdf/bin/python(_PyEval_EvalFrameDefault+0x72c) [0x5603fe4f5c5c]
15  /opt/conda/envs/gdf/bin/python(+0x1e1384) [0x5603fe5a2384]
16  /opt/conda/envs/gdf/lib/python3.10/lib-dynload/_asyncio.cpython-310-x86_64-linux-gnu.so(+0x7bf6) [0x7fefb7482bf6]
17  /opt/conda/envs/gdf/bin/python(_PyObject_MakeTpCall+0x26b) [0x5603fe4fea6b]
18  /opt/conda/envs/gdf/bin/python(+0xfdd90) [0x5603fe4bed90]
19  /opt/conda/envs/gdf/bin/python(+0x13c2a3) [0x5603fe4fd2a3]
20  /opt/conda/envs/gdf/bin/python(_PyEval_EvalFrameDefault+0x5cd5) [0x5603fe4fb205]
21  /opt/conda/envs/gdf/bin/python(_PyFunction_Vectorcall+0x6c) [0x5603fe505a2c]
22  /opt/conda/envs/gdf/bin/python(_PyEval_EvalFrameDefault+0x72c) [0x5603fe4f5c5c]
23  /opt/conda/envs/gdf/bin/python(_PyFunction_Vectorcall+0x6c) [0x5603fe505a2c]
24  /opt/conda/envs/gdf/bin/python(_PyEval_EvalFrameDefault+0x72c) [0x5603fe4f5c5c]
25  /opt/conda/envs/gdf/bin/python(_PyFunction_Vectorcall+0x6c) [0x5603fe505a2c]
26  /opt/conda/envs/gdf/bin/python(_PyEval_EvalFrameDefault+0x72c) [0x5603fe4f5c5c]
27  /opt/conda/envs/gdf/bin/python(_PyFunction_Vectorcall+0x6c) [0x5603fe505a2c]
28  /opt/conda/envs/gdf/bin/python(_PyEval_EvalFrameDefault+0x72c) [0x5603fe4f5c5c]
29  /opt/conda/envs/gdf/bin/python(_PyFunction_Vectorcall+0x6c) [0x5603fe505a2c]
30  /opt/conda/envs/gdf/bin/python(_PyEval_EvalFrameDefault+0x13ca) [0x5603fe4f68fa]
31  /opt/conda/envs/gdf/bin/python(+0x150582) [0x5603fe511582]
32  /opt/conda/envs/gdf/bin/python(PyObject_Call+0xbc) [0x5603fe511f1c]
33  /opt/conda/envs/gdf/bin/python(+0x20a9ae) [0x5603fe5cb9ae]
34  /opt/conda/envs/gdf/bin/python(_PyObject_MakeTpCall+0x26b) [0x5603fe4fea6b]
35  /opt/conda/envs/gdf/bin/python(_PyEval_EvalFrameDefault+0x2d83) [0x5603fe4f82b3]
36  /opt/conda/envs/gdf/bin/python(+0x1506d8) [0x5603fe5116d8]
37  /opt/conda/envs/gdf/bin/python(_PyEval_EvalFrameDefault+0x2d83) [0x5603fe4f82b3]
38  /opt/conda/envs/gdf/bin/python(_PyFunction_Vectorcall+0x6c) [0x5603fe505a2c]
39  /opt/conda/envs/gdf/bin/python(_PyEval_EvalFrameDefault+0x72c) [0x5603fe4f5c5c]
40  /opt/conda/envs/gdf/bin/python(_PyFunction_Vectorcall+0x6c) [0x5603fe505a2c]
41  /opt/conda/envs/gdf/bin/python(_PyEval_EvalFrameDefault+0x72c) [0x5603fe4f5c5c]
42  /opt/conda/envs/gdf/bin/python(_PyFunction_Vectorcall+0x6c) [0x5603fe505a2c]
43  /opt/conda/envs/gdf/bin/python(_PyEval_EvalFrameDefault+0x320) [0x5603fe4f5850]
44  /opt/conda/envs/gdf/bin/python(_PyFunction_Vectorcall+0x6c) [0x5603fe505a2c]
45  /opt/conda/envs/gdf/bin/python(_PyEval_EvalFrameDefault+0x13ca) [0x5603fe4f68fa]
46  /opt/conda/envs/gdf/bin/python(+0x1d7c60) [0x5603fe598c60]
47  /opt/conda/envs/gdf/bin/python(PyEval_EvalCode+0x87) [0x5603fe598ba7]
48  /opt/conda/envs/gdf/bin/python(+0x20812a) [0x5603fe5c912a]
49  /opt/conda/envs/gdf/bin/python(+0x203523) [0x5603fe5c4523]
50  /opt/conda/envs/gdf/bin/python(PyRun_StringFlags+0x7d) [0x5603fe5bc91d]
51  /opt/conda/envs/gdf/bin/python(PyRun_SimpleStringFlags+0x3c) [0x5603fe5bc75c]
52  /opt/conda/envs/gdf/bin/python(Py_RunMain+0x26b) [0x5603fe5bb66b]
53  /opt/conda/envs/gdf/bin/python(Py_BytesMain+0x37) [0x5603fe58c1f7]
54  /usr/lib/x86_64-linux-gnu/libc.so.6(__libc_start_main+0xf3) [0x7fefc95f1083]
55  /opt/conda/envs/gdf/bin/python(+0x1cb0f1) [0x5603fe58c0f1]
=================================
2024-09-19 06:19:08,752 - distributed.scheduler - WARNING - Removing worker 'ucx://127.0.0.1:50589' caused the cluster to lose already computed task(s), which will be recomputed elsewhere: {('random_sample-1f10905d656c818c1179a38682a4532d', 8, 3), ('random_sample-1f10905d656c818c1179a38682a4532d', 4, 7), ('random_sample-1f10905d656c818c1179a38682a4532d', 0, 4), ('random_sample-1f10905d656c818c1179a38682a4532d', 8, 0), ('random_sample-1f10905d656c818c1179a38682a4532d', 5, 7), ('random_sample-1f10905d656c818c1179a38682a4532d', 7, 4), ('sum-8833ebd20638d8a9edb59886b5e8763b', 4, 7), ('random_sample-1f10905d656c818c1179a38682a4532d', 2, 9), ('sum-8833ebd20638d8a9edb59886b5e8763b', 7, 4), ('random_sample-1f10905d656c818c1179a38682a4532d', 6, 2), ('random_sample-1f10905d656c818c1179a38682a4532d', 1, 2), ('random_sample-1f10905d656c818c1179a38682a4532d', 9, 9), ('sum-8833ebd20638d8a9edb59886b5e8763b', 9, 9), ('random_sample-1f10905d656c818c1179a38682a4532d', 8, 2), ('random_sample-1f10905d656c818c1179a38682a4532d', 4, 5), ('random_sample-1f10905d656c818c1179a38682a4532d', 9, 1), ('random_sample-1f10905d656c818c1179a38682a4532d', 1, 7), ('random_sample-1f10905d656c818c1179a38682a4532d', 7, 8)} (stimulus_id='handle-worker-cleanup-1726726748.7521179')
2024-09-19 06:19:08,754 - distributed.worker - ERROR - Worker stream died during communication: ucx://127.0.0.1:50589
Traceback (most recent call last):
  File "/opt/conda/envs/gdf/lib/python3.10/site-packages/distributed/comm/ucx.py", line 351, in read
    await self.ep.recv(msg)
  File "/opt/conda/envs/gdf/lib/python3.10/site-packages/ucp/core.py", line 737, in recv
    ret = await comm.tag_recv(self._ep, buffer, nbytes, tag, name=log)
ucp._libs.exceptions.UCXCanceled: <[Recv #008] ep: 0x7f75e6fcc0c0, tag: 0xf5d4cfd7224b34eb, nbytes: 16, type: <class 'numpy.ndarray'>>: 

During handling of the above exception, another exception occurred:

Traceback (most recent call last):
  File "/opt/conda/envs/gdf/lib/python3.10/site-packages/distributed/worker.py", line 2056, in gather_dep
    response = await get_data_from_worker(
  File "/opt/conda/envs/gdf/lib/python3.10/site-packages/distributed/worker.py", line 2874, in get_data_from_worker
    response = await send_recv(
  File "/opt/conda/envs/gdf/lib/python3.10/site-packages/distributed/core.py", line 1015, in send_recv
    response = await comm.read(deserializers=deserializers)
  File "/opt/conda/envs/gdf/lib/python3.10/site-packages/distributed/utils.py", line 806, in wrapper
    return await func(*args, **kwargs)
  File "/opt/conda/envs/gdf/lib/python3.10/site-packages/distributed/comm/ucx.py", line 369, in read
    raise CommClosedError(
distributed.comm.core.CommClosedError: Connection closed by writer.
Inner exception: UCXCanceled("<[Recv #008] ep: 0x7f75e6fcc0c0, tag: 0xf5d4cfd7224b34eb, nbytes: 16, type: <class 'numpy.ndarray'>>: ")
2024-09-19 06:19:08,771 - distributed.scheduler - WARNING - Removing worker 'ucx://127.0.0.1:54495' caused the cluster to lose already computed task(s), which will be recomputed elsewhere: {('random_sample-1f10905d656c818c1179a38682a4532d', 3, 7), ('random_sample-1f10905d656c818c1179a38682a4532d', 8, 6), ('random_sample-1f10905d656c818c1179a38682a4532d', 0, 0), ('random_sample-1f10905d656c818c1179a38682a4532d', 5, 3), ('random_sample-1f10905d656c818c1179a38682a4532d', 2, 5), ('sum-8833ebd20638d8a9edb59886b5e8763b', 0, 0), ('random_sample-1f10905d656c818c1179a38682a4532d', 6, 5), ('random_sample-1f10905d656c818c1179a38682a4532d', 2, 2), ('random_sample-1f10905d656c818c1179a38682a4532d', 6, 1), ('random_sample-1f10905d656c818c1179a38682a4532d', 1, 1), ('sum-8833ebd20638d8a9edb59886b5e8763b', 1, 1), ('random_sample-1f10905d656c818c1179a38682a4532d', 4, 1), ('sum-8833ebd20638d8a9edb59886b5e8763b', 2, 2), ('random_sample-1f10905d656c818c1179a38682a4532d', 9, 4)} (stimulus_id='handle-worker-cleanup-1726726748.7715538')
2024-09-19 06:19:08,770 - distributed.worker - ERROR - Worker stream died during communication: ucx://127.0.0.1:54495
Traceback (most recent call last):
  File "/opt/conda/envs/gdf/lib/python3.10/site-packages/distributed/comm/ucx.py", line 393, in read
    await self.ep.recv(each_frame)
  File "/opt/conda/envs/gdf/lib/python3.10/site-packages/ucp/core.py", line 737, in recv
    ret = await comm.tag_recv(self._ep, buffer, nbytes, tag, name=log)
ucp._libs.exceptions.UCXError: <[Recv #007] ep: 0x7f43c1846100, tag: 0xbedc81d3fa1fb21e, nbytes: 50000000, type: <class 'rmm._lib.device_buffer.DeviceBuffer'>>: Connection reset by remote peer

During handling of the above exception, another exception occurred:

Traceback (most recent call last):
  File "/opt/conda/envs/gdf/lib/python3.10/site-packages/distributed/worker.py", line 2056, in gather_dep
    response = await get_data_from_worker(
  File "/opt/conda/envs/gdf/lib/python3.10/site-packages/distributed/worker.py", line 2874, in get_data_from_worker
    response = await send_recv(
  File "/opt/conda/envs/gdf/lib/python3.10/site-packages/distributed/core.py", line 1015, in send_recv
    response = await comm.read(deserializers=deserializers)
  File "/opt/conda/envs/gdf/lib/python3.10/site-packages/distributed/utils.py", line 806, in wrapper
    return await func(*args, **kwargs)
  File "/opt/conda/envs/gdf/lib/python3.10/site-packages/distributed/comm/ucx.py", line 399, in read
    raise CommClosedError(
distributed.comm.core.CommClosedError: Connection closed by writer.
Inner exception: UCXError("<[Recv #007] ep: 0x7f43c1846100, tag: 0xbedc81d3fa1fb21e, nbytes: 50000000, type: <class 'rmm._lib.device_buffer.DeviceBuffer'>>: Connection reset by remote peer")
2024-09-19 06:19:08,779 - distributed.worker - ERROR - failed during get data with ucx://127.0.0.1:45365 -> ucx://127.0.0.1:54495
Traceback (most recent call last):
  File "/opt/conda/envs/gdf/lib/python3.10/site-packages/distributed/comm/ucx.py", line 335, in write
    await self.ep.send(each_frame)
  File "/opt/conda/envs/gdf/lib/python3.10/site-packages/ucp/core.py", line 662, in send
    return await comm.tag_send(self._ep, buffer, nbytes, tag, name=log)
ucp._libs.exceptions.UCXError: <[Send #007] ep: 0x7f43c1846200, tag: 0x7ac00467faac4d6, nbytes: 50000000, type: <class 'cupy.ndarray'>>: Connection reset by remote peer

During handling of the above exception, another exception occurred:

Traceback (most recent call last):
  File "/opt/conda/envs/gdf/lib/python3.10/site-packages/distributed/worker.py", line 1777, in get_data
    compressed = await comm.write(msg, serializers=serializers)
  File "/opt/conda/envs/gdf/lib/python3.10/site-packages/distributed/utils.py", line 806, in wrapper
    return await func(*args, **kwargs)
  File "/opt/conda/envs/gdf/lib/python3.10/site-packages/distributed/comm/ucx.py", line 339, in write
    raise CommClosedError("While writing, the connection was closed")
distributed.comm.core.CommClosedError: While writing, the connection was closed
2024-09-19 06:19:08,852 - distributed.worker - ERROR - Worker stream died during communication: ucx://127.0.0.1:50589
Traceback (most recent call last):
  File "/opt/conda/envs/gdf/lib/python3.10/site-packages/distributed/comm/ucx.py", line 351, in read
    await self.ep.recv(msg)
  File "/opt/conda/envs/gdf/lib/python3.10/site-packages/ucp/core.py", line 737, in recv
    ret = await comm.tag_recv(self._ep, buffer, nbytes, tag, name=log)
ucp._libs.exceptions.UCXCanceled: <[Recv #003] ep: 0x7fa91c2dd100, tag: 0x71adf76ea7afdf80, nbytes: 16, type: <class 'numpy.ndarray'>>: 

During handling of the above exception, another exception occurred:

Traceback (most recent call last):
  File "/opt/conda/envs/gdf/lib/python3.10/site-packages/distributed/worker.py", line 2056, in gather_dep
    response = await get_data_from_worker(
  File "/opt/conda/envs/gdf/lib/python3.10/site-packages/distributed/worker.py", line 2874, in get_data_from_worker
    response = await send_recv(
  File "/opt/conda/envs/gdf/lib/python3.10/site-packages/distributed/core.py", line 1015, in send_recv
    response = await comm.read(deserializers=deserializers)
  File "/opt/conda/envs/gdf/lib/python3.10/site-packages/distributed/utils.py", line 806, in wrapper
    return await func(*args, **kwargs)
  File "/opt/conda/envs/gdf/lib/python3.10/site-packages/distributed/comm/ucx.py", line 369, in read
    raise CommClosedError(
distributed.comm.core.CommClosedError: Connection closed by writer.
Inner exception: UCXCanceled("<[Recv #003] ep: 0x7fa91c2dd100, tag: 0x71adf76ea7afdf80, nbytes: 16, type: <class 'numpy.ndarray'>>: ")
Task exception was never retrieved
future: <Task finished name='Task-255' coro=<_listener_handler_coroutine() done, defined at /opt/conda/envs/gdf/lib/python3.10/site-packages/ucp/core.py:140> exception=UCXError('<stream_recv>: Connection reset by remote peer')>
Traceback (most recent call last):
  File "/opt/conda/envs/gdf/lib/python3.10/site-packages/ucp/core.py", line 155, in _listener_handler_coroutine
    peer_info = await exchange_peer_info(
  File "/opt/conda/envs/gdf/lib/python3.10/site-packages/ucp/core.py", line 55, in exchange_peer_info
    await asyncio.wait_for(
  File "/opt/conda/envs/gdf/lib/python3.10/asyncio/tasks.py", line 445, in wait_for
    return fut.result()
ucp._libs.exceptions.UCXError: <stream_recv>: Connection reset by remote peer
2024-09-19 06:19:08,853 - distributed.worker - ERROR - failed during get data with ucx://127.0.0.1:36105 -> ucx://127.0.0.1:54495
Traceback (most recent call last):
  File "/opt/conda/envs/gdf/lib/python3.10/site-packages/distributed/comm/ucx.py", line 317, in write
    await self.ep.send(struct.pack("?Q", False, nframes))
  File "/opt/conda/envs/gdf/lib/python3.10/site-packages/ucp/core.py", line 641, in send
    self._ep.raise_on_error()
  File "ucp/_libs/ucx_endpoint.pyx", line 353, in ucp._libs.ucx_api.UCXEndpoint.raise_on_error
ucp._libs.exceptions.UCXConnectionReset: Endpoint 0x7f2818a07340 error: Connection reset by remote peer

During handling of the above exception, another exception occurred:

Traceback (most recent call last):
  File "/opt/conda/envs/gdf/lib/python3.10/site-packages/distributed/worker.py", line 1777, in get_data
    compressed = await comm.write(msg, serializers=serializers)
  File "/opt/conda/envs/gdf/lib/python3.10/site-packages/distributed/utils.py", line 806, in wrapper
    return await func(*args, **kwargs)
  File "/opt/conda/envs/gdf/lib/python3.10/site-packages/distributed/comm/ucx.py", line 339, in write
    raise CommClosedError("While writing, the connection was closed")
distributed.comm.core.CommClosedError: While writing, the connection was closed
2024-09-19 06:19:08,860 - distributed.worker - ERROR - Worker stream died during communication: ucx://127.0.0.1:50589
Traceback (most recent call last):
  File "/opt/conda/envs/gdf/lib/python3.10/site-packages/distributed/comm/ucx.py", line 393, in read
    await self.ep.recv(each_frame)
  File "/opt/conda/envs/gdf/lib/python3.10/site-packages/ucp/core.py", line 737, in recv
    ret = await comm.tag_recv(self._ep, buffer, nbytes, tag, name=log)
ucp._libs.exceptions.UCXError: <[Recv #007] ep: 0x7f2818a07280, tag: 0x5272a4124bd9406f, nbytes: 50000000, type: <class 'rmm._lib.device_buffer.DeviceBuffer'>>: Connection reset by remote peer

During handling of the above exception, another exception occurred:

Traceback (most recent call last):
  File "/opt/conda/envs/gdf/lib/python3.10/site-packages/distributed/worker.py", line 2056, in gather_dep
    response = await get_data_from_worker(
  File "/opt/conda/envs/gdf/lib/python3.10/site-packages/distributed/worker.py", line 2874, in get_data_from_worker
    response = await send_recv(
  File "/opt/conda/envs/gdf/lib/python3.10/site-packages/distributed/core.py", line 1015, in send_recv
    response = await comm.read(deserializers=deserializers)
  File "/opt/conda/envs/gdf/lib/python3.10/site-packages/distributed/utils.py", line 806, in wrapper
    return await func(*args, **kwargs)
  File "/opt/conda/envs/gdf/lib/python3.10/site-packages/distributed/comm/ucx.py", line 399, in read
    raise CommClosedError(
distributed.comm.core.CommClosedError: Connection closed by writer.
Inner exception: UCXError("<[Recv #007] ep: 0x7f2818a07280, tag: 0x5272a4124bd9406f, nbytes: 50000000, type: <class 'rmm._lib.device_buffer.DeviceBuffer'>>: Connection reset by remote peer")
2024-09-19 06:19:08,873 - distributed.nanny - WARNING - Restarting worker
2024-09-19 06:19:08,897 - distributed.scheduler - WARNING - Removing worker 'ucx://127.0.0.1:49781' caused the cluster to lose already computed task(s), which will be recomputed elsewhere: {('random_sample-1f10905d656c818c1179a38682a4532d', 0, 7), ('random_sample-1f10905d656c818c1179a38682a4532d', 7, 7), ('random_sample-1f10905d656c818c1179a38682a4532d', 2, 0), ('random_sample-1f10905d656c818c1179a38682a4532d', 1, 9), ('sum-8833ebd20638d8a9edb59886b5e8763b', 7, 7), ('random_sample-1f10905d656c818c1179a38682a4532d', 7, 3), ('random_sample-1f10905d656c818c1179a38682a4532d', 4, 9), ('random_sample-1f10905d656c818c1179a38682a4532d', 3, 5), ('random_sample-1f10905d656c818c1179a38682a4532d', 9, 2), ('random_sample-1f10905d656c818c1179a38682a4532d', 7, 9), ('random_sample-1f10905d656c818c1179a38682a4532d', 6, 4), ('random_sample-1f10905d656c818c1179a38682a4532d', 8, 4), ('random_sample-1f10905d656c818c1179a38682a4532d', 3, 4)} (stimulus_id='handle-worker-cleanup-1726726748.8972447')
2024-09-19 06:19:08,899 - distributed.worker - ERROR - failed during get data with ucx://127.0.0.1:36105 -> ucx://127.0.0.1:49781
Traceback (most recent call last):
  File "/opt/conda/envs/gdf/lib/python3.10/site-packages/distributed/comm/ucx.py", line 335, in write
    await self.ep.send(each_frame)
  File "/opt/conda/envs/gdf/lib/python3.10/site-packages/ucp/core.py", line 662, in send
    return await comm.tag_send(self._ep, buffer, nbytes, tag, name=log)
ucp._libs.exceptions.UCXError: <[Send #007] ep: 0x7f2818a070c0, tag: 0xbe65a4941b317dd1, nbytes: 50000000, type: <class 'cupy.ndarray'>>: Connection reset by remote peer

During handling of the above exception, another exception occurred:

Traceback (most recent call last):
  File "/opt/conda/envs/gdf/lib/python3.10/site-packages/distributed/worker.py", line 1777, in get_data
    compressed = await comm.write(msg, serializers=serializers)
  File "/opt/conda/envs/gdf/lib/python3.10/site-packages/distributed/utils.py", line 806, in wrapper
    return await func(*args, **kwargs)
  File "/opt/conda/envs/gdf/lib/python3.10/site-packages/distributed/comm/ucx.py", line 339, in write
    raise CommClosedError("While writing, the connection was closed")
distributed.comm.core.CommClosedError: While writing, the connection was closed
2024-09-19 06:19:08,900 - distributed.worker - ERROR - Worker stream died during communication: ucx://127.0.0.1:49781
Traceback (most recent call last):
  File "/opt/conda/envs/gdf/lib/python3.10/site-packages/distributed/comm/ucx.py", line 393, in read
    await self.ep.recv(each_frame)
  File "/opt/conda/envs/gdf/lib/python3.10/site-packages/ucp/core.py", line 737, in recv
    ret = await comm.tag_recv(self._ep, buffer, nbytes, tag, name=log)
ucp._libs.exceptions.UCXError: <[Recv #007] ep: 0x7f2818a07140, tag: 0x22854f881f282c1e, nbytes: 50000000, type: <class 'rmm._lib.device_buffer.DeviceBuffer'>>: Connection reset by remote peer

During handling of the above exception, another exception occurred:

Traceback (most recent call last):
  File "/opt/conda/envs/gdf/lib/python3.10/site-packages/distributed/worker.py", line 2056, in gather_dep
    response = await get_data_from_worker(
  File "/opt/conda/envs/gdf/lib/python3.10/site-packages/distributed/worker.py", line 2874, in get_data_from_worker
    response = await send_recv(
  File "/opt/conda/envs/gdf/lib/python3.10/site-packages/distributed/core.py", line 1015, in send_recv
    response = await comm.read(deserializers=deserializers)
  File "/opt/conda/envs/gdf/lib/python3.10/site-packages/distributed/utils.py", line 806, in wrapper
    return await func(*args, **kwargs)
  File "/opt/conda/envs/gdf/lib/python3.10/site-packages/distributed/comm/ucx.py", line 399, in read
    raise CommClosedError(
distributed.comm.core.CommClosedError: Connection closed by writer.
Inner exception: UCXError("<[Recv #007] ep: 0x7f2818a07140, tag: 0x22854f881f282c1e, nbytes: 50000000, type: <class 'rmm._lib.device_buffer.DeviceBuffer'>>: Connection reset by remote peer")
2024-09-19 06:19:08,902 - distributed.worker - ERROR - Worker stream died during communication: ucx://127.0.0.1:57075
Traceback (most recent call last):
  File "/opt/conda/envs/gdf/lib/python3.10/site-packages/distributed/comm/ucx.py", line 351, in read
    await self.ep.recv(msg)
  File "/opt/conda/envs/gdf/lib/python3.10/site-packages/ucp/core.py", line 737, in recv
    ret = await comm.tag_recv(self._ep, buffer, nbytes, tag, name=log)
ucp._libs.exceptions.UCXCanceled: <[Recv #008] ep: 0x7f2818a071c0, tag: 0x4b2eed368f65657f, nbytes: 16, type: <class 'numpy.ndarray'>>: 

During handling of the above exception, another exception occurred:

Traceback (most recent call last):
  File "/opt/conda/envs/gdf/lib/python3.10/site-packages/distributed/worker.py", line 2056, in gather_dep
    response = await get_data_from_worker(
  File "/opt/conda/envs/gdf/lib/python3.10/site-packages/distributed/worker.py", line 2874, in get_data_from_worker
    response = await send_recv(
  File "/opt/conda/envs/gdf/lib/python3.10/site-packages/distributed/core.py", line 1015, in send_recv
    response = await comm.read(deserializers=deserializers)
  File "/opt/conda/envs/gdf/lib/python3.10/site-packages/distributed/utils.py", line 806, in wrapper
    return await func(*args, **kwargs)
  File "/opt/conda/envs/gdf/lib/python3.10/site-packages/distributed/comm/ucx.py", line 369, in read
    raise CommClosedError(
distributed.comm.core.CommClosedError: Connection closed by writer.
Inner exception: UCXCanceled("<[Recv #008] ep: 0x7f2818a071c0, tag: 0x4b2eed368f65657f, nbytes: 16, type: <class 'numpy.ndarray'>>: ")
2024-09-19 06:19:08,904 - distributed.scheduler - WARNING - Removing worker 'ucx://127.0.0.1:57075' caused the cluster to lose already computed task(s), which will be recomputed elsewhere: {('random_sample-1f10905d656c818c1179a38682a4532d', 5, 4), ('random_sample-1f10905d656c818c1179a38682a4532d', 7, 1), ('sum-8833ebd20638d8a9edb59886b5e8763b', 5, 1), ('random_sample-1f10905d656c818c1179a38682a4532d', 4, 3), ('random_sample-1f10905d656c818c1179a38682a4532d', 9, 0), ('sum-8833ebd20638d8a9edb59886b5e8763b', 6, 7), ('random_sample-1f10905d656c818c1179a38682a4532d', 6, 8), ('random_sample-1f10905d656c818c1179a38682a4532d', 1, 5), ('sum-8833ebd20638d8a9edb59886b5e8763b', 1, 5), ('random_sample-1f10905d656c818c1179a38682a4532d', 9, 8), ('random_sample-1f10905d656c818c1179a38682a4532d', 5, 5), ('random_sample-1f10905d656c818c1179a38682a4532d', 0, 2), ('random_sample-1f10905d656c818c1179a38682a4532d', 0, 8), ('sum-8833ebd20638d8a9edb59886b5e8763b', 5, 5)} (stimulus_id='handle-worker-cleanup-1726726748.904394')
2024-09-19 06:19:08,905 - distributed.worker - ERROR - failed during get data with ucx://127.0.0.1:60713 -> ucx://127.0.0.1:49781
Traceback (most recent call last):
  File "/opt/conda/envs/gdf/lib/python3.10/site-packages/distributed/comm/ucx.py", line 335, in write
    await self.ep.send(each_frame)
  File "/opt/conda/envs/gdf/lib/python3.10/site-packages/ucp/core.py", line 662, in send
    return await comm.tag_send(self._ep, buffer, nbytes, tag, name=log)
ucp._libs.exceptions.UCXError: <[Send #007] ep: 0x7fa91c2dd280, tag: 0x70be38d603c10d37, nbytes: 50000000, type: <class 'cupy.ndarray'>>: Connection reset by remote peer

During handling of the above exception, another exception occurred:

Traceback (most recent call last):
  File "/opt/conda/envs/gdf/lib/python3.10/site-packages/distributed/worker.py", line 1777, in get_data
    compressed = await comm.write(msg, serializers=serializers)
  File "/opt/conda/envs/gdf/lib/python3.10/site-packages/distributed/utils.py", line 806, in wrapper
    return await func(*args, **kwargs)
  File "/opt/conda/envs/gdf/lib/python3.10/site-packages/distributed/comm/ucx.py", line 339, in write
    raise CommClosedError("While writing, the connection was closed")
distributed.comm.core.CommClosedError: While writing, the connection was closed
2024-09-19 06:19:08,906 - distributed.worker - ERROR - failed during get data with ucx://127.0.0.1:60713 -> ucx://127.0.0.1:54495
Traceback (most recent call last):
  File "/opt/conda/envs/gdf/lib/python3.10/site-packages/distributed/comm/ucx.py", line 335, in write
    await self.ep.send(each_frame)
  File "/opt/conda/envs/gdf/lib/python3.10/site-packages/ucp/core.py", line 662, in send
    return await comm.tag_send(self._ep, buffer, nbytes, tag, name=log)
ucp._libs.exceptions.UCXError: <[Send #007] ep: 0x7fa91c2dd340, tag: 0x53c3dcd9415bb22c, nbytes: 50000000, type: <class 'cupy.ndarray'>>: Connection reset by remote peer

During handling of the above exception, another exception occurred:

Traceback (most recent call last):
  File "/opt/conda/envs/gdf/lib/python3.10/site-packages/distributed/worker.py", line 1777, in get_data
    compressed = await comm.write(msg, serializers=serializers)
  File "/opt/conda/envs/gdf/lib/python3.10/site-packages/distributed/utils.py", line 806, in wrapper
    return await func(*args, **kwargs)
  File "/opt/conda/envs/gdf/lib/python3.10/site-packages/distributed/comm/ucx.py", line 339, in write
    raise CommClosedError("While writing, the connection was closed")
distributed.comm.core.CommClosedError: While writing, the connection was closed
2024-09-19 06:19:08,910 - distributed.worker - ERROR - Worker stream died during communication: ucx://127.0.0.1:57075
Traceback (most recent call last):
  File "/opt/conda/envs/gdf/lib/python3.10/site-packages/distributed/comm/ucx.py", line 351, in read
    await self.ep.recv(msg)
  File "/opt/conda/envs/gdf/lib/python3.10/site-packages/ucp/core.py", line 737, in recv
    ret = await comm.tag_recv(self._ep, buffer, nbytes, tag, name=log)
ucp._libs.exceptions.UCXCanceled: <[Recv #008] ep: 0x7fa91c2dd0c0, tag: 0x6baaad68d713d8f9, nbytes: 16, type: <class 'numpy.ndarray'>>: 

During handling of the above exception, another exception occurred:

Traceback (most recent call last):
  File "/opt/conda/envs/gdf/lib/python3.10/site-packages/distributed/worker.py", line 2056, in gather_dep
    response = await get_data_from_worker(
  File "/opt/conda/envs/gdf/lib/python3.10/site-packages/distributed/worker.py", line 2874, in get_data_from_worker
    response = await send_recv(
  File "/opt/conda/envs/gdf/lib/python3.10/site-packages/distributed/core.py", line 1015, in send_recv
    response = await comm.read(deserializers=deserializers)
  File "/opt/conda/envs/gdf/lib/python3.10/site-packages/distributed/utils.py", line 806, in wrapper
    return await func(*args, **kwargs)
  File "/opt/conda/envs/gdf/lib/python3.10/site-packages/distributed/comm/ucx.py", line 369, in read
    raise CommClosedError(
distributed.comm.core.CommClosedError: Connection closed by writer.
Inner exception: UCXCanceled("<[Recv #008] ep: 0x7fa91c2dd0c0, tag: 0x6baaad68d713d8f9, nbytes: 16, type: <class 'numpy.ndarray'>>: ")
2024-09-19 06:19:08,933 - distributed.nanny - WARNING - Restarting worker
2024-09-19 06:19:08,998 - distributed.worker - ERROR - failed during get data with ucx://127.0.0.1:36105 -> ucx://127.0.0.1:57075
Traceback (most recent call last):
  File "/opt/conda/envs/gdf/lib/python3.10/site-packages/distributed/comm/ucx.py", line 335, in write
    await self.ep.send(each_frame)
  File "/opt/conda/envs/gdf/lib/python3.10/site-packages/ucp/core.py", line 662, in send
    return await comm.tag_send(self._ep, buffer, nbytes, tag, name=log)
ucp._libs.exceptions.UCXError: <[Send #007] ep: 0x7f2818a07300, tag: 0xe971067def7c194e, nbytes: 50000000, type: <class 'cupy.ndarray'>>: Connection reset by remote peer

During handling of the above exception, another exception occurred:

Traceback (most recent call last):
  File "/opt/conda/envs/gdf/lib/python3.10/site-packages/distributed/worker.py", line 1777, in get_data
    compressed = await comm.write(msg, serializers=serializers)
  File "/opt/conda/envs/gdf/lib/python3.10/site-packages/distributed/utils.py", line 806, in wrapper
    return await func(*args, **kwargs)
  File "/opt/conda/envs/gdf/lib/python3.10/site-packages/distributed/comm/ucx.py", line 339, in write
    raise CommClosedError("While writing, the connection was closed")
distributed.comm.core.CommClosedError: While writing, the connection was closed
2024-09-19 06:19:09,067 - distributed.nanny - WARNING - Restarting worker
2024-09-19 06:19:09,126 - distributed.nanny - WARNING - Restarting worker
2024-09-19 06:19:09,129 - distributed.worker - ERROR - failed during get data with ucx://127.0.0.1:51679 -> ucx://127.0.0.1:50589
Traceback (most recent call last):
  File "/opt/conda/envs/gdf/lib/python3.10/site-packages/distributed/comm/ucx.py", line 335, in write
    await self.ep.send(each_frame)
  File "/opt/conda/envs/gdf/lib/python3.10/site-packages/ucp/core.py", line 662, in send
    return await comm.tag_send(self._ep, buffer, nbytes, tag, name=log)
ucp._libs.exceptions.UCXError: <[Send #007] ep: 0x7f75e6fcc2c0, tag: 0xc21ef0f4eb8a3b02, nbytes: 50000000, type: <class 'cupy.ndarray'>>: Connection reset by remote peer

During handling of the above exception, another exception occurred:

Traceback (most recent call last):
  File "/opt/conda/envs/gdf/lib/python3.10/site-packages/distributed/worker.py", line 1777, in get_data
    compressed = await comm.write(msg, serializers=serializers)
  File "/opt/conda/envs/gdf/lib/python3.10/site-packages/distributed/utils.py", line 806, in wrapper
    return await func(*args, **kwargs)
  File "/opt/conda/envs/gdf/lib/python3.10/site-packages/distributed/comm/ucx.py", line 339, in write
    raise CommClosedError("While writing, the connection was closed")
distributed.comm.core.CommClosedError: While writing, the connection was closed
2024-09-19 06:19:09,129 - distributed.worker - ERROR - failed during get data with ucx://127.0.0.1:51679 -> ucx://127.0.0.1:57075
Traceback (most recent call last):
  File "/opt/conda/envs/gdf/lib/python3.10/site-packages/distributed/comm/ucx.py", line 335, in write
    await self.ep.send(each_frame)
  File "/opt/conda/envs/gdf/lib/python3.10/site-packages/ucp/core.py", line 662, in send
    return await comm.tag_send(self._ep, buffer, nbytes, tag, name=log)
ucp._libs.exceptions.UCXError: <[Send #012] ep: 0x7f75e6fcc280, tag: 0x3680c6eb7648db8a, nbytes: 50000000, type: <class 'cupy.ndarray'>>: Connection reset by remote peer

During handling of the above exception, another exception occurred:

Traceback (most recent call last):
  File "/opt/conda/envs/gdf/lib/python3.10/site-packages/distributed/worker.py", line 1777, in get_data
    compressed = await comm.write(msg, serializers=serializers)
  File "/opt/conda/envs/gdf/lib/python3.10/site-packages/distributed/utils.py", line 806, in wrapper
    return await func(*args, **kwargs)
  File "/opt/conda/envs/gdf/lib/python3.10/site-packages/distributed/comm/ucx.py", line 339, in write
    raise CommClosedError("While writing, the connection was closed")
distributed.comm.core.CommClosedError: While writing, the connection was closed
[dgx13:88539:0:88539] Caught signal 11 (Segmentation fault: address not mapped to object at address 0x450)
==== backtrace (tid:  88539) ====
 0  /opt/conda/envs/gdf/lib/libucs.so.0(ucs_handle_error+0x2fd) [0x7f6d58041eed]
 1  /opt/conda/envs/gdf/lib/libucs.so.0(+0x2c0e4) [0x7f6d580420e4]
 2  /opt/conda/envs/gdf/lib/libucs.so.0(+0x2c2aa) [0x7f6d580422aa]
 3  /usr/lib/x86_64-linux-gnu/libpthread.so.0(+0x14420) [0x7f6d8683e420]
 4  /opt/conda/envs/gdf/lib/libucp.so.0(ucp_mem_type_unpack+0x17) [0x7f6d41ecb7c7]
 5  /opt/conda/envs/gdf/lib/libucp.so.0(ucp_rndv_data_handler+0x65d) [0x7f6d41ef427d]
 6  /opt/conda/envs/gdf/lib/libuct.so.0(+0x2096f) [0x7f6d41e6496f]
 7  /opt/conda/envs/gdf/lib/libuct.so.0(+0x23b48) [0x7f6d41e67b48]
 8  /opt/conda/envs/gdf/lib/libucs.so.0(ucs_event_set_wait+0xb9) [0x7f6d5804b639]
 9  /opt/conda/envs/gdf/lib/libuct.so.0(uct_tcp_iface_progress+0x7d) [0x7f6d41e66c5d]
10  /opt/conda/envs/gdf/lib/libucp.so.0(ucp_worker_progress+0x5a) [0x7f6d41ec86ca]
11  /opt/conda/envs/gdf/lib/python3.10/site-packages/ucp/_libs/ucx_api.cpython-310-x86_64-linux-gnu.so(+0x31d7a) [0x7f6d41f86d7a]
12  /opt/conda/envs/gdf/bin/python(_PyEval_EvalFrameDefault+0x2d83) [0x55e352c2a2b3]
13  /opt/conda/envs/gdf/bin/python(_PyFunction_Vectorcall+0x6c) [0x55e352c37a2c]
14  /opt/conda/envs/gdf/bin/python(_PyEval_EvalFrameDefault+0x72c) [0x55e352c27c5c]
15  /opt/conda/envs/gdf/bin/python(+0x150804) [0x55e352c43804]
16  /opt/conda/envs/gdf/bin/python(+0x25f60c) [0x55e352d5260c]
17  /opt/conda/envs/gdf/bin/python(+0xfdd90) [0x55e352bf0d90]
18  /opt/conda/envs/gdf/bin/python(+0x13c2a3) [0x55e352c2f2a3]
19  /opt/conda/envs/gdf/bin/python(_PyEval_EvalFrameDefault+0x5cd5) [0x55e352c2d205]
20  /opt/conda/envs/gdf/bin/python(_PyFunction_Vectorcall+0x6c) [0x55e352c37a2c]
21  /opt/conda/envs/gdf/bin/python(_PyEval_EvalFrameDefault+0x72c) [0x55e352c27c5c]
22  /opt/conda/envs/gdf/bin/python(_PyFunction_Vectorcall+0x6c) [0x55e352c37a2c]
23  /opt/conda/envs/gdf/bin/python(_PyEval_EvalFrameDefault+0x72c) [0x55e352c27c5c]
24  /opt/conda/envs/gdf/bin/python(_PyFunction_Vectorcall+0x6c) [0x55e352c37a2c]
25  /opt/conda/envs/gdf/bin/python(_PyEval_EvalFrameDefault+0x72c) [0x55e352c27c5c]
26  /opt/conda/envs/gdf/bin/python(_PyFunction_Vectorcall+0x6c) [0x55e352c37a2c]
27  /opt/conda/envs/gdf/bin/python(_PyEval_EvalFrameDefault+0x72c) [0x55e352c27c5c]
28  /opt/conda/envs/gdf/bin/python(_PyFunction_Vectorcall+0x6c) [0x55e352c37a2c]
29  /opt/conda/envs/gdf/bin/python(_PyEval_EvalFrameDefault+0x13ca) [0x55e352c288fa]
30  /opt/conda/envs/gdf/bin/python(+0x150582) [0x55e352c43582]
31  /opt/conda/envs/gdf/bin/python(PyObject_Call+0xbc) [0x55e352c43f1c]
32  /opt/conda/envs/gdf/bin/python(+0x20a9ae) [0x55e352cfd9ae]
33  /opt/conda/envs/gdf/bin/python(_PyObject_MakeTpCall+0x26b) [0x55e352c30a6b]
34  /opt/conda/envs/gdf/bin/python(_PyEval_EvalFrameDefault+0x2d83) [0x55e352c2a2b3]
35  /opt/conda/envs/gdf/bin/python(+0x1506d8) [0x55e352c436d8]
36  /opt/conda/envs/gdf/bin/python(_PyEval_EvalFrameDefault+0x2d83) [0x55e352c2a2b3]
37  /opt/conda/envs/gdf/bin/python(_PyFunction_Vectorcall+0x6c) [0x55e352c37a2c]
38  /opt/conda/envs/gdf/bin/python(_PyEval_EvalFrameDefault+0x72c) [0x55e352c27c5c]
39  /opt/conda/envs/gdf/bin/python(_PyFunction_Vectorcall+0x6c) [0x55e352c37a2c]
40  /opt/conda/envs/gdf/bin/python(_PyEval_EvalFrameDefault+0x72c) [0x55e352c27c5c]
41  /opt/conda/envs/gdf/bin/python(_PyFunction_Vectorcall+0x6c) [0x55e352c37a2c]
42  /opt/conda/envs/gdf/bin/python(_PyEval_EvalFrameDefault+0x320) [0x55e352c27850]
43  /opt/conda/envs/gdf/bin/python(_PyFunction_Vectorcall+0x6c) [0x55e352c37a2c]
44  /opt/conda/envs/gdf/bin/python(_PyEval_EvalFrameDefault+0x13ca) [0x55e352c288fa]
45  /opt/conda/envs/gdf/bin/python(+0x1d7c60) [0x55e352ccac60]
46  /opt/conda/envs/gdf/bin/python(PyEval_EvalCode+0x87) [0x55e352ccaba7]
47  /opt/conda/envs/gdf/bin/python(+0x20812a) [0x55e352cfb12a]
48  /opt/conda/envs/gdf/bin/python(+0x203523) [0x55e352cf6523]
49  /opt/conda/envs/gdf/bin/python(PyRun_StringFlags+0x7d) [0x55e352cee91d]
50  /opt/conda/envs/gdf/bin/python(PyRun_SimpleStringFlags+0x3c) [0x55e352cee75c]
51  /opt/conda/envs/gdf/bin/python(Py_RunMain+0x26b) [0x55e352ced66b]
52  /opt/conda/envs/gdf/bin/python(Py_BytesMain+0x37) [0x55e352cbe1f7]
53  /usr/lib/x86_64-linux-gnu/libc.so.6(__libc_start_main+0xf3) [0x7f6d86502083]
54  /opt/conda/envs/gdf/bin/python(+0x1cb0f1) [0x55e352cbe0f1]
=================================
[dgx13:88535:0:88535] Caught signal 11 (Segmentation fault: address not mapped to object at address 0x450)
==== backtrace (tid:  88535) ====
 0  /opt/conda/envs/gdf/lib/libucs.so.0(ucs_handle_error+0x2fd) [0x7f6ca003ceed]
 1  /opt/conda/envs/gdf/lib/libucs.so.0(+0x2c0e4) [0x7f6ca003d0e4]
 2  /opt/conda/envs/gdf/lib/libucs.so.0(+0x2c2aa) [0x7f6ca003d2aa]
 3  /usr/lib/x86_64-linux-gnu/libpthread.so.0(+0x14420) [0x7f6cce8d6420]
 4  /opt/conda/envs/gdf/lib/libucp.so.0(ucp_mem_type_unpack+0x17) [0x7f6ca00be7c7]
 5  /opt/conda/envs/gdf/lib/libucp.so.0(ucp_rndv_data_handler+0x65d) [0x7f6ca00e727d]
 6  /opt/conda/envs/gdf/lib/libuct.so.0(+0x2096f) [0x7f6c8dfe496f]
 7  /opt/conda/envs/gdf/lib/libuct.so.0(+0x23b48) [0x7f6c8dfe7b48]
 8  /opt/conda/envs/gdf/lib/libucs.so.0(ucs_event_set_wait+0xb9) [0x7f6ca0046639]
 9  /opt/conda/envs/gdf/lib/libuct.so.0(uct_tcp_iface_progress+0x7d) [0x7f6c8dfe6c5d]
10  /opt/conda/envs/gdf/lib/libucp.so.0(ucp_worker_progress+0x5a) [0x7f6ca00bb6ca]
11  /opt/conda/envs/gdf/lib/python3.10/site-packages/ucp/_libs/ucx_api.cpython-310-x86_64-linux-gnu.so(+0x31d7a) [0x7f6ca0179d7a]
12  /opt/conda/envs/gdf/bin/python(_PyEval_EvalFrameDefault+0x2d83) [0x5601ee2f72b3]
13  /opt/conda/envs/gdf/bin/python(_PyFunction_Vectorcall+0x6c) [0x5601ee304a2c]
14  /opt/conda/envs/gdf/bin/python(_PyEval_EvalFrameDefault+0x72c) [0x5601ee2f4c5c]
15  /opt/conda/envs/gdf/bin/python(+0x150804) [0x5601ee310804]
16  /opt/conda/envs/gdf/bin/python(+0x25f60c) [0x5601ee41f60c]
17  /opt/conda/envs/gdf/bin/python(+0xfdd90) [0x5601ee2bdd90]
18  /opt/conda/envs/gdf/bin/python(+0x13c2a3) [0x5601ee2fc2a3]
19  /opt/conda/envs/gdf/bin/python(_PyEval_EvalFrameDefault+0x5cd5) [0x5601ee2fa205]
20  /opt/conda/envs/gdf/bin/python(_PyFunction_Vectorcall+0x6c) [0x5601ee304a2c]
21  /opt/conda/envs/gdf/bin/python(_PyEval_EvalFrameDefault+0x72c) [0x5601ee2f4c5c]
22  /opt/conda/envs/gdf/bin/python(_PyFunction_Vectorcall+0x6c) [0x5601ee304a2c]
23  /opt/conda/envs/gdf/bin/python(_PyEval_EvalFrameDefault+0x72c) [0x5601ee2f4c5c]
24  /opt/conda/envs/gdf/bin/python(_PyFunction_Vectorcall+0x6c) [0x5601ee304a2c]
25  /opt/conda/envs/gdf/bin/python(_PyEval_EvalFrameDefault+0x72c) [0x5601ee2f4c5c]
26  /opt/conda/envs/gdf/bin/python(_PyFunction_Vectorcall+0x6c) [0x5601ee304a2c]
27  /opt/conda/envs/gdf/bin/python(_PyEval_EvalFrameDefault+0x72c) [0x5601ee2f4c5c]
28  /opt/conda/envs/gdf/bin/python(_PyFunction_Vectorcall+0x6c) [0x5601ee304a2c]
29  /opt/conda/envs/gdf/bin/python(_PyEval_EvalFrameDefault+0x13ca) [0x5601ee2f58fa]
30  /opt/conda/envs/gdf/bin/python(+0x150582) [0x5601ee310582]
31  /opt/conda/envs/gdf/bin/python(PyObject_Call+0xbc) [0x5601ee310f1c]
32  /opt/conda/envs/gdf/bin/python(+0x20a9ae) [0x5601ee3ca9ae]
33  /opt/conda/envs/gdf/bin/python(_PyObject_MakeTpCall+0x26b) [0x5601ee2fda6b]
34  /opt/conda/envs/gdf/bin/python(_PyEval_EvalFrameDefault+0x2d83) [0x5601ee2f72b3]
35  /opt/conda/envs/gdf/bin/python(+0x1506d8) [0x5601ee3106d8]
36  /opt/conda/envs/gdf/bin/python(_PyEval_EvalFrameDefault+0x2d83) [0x5601ee2f72b3]
37  /opt/conda/envs/gdf/bin/python(_PyFunction_Vectorcall+0x6c) [0x5601ee304a2c]
38  /opt/conda/envs/gdf/bin/python(_PyEval_EvalFrameDefault+0x72c) [0x5601ee2f4c5c]
39  /opt/conda/envs/gdf/bin/python(_PyFunction_Vectorcall+0x6c) [0x5601ee304a2c]
40  /opt/conda/envs/gdf/bin/python(_PyEval_EvalFrameDefault+0x72c) [0x5601ee2f4c5c]
41  /opt/conda/envs/gdf/bin/python(_PyFunction_Vectorcall+0x6c) [0x5601ee304a2c]
42  /opt/conda/envs/gdf/bin/python(_PyEval_EvalFrameDefault+0x320) [0x5601ee2f4850]
43  /opt/conda/envs/gdf/bin/python(_PyFunction_Vectorcall+0x6c) [0x5601ee304a2c]
44  /opt/conda/envs/gdf/bin/python(_PyEval_EvalFrameDefault+0x13ca) [0x5601ee2f58fa]
45  /opt/conda/envs/gdf/bin/python(+0x1d7c60) [0x5601ee397c60]
46  /opt/conda/envs/gdf/bin/python(PyEval_EvalCode+0x87) [0x5601ee397ba7]
47  /opt/conda/envs/gdf/bin/python(+0x20812a) [0x5601ee3c812a]
48  /opt/conda/envs/gdf/bin/python(+0x203523) [0x5601ee3c3523]
49  /opt/conda/envs/gdf/bin/python(PyRun_StringFlags+0x7d) [0x5601ee3bb91d]
50  /opt/conda/envs/gdf/bin/python(PyRun_SimpleStringFlags+0x3c) [0x5601ee3bb75c]
51  /opt/conda/envs/gdf/bin/python(Py_RunMain+0x26b) [0x5601ee3ba66b]
52  /opt/conda/envs/gdf/bin/python(Py_BytesMain+0x37) [0x5601ee38b1f7]
53  /usr/lib/x86_64-linux-gnu/libc.so.6(__libc_start_main+0xf3) [0x7f6cce59a083]
54  /opt/conda/envs/gdf/bin/python(+0x1cb0f1) [0x5601ee38b0f1]
=================================
[dgx13:88544:0:88544] Caught signal 11 (Segmentation fault: address not mapped to object at address 0x450)
==== backtrace (tid:  88544) ====
 0  /opt/conda/envs/gdf/lib/libucs.so.0(ucs_handle_error+0x2fd) [0x7f25714c7eed]
 1  /opt/conda/envs/gdf/lib/libucs.so.0(+0x2c0e4) [0x7f25714c80e4]
 2  /opt/conda/envs/gdf/lib/libucs.so.0(+0x2c2aa) [0x7f25714c82aa]
 3  /usr/lib/x86_64-linux-gnu/libpthread.so.0(+0x14420) [0x7f25b1d71420]
 4  /opt/conda/envs/gdf/lib/libucp.so.0(ucp_mem_type_unpack+0x17) [0x7f25715497c7]
 5  /opt/conda/envs/gdf/lib/libucp.so.0(ucp_rndv_data_handler+0x65d) [0x7f257157227d]
 6  /opt/conda/envs/gdf/lib/libuct.so.0(+0x2096f) [0x7f257148096f]
 7  /opt/conda/envs/gdf/lib/libuct.so.0(+0x23b48) [0x7f2571483b48]
 8  /opt/conda/envs/gdf/lib/libucs.so.0(ucs_event_set_wait+0xb9) [0x7f25714d1639]
 9  /opt/conda/envs/gdf/lib/libuct.so.0(uct_tcp_iface_progress+0x7d) [0x7f2571482c5d]
10  /opt/conda/envs/gdf/lib/libucp.so.0(ucp_worker_progress+0x5a) [0x7f25715466ca]
11  /opt/conda/envs/gdf/lib/python3.10/site-packages/ucp/_libs/ucx_api.cpython-310-x86_64-linux-gnu.so(+0x31d7a) [0x7f2571604d7a]
12  /opt/conda/envs/gdf/bin/python(_PyEval_EvalFrameDefault+0x2d83) [0x557bf51bb2b3]
13  /opt/conda/envs/gdf/bin/python(_PyFunction_Vectorcall+0x6c) [0x557bf51c8a2c]
14  /opt/conda/envs/gdf/bin/python(_PyEval_EvalFrameDefault+0x72c) [0x557bf51b8c5c]
15  /opt/conda/envs/gdf/bin/python(+0x150804) [0x557bf51d4804]
16  /opt/conda/envs/gdf/bin/python(+0x25f60c) [0x557bf52e360c]
17  /opt/conda/envs/gdf/bin/python(+0xfdd90) [0x557bf5181d90]
18  /opt/conda/envs/gdf/bin/python(+0x13c2a3) [0x557bf51c02a3]
19  /opt/conda/envs/gdf/bin/python(_PyEval_EvalFrameDefault+0x5cd5) [0x557bf51be205]
20  /opt/conda/envs/gdf/bin/python(_PyFunction_Vectorcall+0x6c) [0x557bf51c8a2c]
21  /opt/conda/envs/gdf/bin/python(_PyEval_EvalFrameDefault+0x72c) [0x557bf51b8c5c]
22  /opt/conda/envs/gdf/bin/python(_PyFunction_Vectorcall+0x6c) [0x557bf51c8a2c]
23  /opt/conda/envs/gdf/bin/python(_PyEval_EvalFrameDefault+0x72c) [0x557bf51b8c5c]
24  /opt/conda/envs/gdf/bin/python(_PyFunction_Vectorcall+0x6c) [0x557bf51c8a2c]
25  /opt/conda/envs/gdf/bin/python(_PyEval_EvalFrameDefault+0x72c) [0x557bf51b8c5c]
26  /opt/conda/envs/gdf/bin/python(_PyFunction_Vectorcall+0x6c) [0x557bf51c8a2c]
27  /opt/conda/envs/gdf/bin/python(_PyEval_EvalFrameDefault+0x72c) [0x557bf51b8c5c]
28  /opt/conda/envs/gdf/bin/python(_PyFunction_Vectorcall+0x6c) [0x557bf51c8a2c]
29  /opt/conda/envs/gdf/bin/python(_PyEval_EvalFrameDefault+0x13ca) [0x557bf51b98fa]
30  /opt/conda/envs/gdf/bin/python(+0x150582) [0x557bf51d4582]
31  /opt/conda/envs/gdf/bin/python(PyObject_Call+0xbc) [0x557bf51d4f1c]
32  /opt/conda/envs/gdf/bin/python(+0x20a9ae) [0x557bf528e9ae]
33  /opt/conda/envs/gdf/bin/python(_PyObject_MakeTpCall+0x26b) [0x557bf51c1a6b]
34  /opt/conda/envs/gdf/bin/python(_PyEval_EvalFrameDefault+0x2d83) [0x557bf51bb2b3]
35  /opt/conda/envs/gdf/bin/python(+0x1506d8) [0x557bf51d46d8]
36  /opt/conda/envs/gdf/bin/python(_PyEval_EvalFrameDefault+0x2d83) [0x557bf51bb2b3]
37  /opt/conda/envs/gdf/bin/python(_PyFunction_Vectorcall+0x6c) [0x557bf51c8a2c]
38  /opt/conda/envs/gdf/bin/python(_PyEval_EvalFrameDefault+0x72c) [0x557bf51b8c5c]
39  /opt/conda/envs/gdf/bin/python(_PyFunction_Vectorcall+0x6c) [0x557bf51c8a2c]
40  /opt/conda/envs/gdf/bin/python(_PyEval_EvalFrameDefault+0x72c) [0x557bf51b8c5c]
41  /opt/conda/envs/gdf/bin/python(_PyFunction_Vectorcall+0x6c) [0x557bf51c8a2c]
42  /opt/conda/envs/gdf/bin/python(_PyEval_EvalFrameDefault+0x320) [0x557bf51b8850]
43  /opt/conda/envs/gdf/bin/python(_PyFunction_Vectorcall+0x6c) [0x557bf51c8a2c]
44  /opt/conda/envs/gdf/bin/python(_PyEval_EvalFrameDefault+0x13ca) [0x557bf51b98fa]
45  /opt/conda/envs/gdf/bin/python(+0x1d7c60) [0x557bf525bc60]
46  /opt/conda/envs/gdf/bin/python(PyEval_EvalCode+0x87) [0x557bf525bba7]
47  /opt/conda/envs/gdf/bin/python(+0x20812a) [0x557bf528c12a]
48  /opt/conda/envs/gdf/bin/python(+0x203523) [0x557bf5287523]
49  /opt/conda/envs/gdf/bin/python(PyRun_StringFlags+0x7d) [0x557bf527f91d]
50  /opt/conda/envs/gdf/bin/python(PyRun_SimpleStringFlags+0x3c) [0x557bf527f75c]
51  /opt/conda/envs/gdf/bin/python(Py_RunMain+0x26b) [0x557bf527e66b]
52  /opt/conda/envs/gdf/bin/python(Py_BytesMain+0x37) [0x557bf524f1f7]
53  /usr/lib/x86_64-linux-gnu/libc.so.6(__libc_start_main+0xf3) [0x7f25b1a35083]
54  /opt/conda/envs/gdf/bin/python(+0x1cb0f1) [0x557bf524f0f1]
=================================
[dgx13:88549:0:88549] Caught signal 11 (Segmentation fault: address not mapped to object at address 0x450)
==== backtrace (tid:  88549) ====
 0  /opt/conda/envs/gdf/lib/libucs.so.0(ucs_handle_error+0x2fd) [0x7f098061aeed]
 1  /opt/conda/envs/gdf/lib/libucs.so.0(+0x2c0e4) [0x7f098061b0e4]
 2  /opt/conda/envs/gdf/lib/libucs.so.0(+0x2c2aa) [0x7f098061b2aa]
 3  /usr/lib/x86_64-linux-gnu/libpthread.so.0(+0x14420) [0x7f09bce88420]
 4  /opt/conda/envs/gdf/lib/libucp.so.0(ucp_mem_type_unpack+0x17) [0x7f098069c7c7]
 5  /opt/conda/envs/gdf/lib/libucp.so.0(ucp_rndv_data_handler+0x65d) [0x7f09806c527d]
 6  /opt/conda/envs/gdf/lib/libuct.so.0(+0x2096f) [0x7f09805d396f]
 7  /opt/conda/envs/gdf/lib/libuct.so.0(+0x23b48) [0x7f09805d6b48]
 8  /opt/conda/envs/gdf/lib/libucs.so.0(ucs_event_set_wait+0xb9) [0x7f0980624639]
 9  /opt/conda/envs/gdf/lib/libuct.so.0(uct_tcp_iface_progress+0x7d) [0x7f09805d5c5d]
10  /opt/conda/envs/gdf/lib/libucp.so.0(ucp_worker_progress+0x5a) [0x7f09806996ca]
11  /opt/conda/envs/gdf/lib/python3.10/site-packages/ucp/_libs/ucx_api.cpython-310-x86_64-linux-gnu.so(+0x31d7a) [0x7f0980757d7a]
12  /opt/conda/envs/gdf/bin/python(_PyEval_EvalFrameDefault+0x2d83) [0x5598269b72b3]
13  /opt/conda/envs/gdf/bin/python(_PyFunction_Vectorcall+0x6c) [0x5598269c4a2c]
14  /opt/conda/envs/gdf/bin/python(_PyEval_EvalFrameDefault+0x72c) [0x5598269b4c5c]
15  /opt/conda/envs/gdf/bin/python(+0x1e1384) [0x559826a61384]
16  /opt/conda/envs/gdf/lib/python3.10/lib-dynload/_asyncio.cpython-310-x86_64-linux-gnu.so(+0x7bf6) [0x7f09aa9e3bf6]
17  /opt/conda/envs/gdf/bin/python(_PyObject_MakeTpCall+0x26b) [0x5598269bda6b]
18  /opt/conda/envs/gdf/bin/python(+0xfdd90) [0x55982697dd90]
19  /opt/conda/envs/gdf/bin/python(+0x13c2a3) [0x5598269bc2a3]
20  /opt/conda/envs/gdf/bin/python(_PyEval_EvalFrameDefault+0x5cd5) [0x5598269ba205]
21  /opt/conda/envs/gdf/bin/python(_PyFunction_Vectorcall+0x6c) [0x5598269c4a2c]
22  /opt/conda/envs/gdf/bin/python(_PyEval_EvalFrameDefault+0x72c) [0x5598269b4c5c]
23  /opt/conda/envs/gdf/bin/python(_PyFunction_Vectorcall+0x6c) [0x5598269c4a2c]
24  /opt/conda/envs/gdf/bin/python(_PyEval_EvalFrameDefault+0x72c) [0x5598269b4c5c]
25  /opt/conda/envs/gdf/bin/python(_PyFunction_Vectorcall+0x6c) [0x5598269c4a2c]
26  /opt/conda/envs/gdf/bin/python(_PyEval_EvalFrameDefault+0x72c) [0x5598269b4c5c]
27  /opt/conda/envs/gdf/bin/python(_PyFunction_Vectorcall+0x6c) [0x5598269c4a2c]
28  /opt/conda/envs/gdf/bin/python(_PyEval_EvalFrameDefault+0x72c) [0x5598269b4c5c]
29  /opt/conda/envs/gdf/bin/python(_PyFunction_Vectorcall+0x6c) [0x5598269c4a2c]
30  /opt/conda/envs/gdf/bin/python(_PyEval_EvalFrameDefault+0x13ca) [0x5598269b58fa]
31  /opt/conda/envs/gdf/bin/python(+0x150582) [0x5598269d0582]
32  /opt/conda/envs/gdf/bin/python(PyObject_Call+0xbc) [0x5598269d0f1c]
33  /opt/conda/envs/gdf/bin/python(+0x20a9ae) [0x559826a8a9ae]
34  /opt/conda/envs/gdf/bin/python(_PyObject_MakeTpCall+0x26b) [0x5598269bda6b]
35  /opt/conda/envs/gdf/bin/python(_PyEval_EvalFrameDefault+0x2d83) [0x5598269b72b3]
36  /opt/conda/envs/gdf/bin/python(+0x1506d8) [0x5598269d06d8]
37  /opt/conda/envs/gdf/bin/python(_PyEval_EvalFrameDefault+0x2d83) [0x5598269b72b3]
38  /opt/conda/envs/gdf/bin/python(_PyFunction_Vectorcall+0x6c) [0x5598269c4a2c]
39  /opt/conda/envs/gdf/bin/python(_PyEval_EvalFrameDefault+0x72c) [0x5598269b4c5c]
40  /opt/conda/envs/gdf/bin/python(_PyFunction_Vectorcall+0x6c) [0x5598269c4a2c]
41  /opt/conda/envs/gdf/bin/python(_PyEval_EvalFrameDefault+0x72c) [0x5598269b4c5c]
42  /opt/conda/envs/gdf/bin/python(_PyFunction_Vectorcall+0x6c) [0x5598269c4a2c]
43  /opt/conda/envs/gdf/bin/python(_PyEval_EvalFrameDefault+0x320) [0x5598269b4850]
44  /opt/conda/envs/gdf/bin/python(_PyFunction_Vectorcall+0x6c) [0x5598269c4a2c]
45  /opt/conda/envs/gdf/bin/python(_PyEval_EvalFrameDefault+0x13ca) [0x5598269b58fa]
46  /opt/conda/envs/gdf/bin/python(+0x1d7c60) [0x559826a57c60]
47  /opt/conda/envs/gdf/bin/python(PyEval_EvalCode+0x87) [0x559826a57ba7]
48  /opt/conda/envs/gdf/bin/python(+0x20812a) [0x559826a8812a]
49  /opt/conda/envs/gdf/bin/python(+0x203523) [0x559826a83523]
50  /opt/conda/envs/gdf/bin/python(PyRun_StringFlags+0x7d) [0x559826a7b91d]
51  /opt/conda/envs/gdf/bin/python(PyRun_SimpleStringFlags+0x3c) [0x559826a7b75c]
52  /opt/conda/envs/gdf/bin/python(Py_RunMain+0x26b) [0x559826a7a66b]
53  /opt/conda/envs/gdf/bin/python(Py_BytesMain+0x37) [0x559826a4b1f7]
54  /usr/lib/x86_64-linux-gnu/libc.so.6(__libc_start_main+0xf3) [0x7f09bcb4c083]
55  /opt/conda/envs/gdf/bin/python(+0x1cb0f1) [0x559826a4b0f1]
=================================
2024-09-19 06:19:13,071 - distributed.worker - ERROR - failed during get data with ucx://127.0.0.1:51679 -> ucx://127.0.0.1:51425
Traceback (most recent call last):
  File "/opt/conda/envs/gdf/lib/python3.10/site-packages/distributed/comm/ucx.py", line 335, in write
    await self.ep.send(each_frame)
  File "/opt/conda/envs/gdf/lib/python3.10/site-packages/ucp/core.py", line 662, in send
    return await comm.tag_send(self._ep, buffer, nbytes, tag, name=log)
ucp._libs.exceptions.UCXError: <[Send #007] ep: 0x7f75e6fcc280, tag: 0xedeb226ceb2ab513, nbytes: 50000000, type: <class 'cupy.ndarray'>>: Connection reset by remote peer

During handling of the above exception, another exception occurred:

Traceback (most recent call last):
  File "/opt/conda/envs/gdf/lib/python3.10/site-packages/distributed/worker.py", line 1777, in get_data
    compressed = await comm.write(msg, serializers=serializers)
  File "/opt/conda/envs/gdf/lib/python3.10/site-packages/distributed/utils.py", line 806, in wrapper
    return await func(*args, **kwargs)
  File "/opt/conda/envs/gdf/lib/python3.10/site-packages/distributed/comm/ucx.py", line 339, in write
    raise CommClosedError("While writing, the connection was closed")
distributed.comm.core.CommClosedError: While writing, the connection was closed
2024-09-19 06:19:13,165 - distributed.nanny - WARNING - Restarting worker
2024-09-19 06:19:13,171 - distributed.scheduler - WARNING - Removing worker 'ucx://127.0.0.1:49439' caused the cluster to lose already computed task(s), which will be recomputed elsewhere: {('random_sample-1f10905d656c818c1179a38682a4532d', 8, 2), ('random_sample-1f10905d656c818c1179a38682a4532d', 8, 3), ('random_sample-1f10905d656c818c1179a38682a4532d', 8, 0)} (stimulus_id='handle-worker-cleanup-1726726753.171787')
2024-09-19 06:19:13,171 - distributed.worker - ERROR - failed during get data with ucx://127.0.0.1:36105 -> ucx://127.0.0.1:49439
Traceback (most recent call last):
  File "/opt/conda/envs/gdf/lib/python3.10/site-packages/distributed/comm/ucx.py", line 335, in write
    await self.ep.send(each_frame)
  File "/opt/conda/envs/gdf/lib/python3.10/site-packages/ucp/core.py", line 662, in send
    return await comm.tag_send(self._ep, buffer, nbytes, tag, name=log)
ucp._libs.exceptions.UCXError: <[Send #007] ep: 0x7f2818a07140, tag: 0x86b9fe4e606ee3ed, nbytes: 50000000, type: <class 'cupy.ndarray'>>: Connection reset by remote peer

During handling of the above exception, another exception occurred:

Traceback (most recent call last):
  File "/opt/conda/envs/gdf/lib/python3.10/site-packages/distributed/worker.py", line 1777, in get_data
    compressed = await comm.write(msg, serializers=serializers)
  File "/opt/conda/envs/gdf/lib/python3.10/site-packages/distributed/utils.py", line 806, in wrapper
    return await func(*args, **kwargs)
  File "/opt/conda/envs/gdf/lib/python3.10/site-packages/distributed/comm/ucx.py", line 339, in write
    raise CommClosedError("While writing, the connection was closed")
distributed.comm.core.CommClosedError: While writing, the connection was closed
2024-09-19 06:19:13,172 - distributed.worker - ERROR - failed during get data with ucx://127.0.0.1:36105 -> ucx://127.0.0.1:51425
Traceback (most recent call last):
  File "/opt/conda/envs/gdf/lib/python3.10/site-packages/distributed/comm/ucx.py", line 335, in write
    await self.ep.send(each_frame)
  File "/opt/conda/envs/gdf/lib/python3.10/site-packages/ucp/core.py", line 662, in send
    return await comm.tag_send(self._ep, buffer, nbytes, tag, name=log)
ucp._libs.exceptions.UCXError: <[Send #007] ep: 0x7f2818a071c0, tag: 0xe5bc1357f13ffac1, nbytes: 50000000, type: <class 'cupy.ndarray'>>: Connection reset by remote peer

During handling of the above exception, another exception occurred:

Traceback (most recent call last):
  File "/opt/conda/envs/gdf/lib/python3.10/site-packages/distributed/worker.py", line 1777, in get_data
    compressed = await comm.write(msg, serializers=serializers)
  File "/opt/conda/envs/gdf/lib/python3.10/site-packages/distributed/utils.py", line 806, in wrapper
    return await func(*args, **kwargs)
  File "/opt/conda/envs/gdf/lib/python3.10/site-packages/distributed/comm/ucx.py", line 339, in write
    raise CommClosedError("While writing, the connection was closed")
distributed.comm.core.CommClosedError: While writing, the connection was closed
Task exception was never retrieved
future: <Task finished name='Task-1655' coro=<_listener_handler_coroutine() done, defined at /opt/conda/envs/gdf/lib/python3.10/site-packages/ucp/core.py:140> exception=UCXError('<stream_send>: Connection reset by remote peer')>
Traceback (most recent call last):
  File "/opt/conda/envs/gdf/lib/python3.10/site-packages/ucp/core.py", line 155, in _listener_handler_coroutine
    peer_info = await exchange_peer_info(
  File "/opt/conda/envs/gdf/lib/python3.10/site-packages/ucp/core.py", line 51, in exchange_peer_info
    await asyncio.wait_for(
  File "/opt/conda/envs/gdf/lib/python3.10/asyncio/tasks.py", line 445, in wait_for
    return fut.result()
ucp._libs.exceptions.UCXError: <stream_send>: Connection reset by remote peer
2024-09-19 06:19:13,174 - distributed.worker - ERROR - Worker stream died during communication: ucx://127.0.0.1:49439
Traceback (most recent call last):
  File "/opt/conda/envs/gdf/lib/python3.10/site-packages/distributed/comm/ucx.py", line 351, in read
    await self.ep.recv(msg)
  File "/opt/conda/envs/gdf/lib/python3.10/site-packages/ucp/core.py", line 737, in recv
    ret = await comm.tag_recv(self._ep, buffer, nbytes, tag, name=log)
ucp._libs.exceptions.UCXCanceled: <[Recv #003] ep: 0x7f75e6fcc1c0, tag: 0xc6420befa11d5b4e, nbytes: 16, type: <class 'numpy.ndarray'>>: 

During handling of the above exception, another exception occurred:

Traceback (most recent call last):
  File "/opt/conda/envs/gdf/lib/python3.10/site-packages/distributed/worker.py", line 2056, in gather_dep
    response = await get_data_from_worker(
  File "/opt/conda/envs/gdf/lib/python3.10/site-packages/distributed/worker.py", line 2874, in get_data_from_worker
    response = await send_recv(
  File "/opt/conda/envs/gdf/lib/python3.10/site-packages/distributed/core.py", line 1015, in send_recv
    response = await comm.read(deserializers=deserializers)
  File "/opt/conda/envs/gdf/lib/python3.10/site-packages/distributed/utils.py", line 806, in wrapper
    return await func(*args, **kwargs)
  File "/opt/conda/envs/gdf/lib/python3.10/site-packages/distributed/comm/ucx.py", line 369, in read
    raise CommClosedError(
distributed.comm.core.CommClosedError: Connection closed by writer.
Inner exception: UCXCanceled("<[Recv #003] ep: 0x7f75e6fcc1c0, tag: 0xc6420befa11d5b4e, nbytes: 16, type: <class 'numpy.ndarray'>>: ")
2024-09-19 06:19:13,199 - distributed.scheduler - WARNING - Removing worker 'ucx://127.0.0.1:55183' caused the cluster to lose already computed task(s), which will be recomputed elsewhere: {('random_sample-1f10905d656c818c1179a38682a4532d', 7, 1), ('random_sample-1f10905d656c818c1179a38682a4532d', 8, 4), ('random_sample-1f10905d656c818c1179a38682a4532d', 7, 3), ('sum-8833ebd20638d8a9edb59886b5e8763b', 0, 1)} (stimulus_id='handle-worker-cleanup-1726726753.1995084')
2024-09-19 06:19:13,199 - distributed.worker - ERROR - failed during get data with ucx://127.0.0.1:45365 -> ucx://127.0.0.1:55183
Traceback (most recent call last):
  File "/opt/conda/envs/gdf/lib/python3.10/site-packages/distributed/comm/ucx.py", line 335, in write
    await self.ep.send(each_frame)
  File "/opt/conda/envs/gdf/lib/python3.10/site-packages/ucp/core.py", line 662, in send
    return await comm.tag_send(self._ep, buffer, nbytes, tag, name=log)
ucp._libs.exceptions.UCXError: <[Send #007] ep: 0x7f43c1846200, tag: 0xa49c94aa01b7c340, nbytes: 50000000, type: <class 'cupy.ndarray'>>: Connection reset by remote peer

During handling of the above exception, another exception occurred:

Traceback (most recent call last):
  File "/opt/conda/envs/gdf/lib/python3.10/site-packages/distributed/worker.py", line 1777, in get_data
    compressed = await comm.write(msg, serializers=serializers)
  File "/opt/conda/envs/gdf/lib/python3.10/site-packages/distributed/utils.py", line 806, in wrapper
    return await func(*args, **kwargs)
  File "/opt/conda/envs/gdf/lib/python3.10/site-packages/distributed/comm/ucx.py", line 339, in write
    raise CommClosedError("While writing, the connection was closed")
distributed.comm.core.CommClosedError: While writing, the connection was closed
2024-09-19 06:19:13,200 - distributed.worker - ERROR - Worker stream died during communication: ucx://127.0.0.1:55183
Traceback (most recent call last):
  File "/opt/conda/envs/gdf/lib/python3.10/site-packages/distributed/comm/ucx.py", line 393, in read
    await self.ep.recv(each_frame)
  File "/opt/conda/envs/gdf/lib/python3.10/site-packages/ucp/core.py", line 737, in recv
    ret = await comm.tag_recv(self._ep, buffer, nbytes, tag, name=log)
ucp._libs.exceptions.UCXError: <[Recv #007] ep: 0x7f43c1846240, tag: 0x32ac02933fadbc3c, nbytes: 50000000, type: <class 'rmm._lib.device_buffer.DeviceBuffer'>>: Connection reset by remote peer

During handling of the above exception, another exception occurred:

Traceback (most recent call last):
  File "/opt/conda/envs/gdf/lib/python3.10/site-packages/distributed/worker.py", line 2056, in gather_dep
    response = await get_data_from_worker(
  File "/opt/conda/envs/gdf/lib/python3.10/site-packages/distributed/worker.py", line 2874, in get_data_from_worker
    response = await send_recv(
  File "/opt/conda/envs/gdf/lib/python3.10/site-packages/distributed/core.py", line 1015, in send_recv
    response = await comm.read(deserializers=deserializers)
  File "/opt/conda/envs/gdf/lib/python3.10/site-packages/distributed/utils.py", line 806, in wrapper
    return await func(*args, **kwargs)
  File "/opt/conda/envs/gdf/lib/python3.10/site-packages/distributed/comm/ucx.py", line 399, in read
    raise CommClosedError(
distributed.comm.core.CommClosedError: Connection closed by writer.
Inner exception: UCXError("<[Recv #007] ep: 0x7f43c1846240, tag: 0x32ac02933fadbc3c, nbytes: 50000000, type: <class 'rmm._lib.device_buffer.DeviceBuffer'>>: Connection reset by remote peer")
2024-09-19 06:19:13,212 - distributed.nanny - WARNING - Restarting worker
2024-09-19 06:19:13,254 - distributed.worker - ERROR - failed during get data with ucx://127.0.0.1:45365 -> ucx://127.0.0.1:47737
Traceback (most recent call last):
  File "/opt/conda/envs/gdf/lib/python3.10/site-packages/distributed/comm/ucx.py", line 335, in write
    await self.ep.send(each_frame)
  File "/opt/conda/envs/gdf/lib/python3.10/site-packages/ucp/core.py", line 662, in send
    return await comm.tag_send(self._ep, buffer, nbytes, tag, name=log)
ucp._libs.exceptions.UCXError: <[Send #007] ep: 0x7f43c1846100, tag: 0xa8871470b547718d, nbytes: 50000000, type: <class 'cupy.ndarray'>>: Connection reset by remote peer

During handling of the above exception, another exception occurred:

Traceback (most recent call last):
  File "/opt/conda/envs/gdf/lib/python3.10/site-packages/distributed/worker.py", line 1777, in get_data
    compressed = await comm.write(msg, serializers=serializers)
  File "/opt/conda/envs/gdf/lib/python3.10/site-packages/distributed/utils.py", line 806, in wrapper
    return await func(*args, **kwargs)
  File "/opt/conda/envs/gdf/lib/python3.10/site-packages/distributed/comm/ucx.py", line 339, in write
    raise CommClosedError("While writing, the connection was closed")
distributed.comm.core.CommClosedError: While writing, the connection was closed
2024-09-19 06:19:13,254 - distributed.worker - ERROR - failed during get data with ucx://127.0.0.1:60713 -> ucx://127.0.0.1:47737
Traceback (most recent call last):
  File "/opt/conda/envs/gdf/lib/python3.10/site-packages/distributed/comm/ucx.py", line 335, in write
    await self.ep.send(each_frame)
  File "/opt/conda/envs/gdf/lib/python3.10/site-packages/ucp/core.py", line 662, in send
    return await comm.tag_send(self._ep, buffer, nbytes, tag, name=log)
ucp._libs.exceptions.UCXError: <[Send #007] ep: 0x7fa91c2dd280, tag: 0xb80d20cda1c91ac6, nbytes: 50000000, type: <class 'cupy.ndarray'>>: Connection reset by remote peer

During handling of the above exception, another exception occurred:

Traceback (most recent call last):
  File "/opt/conda/envs/gdf/lib/python3.10/site-packages/distributed/worker.py", line 1777, in get_data
    compressed = await comm.write(msg, serializers=serializers)
  File "/opt/conda/envs/gdf/lib/python3.10/site-packages/distributed/utils.py", line 806, in wrapper
    return await func(*args, **kwargs)
  File "/opt/conda/envs/gdf/lib/python3.10/site-packages/distributed/comm/ucx.py", line 339, in write
    raise CommClosedError("While writing, the connection was closed")
distributed.comm.core.CommClosedError: While writing, the connection was closed
2024-09-19 06:19:13,356 - distributed.nanny - WARNING - Restarting worker
2024-09-19 06:19:13,386 - distributed.nanny - WARNING - Restarting worker
[dgx13:88625:0:88625] Caught signal 11 (Segmentation fault: address not mapped to object at address 0x450)
==== backtrace (tid:  88625) ====
 0  /opt/conda/envs/gdf/lib/libucs.so.0(ucs_handle_error+0x2fd) [0x7fd741db6eed]
 1  /opt/conda/envs/gdf/lib/libucs.so.0(+0x2c0e4) [0x7fd741db70e4]
 2  /opt/conda/envs/gdf/lib/libucs.so.0(+0x2c2aa) [0x7fd741db72aa]
 3  /usr/lib/x86_64-linux-gnu/libpthread.so.0(+0x14420) [0x7fd784654420]
 4  /opt/conda/envs/gdf/lib/libucp.so.0(ucp_mem_type_unpack+0x17) [0x7fd741e387c7]
 5  /opt/conda/envs/gdf/lib/libucp.so.0(ucp_rndv_data_handler+0x65d) [0x7fd741e6127d]
 6  /opt/conda/envs/gdf/lib/libuct.so.0(+0x2096f) [0x7fd741d6f96f]
 7  /opt/conda/envs/gdf/lib/libuct.so.0(+0x23b48) [0x7fd741d72b48]
 8  /opt/conda/envs/gdf/lib/libucs.so.0(ucs_event_set_wait+0xb9) [0x7fd741dc0639]
 9  /opt/conda/envs/gdf/lib/libuct.so.0(uct_tcp_iface_progress+0x7d) [0x7fd741d71c5d]
10  /opt/conda/envs/gdf/lib/libucp.so.0(ucp_worker_progress+0x5a) [0x7fd741e356ca]
11  /opt/conda/envs/gdf/lib/python3.10/site-packages/ucp/_libs/ucx_api.cpython-310-x86_64-linux-gnu.so(+0x31d7a) [0x7fd741ef3d7a]
12  /opt/conda/envs/gdf/bin/python(_PyEval_EvalFrameDefault+0x2d83) [0x55baac0722b3]
13  /opt/conda/envs/gdf/bin/python(_PyFunction_Vectorcall+0x6c) [0x55baac07fa2c]
14  /opt/conda/envs/gdf/bin/python(_PyEval_EvalFrameDefault+0x72c) [0x55baac06fc5c]
15  /opt/conda/envs/gdf/bin/python(+0x1e1384) [0x55baac11c384]
16  /opt/conda/envs/gdf/lib/python3.10/lib-dynload/_asyncio.cpython-310-x86_64-linux-gnu.so(+0x7bf6) [0x7fd7721b0bf6]
17  /opt/conda/envs/gdf/bin/python(_PyObject_MakeTpCall+0x26b) [0x55baac078a6b]
18  /opt/conda/envs/gdf/bin/python(+0xfdd90) [0x55baac038d90]
19  /opt/conda/envs/gdf/bin/python(+0x13c2a3) [0x55baac0772a3]
20  /opt/conda/envs/gdf/bin/python(_PyEval_EvalFrameDefault+0x5cd5) [0x55baac075205]
21  /opt/conda/envs/gdf/bin/python(_PyFunction_Vectorcall+0x6c) [0x55baac07fa2c]
22  /opt/conda/envs/gdf/bin/python(_PyEval_EvalFrameDefault+0x72c) [0x55baac06fc5c]
23  /opt/conda/envs/gdf/bin/python(_PyFunction_Vectorcall+0x6c) [0x55baac07fa2c]
24  /opt/conda/envs/gdf/bin/python(_PyEval_EvalFrameDefault+0x72c) [0x55baac06fc5c]
25  /opt/conda/envs/gdf/bin/python(_PyFunction_Vectorcall+0x6c) [0x55baac07fa2c]
26  /opt/conda/envs/gdf/bin/python(_PyEval_EvalFrameDefault+0x72c) [0x55baac06fc5c]
27  /opt/conda/envs/gdf/bin/python(_PyFunction_Vectorcall+0x6c) [0x55baac07fa2c]
28  /opt/conda/envs/gdf/bin/python(_PyEval_EvalFrameDefault+0x72c) [0x55baac06fc5c]
29  /opt/conda/envs/gdf/bin/python(_PyFunction_Vectorcall+0x6c) [0x55baac07fa2c]
30  /opt/conda/envs/gdf/bin/python(_PyEval_EvalFrameDefault+0x13ca) [0x55baac0708fa]
31  /opt/conda/envs/gdf/bin/python(+0x150582) [0x55baac08b582]
32  /opt/conda/envs/gdf/bin/python(PyObject_Call+0xbc) [0x55baac08bf1c]
33  /opt/conda/envs/gdf/bin/python(+0x20a9ae) [0x55baac1459ae]
34  /opt/conda/envs/gdf/bin/python(_PyObject_MakeTpCall+0x26b) [0x55baac078a6b]
35  /opt/conda/envs/gdf/bin/python(_PyEval_EvalFrameDefault+0x2d83) [0x55baac0722b3]
36  /opt/conda/envs/gdf/bin/python(+0x1506d8) [0x55baac08b6d8]
37  /opt/conda/envs/gdf/bin/python(_PyEval_EvalFrameDefault+0x2d83) [0x55baac0722b3]
38  /opt/conda/envs/gdf/bin/python(_PyFunction_Vectorcall+0x6c) [0x55baac07fa2c]
39  /opt/conda/envs/gdf/bin/python(_PyEval_EvalFrameDefault+0x72c) [0x55baac06fc5c]
40  /opt/conda/envs/gdf/bin/python(_PyFunction_Vectorcall+0x6c) [0x55baac07fa2c]
41  /opt/conda/envs/gdf/bin/python(_PyEval_EvalFrameDefault+0x72c) [0x55baac06fc5c]
42  /opt/conda/envs/gdf/bin/python(_PyFunction_Vectorcall+0x6c) [0x55baac07fa2c]
43  /opt/conda/envs/gdf/bin/python(_PyEval_EvalFrameDefault+0x320) [0x55baac06f850]
44  /opt/conda/envs/gdf/bin/python(_PyFunction_Vectorcall+0x6c) [0x55baac07fa2c]
45  /opt/conda/envs/gdf/bin/python(_PyEval_EvalFrameDefault+0x13ca) [0x55baac0708fa]
46  /opt/conda/envs/gdf/bin/python(+0x1d7c60) [0x55baac112c60]
47  /opt/conda/envs/gdf/bin/python(PyEval_EvalCode+0x87) [0x55baac112ba7]
48  /opt/conda/envs/gdf/bin/python(+0x20812a) [0x55baac14312a]
49  /opt/conda/envs/gdf/bin/python(+0x203523) [0x55baac13e523]
50  /opt/conda/envs/gdf/bin/python(PyRun_StringFlags+0x7d) [0x55baac13691d]
51  /opt/conda/envs/gdf/bin/python(PyRun_SimpleStringFlags+0x3c) [0x55baac13675c]
52  /opt/conda/envs/gdf/bin/python(Py_RunMain+0x26b) [0x55baac13566b]
53  /opt/conda/envs/gdf/bin/python(Py_BytesMain+0x37) [0x55baac1061f7]
54  /usr/lib/x86_64-linux-gnu/libc.so.6(__libc_start_main+0xf3) [0x7fd784318083]
55  /opt/conda/envs/gdf/bin/python(+0x1cb0f1) [0x55baac1060f1]
=================================
[dgx13:88629:0:88629] Caught signal 11 (Segmentation fault: address not mapped to object at address 0x450)
==== backtrace (tid:  88629) ====
 0  /opt/conda/envs/gdf/lib/libucs.so.0(ucs_handle_error+0x2fd) [0x7f92e8044eed]
 1  /opt/conda/envs/gdf/lib/libucs.so.0(+0x2c0e4) [0x7f92e80450e4]
 2  /opt/conda/envs/gdf/lib/libucs.so.0(+0x2c2aa) [0x7f92e80452aa]
 3  /usr/lib/x86_64-linux-gnu/libpthread.so.0(+0x14420) [0x7f9316907420]
 4  /opt/conda/envs/gdf/lib/libucp.so.0(ucp_mem_type_unpack+0x17) [0x7f92d1f767c7]
 5  /opt/conda/envs/gdf/lib/libucp.so.0(ucp_rndv_data_handler+0x65d) [0x7f92d1f9f27d]
 6  /opt/conda/envs/gdf/lib/libuct.so.0(+0x2096f) [0x7f92d1f0f96f]
 7  /opt/conda/envs/gdf/lib/libuct.so.0(+0x23b48) [0x7f92d1f12b48]
 8  /opt/conda/envs/gdf/lib/libucs.so.0(ucs_event_set_wait+0xb9) [0x7f92e804e639]
 9  /opt/conda/envs/gdf/lib/libuct.so.0(uct_tcp_iface_progress+0x7d) [0x7f92d1f11c5d]
10  /opt/conda/envs/gdf/lib/libucp.so.0(ucp_worker_progress+0x5a) [0x7f92d1f736ca]
11  /opt/conda/envs/gdf/lib/python3.10/site-packages/ucp/_libs/ucx_api.cpython-310-x86_64-linux-gnu.so(+0x31d7a) [0x7f92e80acd7a]
12  /opt/conda/envs/gdf/bin/python(_PyEval_EvalFrameDefault+0x2d83) [0x5570d89182b3]
13  /opt/conda/envs/gdf/bin/python(_PyFunction_Vectorcall+0x6c) [0x5570d8925a2c]
14  /opt/conda/envs/gdf/bin/python(_PyEval_EvalFrameDefault+0x72c) [0x5570d8915c5c]
15  /opt/conda/envs/gdf/bin/python(+0x150804) [0x5570d8931804]
16  /opt/conda/envs/gdf/bin/python(+0x25f60c) [0x5570d8a4060c]
17  /opt/conda/envs/gdf/bin/python(+0xfdd90) [0x5570d88ded90]
18  /opt/conda/envs/gdf/bin/python(+0x13c2a3) [0x5570d891d2a3]
19  /opt/conda/envs/gdf/bin/python(_PyEval_EvalFrameDefault+0x5cd5) [0x5570d891b205]
20  /opt/conda/envs/gdf/bin/python(_PyFunction_Vectorcall+0x6c) [0x5570d8925a2c]
21  /opt/conda/envs/gdf/bin/python(_PyEval_EvalFrameDefault+0x72c) [0x5570d8915c5c]
22  /opt/conda/envs/gdf/bin/python(_PyFunction_Vectorcall+0x6c) [0x5570d8925a2c]
23  /opt/conda/envs/gdf/bin/python(_PyEval_EvalFrameDefault+0x72c) [0x5570d8915c5c]
24  /opt/conda/envs/gdf/bin/python(_PyFunction_Vectorcall+0x6c) [0x5570d8925a2c]
25  /opt/conda/envs/gdf/bin/python(_PyEval_EvalFrameDefault+0x72c) [0x5570d8915c5c]
26  /opt/conda/envs/gdf/bin/python(_PyFunction_Vectorcall+0x6c) [0x5570d8925a2c]
27  /opt/conda/envs/gdf/bin/python(_PyEval_EvalFrameDefault+0x72c) [0x5570d8915c5c]
28  /opt/conda/envs/gdf/bin/python(_PyFunction_Vectorcall+0x6c) [0x5570d8925a2c]
29  /opt/conda/envs/gdf/bin/python(_PyEval_EvalFrameDefault+0x13ca) [0x5570d89168fa]
30  /opt/conda/envs/gdf/bin/python(+0x150582) [0x5570d8931582]
31  /opt/conda/envs/gdf/bin/python(PyObject_Call+0xbc) [0x5570d8931f1c]
32  /opt/conda/envs/gdf/bin/python(+0x20a9ae) [0x5570d89eb9ae]
33  /opt/conda/envs/gdf/bin/python(_PyObject_MakeTpCall+0x26b) [0x5570d891ea6b]
34  /opt/conda/envs/gdf/bin/python(_PyEval_EvalFrameDefault+0x2d83) [0x5570d89182b3]
35  /opt/conda/envs/gdf/bin/python(+0x1506d8) [0x5570d89316d8]
36  /opt/conda/envs/gdf/bin/python(_PyEval_EvalFrameDefault+0x2d83) [0x5570d89182b3]
37  /opt/conda/envs/gdf/bin/python(_PyFunction_Vectorcall+0x6c) [0x5570d8925a2c]
38  /opt/conda/envs/gdf/bin/python(_PyEval_EvalFrameDefault+0x72c) [0x5570d8915c5c]
39  /opt/conda/envs/gdf/bin/python(_PyFunction_Vectorcall+0x6c) [0x5570d8925a2c]
40  /opt/conda/envs/gdf/bin/python(_PyEval_EvalFrameDefault+0x72c) [0x5570d8915c5c]
41  /opt/conda/envs/gdf/bin/python(_PyFunction_Vectorcall+0x6c) [0x5570d8925a2c]
42  /opt/conda/envs/gdf/bin/python(_PyEval_EvalFrameDefault+0x320) [0x5570d8915850]
43  /opt/conda/envs/gdf/bin/python(_PyFunction_Vectorcall+0x6c) [0x5570d8925a2c]
44  /opt/conda/envs/gdf/bin/python(_PyEval_EvalFrameDefault+0x13ca) [0x5570d89168fa]
45  /opt/conda/envs/gdf/bin/python(+0x1d7c60) [0x5570d89b8c60]
46  /opt/conda/envs/gdf/bin/python(PyEval_EvalCode+0x87) [0x5570d89b8ba7]
47  /opt/conda/envs/gdf/bin/python(+0x20812a) [0x5570d89e912a]
48  /opt/conda/envs/gdf/bin/python(+0x203523) [0x5570d89e4523]
49  /opt/conda/envs/gdf/bin/python(PyRun_StringFlags+0x7d) [0x5570d89dc91d]
50  /opt/conda/envs/gdf/bin/python(PyRun_SimpleStringFlags+0x3c) [0x5570d89dc75c]
51  /opt/conda/envs/gdf/bin/python(Py_RunMain+0x26b) [0x5570d89db66b]
52  /opt/conda/envs/gdf/bin/python(Py_BytesMain+0x37) [0x5570d89ac1f7]
53  /usr/lib/x86_64-linux-gnu/libc.so.6(__libc_start_main+0xf3) [0x7f93165cb083]
54  /opt/conda/envs/gdf/bin/python(+0x1cb0f1) [0x5570d89ac0f1]
=================================
2024-09-19 06:19:17,157 - distributed.worker - ERROR - failed during get data with ucx://127.0.0.1:60713 -> ucx://127.0.0.1:56895
Traceback (most recent call last):
  File "/opt/conda/envs/gdf/lib/python3.10/site-packages/distributed/comm/ucx.py", line 335, in write
    await self.ep.send(each_frame)
  File "/opt/conda/envs/gdf/lib/python3.10/site-packages/ucp/core.py", line 662, in send
    return await comm.tag_send(self._ep, buffer, nbytes, tag, name=log)
ucp._libs.exceptions.UCXError: <[Send #007] ep: 0x7fa91c2dd3c0, tag: 0xb07c00bcf0b0abd, nbytes: 50000000, type: <class 'cupy.ndarray'>>: Connection reset by remote peer

During handling of the above exception, another exception occurred:

Traceback (most recent call last):
  File "/opt/conda/envs/gdf/lib/python3.10/site-packages/distributed/worker.py", line 1777, in get_data
    compressed = await comm.write(msg, serializers=serializers)
  File "/opt/conda/envs/gdf/lib/python3.10/site-packages/distributed/utils.py", line 806, in wrapper
    return await func(*args, **kwargs)
  File "/opt/conda/envs/gdf/lib/python3.10/site-packages/distributed/comm/ucx.py", line 339, in write
    raise CommClosedError("While writing, the connection was closed")
distributed.comm.core.CommClosedError: While writing, the connection was closed
2024-09-19 06:19:17,158 - distributed.worker - ERROR - failed during get data with ucx://127.0.0.1:51679 -> ucx://127.0.0.1:56895
Traceback (most recent call last):
  File "/opt/conda/envs/gdf/lib/python3.10/site-packages/distributed/comm/ucx.py", line 335, in write
    await self.ep.send(each_frame)
  File "/opt/conda/envs/gdf/lib/python3.10/site-packages/ucp/core.py", line 662, in send
    return await comm.tag_send(self._ep, buffer, nbytes, tag, name=log)
ucp._libs.exceptions.UCXError: <[Send #007] ep: 0x7f75e6fcc400, tag: 0xed81221f4927cc00, nbytes: 50000000, type: <class 'cupy.ndarray'>>: Connection reset by remote peer

During handling of the above exception, another exception occurred:

Traceback (most recent call last):
  File "/opt/conda/envs/gdf/lib/python3.10/site-packages/distributed/worker.py", line 1777, in get_data
    compressed = await comm.write(msg, serializers=serializers)
  File "/opt/conda/envs/gdf/lib/python3.10/site-packages/distributed/utils.py", line 806, in wrapper
    return await func(*args, **kwargs)
  File "/opt/conda/envs/gdf/lib/python3.10/site-packages/distributed/comm/ucx.py", line 339, in write
    raise CommClosedError("While writing, the connection was closed")
distributed.comm.core.CommClosedError: While writing, the connection was closed
2024-09-19 06:19:17,251 - distributed.worker - ERROR - failed during get data with ucx://127.0.0.1:36105 -> ucx://127.0.0.1:47427
Traceback (most recent call last):
  File "/opt/conda/envs/gdf/lib/python3.10/site-packages/distributed/comm/ucx.py", line 335, in write
    await self.ep.send(each_frame)
  File "/opt/conda/envs/gdf/lib/python3.10/site-packages/ucp/core.py", line 662, in send
    return await comm.tag_send(self._ep, buffer, nbytes, tag, name=log)
ucp._libs.exceptions.UCXError: <[Send #007] ep: 0x7f2818a071c0, tag: 0x8d83c69a113c9bdb, nbytes: 50000000, type: <class 'cupy.ndarray'>>: Connection reset by remote peer

During handling of the above exception, another exception occurred:

Traceback (most recent call last):
  File "/opt/conda/envs/gdf/lib/python3.10/site-packages/distributed/worker.py", line 1777, in get_data
    compressed = await comm.write(msg, serializers=serializers)
  File "/opt/conda/envs/gdf/lib/python3.10/site-packages/distributed/utils.py", line 806, in wrapper
    return await func(*args, **kwargs)
  File "/opt/conda/envs/gdf/lib/python3.10/site-packages/distributed/comm/ucx.py", line 339, in write
    raise CommClosedError("While writing, the connection was closed")
distributed.comm.core.CommClosedError: While writing, the connection was closed
2024-09-19 06:19:17,253 - distributed.scheduler - WARNING - Removing worker 'ucx://127.0.0.1:47427' caused the cluster to lose already computed task(s), which will be recomputed elsewhere: {('random_sample-1f10905d656c818c1179a38682a4532d', 8, 2), ('random_sample-1f10905d656c818c1179a38682a4532d', 8, 0)} (stimulus_id='handle-worker-cleanup-1726726757.25309')
2024-09-19 06:19:17,254 - distributed.nanny - WARNING - Restarting worker
2024-09-19 06:19:17,296 - distributed.nanny - WARNING - Restarting worker
[dgx13:88639:0:88639] Caught signal 11 (Segmentation fault: address not mapped to object at address 0x450)
==== backtrace (tid:  88639) ====
 0  /opt/conda/envs/gdf/lib/libucs.so.0(ucs_handle_error+0x2fd) [0x7f9c98da7eed]
 1  /opt/conda/envs/gdf/lib/libucs.so.0(+0x2c0e4) [0x7f9c98da80e4]
 2  /opt/conda/envs/gdf/lib/libucs.so.0(+0x2c2aa) [0x7f9c98da82aa]
 3  /usr/lib/x86_64-linux-gnu/libpthread.so.0(+0x14420) [0x7f9cd561f420]
 4  /opt/conda/envs/gdf/lib/libucp.so.0(ucp_mem_type_unpack+0x17) [0x7f9c98e297c7]
 5  /opt/conda/envs/gdf/lib/libucp.so.0(ucp_rndv_data_handler+0x65d) [0x7f9c98e5227d]
 6  /opt/conda/envs/gdf/lib/libuct.so.0(+0x2096f) [0x7f9c98d6096f]
 7  /opt/conda/envs/gdf/lib/libuct.so.0(+0x23b48) [0x7f9c98d63b48]
 8  /opt/conda/envs/gdf/lib/libucs.so.0(ucs_event_set_wait+0xb9) [0x7f9c98db1639]
 9  /opt/conda/envs/gdf/lib/libuct.so.0(uct_tcp_iface_progress+0x7d) [0x7f9c98d62c5d]
10  /opt/conda/envs/gdf/lib/libucp.so.0(ucp_worker_progress+0x5a) [0x7f9c98e266ca]
11  /opt/conda/envs/gdf/lib/python3.10/site-packages/ucp/_libs/ucx_api.cpython-310-x86_64-linux-gnu.so(+0x31d7a) [0x7f9c98ee4d7a]
12  /opt/conda/envs/gdf/bin/python(_PyEval_EvalFrameDefault+0x2d83) [0x5652e0fad2b3]
13  /opt/conda/envs/gdf/bin/python(_PyFunction_Vectorcall+0x6c) [0x5652e0fbaa2c]
14  /opt/conda/envs/gdf/bin/python(_PyEval_EvalFrameDefault+0x72c) [0x5652e0faac5c]
15  /opt/conda/envs/gdf/bin/python(+0x150804) [0x5652e0fc6804]
16  /opt/conda/envs/gdf/bin/python(+0x25f60c) [0x5652e10d560c]
17  /opt/conda/envs/gdf/bin/python(+0xfdd90) [0x5652e0f73d90]
18  /opt/conda/envs/gdf/bin/python(+0x13c2a3) [0x5652e0fb22a3]
19  /opt/conda/envs/gdf/bin/python(_PyEval_EvalFrameDefault+0x5cd5) [0x5652e0fb0205]
20  /opt/conda/envs/gdf/bin/python(_PyFunction_Vectorcall+0x6c) [0x5652e0fbaa2c]
21  /opt/conda/envs/gdf/bin/python(_PyEval_EvalFrameDefault+0x72c) [0x5652e0faac5c]
22  /opt/conda/envs/gdf/bin/python(_PyFunction_Vectorcall+0x6c) [0x5652e0fbaa2c]
23  /opt/conda/envs/gdf/bin/python(_PyEval_EvalFrameDefault+0x72c) [0x5652e0faac5c]
24  /opt/conda/envs/gdf/bin/python(_PyFunction_Vectorcall+0x6c) [0x5652e0fbaa2c]
25  /opt/conda/envs/gdf/bin/python(_PyEval_EvalFrameDefault+0x72c) [0x5652e0faac5c]
26  /opt/conda/envs/gdf/bin/python(_PyFunction_Vectorcall+0x6c) [0x5652e0fbaa2c]
27  /opt/conda/envs/gdf/bin/python(_PyEval_EvalFrameDefault+0x72c) [0x5652e0faac5c]
28  /opt/conda/envs/gdf/bin/python(_PyFunction_Vectorcall+0x6c) [0x5652e0fbaa2c]
29  /opt/conda/envs/gdf/bin/python(_PyEval_EvalFrameDefault+0x13ca) [0x5652e0fab8fa]
30  /opt/conda/envs/gdf/bin/python(+0x150582) [0x5652e0fc6582]
31  /opt/conda/envs/gdf/bin/python(PyObject_Call+0xbc) [0x5652e0fc6f1c]
32  /opt/conda/envs/gdf/bin/python(+0x20a9ae) [0x5652e10809ae]
33  /opt/conda/envs/gdf/bin/python(_PyObject_MakeTpCall+0x26b) [0x5652e0fb3a6b]
34  /opt/conda/envs/gdf/bin/python(_PyEval_EvalFrameDefault+0x2d83) [0x5652e0fad2b3]
35  /opt/conda/envs/gdf/bin/python(+0x1506d8) [0x5652e0fc66d8]
36  /opt/conda/envs/gdf/bin/python(_PyEval_EvalFrameDefault+0x2d83) [0x5652e0fad2b3]
37  /opt/conda/envs/gdf/bin/python(_PyFunction_Vectorcall+0x6c) [0x5652e0fbaa2c]
38  /opt/conda/envs/gdf/bin/python(_PyEval_EvalFrameDefault+0x72c) [0x5652e0faac5c]
39  /opt/conda/envs/gdf/bin/python(_PyFunction_Vectorcall+0x6c) [0x5652e0fbaa2c]
40  /opt/conda/envs/gdf/bin/python(_PyEval_EvalFrameDefault+0x72c) [0x5652e0faac5c]
41  /opt/conda/envs/gdf/bin/python(_PyFunction_Vectorcall+0x6c) [0x5652e0fbaa2c]
42  /opt/conda/envs/gdf/bin/python(_PyEval_EvalFrameDefault+0x320) [0x5652e0faa850]
43  /opt/conda/envs/gdf/bin/python(_PyFunction_Vectorcall+0x6c) [0x5652e0fbaa2c]
44  /opt/conda/envs/gdf/bin/python(_PyEval_EvalFrameDefault+0x13ca) [0x5652e0fab8fa]
45  /opt/conda/envs/gdf/bin/python(+0x1d7c60) [0x5652e104dc60]
46  /opt/conda/envs/gdf/bin/python(PyEval_EvalCode+0x87) [0x5652e104dba7]
47  /opt/conda/envs/gdf/bin/python(+0x20812a) [0x5652e107e12a]
48  /opt/conda/envs/gdf/bin/python(+0x203523) [0x5652e1079523]
49  /opt/conda/envs/gdf/bin/python(PyRun_StringFlags+0x7d) [0x5652e107191d]
50  /opt/conda/envs/gdf/bin/python(PyRun_SimpleStringFlags+0x3c) [0x5652e107175c]
51  /opt/conda/envs/gdf/bin/python(Py_RunMain+0x26b) [0x5652e107066b]
52  /opt/conda/envs/gdf/bin/python(Py_BytesMain+0x37) [0x5652e10411f7]
53  /usr/lib/x86_64-linux-gnu/libc.so.6(__libc_start_main+0xf3) [0x7f9cd52e3083]
54  /opt/conda/envs/gdf/bin/python(+0x1cb0f1) [0x5652e10410f1]
=================================
2024-09-19 06:19:17,531 - distributed.worker - ERROR - failed during get data with ucx://127.0.0.1:36105 -> ucx://127.0.0.1:49011
Traceback (most recent call last):
  File "/opt/conda/envs/gdf/lib/python3.10/site-packages/distributed/comm/ucx.py", line 335, in write
    await self.ep.send(each_frame)
  File "/opt/conda/envs/gdf/lib/python3.10/site-packages/ucp/core.py", line 662, in send
    return await comm.tag_send(self._ep, buffer, nbytes, tag, name=log)
ucp._libs.exceptions.UCXError: <[Send #007] ep: 0x7f2818a071c0, tag: 0x521f637e7c8dec80, nbytes: 50000000, type: <class 'cupy.ndarray'>>: Connection reset by remote peer

During handling of the above exception, another exception occurred:

Traceback (most recent call last):
  File "/opt/conda/envs/gdf/lib/python3.10/site-packages/distributed/worker.py", line 1777, in get_data
    compressed = await comm.write(msg, serializers=serializers)
  File "/opt/conda/envs/gdf/lib/python3.10/site-packages/distributed/utils.py", line 806, in wrapper
    return await func(*args, **kwargs)
  File "/opt/conda/envs/gdf/lib/python3.10/site-packages/distributed/comm/ucx.py", line 339, in write
    raise CommClosedError("While writing, the connection was closed")
distributed.comm.core.CommClosedError: While writing, the connection was closed
2024-09-19 06:19:17,531 - distributed.scheduler - WARNING - Removing worker 'ucx://127.0.0.1:49011' caused the cluster to lose already computed task(s), which will be recomputed elsewhere: {('random_sample-1f10905d656c818c1179a38682a4532d', 7, 8), ('random_sample-1f10905d656c818c1179a38682a4532d', 7, 9)} (stimulus_id='handle-worker-cleanup-1726726757.5317848')
Task exception was never retrieved
future: <Task finished name='Task-2688' coro=<_listener_handler_coroutine() done, defined at /opt/conda/envs/gdf/lib/python3.10/site-packages/ucp/core.py:140> exception=UCXError('<stream_send>: Connection reset by remote peer')>
Traceback (most recent call last):
  File "/opt/conda/envs/gdf/lib/python3.10/site-packages/ucp/core.py", line 155, in _listener_handler_coroutine
    peer_info = await exchange_peer_info(
  File "/opt/conda/envs/gdf/lib/python3.10/site-packages/ucp/core.py", line 51, in exchange_peer_info
    await asyncio.wait_for(
  File "/opt/conda/envs/gdf/lib/python3.10/asyncio/tasks.py", line 445, in wait_for
    return fut.result()
ucp._libs.exceptions.UCXError: <stream_send>: Connection reset by remote peer
2024-09-19 06:19:17,534 - distributed.worker - ERROR - Worker stream died during communication: ucx://127.0.0.1:49011
Traceback (most recent call last):
  File "/opt/conda/envs/gdf/lib/python3.10/site-packages/distributed/comm/ucx.py", line 351, in read
    await self.ep.recv(msg)
  File "/opt/conda/envs/gdf/lib/python3.10/site-packages/ucp/core.py", line 737, in recv
    ret = await comm.tag_recv(self._ep, buffer, nbytes, tag, name=log)
ucp._libs.exceptions.UCXCanceled: <[Recv #003] ep: 0x7fa91c2dd400, tag: 0x8940a1a6109a7683, nbytes: 16, type: <class 'numpy.ndarray'>>: 

During handling of the above exception, another exception occurred:

Traceback (most recent call last):
  File "/opt/conda/envs/gdf/lib/python3.10/site-packages/distributed/worker.py", line 2056, in gather_dep
    response = await get_data_from_worker(
  File "/opt/conda/envs/gdf/lib/python3.10/site-packages/distributed/worker.py", line 2874, in get_data_from_worker
    response = await send_recv(
  File "/opt/conda/envs/gdf/lib/python3.10/site-packages/distributed/core.py", line 1015, in send_recv
    response = await comm.read(deserializers=deserializers)
  File "/opt/conda/envs/gdf/lib/python3.10/site-packages/distributed/utils.py", line 806, in wrapper
    return await func(*args, **kwargs)
  File "/opt/conda/envs/gdf/lib/python3.10/site-packages/distributed/comm/ucx.py", line 369, in read
    raise CommClosedError(
distributed.comm.core.CommClosedError: Connection closed by writer.
Inner exception: UCXCanceled("<[Recv #003] ep: 0x7fa91c2dd400, tag: 0x8940a1a6109a7683, nbytes: 16, type: <class 'numpy.ndarray'>>: ")
2024-09-19 06:19:17,572 - distributed.nanny - WARNING - Restarting worker
[dgx13:88717:0:88717] Caught signal 11 (Segmentation fault: address not mapped to object at address 0x450)
==== backtrace (tid:  88717) ====
 0  /opt/conda/envs/gdf/lib/libucs.so.0(ucs_handle_error+0x2fd) [0x7fbce0c9deed]
 1  /opt/conda/envs/gdf/lib/libucs.so.0(+0x2c0e4) [0x7fbce0c9e0e4]
 2  /opt/conda/envs/gdf/lib/libucs.so.0(+0x2c2aa) [0x7fbce0c9e2aa]
 3  /usr/lib/x86_64-linux-gnu/libpthread.so.0(+0x14420) [0x7fbd1d518420]
 4  /opt/conda/envs/gdf/lib/libucp.so.0(ucp_mem_type_unpack+0x17) [0x7fbce0d1f7c7]
 5  /opt/conda/envs/gdf/lib/libucp.so.0(ucp_rndv_data_handler+0x65d) [0x7fbce0d4827d]
 6  /opt/conda/envs/gdf/lib/libuct.so.0(+0x2096f) [0x7fbce0c5696f]
 7  /opt/conda/envs/gdf/lib/libuct.so.0(+0x23b48) [0x7fbce0c59b48]
 8  /opt/conda/envs/gdf/lib/libucs.so.0(ucs_event_set_wait+0xb9) [0x7fbce0ca7639]
 9  /opt/conda/envs/gdf/lib/libuct.so.0(uct_tcp_iface_progress+0x7d) [0x7fbce0c58c5d]
10  /opt/conda/envs/gdf/lib/libucp.so.0(ucp_worker_progress+0x5a) [0x7fbce0d1c6ca]
11  /opt/conda/envs/gdf/lib/python3.10/site-packages/ucp/_libs/ucx_api.cpython-310-x86_64-linux-gnu.so(+0x31d7a) [0x7fbce0ddad7a]
12  /opt/conda/envs/gdf/bin/python(_PyEval_EvalFrameDefault+0x2d83) [0x5634769cb2b3]
13  /opt/conda/envs/gdf/bin/python(_PyFunction_Vectorcall+0x6c) [0x5634769d8a2c]
14  /opt/conda/envs/gdf/bin/python(_PyEval_EvalFrameDefault+0x72c) [0x5634769c8c5c]
15  /opt/conda/envs/gdf/bin/python(+0x150804) [0x5634769e4804]
16  /opt/conda/envs/gdf/bin/python(+0x25f60c) [0x563476af360c]
17  /opt/conda/envs/gdf/bin/python(+0xfdd90) [0x563476991d90]
18  /opt/conda/envs/gdf/bin/python(+0x13c2a3) [0x5634769d02a3]
19  /opt/conda/envs/gdf/bin/python(_PyEval_EvalFrameDefault+0x5cd5) [0x5634769ce205]
20  /opt/conda/envs/gdf/bin/python(_PyFunction_Vectorcall+0x6c) [0x5634769d8a2c]
21  /opt/conda/envs/gdf/bin/python(_PyEval_EvalFrameDefault+0x72c) [0x5634769c8c5c]
22  /opt/conda/envs/gdf/bin/python(_PyFunction_Vectorcall+0x6c) [0x5634769d8a2c]
23  /opt/conda/envs/gdf/bin/python(_PyEval_EvalFrameDefault+0x72c) [0x5634769c8c5c]
24  /opt/conda/envs/gdf/bin/python(_PyFunction_Vectorcall+0x6c) [0x5634769d8a2c]
25  /opt/conda/envs/gdf/bin/python(_PyEval_EvalFrameDefault+0x72c) [0x5634769c8c5c]
26  /opt/conda/envs/gdf/bin/python(_PyFunction_Vectorcall+0x6c) [0x5634769d8a2c]
27  /opt/conda/envs/gdf/bin/python(_PyEval_EvalFrameDefault+0x72c) [0x5634769c8c5c]
28  /opt/conda/envs/gdf/bin/python(_PyFunction_Vectorcall+0x6c) [0x5634769d8a2c]
29  /opt/conda/envs/gdf/bin/python(_PyEval_EvalFrameDefault+0x13ca) [0x5634769c98fa]
30  /opt/conda/envs/gdf/bin/python(+0x150582) [0x5634769e4582]
31  /opt/conda/envs/gdf/bin/python(PyObject_Call+0xbc) [0x5634769e4f1c]
32  /opt/conda/envs/gdf/bin/python(+0x20a9ae) [0x563476a9e9ae]
33  /opt/conda/envs/gdf/bin/python(_PyObject_MakeTpCall+0x26b) [0x5634769d1a6b]
34  /opt/conda/envs/gdf/bin/python(_PyEval_EvalFrameDefault+0x2d83) [0x5634769cb2b3]
35  /opt/conda/envs/gdf/bin/python(+0x1506d8) [0x5634769e46d8]
36  /opt/conda/envs/gdf/bin/python(_PyEval_EvalFrameDefault+0x2d83) [0x5634769cb2b3]
37  /opt/conda/envs/gdf/bin/python(_PyFunction_Vectorcall+0x6c) [0x5634769d8a2c]
38  /opt/conda/envs/gdf/bin/python(_PyEval_EvalFrameDefault+0x72c) [0x5634769c8c5c]
39  /opt/conda/envs/gdf/bin/python(_PyFunction_Vectorcall+0x6c) [0x5634769d8a2c]
40  /opt/conda/envs/gdf/bin/python(_PyEval_EvalFrameDefault+0x72c) [0x5634769c8c5c]
41  /opt/conda/envs/gdf/bin/python(_PyFunction_Vectorcall+0x6c) [0x5634769d8a2c]
42  /opt/conda/envs/gdf/bin/python(_PyEval_EvalFrameDefault+0x320) [0x5634769c8850]
43  /opt/conda/envs/gdf/bin/python(_PyFunction_Vectorcall+0x6c) [0x5634769d8a2c]
44  /opt/conda/envs/gdf/bin/python(_PyEval_EvalFrameDefault+0x13ca) [0x5634769c98fa]
45  /opt/conda/envs/gdf/bin/python(+0x1d7c60) [0x563476a6bc60]
46  /opt/conda/envs/gdf/bin/python(PyEval_EvalCode+0x87) [0x563476a6bba7]
47  /opt/conda/envs/gdf/bin/python(+0x20812a) [0x563476a9c12a]
48  /opt/conda/envs/gdf/bin/python(+0x203523) [0x563476a97523]
49  /opt/conda/envs/gdf/bin/python(PyRun_StringFlags+0x7d) [0x563476a8f91d]
50  /opt/conda/envs/gdf/bin/python(PyRun_SimpleStringFlags+0x3c) [0x563476a8f75c]
51  /opt/conda/envs/gdf/bin/python(Py_RunMain+0x26b) [0x563476a8e66b]
52  /opt/conda/envs/gdf/bin/python(Py_BytesMain+0x37) [0x563476a5f1f7]
53  /usr/lib/x86_64-linux-gnu/libc.so.6(__libc_start_main+0xf3) [0x7fbd1d1dc083]
54  /opt/conda/envs/gdf/bin/python(+0x1cb0f1) [0x563476a5f0f1]
=================================
[dgx13:88724:0:88724] Caught signal 11 (Segmentation fault: address not mapped to object at address 0x450)
==== backtrace (tid:  88724) ====
 0  /opt/conda/envs/gdf/lib/libucs.so.0(ucs_handle_error+0x2fd) [0x7f6ea483aeed]
 1  /opt/conda/envs/gdf/lib/libucs.so.0(+0x2c0e4) [0x7f6ea483b0e4]
 2  /opt/conda/envs/gdf/lib/libucs.so.0(+0x2c2aa) [0x7f6ea483b2aa]
 3  /usr/lib/x86_64-linux-gnu/libpthread.so.0(+0x14420) [0x7f6ed31bc420]
 4  /opt/conda/envs/gdf/lib/libucp.so.0(ucp_mem_type_unpack+0x17) [0x7f6ea48bc7c7]
 5  /opt/conda/envs/gdf/lib/libucp.so.0(ucp_rndv_data_handler+0x65d) [0x7f6ea48e527d]
 6  /opt/conda/envs/gdf/lib/libuct.so.0(+0x2096f) [0x7f6ea47f396f]
 7  /opt/conda/envs/gdf/lib/libuct.so.0(+0x23b48) [0x7f6ea47f6b48]
 8  /opt/conda/envs/gdf/lib/libucs.so.0(ucs_event_set_wait+0xb9) [0x7f6ea4844639]
 9  /opt/conda/envs/gdf/lib/libuct.so.0(uct_tcp_iface_progress+0x7d) [0x7f6ea47f5c5d]
10  /opt/conda/envs/gdf/lib/libucp.so.0(ucp_worker_progress+0x5a) [0x7f6ea48b96ca]
11  /opt/conda/envs/gdf/lib/python3.10/site-packages/ucp/_libs/ucx_api.cpython-310-x86_64-linux-gnu.so(+0x31d7a) [0x7f6ea4977d7a]
12  /opt/conda/envs/gdf/bin/python(_PyEval_EvalFrameDefault+0x2d83) [0x55835e3572b3]
13  /opt/conda/envs/gdf/bin/python(_PyFunction_Vectorcall+0x6c) [0x55835e364a2c]
14  /opt/conda/envs/gdf/bin/python(_PyEval_EvalFrameDefault+0x72c) [0x55835e354c5c]
15  /opt/conda/envs/gdf/bin/python(+0x150804) [0x55835e370804]
16  /opt/conda/envs/gdf/bin/python(+0x25f60c) [0x55835e47f60c]
17  /opt/conda/envs/gdf/bin/python(+0xfdd90) [0x55835e31dd90]
18  /opt/conda/envs/gdf/bin/python(+0x13c2a3) [0x55835e35c2a3]
19  /opt/conda/envs/gdf/bin/python(_PyEval_EvalFrameDefault+0x5cd5) [0x55835e35a205]
20  /opt/conda/envs/gdf/bin/python(_PyFunction_Vectorcall+0x6c) [0x55835e364a2c]
21  /opt/conda/envs/gdf/bin/python(_PyEval_EvalFrameDefault+0x72c) [0x55835e354c5c]
22  /opt/conda/envs/gdf/bin/python(_PyFunction_Vectorcall+0x6c) [0x55835e364a2c]
23  /opt/conda/envs/gdf/bin/python(_PyEval_EvalFrameDefault+0x72c) [0x55835e354c5c]
24  /opt/conda/envs/gdf/bin/python(_PyFunction_Vectorcall+0x6c) [0x55835e364a2c]
25  /opt/conda/envs/gdf/bin/python(_PyEval_EvalFrameDefault+0x72c) [0x55835e354c5c]
26  /opt/conda/envs/gdf/bin/python(_PyFunction_Vectorcall+0x6c) [0x55835e364a2c]
27  /opt/conda/envs/gdf/bin/python(_PyEval_EvalFrameDefault+0x72c) [0x55835e354c5c]
28  /opt/conda/envs/gdf/bin/python(_PyFunction_Vectorcall+0x6c) [0x55835e364a2c]
29  /opt/conda/envs/gdf/bin/python(_PyEval_EvalFrameDefault+0x13ca) [0x55835e3558fa]
30  /opt/conda/envs/gdf/bin/python(+0x150582) [0x55835e370582]
31  /opt/conda/envs/gdf/bin/python(PyObject_Call+0xbc) [0x55835e370f1c]
32  /opt/conda/envs/gdf/bin/python(+0x20a9ae) [0x55835e42a9ae]
33  /opt/conda/envs/gdf/bin/python(_PyObject_MakeTpCall+0x26b) [0x55835e35da6b]
34  /opt/conda/envs/gdf/bin/python(_PyEval_EvalFrameDefault+0x2d83) [0x55835e3572b3]
35  /opt/conda/envs/gdf/bin/python(+0x1506d8) [0x55835e3706d8]
36  /opt/conda/envs/gdf/bin/python(_PyEval_EvalFrameDefault+0x2d83) [0x55835e3572b3]
37  /opt/conda/envs/gdf/bin/python(_PyFunction_Vectorcall+0x6c) [0x55835e364a2c]
38  /opt/conda/envs/gdf/bin/python(_PyEval_EvalFrameDefault+0x72c) [0x55835e354c5c]
39  /opt/conda/envs/gdf/bin/python(_PyFunction_Vectorcall+0x6c) [0x55835e364a2c]
40  /opt/conda/envs/gdf/bin/python(_PyEval_EvalFrameDefault+0x72c) [0x55835e354c5c]
41  /opt/conda/envs/gdf/bin/python(_PyFunction_Vectorcall+0x6c) [0x55835e364a2c]
42  /opt/conda/envs/gdf/bin/python(_PyEval_EvalFrameDefault+0x320) [0x55835e354850]
43  /opt/conda/envs/gdf/bin/python(_PyFunction_Vectorcall+0x6c) [0x55835e364a2c]
44  /opt/conda/envs/gdf/bin/python(_PyEval_EvalFrameDefault+0x13ca) [0x55835e3558fa]
45  /opt/conda/envs/gdf/bin/python(+0x1d7c60) [0x55835e3f7c60]
46  /opt/conda/envs/gdf/bin/python(PyEval_EvalCode+0x87) [0x55835e3f7ba7]
47  /opt/conda/envs/gdf/bin/python(+0x20812a) [0x55835e42812a]
48  /opt/conda/envs/gdf/bin/python(+0x203523) [0x55835e423523]
49  /opt/conda/envs/gdf/bin/python(PyRun_StringFlags+0x7d) [0x55835e41b91d]
50  /opt/conda/envs/gdf/bin/python(PyRun_SimpleStringFlags+0x3c) [0x55835e41b75c]
51  /opt/conda/envs/gdf/bin/python(Py_RunMain+0x26b) [0x55835e41a66b]
52  /opt/conda/envs/gdf/bin/python(Py_BytesMain+0x37) [0x55835e3eb1f7]
53  /usr/lib/x86_64-linux-gnu/libc.so.6(__libc_start_main+0xf3) [0x7f6ed2e80083]
54  /opt/conda/envs/gdf/bin/python(+0x1cb0f1) [0x55835e3eb0f1]
=================================
2024-09-19 06:19:21,206 - distributed.worker - ERROR - failed during get data with ucx://127.0.0.1:36105 -> ucx://127.0.0.1:51131
Traceback (most recent call last):
  File "/opt/conda/envs/gdf/lib/python3.10/site-packages/distributed/comm/ucx.py", line 335, in write
    await self.ep.send(each_frame)
  File "/opt/conda/envs/gdf/lib/python3.10/site-packages/ucp/core.py", line 662, in send
    return await comm.tag_send(self._ep, buffer, nbytes, tag, name=log)
ucp._libs.exceptions.UCXError: <[Send #007] ep: 0x7f2818a071c0, tag: 0x7c26fbe35c0c8805, nbytes: 50000000, type: <class 'cupy.ndarray'>>: Connection reset by remote peer

During handling of the above exception, another exception occurred:

Traceback (most recent call last):
  File "/opt/conda/envs/gdf/lib/python3.10/site-packages/distributed/worker.py", line 1777, in get_data
    compressed = await comm.write(msg, serializers=serializers)
  File "/opt/conda/envs/gdf/lib/python3.10/site-packages/distributed/utils.py", line 806, in wrapper
    return await func(*args, **kwargs)
  File "/opt/conda/envs/gdf/lib/python3.10/site-packages/distributed/comm/ucx.py", line 339, in write
    raise CommClosedError("While writing, the connection was closed")
distributed.comm.core.CommClosedError: While writing, the connection was closed
2024-09-19 06:19:21,206 - distributed.scheduler - WARNING - Removing worker 'ucx://127.0.0.1:51131' caused the cluster to lose already computed task(s), which will be recomputed elsewhere: {('random_sample-1f10905d656c818c1179a38682a4532d', 8, 2), ('random_sample-1f10905d656c818c1179a38682a4532d', 8, 0)} (stimulus_id='handle-worker-cleanup-1726726761.2063184')
[dgx13:88713:0:88713] Caught signal 11 (Segmentation fault: address not mapped to object at address 0x450)
==== backtrace (tid:  88713) ====
 0  /opt/conda/envs/gdf/lib/libucs.so.0(ucs_handle_error+0x2fd) [0x7f7c74085eed]
 1  /opt/conda/envs/gdf/lib/libucs.so.0(+0x2c0e4) [0x7f7c740860e4]
 2  /opt/conda/envs/gdf/lib/libucs.so.0(+0x2c2aa) [0x7f7c740862aa]
 3  /usr/lib/x86_64-linux-gnu/libpthread.so.0(+0x14420) [0x7f7cb0826420]
 4  /opt/conda/envs/gdf/lib/libucp.so.0(ucp_mem_type_unpack+0x17) [0x7f7c71f767c7]
 5  /opt/conda/envs/gdf/lib/libucp.so.0(ucp_rndv_data_handler+0x65d) [0x7f7c71f9f27d]
 6  /opt/conda/envs/gdf/lib/libuct.so.0(+0x2096f) [0x7f7c7403e96f]
 7  /opt/conda/envs/gdf/lib/libuct.so.0(+0x23b48) [0x7f7c74041b48]
 8  /opt/conda/envs/gdf/lib/libucs.so.0(ucs_event_set_wait+0xb9) [0x7f7c7408f639]
 9  /opt/conda/envs/gdf/lib/libuct.so.0(uct_tcp_iface_progress+0x7d) [0x7f7c74040c5d]
10  /opt/conda/envs/gdf/lib/libucp.so.0(ucp_worker_progress+0x5a) [0x7f7c71f736ca]
11  /opt/conda/envs/gdf/lib/python3.10/site-packages/ucp/_libs/ucx_api.cpython-310-x86_64-linux-gnu.so(+0x31d7a) [0x7f7c740edd7a]
12  /opt/conda/envs/gdf/bin/python(_PyEval_EvalFrameDefault+0x2d83) [0x55b2e2c2a2b3]
13  /opt/conda/envs/gdf/bin/python(_PyFunction_Vectorcall+0x6c) [0x55b2e2c37a2c]
14  /opt/conda/envs/gdf/bin/python(_PyEval_EvalFrameDefault+0x72c) [0x55b2e2c27c5c]
15  /opt/conda/envs/gdf/bin/python(+0x150804) [0x55b2e2c43804]
16  /opt/conda/envs/gdf/bin/python(+0x25f60c) [0x55b2e2d5260c]
17  /opt/conda/envs/gdf/bin/python(+0xfdd90) [0x55b2e2bf0d90]
18  /opt/conda/envs/gdf/bin/python(+0x13c2a3) [0x55b2e2c2f2a3]
19  /opt/conda/envs/gdf/bin/python(_PyEval_EvalFrameDefault+0x5cd5) [0x55b2e2c2d205]
20  /opt/conda/envs/gdf/bin/python(_PyFunction_Vectorcall+0x6c) [0x55b2e2c37a2c]
21  /opt/conda/envs/gdf/bin/python(_PyEval_EvalFrameDefault+0x72c) [0x55b2e2c27c5c]
22  /opt/conda/envs/gdf/bin/python(_PyFunction_Vectorcall+0x6c) [0x55b2e2c37a2c]
23  /opt/conda/envs/gdf/bin/python(_PyEval_EvalFrameDefault+0x72c) [0x55b2e2c27c5c]
24  /opt/conda/envs/gdf/bin/python(_PyFunction_Vectorcall+0x6c) [0x55b2e2c37a2c]
25  /opt/conda/envs/gdf/bin/python(_PyEval_EvalFrameDefault+0x72c) [0x55b2e2c27c5c]
26  /opt/conda/envs/gdf/bin/python(_PyFunction_Vectorcall+0x6c) [0x55b2e2c37a2c]
27  /opt/conda/envs/gdf/bin/python(_PyEval_EvalFrameDefault+0x72c) [0x55b2e2c27c5c]
28  /opt/conda/envs/gdf/bin/python(_PyFunction_Vectorcall+0x6c) [0x55b2e2c37a2c]
29  /opt/conda/envs/gdf/bin/python(_PyEval_EvalFrameDefault+0x13ca) [0x55b2e2c288fa]
30  /opt/conda/envs/gdf/bin/python(+0x150582) [0x55b2e2c43582]
31  /opt/conda/envs/gdf/bin/python(PyObject_Call+0xbc) [0x55b2e2c43f1c]
32  /opt/conda/envs/gdf/bin/python(+0x20a9ae) [0x55b2e2cfd9ae]
33  /opt/conda/envs/gdf/bin/python(_PyObject_MakeTpCall+0x26b) [0x55b2e2c30a6b]
34  /opt/conda/envs/gdf/bin/python(_PyEval_EvalFrameDefault+0x2d83) [0x55b2e2c2a2b3]
35  /opt/conda/envs/gdf/bin/python(+0x1506d8) [0x55b2e2c436d8]
36  /opt/conda/envs/gdf/bin/python(_PyEval_EvalFrameDefault+0x2d83) [0x55b2e2c2a2b3]
37  /opt/conda/envs/gdf/bin/python(_PyFunction_Vectorcall+0x6c) [0x55b2e2c37a2c]
38  /opt/conda/envs/gdf/bin/python(_PyEval_EvalFrameDefault+0x72c) [0x55b2e2c27c5c]
39  /opt/conda/envs/gdf/bin/python(_PyFunction_Vectorcall+0x6c) [0x55b2e2c37a2c]
40  /opt/conda/envs/gdf/bin/python(_PyEval_EvalFrameDefault+0x72c) [0x55b2e2c27c5c]
41  /opt/conda/envs/gdf/bin/python(_PyFunction_Vectorcall+0x6c) [0x55b2e2c37a2c]
42  /opt/conda/envs/gdf/bin/python(_PyEval_EvalFrameDefault+0x320) [0x55b2e2c27850]
43  /opt/conda/envs/gdf/bin/python(_PyFunction_Vectorcall+0x6c) [0x55b2e2c37a2c]
44  /opt/conda/envs/gdf/bin/python(_PyEval_EvalFrameDefault+0x13ca) [0x55b2e2c288fa]
45  /opt/conda/envs/gdf/bin/python(+0x1d7c60) [0x55b2e2ccac60]
46  /opt/conda/envs/gdf/bin/python(PyEval_EvalCode+0x87) [0x55b2e2ccaba7]
47  /opt/conda/envs/gdf/bin/python(+0x20812a) [0x55b2e2cfb12a]
48  /opt/conda/envs/gdf/bin/python(+0x203523) [0x55b2e2cf6523]
49  /opt/conda/envs/gdf/bin/python(PyRun_StringFlags+0x7d) [0x55b2e2cee91d]
50  /opt/conda/envs/gdf/bin/python(PyRun_SimpleStringFlags+0x3c) [0x55b2e2cee75c]
51  /opt/conda/envs/gdf/bin/python(Py_RunMain+0x26b) [0x55b2e2ced66b]
52  /opt/conda/envs/gdf/bin/python(Py_BytesMain+0x37) [0x55b2e2cbe1f7]
53  /usr/lib/x86_64-linux-gnu/libc.so.6(__libc_start_main+0xf3) [0x7f7cb04ea083]
54  /opt/conda/envs/gdf/bin/python(+0x1cb0f1) [0x55b2e2cbe0f1]
=================================
2024-09-19 06:19:21,254 - distributed.nanny - WARNING - Restarting worker
2024-09-19 06:19:21,281 - distributed.worker - ERROR - failed during get data with ucx://127.0.0.1:60713 -> ucx://127.0.0.1:37471
Traceback (most recent call last):
  File "/opt/conda/envs/gdf/lib/python3.10/site-packages/distributed/comm/ucx.py", line 335, in write
    await self.ep.send(each_frame)
  File "/opt/conda/envs/gdf/lib/python3.10/site-packages/ucp/core.py", line 662, in send
    return await comm.tag_send(self._ep, buffer, nbytes, tag, name=log)
ucp._libs.exceptions.UCXError: <[Send #007] ep: 0x7fa91c2dd280, tag: 0x1724471abddc3147, nbytes: 50000000, type: <class 'cupy.ndarray'>>: Connection reset by remote peer

During handling of the above exception, another exception occurred:

Traceback (most recent call last):
  File "/opt/conda/envs/gdf/lib/python3.10/site-packages/distributed/worker.py", line 1777, in get_data
    compressed = await comm.write(msg, serializers=serializers)
  File "/opt/conda/envs/gdf/lib/python3.10/site-packages/distributed/utils.py", line 806, in wrapper
    return await func(*args, **kwargs)
  File "/opt/conda/envs/gdf/lib/python3.10/site-packages/distributed/comm/ucx.py", line 339, in write
    raise CommClosedError("While writing, the connection was closed")
distributed.comm.core.CommClosedError: While writing, the connection was closed
2024-09-19 06:19:21,281 - distributed.worker - ERROR - failed during get data with ucx://127.0.0.1:51679 -> ucx://127.0.0.1:37471
Traceback (most recent call last):
  File "/opt/conda/envs/gdf/lib/python3.10/site-packages/distributed/comm/ucx.py", line 335, in write
    await self.ep.send(each_frame)
  File "/opt/conda/envs/gdf/lib/python3.10/site-packages/ucp/core.py", line 662, in send
    return await comm.tag_send(self._ep, buffer, nbytes, tag, name=log)
ucp._libs.exceptions.UCXError: <[Send #007] ep: 0x7f75e6fcc280, tag: 0xa33ade1ed1463621, nbytes: 50000000, type: <class 'cupy.ndarray'>>: Connection reset by remote peer

During handling of the above exception, another exception occurred:

Traceback (most recent call last):
  File "/opt/conda/envs/gdf/lib/python3.10/site-packages/distributed/worker.py", line 1777, in get_data
    compressed = await comm.write(msg, serializers=serializers)
  File "/opt/conda/envs/gdf/lib/python3.10/site-packages/distributed/utils.py", line 806, in wrapper
    return await func(*args, **kwargs)
  File "/opt/conda/envs/gdf/lib/python3.10/site-packages/distributed/comm/ucx.py", line 339, in write
    raise CommClosedError("While writing, the connection was closed")
distributed.comm.core.CommClosedError: While writing, the connection was closed
2024-09-19 06:19:21,318 - distributed.nanny - WARNING - Restarting worker
2024-09-19 06:19:21,417 - distributed.scheduler - WARNING - Removing worker 'ucx://127.0.0.1:58145' caused the cluster to lose already computed task(s), which will be recomputed elsewhere: {('sum-8833ebd20638d8a9edb59886b5e8763b', 9, 7), ('random_sample-1f10905d656c818c1179a38682a4532d', 6, 5), ('sum-8833ebd20638d8a9edb59886b5e8763b', 7, 9), ('random_sample-1f10905d656c818c1179a38682a4532d', 7, 9), ('random_sample-1f10905d656c818c1179a38682a4532d', 6, 4), ('sum-8833ebd20638d8a9edb59886b5e8763b', 8, 7)} (stimulus_id='handle-worker-cleanup-1726726761.4177763')
2024-09-19 06:19:21,417 - distributed.worker - ERROR - failed during get data with ucx://127.0.0.1:45365 -> ucx://127.0.0.1:58145
Traceback (most recent call last):
  File "/opt/conda/envs/gdf/lib/python3.10/site-packages/distributed/comm/ucx.py", line 335, in write
    await self.ep.send(each_frame)
  File "/opt/conda/envs/gdf/lib/python3.10/site-packages/ucp/core.py", line 662, in send
    return await comm.tag_send(self._ep, buffer, nbytes, tag, name=log)
ucp._libs.exceptions.UCXError: <[Send #007] ep: 0x7f43c1846240, tag: 0xf7765fe9acafb142, nbytes: 50000000, type: <class 'cupy.ndarray'>>: Connection reset by remote peer

During handling of the above exception, another exception occurred:

Traceback (most recent call last):
  File "/opt/conda/envs/gdf/lib/python3.10/site-packages/distributed/worker.py", line 1777, in get_data
    compressed = await comm.write(msg, serializers=serializers)
  File "/opt/conda/envs/gdf/lib/python3.10/site-packages/distributed/utils.py", line 806, in wrapper
    return await func(*args, **kwargs)
  File "/opt/conda/envs/gdf/lib/python3.10/site-packages/distributed/comm/ucx.py", line 339, in write
    raise CommClosedError("While writing, the connection was closed")
distributed.comm.core.CommClosedError: While writing, the connection was closed
2024-09-19 06:19:21,417 - distributed.worker - ERROR - Worker stream died during communication: ucx://127.0.0.1:58145
Traceback (most recent call last):
  File "/opt/conda/envs/gdf/lib/python3.10/site-packages/distributed/comm/ucx.py", line 351, in read
    await self.ep.recv(msg)
  File "/opt/conda/envs/gdf/lib/python3.10/site-packages/ucp/core.py", line 737, in recv
    ret = await comm.tag_recv(self._ep, buffer, nbytes, tag, name=log)
ucp._libs.exceptions.UCXCanceled: <[Recv #008] ep: 0x7fa91c2dd440, tag: 0x18c9a6a66e39044e, nbytes: 16, type: <class 'numpy.ndarray'>>: 

During handling of the above exception, another exception occurred:

Traceback (most recent call last):
  File "/opt/conda/envs/gdf/lib/python3.10/site-packages/distributed/worker.py", line 2056, in gather_dep
    response = await get_data_from_worker(
  File "/opt/conda/envs/gdf/lib/python3.10/site-packages/distributed/worker.py", line 2874, in get_data_from_worker
    response = await send_recv(
  File "/opt/conda/envs/gdf/lib/python3.10/site-packages/distributed/core.py", line 1015, in send_recv
    response = await comm.read(deserializers=deserializers)
  File "/opt/conda/envs/gdf/lib/python3.10/site-packages/distributed/utils.py", line 806, in wrapper
    return await func(*args, **kwargs)
  File "/opt/conda/envs/gdf/lib/python3.10/site-packages/distributed/comm/ucx.py", line 369, in read
    raise CommClosedError(
distributed.comm.core.CommClosedError: Connection closed by writer.
Inner exception: UCXCanceled("<[Recv #008] ep: 0x7fa91c2dd440, tag: 0x18c9a6a66e39044e, nbytes: 16, type: <class 'numpy.ndarray'>>: ")
2024-09-19 06:19:21,560 - distributed.nanny - WARNING - Restarting worker
2024-09-19 06:19:24,725 - distributed.worker.state_machine - WARNING - Async instruction for <Task cancelled name="execute(('random_sample-1f10905d656c818c1179a38682a4532d', 8, 2))" coro=<Worker.execute() done, defined at /opt/conda/envs/gdf/lib/python3.10/site-packages/distributed/worker_state_machine.py:3609>> ended with CancelledError
2024-09-19 06:19:24,776 - distributed.worker.state_machine - WARNING - Async instruction for <Task cancelled name="execute(('random_sample-1f10905d656c818c1179a38682a4532d', 8, 2))" coro=<Worker.execute() done, defined at /opt/conda/envs/gdf/lib/python3.10/site-packages/distributed/worker_state_machine.py:3609>> ended with CancelledError
2024-09-19 06:19:24,826 - distributed.worker.state_machine - WARNING - Async instruction for <Task cancelled name="execute(('random_sample-1f10905d656c818c1179a38682a4532d', 8, 2))" coro=<Worker.execute() done, defined at /opt/conda/envs/gdf/lib/python3.10/site-packages/distributed/worker_state_machine.py:3609>> ended with CancelledError
2024-09-19 06:19:38,699 - distributed.worker - ERROR - Worker stream died during communication: ucx://127.0.0.1:54495
Traceback (most recent call last):
  File "/opt/conda/envs/gdf/lib/python3.10/site-packages/distributed/comm/ucx.py", line 468, in connect
    ep = await ucp.create_endpoint(ip, port)
  File "/opt/conda/envs/gdf/lib/python3.10/site-packages/ucp/core.py", line 1016, in create_endpoint
    return await _get_ctx().create_endpoint(
  File "/opt/conda/envs/gdf/lib/python3.10/site-packages/ucp/core.py", line 328, in create_endpoint
    peer_info = await exchange_peer_info(
  File "/opt/conda/envs/gdf/lib/python3.10/site-packages/ucp/core.py", line 60, in exchange_peer_info
    await asyncio.wait_for(
  File "/opt/conda/envs/gdf/lib/python3.10/asyncio/tasks.py", line 432, in wait_for
    await waiter
asyncio.exceptions.CancelledError

During handling of the above exception, another exception occurred:

Traceback (most recent call last):
  File "/opt/conda/envs/gdf/lib/python3.10/asyncio/tasks.py", line 456, in wait_for
    return fut.result()
asyncio.exceptions.CancelledError

The above exception was the direct cause of the following exception:

Traceback (most recent call last):
  File "/opt/conda/envs/gdf/lib/python3.10/site-packages/distributed/comm/core.py", line 342, in connect
    comm = await wait_for(
  File "/opt/conda/envs/gdf/lib/python3.10/site-packages/distributed/utils.py", line 1926, in wait_for
    return await asyncio.wait_for(fut, timeout)
  File "/opt/conda/envs/gdf/lib/python3.10/asyncio/tasks.py", line 458, in wait_for
    raise exceptions.TimeoutError() from exc
asyncio.exceptions.TimeoutError

The above exception was the direct cause of the following exception:

Traceback (most recent call last):
  File "/opt/conda/envs/gdf/lib/python3.10/site-packages/distributed/worker.py", line 2056, in gather_dep
    response = await get_data_from_worker(
  File "/opt/conda/envs/gdf/lib/python3.10/site-packages/distributed/worker.py", line 2871, in get_data_from_worker
    comm = await rpc.connect(worker)
  File "/opt/conda/envs/gdf/lib/python3.10/site-packages/distributed/core.py", line 1535, in connect
    return connect_attempt.result()
  File "/opt/conda/envs/gdf/lib/python3.10/site-packages/distributed/core.py", line 1425, in _connect
    comm = await connect(
  File "/opt/conda/envs/gdf/lib/python3.10/site-packages/distributed/comm/core.py", line 368, in connect
    raise OSError(
OSError: Timed out trying to connect to ucx://127.0.0.1:54495 after 30 s
2024-09-19 06:19:38,873 - distributed.worker - ERROR - Worker stream died during communication: ucx://127.0.0.1:49781
Traceback (most recent call last):
  File "/opt/conda/envs/gdf/lib/python3.10/site-packages/distributed/comm/ucx.py", line 468, in connect
    ep = await ucp.create_endpoint(ip, port)
  File "/opt/conda/envs/gdf/lib/python3.10/site-packages/ucp/core.py", line 1016, in create_endpoint
    return await _get_ctx().create_endpoint(
  File "/opt/conda/envs/gdf/lib/python3.10/site-packages/ucp/core.py", line 328, in create_endpoint
    peer_info = await exchange_peer_info(
  File "/opt/conda/envs/gdf/lib/python3.10/site-packages/ucp/core.py", line 60, in exchange_peer_info
    await asyncio.wait_for(
  File "/opt/conda/envs/gdf/lib/python3.10/asyncio/tasks.py", line 432, in wait_for
    await waiter
asyncio.exceptions.CancelledError

During handling of the above exception, another exception occurred:

Traceback (most recent call last):
  File "/opt/conda/envs/gdf/lib/python3.10/asyncio/tasks.py", line 456, in wait_for
    return fut.result()
asyncio.exceptions.CancelledError

The above exception was the direct cause of the following exception:

Traceback (most recent call last):
  File "/opt/conda/envs/gdf/lib/python3.10/site-packages/distributed/comm/core.py", line 342, in connect
    comm = await wait_for(
  File "/opt/conda/envs/gdf/lib/python3.10/site-packages/distributed/utils.py", line 1926, in wait_for
    return await asyncio.wait_for(fut, timeout)
  File "/opt/conda/envs/gdf/lib/python3.10/asyncio/tasks.py", line 458, in wait_for
    raise exceptions.TimeoutError() from exc
asyncio.exceptions.TimeoutError

The above exception was the direct cause of the following exception:

Traceback (most recent call last):
  File "/opt/conda/envs/gdf/lib/python3.10/site-packages/distributed/worker.py", line 2056, in gather_dep
    response = await get_data_from_worker(
  File "/opt/conda/envs/gdf/lib/python3.10/site-packages/distributed/worker.py", line 2871, in get_data_from_worker
    comm = await rpc.connect(worker)
  File "/opt/conda/envs/gdf/lib/python3.10/site-packages/distributed/core.py", line 1535, in connect
    return connect_attempt.result()
  File "/opt/conda/envs/gdf/lib/python3.10/site-packages/distributed/core.py", line 1425, in _connect
    comm = await connect(
  File "/opt/conda/envs/gdf/lib/python3.10/site-packages/distributed/comm/core.py", line 368, in connect
    raise OSError(
OSError: Timed out trying to connect to ucx://127.0.0.1:49781 after 30 s
/opt/conda/envs/gdf/lib/python3.10/multiprocessing/resource_tracker.py:224: UserWarning: resource_tracker: There appear to be 30 leaked semaphore objects to clean up at shutdown
  warnings.warn('resource_tracker: There appear to be %d '
