[dgx13:95018:0:95018] Caught signal 11 (Segmentation fault: address not mapped to object at address 0x450)
==== backtrace (tid:  95018) ====
 0  /opt/conda/envs/gdf/lib/libucs.so.0(ucs_handle_error+0x2fd) [0x7f5dc065fe6d]
 1  /opt/conda/envs/gdf/lib/libucs.so.0(+0x2e064) [0x7f5dc0660064]
 2  /opt/conda/envs/gdf/lib/libucs.so.0(+0x2e22a) [0x7f5dc066022a]
 3  /usr/lib/x86_64-linux-gnu/libpthread.so.0(+0x14420) [0x7f5dfcbaf420]
 4  /opt/conda/envs/gdf/lib/libucp.so.0(ucp_mem_type_unpack+0x17) [0x7f5dc06e5427]
 5  /opt/conda/envs/gdf/lib/libucp.so.0(ucp_rndv_data_handler+0x66d) [0x7f5dc07103bd]
 6  /opt/conda/envs/gdf/lib/libuct.so.0(+0x21cef) [0x7f5dc0615cef]
 7  /opt/conda/envs/gdf/lib/libuct.so.0(+0x24f08) [0x7f5dc0618f08]
 8  /opt/conda/envs/gdf/lib/libucs.so.0(ucs_event_set_wait+0xb9) [0x7f5dc06696d9]
 9  /opt/conda/envs/gdf/lib/libuct.so.0(uct_tcp_iface_progress+0x7d) [0x7f5dc061800d]
10  /opt/conda/envs/gdf/lib/libucp.so.0(ucp_worker_progress+0x5a) [0x7f5dc06e217a]
11  /opt/conda/envs/gdf/lib/python3.9/site-packages/ucp/_libs/ucx_api.cpython-39-x86_64-linux-gnu.so(+0x3205a) [0x7f5dc07a505a]
12  /opt/conda/envs/gdf/bin/python(_PyEval_EvalFrameDefault+0x45a6) [0x5654aa64b516]
13  /opt/conda/envs/gdf/bin/python(+0x12e184) [0x5654aa646184]
14  /opt/conda/envs/gdf/bin/python(_PyFunction_Vectorcall+0xd9) [0x5654aa657559]
15  /opt/conda/envs/gdf/bin/python(_PyEval_EvalFrameDefault+0x696) [0x5654aa647606]
16  /opt/conda/envs/gdf/bin/python(+0x1e28a2) [0x5654aa6fa8a2]
17  /opt/conda/envs/gdf/lib/python3.9/lib-dynload/_asyncio.cpython-39-x86_64-linux-gnu.so(+0x81e9) [0x7f5de460c1e9]
18  /opt/conda/envs/gdf/bin/python(_PyObject_MakeTpCall+0x2ec) [0x5654aa64f7ac]
19  /opt/conda/envs/gdf/bin/python(+0xf266c) [0x5654aa60a66c]
20  /opt/conda/envs/gdf/bin/python(+0x136833) [0x5654aa64e833]
21  /opt/conda/envs/gdf/bin/python(_PyEval_EvalFrameDefault+0x58b4) [0x5654aa64c824]
22  /opt/conda/envs/gdf/bin/python(+0x13f802) [0x5654aa657802]
23  /opt/conda/envs/gdf/bin/python(_PyEval_EvalFrameDefault+0x696) [0x5654aa647606]
24  /opt/conda/envs/gdf/bin/python(+0x13f802) [0x5654aa657802]
25  /opt/conda/envs/gdf/bin/python(_PyEval_EvalFrameDefault+0x696) [0x5654aa647606]
26  /opt/conda/envs/gdf/bin/python(+0x13f802) [0x5654aa657802]
27  /opt/conda/envs/gdf/bin/python(_PyEval_EvalFrameDefault+0x696) [0x5654aa647606]
28  /opt/conda/envs/gdf/bin/python(+0x13f802) [0x5654aa657802]
29  /opt/conda/envs/gdf/bin/python(_PyEval_EvalFrameDefault+0x696) [0x5654aa647606]
30  /opt/conda/envs/gdf/bin/python(+0x12e184) [0x5654aa646184]
31  /opt/conda/envs/gdf/bin/python(_PyFunction_Vectorcall+0xd9) [0x5654aa657559]
32  /opt/conda/envs/gdf/bin/python(_PyEval_EvalFrameDefault+0x11f2) [0x5654aa648162]
33  /opt/conda/envs/gdf/bin/python(+0x12e184) [0x5654aa646184]
34  /opt/conda/envs/gdf/bin/python(+0x14c9fb) [0x5654aa6649fb]
35  /opt/conda/envs/gdf/bin/python(PyObject_Call+0xbc) [0x5654aa66517c]
36  /opt/conda/envs/gdf/bin/python(+0x2109ce) [0x5654aa7289ce]
37  /opt/conda/envs/gdf/bin/python(_PyObject_MakeTpCall+0x2ec) [0x5654aa64f7ac]
38  /opt/conda/envs/gdf/bin/python(_PyEval_EvalFrameDefault+0x45a6) [0x5654aa64b516]
39  /opt/conda/envs/gdf/bin/python(+0x13f802) [0x5654aa657802]
40  /opt/conda/envs/gdf/bin/python(+0x14cadc) [0x5654aa664adc]
41  /opt/conda/envs/gdf/bin/python(_PyEval_EvalFrameDefault+0x45a6) [0x5654aa64b516]
42  /opt/conda/envs/gdf/bin/python(+0x13f802) [0x5654aa657802]
43  /opt/conda/envs/gdf/bin/python(_PyEval_EvalFrameDefault+0x696) [0x5654aa647606]
44  /opt/conda/envs/gdf/bin/python(+0x12e184) [0x5654aa646184]
45  /opt/conda/envs/gdf/bin/python(_PyFunction_Vectorcall+0xd9) [0x5654aa657559]
46  /opt/conda/envs/gdf/bin/python(_PyEval_EvalFrameDefault+0x696) [0x5654aa647606]
47  /opt/conda/envs/gdf/bin/python(+0x13f802) [0x5654aa657802]
48  /opt/conda/envs/gdf/bin/python(_PyEval_EvalFrameDefault+0x3e2) [0x5654aa647352]
49  /opt/conda/envs/gdf/bin/python(+0x12e184) [0x5654aa646184]
50  /opt/conda/envs/gdf/bin/python(_PyFunction_Vectorcall+0xd9) [0x5654aa657559]
51  /opt/conda/envs/gdf/bin/python(_PyEval_EvalFrameDefault+0x11f2) [0x5654aa648162]
52  /opt/conda/envs/gdf/bin/python(+0x12e184) [0x5654aa646184]
53  /opt/conda/envs/gdf/bin/python(_PyEval_EvalCodeWithName+0x48) [0x5654aa645e58]
54  /opt/conda/envs/gdf/bin/python(PyEval_EvalCodeEx+0x39) [0x5654aa645e09]
55  /opt/conda/envs/gdf/bin/python(PyEval_EvalCode+0x1b) [0x5654aa6f34ab]
56  /opt/conda/envs/gdf/bin/python(+0x20887a) [0x5654aa72087a]
57  /opt/conda/envs/gdf/bin/python(+0x204c03) [0x5654aa71cc03]
58  /opt/conda/envs/gdf/bin/python(PyRun_StringFlags+0x9a) [0x5654aa714a1a]
59  /opt/conda/envs/gdf/bin/python(PyRun_SimpleStringFlags+0x3c) [0x5654aa71490c]
60  /opt/conda/envs/gdf/bin/python(Py_RunMain+0x267) [0x5654aa713b47]
61  /opt/conda/envs/gdf/bin/python(Py_BytesMain+0x37) [0x5654aa6e72e7]
=================================
[dgx13:95028:0:95028] Caught signal 11 (Segmentation fault: address not mapped to object at address 0x450)
==== backtrace (tid:  95028) ====
 0  /opt/conda/envs/gdf/lib/libucs.so.0(ucs_handle_error+0x2fd) [0x7f3c20621e6d]
 1  /opt/conda/envs/gdf/lib/libucs.so.0(+0x2e064) [0x7f3c20622064]
 2  /opt/conda/envs/gdf/lib/libucs.so.0(+0x2e22a) [0x7f3c2062222a]
 3  /usr/lib/x86_64-linux-gnu/libpthread.so.0(+0x14420) [0x7f3c5ccfd420]
 4  /opt/conda/envs/gdf/lib/libucp.so.0(ucp_mem_type_unpack+0x17) [0x7f3c206a7427]
 5  /opt/conda/envs/gdf/lib/libucp.so.0(ucp_rndv_data_handler+0x66d) [0x7f3c206d23bd]
 6  /opt/conda/envs/gdf/lib/libuct.so.0(+0x21cef) [0x7f3c205d7cef]
 7  /opt/conda/envs/gdf/lib/libuct.so.0(+0x24f08) [0x7f3c205daf08]
 8  /opt/conda/envs/gdf/lib/libucs.so.0(ucs_event_set_wait+0xb9) [0x7f3c2062b6d9]
 9  /opt/conda/envs/gdf/lib/libuct.so.0(uct_tcp_iface_progress+0x7d) [0x7f3c205da00d]
10  /opt/conda/envs/gdf/lib/libucp.so.0(ucp_worker_progress+0x5a) [0x7f3c206a417a]
11  /opt/conda/envs/gdf/lib/python3.9/site-packages/ucp/_libs/ucx_api.cpython-39-x86_64-linux-gnu.so(+0x3205a) [0x7f3c2076705a]
12  /opt/conda/envs/gdf/bin/python(_PyEval_EvalFrameDefault+0x45a6) [0x55713808c516]
13  /opt/conda/envs/gdf/bin/python(+0x12e184) [0x557138087184]
14  /opt/conda/envs/gdf/bin/python(_PyFunction_Vectorcall+0xd9) [0x557138098559]
15  /opt/conda/envs/gdf/bin/python(_PyEval_EvalFrameDefault+0x696) [0x557138088606]
16  /opt/conda/envs/gdf/bin/python(+0x13f802) [0x557138098802]
17  /opt/conda/envs/gdf/bin/python(+0x14cbb3) [0x5571380a5bb3]
18  /opt/conda/envs/gdf/bin/python(+0x25842c) [0x5571381b142c]
19  /opt/conda/envs/gdf/bin/python(+0xf266c) [0x55713804b66c]
20  /opt/conda/envs/gdf/bin/python(+0x136833) [0x55713808f833]
21  /opt/conda/envs/gdf/bin/python(_PyEval_EvalFrameDefault+0x58b4) [0x55713808d824]
22  /opt/conda/envs/gdf/bin/python(+0x13f802) [0x557138098802]
23  /opt/conda/envs/gdf/bin/python(_PyEval_EvalFrameDefault+0x696) [0x557138088606]
24  /opt/conda/envs/gdf/bin/python(+0x13f802) [0x557138098802]
25  /opt/conda/envs/gdf/bin/python(_PyEval_EvalFrameDefault+0x696) [0x557138088606]
26  /opt/conda/envs/gdf/bin/python(+0x13f802) [0x557138098802]
27  /opt/conda/envs/gdf/bin/python(_PyEval_EvalFrameDefault+0x696) [0x557138088606]
28  /opt/conda/envs/gdf/bin/python(+0x13f802) [0x557138098802]
29  /opt/conda/envs/gdf/bin/python(_PyEval_EvalFrameDefault+0x696) [0x557138088606]
30  /opt/conda/envs/gdf/bin/python(+0x12e184) [0x557138087184]
31  /opt/conda/envs/gdf/bin/python(_PyFunction_Vectorcall+0xd9) [0x557138098559]
32  /opt/conda/envs/gdf/bin/python(_PyEval_EvalFrameDefault+0x11f2) [0x557138089162]
33  /opt/conda/envs/gdf/bin/python(+0x12e184) [0x557138087184]
34  /opt/conda/envs/gdf/bin/python(+0x14c9fb) [0x5571380a59fb]
35  /opt/conda/envs/gdf/bin/python(PyObject_Call+0xbc) [0x5571380a617c]
36  /opt/conda/envs/gdf/bin/python(+0x2109ce) [0x5571381699ce]
37  /opt/conda/envs/gdf/bin/python(_PyObject_MakeTpCall+0x2ec) [0x5571380907ac]
38  /opt/conda/envs/gdf/bin/python(_PyEval_EvalFrameDefault+0x45a6) [0x55713808c516]
39  /opt/conda/envs/gdf/bin/python(+0x13f802) [0x557138098802]
40  /opt/conda/envs/gdf/bin/python(+0x14cadc) [0x5571380a5adc]
41  /opt/conda/envs/gdf/bin/python(_PyEval_EvalFrameDefault+0x45a6) [0x55713808c516]
42  /opt/conda/envs/gdf/bin/python(+0x13f802) [0x557138098802]
43  /opt/conda/envs/gdf/bin/python(_PyEval_EvalFrameDefault+0x696) [0x557138088606]
44  /opt/conda/envs/gdf/bin/python(+0x12e184) [0x557138087184]
45  /opt/conda/envs/gdf/bin/python(_PyFunction_Vectorcall+0xd9) [0x557138098559]
46  /opt/conda/envs/gdf/bin/python(_PyEval_EvalFrameDefault+0x696) [0x557138088606]
47  /opt/conda/envs/gdf/bin/python(+0x13f802) [0x557138098802]
48  /opt/conda/envs/gdf/bin/python(_PyEval_EvalFrameDefault+0x3e2) [0x557138088352]
49  /opt/conda/envs/gdf/bin/python(+0x12e184) [0x557138087184]
50  /opt/conda/envs/gdf/bin/python(_PyFunction_Vectorcall+0xd9) [0x557138098559]
51  /opt/conda/envs/gdf/bin/python(_PyEval_EvalFrameDefault+0x11f2) [0x557138089162]
52  /opt/conda/envs/gdf/bin/python(+0x12e184) [0x557138087184]
53  /opt/conda/envs/gdf/bin/python(_PyEval_EvalCodeWithName+0x48) [0x557138086e58]
54  /opt/conda/envs/gdf/bin/python(PyEval_EvalCodeEx+0x39) [0x557138086e09]
55  /opt/conda/envs/gdf/bin/python(PyEval_EvalCode+0x1b) [0x5571381344ab]
56  /opt/conda/envs/gdf/bin/python(+0x20887a) [0x55713816187a]
57  /opt/conda/envs/gdf/bin/python(+0x204c03) [0x55713815dc03]
58  /opt/conda/envs/gdf/bin/python(PyRun_StringFlags+0x9a) [0x557138155a1a]
59  /opt/conda/envs/gdf/bin/python(PyRun_SimpleStringFlags+0x3c) [0x55713815590c]
60  /opt/conda/envs/gdf/bin/python(Py_RunMain+0x267) [0x557138154b47]
61  /opt/conda/envs/gdf/bin/python(Py_BytesMain+0x37) [0x5571381282e7]
=================================
[dgx13:95035:0:95035] Caught signal 11 (Segmentation fault: address not mapped to object at address 0x450)
==== backtrace (tid:  95035) ====
 0  /opt/conda/envs/gdf/lib/libucs.so.0(ucs_handle_error+0x2fd) [0x7fdf31fc9e6d]
 1  /opt/conda/envs/gdf/lib/libucs.so.0(+0x2e064) [0x7fdf31fca064]
 2  /opt/conda/envs/gdf/lib/libucs.so.0(+0x2e22a) [0x7fdf31fca22a]
 3  /usr/lib/x86_64-linux-gnu/libpthread.so.0(+0x14420) [0x7fdf766dc420]
 4  /opt/conda/envs/gdf/lib/libucp.so.0(ucp_mem_type_unpack+0x17) [0x7fdf4808e427]
 5  /opt/conda/envs/gdf/lib/libucp.so.0(ucp_rndv_data_handler+0x66d) [0x7fdf480b93bd]
 6  /opt/conda/envs/gdf/lib/libuct.so.0(+0x21cef) [0x7fdf48022cef]
 7  /opt/conda/envs/gdf/lib/libuct.so.0(+0x24f08) [0x7fdf48025f08]
 8  /opt/conda/envs/gdf/lib/libucs.so.0(ucs_event_set_wait+0xb9) [0x7fdf31fd36d9]
 9  /opt/conda/envs/gdf/lib/libuct.so.0(uct_tcp_iface_progress+0x7d) [0x7fdf4802500d]
10  /opt/conda/envs/gdf/lib/libucp.so.0(ucp_worker_progress+0x5a) [0x7fdf4808b17a]
11  /opt/conda/envs/gdf/lib/python3.9/site-packages/ucp/_libs/ucx_api.cpython-39-x86_64-linux-gnu.so(+0x3205a) [0x7fdf4814e05a]
12  /opt/conda/envs/gdf/bin/python(_PyEval_EvalFrameDefault+0x45a6) [0x559157b15516]
13  /opt/conda/envs/gdf/bin/python(+0x12e184) [0x559157b10184]
14  /opt/conda/envs/gdf/bin/python(_PyFunction_Vectorcall+0xd9) [0x559157b21559]
15  /opt/conda/envs/gdf/bin/python(_PyEval_EvalFrameDefault+0x696) [0x559157b11606]
16  /opt/conda/envs/gdf/bin/python(+0x13f802) [0x559157b21802]
17  /opt/conda/envs/gdf/bin/python(+0x14cbb3) [0x559157b2ebb3]
18  /opt/conda/envs/gdf/bin/python(+0x25842c) [0x559157c3a42c]
19  /opt/conda/envs/gdf/bin/python(+0xf266c) [0x559157ad466c]
20  /opt/conda/envs/gdf/bin/python(+0x136833) [0x559157b18833]
21  /opt/conda/envs/gdf/bin/python(_PyEval_EvalFrameDefault+0x58b4) [0x559157b16824]
22  /opt/conda/envs/gdf/bin/python(+0x13f802) [0x559157b21802]
23  /opt/conda/envs/gdf/bin/python(_PyEval_EvalFrameDefault+0x696) [0x559157b11606]
24  /opt/conda/envs/gdf/bin/python(+0x13f802) [0x559157b21802]
25  /opt/conda/envs/gdf/bin/python(_PyEval_EvalFrameDefault+0x696) [0x559157b11606]
26  /opt/conda/envs/gdf/bin/python(+0x13f802) [0x559157b21802]
27  /opt/conda/envs/gdf/bin/python(_PyEval_EvalFrameDefault+0x696) [0x559157b11606]
28  /opt/conda/envs/gdf/bin/python(+0x13f802) [0x559157b21802]
29  /opt/conda/envs/gdf/bin/python(_PyEval_EvalFrameDefault+0x696) [0x559157b11606]
30  /opt/conda/envs/gdf/bin/python(+0x12e184) [0x559157b10184]
31  /opt/conda/envs/gdf/bin/python(_PyFunction_Vectorcall+0xd9) [0x559157b21559]
32  /opt/conda/envs/gdf/bin/python(_PyEval_EvalFrameDefault+0x11f2) [0x559157b12162]
33  /opt/conda/envs/gdf/bin/python(+0x12e184) [0x559157b10184]
34  /opt/conda/envs/gdf/bin/python(+0x14c9fb) [0x559157b2e9fb]
35  /opt/conda/envs/gdf/bin/python(PyObject_Call+0xbc) [0x559157b2f17c]
36  /opt/conda/envs/gdf/bin/python(+0x2109ce) [0x559157bf29ce]
37  /opt/conda/envs/gdf/bin/python(_PyObject_MakeTpCall+0x2ec) [0x559157b197ac]
38  /opt/conda/envs/gdf/bin/python(_PyEval_EvalFrameDefault+0x45a6) [0x559157b15516]
39  /opt/conda/envs/gdf/bin/python(+0x13f802) [0x559157b21802]
40  /opt/conda/envs/gdf/bin/python(+0x14cadc) [0x559157b2eadc]
41  /opt/conda/envs/gdf/bin/python(_PyEval_EvalFrameDefault+0x45a6) [0x559157b15516]
42  /opt/conda/envs/gdf/bin/python(+0x13f802) [0x559157b21802]
43  /opt/conda/envs/gdf/bin/python(_PyEval_EvalFrameDefault+0x696) [0x559157b11606]
44  /opt/conda/envs/gdf/bin/python(+0x12e184) [0x559157b10184]
45  /opt/conda/envs/gdf/bin/python(_PyFunction_Vectorcall+0xd9) [0x559157b21559]
46  /opt/conda/envs/gdf/bin/python(_PyEval_EvalFrameDefault+0x696) [0x559157b11606]
47  /opt/conda/envs/gdf/bin/python(+0x13f802) [0x559157b21802]
48  /opt/conda/envs/gdf/bin/python(_PyEval_EvalFrameDefault+0x3e2) [0x559157b11352]
49  /opt/conda/envs/gdf/bin/python(+0x12e184) [0x559157b10184]
50  /opt/conda/envs/gdf/bin/python(_PyFunction_Vectorcall+0xd9) [0x559157b21559]
51  /opt/conda/envs/gdf/bin/python(_PyEval_EvalFrameDefault+0x11f2) [0x559157b12162]
52  /opt/conda/envs/gdf/bin/python(+0x12e184) [0x559157b10184]
53  /opt/conda/envs/gdf/bin/python(_PyEval_EvalCodeWithName+0x48) [0x559157b0fe58]
54  /opt/conda/envs/gdf/bin/python(PyEval_EvalCodeEx+0x39) [0x559157b0fe09]
55  /opt/conda/envs/gdf/bin/python(PyEval_EvalCode+0x1b) [0x559157bbd4ab]
56  /opt/conda/envs/gdf/bin/python(+0x20887a) [0x559157bea87a]
57  /opt/conda/envs/gdf/bin/python(+0x204c03) [0x559157be6c03]
58  /opt/conda/envs/gdf/bin/python(PyRun_StringFlags+0x9a) [0x559157bdea1a]
59  /opt/conda/envs/gdf/bin/python(PyRun_SimpleStringFlags+0x3c) [0x559157bde90c]
60  /opt/conda/envs/gdf/bin/python(Py_RunMain+0x267) [0x559157bddb47]
61  /opt/conda/envs/gdf/bin/python(Py_BytesMain+0x37) [0x559157bb12e7]
=================================
[dgx13:95039:0:95039] Caught signal 11 (Segmentation fault: address not mapped to object at address 0x450)
==== backtrace (tid:  95039) ====
 0  /opt/conda/envs/gdf/lib/libucs.so.0(ucs_handle_error+0x2fd) [0x7f0a00af8e6d]
 1  /opt/conda/envs/gdf/lib/libucs.so.0(+0x2e064) [0x7f0a00af9064]
 2  /opt/conda/envs/gdf/lib/libucs.so.0(+0x2e22a) [0x7f0a00af922a]
 3  /usr/lib/x86_64-linux-gnu/libpthread.so.0(+0x14420) [0x7f0a2f1df420]
 4  /opt/conda/envs/gdf/lib/libucp.so.0(ucp_mem_type_unpack+0x17) [0x7f0a00b7e427]
 5  /opt/conda/envs/gdf/lib/libucp.so.0(ucp_rndv_data_handler+0x66d) [0x7f0a00ba93bd]
 6  /opt/conda/envs/gdf/lib/libuct.so.0(+0x21cef) [0x7f0a00aaecef]
 7  /opt/conda/envs/gdf/lib/libuct.so.0(+0x24f08) [0x7f0a00ab1f08]
 8  /opt/conda/envs/gdf/lib/libucs.so.0(ucs_event_set_wait+0xb9) [0x7f0a00b026d9]
 9  /opt/conda/envs/gdf/lib/libuct.so.0(uct_tcp_iface_progress+0x7d) [0x7f0a00ab100d]
10  /opt/conda/envs/gdf/lib/libucp.so.0(ucp_worker_progress+0x5a) [0x7f0a00b7b17a]
11  /opt/conda/envs/gdf/lib/python3.9/site-packages/ucp/_libs/ucx_api.cpython-39-x86_64-linux-gnu.so(+0x3205a) [0x7f0a00c3e05a]
12  /opt/conda/envs/gdf/bin/python(_PyEval_EvalFrameDefault+0x45a6) [0x55cf499ed516]
13  /opt/conda/envs/gdf/bin/python(+0x12e184) [0x55cf499e8184]
14  /opt/conda/envs/gdf/bin/python(_PyFunction_Vectorcall+0xd9) [0x55cf499f9559]
15  /opt/conda/envs/gdf/bin/python(_PyEval_EvalFrameDefault+0x696) [0x55cf499e9606]
16  /opt/conda/envs/gdf/bin/python(+0x13f802) [0x55cf499f9802]
17  /opt/conda/envs/gdf/bin/python(+0x14cbb3) [0x55cf49a06bb3]
18  /opt/conda/envs/gdf/bin/python(+0x25842c) [0x55cf49b1242c]
19  /opt/conda/envs/gdf/bin/python(+0xf266c) [0x55cf499ac66c]
20  /opt/conda/envs/gdf/bin/python(+0x136833) [0x55cf499f0833]
21  /opt/conda/envs/gdf/bin/python(_PyEval_EvalFrameDefault+0x58b4) [0x55cf499ee824]
22  /opt/conda/envs/gdf/bin/python(+0x13f802) [0x55cf499f9802]
23  /opt/conda/envs/gdf/bin/python(_PyEval_EvalFrameDefault+0x696) [0x55cf499e9606]
24  /opt/conda/envs/gdf/bin/python(+0x13f802) [0x55cf499f9802]
25  /opt/conda/envs/gdf/bin/python(_PyEval_EvalFrameDefault+0x696) [0x55cf499e9606]
26  /opt/conda/envs/gdf/bin/python(+0x13f802) [0x55cf499f9802]
27  /opt/conda/envs/gdf/bin/python(_PyEval_EvalFrameDefault+0x696) [0x55cf499e9606]
28  /opt/conda/envs/gdf/bin/python(+0x13f802) [0x55cf499f9802]
29  /opt/conda/envs/gdf/bin/python(_PyEval_EvalFrameDefault+0x696) [0x55cf499e9606]
30  /opt/conda/envs/gdf/bin/python(+0x12e184) [0x55cf499e8184]
31  /opt/conda/envs/gdf/bin/python(_PyFunction_Vectorcall+0xd9) [0x55cf499f9559]
32  /opt/conda/envs/gdf/bin/python(_PyEval_EvalFrameDefault+0x11f2) [0x55cf499ea162]
33  /opt/conda/envs/gdf/bin/python(+0x12e184) [0x55cf499e8184]
34  /opt/conda/envs/gdf/bin/python(+0x14c9fb) [0x55cf49a069fb]
35  /opt/conda/envs/gdf/bin/python(PyObject_Call+0xbc) [0x55cf49a0717c]
36  /opt/conda/envs/gdf/bin/python(+0x2109ce) [0x55cf49aca9ce]
37  /opt/conda/envs/gdf/bin/python(_PyObject_MakeTpCall+0x2ec) [0x55cf499f17ac]
38  /opt/conda/envs/gdf/bin/python(_PyEval_EvalFrameDefault+0x45a6) [0x55cf499ed516]
39  /opt/conda/envs/gdf/bin/python(+0x13f802) [0x55cf499f9802]
40  /opt/conda/envs/gdf/bin/python(+0x14cadc) [0x55cf49a06adc]
41  /opt/conda/envs/gdf/bin/python(_PyEval_EvalFrameDefault+0x45a6) [0x55cf499ed516]
42  /opt/conda/envs/gdf/bin/python(+0x13f802) [0x55cf499f9802]
43  /opt/conda/envs/gdf/bin/python(_PyEval_EvalFrameDefault+0x696) [0x55cf499e9606]
44  /opt/conda/envs/gdf/bin/python(+0x12e184) [0x55cf499e8184]
45  /opt/conda/envs/gdf/bin/python(_PyFunction_Vectorcall+0xd9) [0x55cf499f9559]
46  /opt/conda/envs/gdf/bin/python(_PyEval_EvalFrameDefault+0x696) [0x55cf499e9606]
47  /opt/conda/envs/gdf/bin/python(+0x13f802) [0x55cf499f9802]
48  /opt/conda/envs/gdf/bin/python(_PyEval_EvalFrameDefault+0x3e2) [0x55cf499e9352]
49  /opt/conda/envs/gdf/bin/python(+0x12e184) [0x55cf499e8184]
50  /opt/conda/envs/gdf/bin/python(_PyFunction_Vectorcall+0xd9) [0x55cf499f9559]
51  /opt/conda/envs/gdf/bin/python(_PyEval_EvalFrameDefault+0x11f2) [0x55cf499ea162]
52  /opt/conda/envs/gdf/bin/python(+0x12e184) [0x55cf499e8184]
53  /opt/conda/envs/gdf/bin/python(_PyEval_EvalCodeWithName+0x48) [0x55cf499e7e58]
54  /opt/conda/envs/gdf/bin/python(PyEval_EvalCodeEx+0x39) [0x55cf499e7e09]
55  /opt/conda/envs/gdf/bin/python(PyEval_EvalCode+0x1b) [0x55cf49a954ab]
56  /opt/conda/envs/gdf/bin/python(+0x20887a) [0x55cf49ac287a]
57  /opt/conda/envs/gdf/bin/python(+0x204c03) [0x55cf49abec03]
58  /opt/conda/envs/gdf/bin/python(PyRun_StringFlags+0x9a) [0x55cf49ab6a1a]
59  /opt/conda/envs/gdf/bin/python(PyRun_SimpleStringFlags+0x3c) [0x55cf49ab690c]
60  /opt/conda/envs/gdf/bin/python(Py_RunMain+0x267) [0x55cf49ab5b47]
61  /opt/conda/envs/gdf/bin/python(Py_BytesMain+0x37) [0x55cf49a892e7]
=================================
2024-07-16 06:05:35,197 - distributed.scheduler - WARNING - Removing worker 'ucx://127.0.0.1:47037' caused the cluster to lose already computed task(s), which will be recomputed elsewhere: {('random_sample-3d3fc5bdf80104b46428bc3c9b628bef', 2, 3), ('random_sample-3d3fc5bdf80104b46428bc3c9b628bef', 6, 2), ('random_sample-3d3fc5bdf80104b46428bc3c9b628bef', 4, 9), ('random_sample-3d3fc5bdf80104b46428bc3c9b628bef', 7, 2), ('random_sample-3d3fc5bdf80104b46428bc3c9b628bef', 7, 5), ('random_sample-3d3fc5bdf80104b46428bc3c9b628bef', 3, 7), ('random_sample-3d3fc5bdf80104b46428bc3c9b628bef', 8, 4), ('random_sample-3d3fc5bdf80104b46428bc3c9b628bef', 2, 1), ('random_sample-3d3fc5bdf80104b46428bc3c9b628bef', 1, 0), ('random_sample-3d3fc5bdf80104b46428bc3c9b628bef', 4, 7)} (stimulus_id='handle-worker-cleanup-1721109935.1977196')
2024-07-16 06:05:35,197 - distributed.worker - ERROR - failed during get data with ucx://127.0.0.1:41051 -> ucx://127.0.0.1:47037
Traceback (most recent call last):
  File "/opt/conda/envs/gdf/lib/python3.9/site-packages/distributed/comm/ucx.py", line 334, in write
    await self.ep.send(each_frame)
  File "/opt/conda/envs/gdf/lib/python3.9/site-packages/ucp/core.py", line 662, in send
    return await comm.tag_send(self._ep, buffer, nbytes, tag, name=log)
ucp._libs.exceptions.UCXError: <[Send #007] ep: 0x7f2d14f78200, tag: 0x15cd576886c9d5ca, nbytes: 50000000, type: <class 'cupy.ndarray'>>: Connection reset by remote peer

During handling of the above exception, another exception occurred:

Traceback (most recent call last):
  File "/opt/conda/envs/gdf/lib/python3.9/site-packages/distributed/worker.py", line 1782, in get_data
    compressed = await comm.write(msg, serializers=serializers)
  File "/opt/conda/envs/gdf/lib/python3.9/site-packages/distributed/utils.py", line 837, in wrapper
    return await func(*args, **kwargs)
  File "/opt/conda/envs/gdf/lib/python3.9/site-packages/distributed/comm/ucx.py", line 338, in write
    raise CommClosedError("While writing, the connection was closed")
distributed.comm.core.CommClosedError: While writing, the connection was closed
2024-07-16 06:05:35,199 - distributed.worker - ERROR - Worker stream died during communication: ucx://127.0.0.1:47037
Traceback (most recent call last):
  File "/opt/conda/envs/gdf/lib/python3.9/site-packages/distributed/comm/ucx.py", line 392, in read
    await self.ep.recv(each_frame)
  File "/opt/conda/envs/gdf/lib/python3.9/site-packages/ucp/core.py", line 737, in recv
    ret = await comm.tag_recv(self._ep, buffer, nbytes, tag, name=log)
ucp._libs.exceptions.UCXError: <[Recv #007] ep: 0x7f2d14f78100, tag: 0x1ab11bb902399879, nbytes: 50000000, type: <class 'rmm._lib.device_buffer.DeviceBuffer'>>: Connection reset by remote peer

During handling of the above exception, another exception occurred:

Traceback (most recent call last):
  File "/opt/conda/envs/gdf/lib/python3.9/site-packages/distributed/worker.py", line 2059, in gather_dep
    response = await get_data_from_worker(
  File "/opt/conda/envs/gdf/lib/python3.9/site-packages/distributed/worker.py", line 2869, in get_data_from_worker
    response = await send_recv(
  File "/opt/conda/envs/gdf/lib/python3.9/site-packages/distributed/core.py", line 1013, in send_recv
    response = await comm.read(deserializers=deserializers)
  File "/opt/conda/envs/gdf/lib/python3.9/site-packages/distributed/utils.py", line 837, in wrapper
    return await func(*args, **kwargs)
  File "/opt/conda/envs/gdf/lib/python3.9/site-packages/distributed/comm/ucx.py", line 398, in read
    raise CommClosedError(
distributed.comm.core.CommClosedError: Connection closed by writer.
Inner exception: UCXError("<[Recv #007] ep: 0x7f2d14f78100, tag: 0x1ab11bb902399879, nbytes: 50000000, type: <class 'rmm._lib.device_buffer.DeviceBuffer'>>: Connection reset by remote peer")
2024-07-16 06:05:35,200 - distributed.worker - ERROR - Worker stream died during communication: ucx://127.0.0.1:44769
Traceback (most recent call last):
  File "/opt/conda/envs/gdf/lib/python3.9/site-packages/distributed/comm/ucx.py", line 350, in read
    await self.ep.recv(msg)
  File "/opt/conda/envs/gdf/lib/python3.9/site-packages/ucp/core.py", line 737, in recv
    ret = await comm.tag_recv(self._ep, buffer, nbytes, tag, name=log)
ucp._libs.exceptions.UCXCanceled: <[Recv #008] ep: 0x7f63bc5c0180, tag: 0x47cd95e22f93f419, nbytes: 16, type: <class 'numpy.ndarray'>>: 

During handling of the above exception, another exception occurred:

Traceback (most recent call last):
  File "/opt/conda/envs/gdf/lib/python3.9/site-packages/distributed/worker.py", line 2059, in gather_dep
    response = await get_data_from_worker(
  File "/opt/conda/envs/gdf/lib/python3.9/site-packages/distributed/worker.py", line 2869, in get_data_from_worker
    response = await send_recv(
  File "/opt/conda/envs/gdf/lib/python3.9/site-packages/distributed/core.py", line 1013, in send_recv
    response = await comm.read(deserializers=deserializers)
  File "/opt/conda/envs/gdf/lib/python3.9/site-packages/distributed/utils.py", line 837, in wrapper
    return await func(*args, **kwargs)
  File "/opt/conda/envs/gdf/lib/python3.9/site-packages/distributed/comm/ucx.py", line 368, in read
    raise CommClosedError(
distributed.comm.core.CommClosedError: Connection closed by writer.
Inner exception: UCXCanceled("<[Recv #008] ep: 0x7f63bc5c0180, tag: 0x47cd95e22f93f419, nbytes: 16, type: <class 'numpy.ndarray'>>: ")
2024-07-16 06:05:35,205 - distributed.scheduler - WARNING - Removing worker 'ucx://127.0.0.1:44769' caused the cluster to lose already computed task(s), which will be recomputed elsewhere: {('sum-5a8a93f10c336f341b4a8e6cdceba74a', 1, 8), ('random_sample-3d3fc5bdf80104b46428bc3c9b628bef', 7, 0), ('sum-5a8a93f10c336f341b4a8e6cdceba74a', 8, 1), ('sum-5a8a93f10c336f341b4a8e6cdceba74a', 0, 6), ('random_sample-3d3fc5bdf80104b46428bc3c9b628bef', 0, 6), ('random_sample-3d3fc5bdf80104b46428bc3c9b628bef', 1, 5), ('random_sample-3d3fc5bdf80104b46428bc3c9b628bef', 1, 8), ('random_sample-3d3fc5bdf80104b46428bc3c9b628bef', 3, 2), ('sum-5a8a93f10c336f341b4a8e6cdceba74a', 4, 3), ('random_sample-3d3fc5bdf80104b46428bc3c9b628bef', 8, 6), ('random_sample-3d3fc5bdf80104b46428bc3c9b628bef', 4, 3), ('random_sample-3d3fc5bdf80104b46428bc3c9b628bef', 8, 1), ('random_sample-3d3fc5bdf80104b46428bc3c9b628bef', 7, 8), ('sum-5a8a93f10c336f341b4a8e6cdceba74a', 3, 4), ('sum-5a8a93f10c336f341b4a8e6cdceba74a', 6, 0), ('random_sample-3d3fc5bdf80104b46428bc3c9b628bef', 6, 0), ('random_sample-3d3fc5bdf80104b46428bc3c9b628bef', 3, 4), ('random_sample-3d3fc5bdf80104b46428bc3c9b628bef', 9, 4), ('random_sample-3d3fc5bdf80104b46428bc3c9b628bef', 0, 1)} (stimulus_id='handle-worker-cleanup-1721109935.20477')
2024-07-16 06:05:35,204 - distributed.worker - ERROR - Worker stream died during communication: ucx://127.0.0.1:39571
Traceback (most recent call last):
  File "/opt/conda/envs/gdf/lib/python3.9/site-packages/distributed/comm/ucx.py", line 350, in read
    await self.ep.recv(msg)
  File "/opt/conda/envs/gdf/lib/python3.9/site-packages/ucp/core.py", line 737, in recv
    ret = await comm.tag_recv(self._ep, buffer, nbytes, tag, name=log)
ucp._libs.exceptions.UCXCanceled: <[Recv #003] ep: 0x7f2d14f78180, tag: 0x976ef66e0df704a6, nbytes: 16, type: <class 'numpy.ndarray'>>: 

During handling of the above exception, another exception occurred:

Traceback (most recent call last):
  File "/opt/conda/envs/gdf/lib/python3.9/site-packages/distributed/worker.py", line 2059, in gather_dep
    response = await get_data_from_worker(
  File "/opt/conda/envs/gdf/lib/python3.9/site-packages/distributed/worker.py", line 2869, in get_data_from_worker
    response = await send_recv(
  File "/opt/conda/envs/gdf/lib/python3.9/site-packages/distributed/core.py", line 1013, in send_recv
    response = await comm.read(deserializers=deserializers)
  File "/opt/conda/envs/gdf/lib/python3.9/site-packages/distributed/utils.py", line 837, in wrapper
    return await func(*args, **kwargs)
  File "/opt/conda/envs/gdf/lib/python3.9/site-packages/distributed/comm/ucx.py", line 368, in read
    raise CommClosedError(
distributed.comm.core.CommClosedError: Connection closed by writer.
Inner exception: UCXCanceled("<[Recv #003] ep: 0x7f2d14f78180, tag: 0x976ef66e0df704a6, nbytes: 16, type: <class 'numpy.ndarray'>>: ")
2024-07-16 06:05:35,205 - distributed.worker - ERROR - Worker stream died during communication: ucx://127.0.0.1:39571
Traceback (most recent call last):
  File "/opt/conda/envs/gdf/lib/python3.9/site-packages/distributed/comm/ucx.py", line 350, in read
    await self.ep.recv(msg)
  File "/opt/conda/envs/gdf/lib/python3.9/site-packages/ucp/core.py", line 737, in recv
    ret = await comm.tag_recv(self._ep, buffer, nbytes, tag, name=log)
ucp._libs.exceptions.UCXCanceled: <[Recv #003] ep: 0x7f4ee015f100, tag: 0x6c74d5a7f241eb82, nbytes: 16, type: <class 'numpy.ndarray'>>: 

During handling of the above exception, another exception occurred:

Traceback (most recent call last):
  File "/opt/conda/envs/gdf/lib/python3.9/site-packages/distributed/worker.py", line 2059, in gather_dep
    response = await get_data_from_worker(
  File "/opt/conda/envs/gdf/lib/python3.9/site-packages/distributed/worker.py", line 2869, in get_data_from_worker
    response = await send_recv(
  File "/opt/conda/envs/gdf/lib/python3.9/site-packages/distributed/core.py", line 1013, in send_recv
    response = await comm.read(deserializers=deserializers)
  File "/opt/conda/envs/gdf/lib/python3.9/site-packages/distributed/utils.py", line 837, in wrapper
    return await func(*args, **kwargs)
  File "/opt/conda/envs/gdf/lib/python3.9/site-packages/distributed/comm/ucx.py", line 368, in read
    raise CommClosedError(
distributed.comm.core.CommClosedError: Connection closed by writer.
Inner exception: UCXCanceled("<[Recv #003] ep: 0x7f4ee015f100, tag: 0x6c74d5a7f241eb82, nbytes: 16, type: <class 'numpy.ndarray'>>: ")
2024-07-16 06:05:35,208 - distributed.scheduler - WARNING - Removing worker 'ucx://127.0.0.1:39571' caused the cluster to lose already computed task(s), which will be recomputed elsewhere: {('random_sample-3d3fc5bdf80104b46428bc3c9b628bef', 1, 9), ('random_sample-3d3fc5bdf80104b46428bc3c9b628bef', 3, 5), ('random_sample-3d3fc5bdf80104b46428bc3c9b628bef', 0, 7), ('random_sample-3d3fc5bdf80104b46428bc3c9b628bef', 1, 6), ('sum-5a8a93f10c336f341b4a8e6cdceba74a', 3, 3), ('sum-5a8a93f10c336f341b4a8e6cdceba74a', 1, 6), ('random_sample-3d3fc5bdf80104b46428bc3c9b628bef', 8, 7), ('random_sample-3d3fc5bdf80104b46428bc3c9b628bef', 0, 3), ('random_sample-3d3fc5bdf80104b46428bc3c9b628bef', 5, 7), ('random_sample-3d3fc5bdf80104b46428bc3c9b628bef', 9, 5), ('random_sample-3d3fc5bdf80104b46428bc3c9b628bef', 6, 1), ('sum-5a8a93f10c336f341b4a8e6cdceba74a', 6, 1), ('random_sample-3d3fc5bdf80104b46428bc3c9b628bef', 3, 3), ('random_sample-3d3fc5bdf80104b46428bc3c9b628bef', 5, 0)} (stimulus_id='handle-worker-cleanup-1721109935.207823')
2024-07-16 06:05:35,210 - distributed.worker - ERROR - failed during get data with ucx://127.0.0.1:41051 -> ucx://127.0.0.1:32983
Traceback (most recent call last):
  File "/opt/conda/envs/gdf/lib/python3.9/site-packages/distributed/comm/ucx.py", line 350, in read
    await self.ep.recv(msg)
  File "/opt/conda/envs/gdf/lib/python3.9/site-packages/ucp/core.py", line 737, in recv
    ret = await comm.tag_recv(self._ep, buffer, nbytes, tag, name=log)
ucp._libs.exceptions.UCXCanceled: <[Recv #006] ep: 0x7f2d14f78300, tag: 0x4a890095df6c8611, nbytes: 16, type: <class 'numpy.ndarray'>>: 

During handling of the above exception, another exception occurred:

Traceback (most recent call last):
  File "/opt/conda/envs/gdf/lib/python3.9/site-packages/distributed/worker.py", line 1783, in get_data
    response = await comm.read(deserializers=serializers)
  File "/opt/conda/envs/gdf/lib/python3.9/site-packages/distributed/utils.py", line 837, in wrapper
    return await func(*args, **kwargs)
  File "/opt/conda/envs/gdf/lib/python3.9/site-packages/distributed/comm/ucx.py", line 368, in read
    raise CommClosedError(
distributed.comm.core.CommClosedError: Connection closed by writer.
Inner exception: UCXCanceled("<[Recv #006] ep: 0x7f2d14f78300, tag: 0x4a890095df6c8611, nbytes: 16, type: <class 'numpy.ndarray'>>: ")
2024-07-16 06:05:35,210 - distributed.worker - ERROR - Worker stream died during communication: ucx://127.0.0.1:32983
Traceback (most recent call last):
  File "/opt/conda/envs/gdf/lib/python3.9/site-packages/distributed/comm/ucx.py", line 350, in read
    await self.ep.recv(msg)
  File "/opt/conda/envs/gdf/lib/python3.9/site-packages/ucp/core.py", line 737, in recv
    ret = await comm.tag_recv(self._ep, buffer, nbytes, tag, name=log)
ucp._libs.exceptions.UCXCanceled: <[Recv #003] ep: 0x7f4ee015f0c0, tag: 0x731e197527bf379e, nbytes: 16, type: <class 'numpy.ndarray'>>: 

During handling of the above exception, another exception occurred:

Traceback (most recent call last):
  File "/opt/conda/envs/gdf/lib/python3.9/site-packages/distributed/worker.py", line 2059, in gather_dep
    response = await get_data_from_worker(
  File "/opt/conda/envs/gdf/lib/python3.9/site-packages/distributed/worker.py", line 2869, in get_data_from_worker
    response = await send_recv(
  File "/opt/conda/envs/gdf/lib/python3.9/site-packages/distributed/core.py", line 1013, in send_recv
    response = await comm.read(deserializers=deserializers)
  File "/opt/conda/envs/gdf/lib/python3.9/site-packages/distributed/utils.py", line 837, in wrapper
    return await func(*args, **kwargs)
  File "/opt/conda/envs/gdf/lib/python3.9/site-packages/distributed/comm/ucx.py", line 368, in read
    raise CommClosedError(
distributed.comm.core.CommClosedError: Connection closed by writer.
Inner exception: UCXCanceled("<[Recv #003] ep: 0x7f4ee015f0c0, tag: 0x731e197527bf379e, nbytes: 16, type: <class 'numpy.ndarray'>>: ")
2024-07-16 06:05:35,210 - distributed.worker - ERROR - failed during get data with ucx://127.0.0.1:41051 -> ucx://127.0.0.1:39571
Traceback (most recent call last):
  File "/opt/conda/envs/gdf/lib/python3.9/site-packages/distributed/comm/ucx.py", line 350, in read
    await self.ep.recv(msg)
  File "/opt/conda/envs/gdf/lib/python3.9/site-packages/ucp/core.py", line 737, in recv
    ret = await comm.tag_recv(self._ep, buffer, nbytes, tag, name=log)
ucp._libs.exceptions.UCXCanceled: <[Recv #006] ep: 0x7f2d14f78240, tag: 0xbe3eea650f64f75f, nbytes: 16, type: <class 'numpy.ndarray'>>: 

During handling of the above exception, another exception occurred:

Traceback (most recent call last):
  File "/opt/conda/envs/gdf/lib/python3.9/site-packages/distributed/worker.py", line 1783, in get_data
    response = await comm.read(deserializers=serializers)
  File "/opt/conda/envs/gdf/lib/python3.9/site-packages/distributed/utils.py", line 837, in wrapper
    return await func(*args, **kwargs)
  File "/opt/conda/envs/gdf/lib/python3.9/site-packages/distributed/comm/ucx.py", line 368, in read
    raise CommClosedError(
distributed.comm.core.CommClosedError: Connection closed by writer.
Inner exception: UCXCanceled("<[Recv #006] ep: 0x7f2d14f78240, tag: 0xbe3eea650f64f75f, nbytes: 16, type: <class 'numpy.ndarray'>>: ")
2024-07-16 06:05:35,211 - distributed.worker - ERROR - failed during get data with ucx://127.0.0.1:52091 -> ucx://127.0.0.1:32983
Traceback (most recent call last):
  File "/opt/conda/envs/gdf/lib/python3.9/site-packages/distributed/comm/ucx.py", line 334, in write
    await self.ep.send(each_frame)
  File "/opt/conda/envs/gdf/lib/python3.9/site-packages/ucp/core.py", line 662, in send
    return await comm.tag_send(self._ep, buffer, nbytes, tag, name=log)
ucp._libs.exceptions.UCXError: <[Send #007] ep: 0x7f4ee015f200, tag: 0xbdc2f62adbfcc9a, nbytes: 50000000, type: <class 'cupy.ndarray'>>: Connection reset by remote peer

During handling of the above exception, another exception occurred:

Traceback (most recent call last):
  File "/opt/conda/envs/gdf/lib/python3.9/site-packages/distributed/worker.py", line 1782, in get_data
    compressed = await comm.write(msg, serializers=serializers)
  File "/opt/conda/envs/gdf/lib/python3.9/site-packages/distributed/utils.py", line 837, in wrapper
    return await func(*args, **kwargs)
  File "/opt/conda/envs/gdf/lib/python3.9/site-packages/distributed/comm/ucx.py", line 338, in write
    raise CommClosedError("While writing, the connection was closed")
distributed.comm.core.CommClosedError: While writing, the connection was closed
2024-07-16 06:05:35,214 - distributed.scheduler - WARNING - Removing worker 'ucx://127.0.0.1:32983' caused the cluster to lose already computed task(s), which will be recomputed elsewhere: {('random_sample-3d3fc5bdf80104b46428bc3c9b628bef', 1, 3), ('random_sample-3d3fc5bdf80104b46428bc3c9b628bef', 7, 9), ('sum-5a8a93f10c336f341b4a8e6cdceba74a', 9, 9), ('random_sample-3d3fc5bdf80104b46428bc3c9b628bef', 9, 9), ('random_sample-3d3fc5bdf80104b46428bc3c9b628bef', 6, 8), ('random_sample-3d3fc5bdf80104b46428bc3c9b628bef', 4, 2), ('sum-5a8a93f10c336f341b4a8e6cdceba74a', 2, 8), ('random_sample-3d3fc5bdf80104b46428bc3c9b628bef', 2, 8), ('random_sample-3d3fc5bdf80104b46428bc3c9b628bef', 4, 5), ('random_sample-3d3fc5bdf80104b46428bc3c9b628bef', 3, 0), ('random_sample-3d3fc5bdf80104b46428bc3c9b628bef', 6, 7), ('random_sample-3d3fc5bdf80104b46428bc3c9b628bef', 8, 3), ('random_sample-3d3fc5bdf80104b46428bc3c9b628bef', 0, 8), ('sum-5a8a93f10c336f341b4a8e6cdceba74a', 8, 2), ('random_sample-3d3fc5bdf80104b46428bc3c9b628bef', 9, 1), ('random_sample-3d3fc5bdf80104b46428bc3c9b628bef', 8, 2), ('random_sample-3d3fc5bdf80104b46428bc3c9b628bef', 0, 4)} (stimulus_id='handle-worker-cleanup-1721109935.214107')
[dgx13:95047:0:95047] Caught signal 11 (Segmentation fault: address not mapped to object at address 0x450)
==== backtrace (tid:  95047) ====
 0  /opt/conda/envs/gdf/lib/libucs.so.0(ucs_handle_error+0x2fd) [0x7f63bc972e6d]
 1  /opt/conda/envs/gdf/lib/libucs.so.0(+0x2e064) [0x7f63bc973064]
 2  /opt/conda/envs/gdf/lib/libucs.so.0(+0x2e22a) [0x7f63bc97322a]
 3  /usr/lib/x86_64-linux-gnu/libpthread.so.0(+0x14420) [0x7f63eb05c420]
 4  /opt/conda/envs/gdf/lib/libucp.so.0(ucp_mem_type_unpack+0x17) [0x7f63bc9f8427]
 5  /opt/conda/envs/gdf/lib/libucp.so.0(ucp_rndv_data_handler+0x66d) [0x7f63bca233bd]
 6  /opt/conda/envs/gdf/lib/libuct.so.0(+0x21cef) [0x7f63bc928cef]
 7  /opt/conda/envs/gdf/lib/libuct.so.0(+0x24f08) [0x7f63bc92bf08]
 8  /opt/conda/envs/gdf/lib/libucs.so.0(ucs_event_set_wait+0xb9) [0x7f63bc97c6d9]
 9  /opt/conda/envs/gdf/lib/libuct.so.0(uct_tcp_iface_progress+0x7d) [0x7f63bc92b00d]
10  /opt/conda/envs/gdf/lib/libucp.so.0(ucp_worker_progress+0x5a) [0x7f63bc9f517a]
11  /opt/conda/envs/gdf/lib/python3.9/site-packages/ucp/_libs/ucx_api.cpython-39-x86_64-linux-gnu.so(+0x3205a) [0x7f63bcab805a]
12  /opt/conda/envs/gdf/bin/python(_PyEval_EvalFrameDefault+0x45a6) [0x559110ba1516]
13  /opt/conda/envs/gdf/bin/python(+0x12e184) [0x559110b9c184]
14  /opt/conda/envs/gdf/bin/python(_PyFunction_Vectorcall+0xd9) [0x559110bad559]
15  /opt/conda/envs/gdf/bin/python(_PyEval_EvalFrameDefault+0x696) [0x559110b9d606]
16  /opt/conda/envs/gdf/bin/python(+0x1e28a2) [0x559110c508a2]
17  /opt/conda/envs/gdf/lib/python3.9/lib-dynload/_asyncio.cpython-39-x86_64-linux-gnu.so(+0x81e9) [0x7f63dc00f1e9]
18  /opt/conda/envs/gdf/bin/python(_PyObject_MakeTpCall+0x2ec) [0x559110ba57ac]
19  /opt/conda/envs/gdf/bin/python(+0xf266c) [0x559110b6066c]
20  /opt/conda/envs/gdf/bin/python(+0x136833) [0x559110ba4833]
21  /opt/conda/envs/gdf/bin/python(_PyEval_EvalFrameDefault+0x58b4) [0x559110ba2824]
22  /opt/conda/envs/gdf/bin/python(+0x13f802) [0x559110bad802]
23  /opt/conda/envs/gdf/bin/python(_PyEval_EvalFrameDefault+0x696) [0x559110b9d606]
24  /opt/conda/envs/gdf/bin/python(+0x13f802) [0x559110bad802]
25  /opt/conda/envs/gdf/bin/python(_PyEval_EvalFrameDefault+0x696) [0x559110b9d606]
26  /opt/conda/envs/gdf/bin/python(+0x13f802) [0x559110bad802]
27  /opt/conda/envs/gdf/bin/python(_PyEval_EvalFrameDefault+0x696) [0x559110b9d606]
28  /opt/conda/envs/gdf/bin/python(+0x13f802) [0x559110bad802]
29  /opt/conda/envs/gdf/bin/python(_PyEval_EvalFrameDefault+0x696) [0x559110b9d606]
30  /opt/conda/envs/gdf/bin/python(+0x12e184) [0x559110b9c184]
31  /opt/conda/envs/gdf/bin/python(_PyFunction_Vectorcall+0xd9) [0x559110bad559]
32  /opt/conda/envs/gdf/bin/python(_PyEval_EvalFrameDefault+0x11f2) [0x559110b9e162]
33  /opt/conda/envs/gdf/bin/python(+0x12e184) [0x559110b9c184]
34  /opt/conda/envs/gdf/bin/python(+0x14c9fb) [0x559110bba9fb]
35  /opt/conda/envs/gdf/bin/python(PyObject_Call+0xbc) [0x559110bbb17c]
36  /opt/conda/envs/gdf/bin/python(+0x2109ce) [0x559110c7e9ce]
37  /opt/conda/envs/gdf/bin/python(_PyObject_MakeTpCall+0x2ec) [0x559110ba57ac]
38  /opt/conda/envs/gdf/bin/python(_PyEval_EvalFrameDefault+0x45a6) [0x559110ba1516]
39  /opt/conda/envs/gdf/bin/python(+0x13f802) [0x559110bad802]
40  /opt/conda/envs/gdf/bin/python(+0x14cadc) [0x559110bbaadc]
41  /opt/conda/envs/gdf/bin/python(_PyEval_EvalFrameDefault+0x45a6) [0x559110ba1516]
42  /opt/conda/envs/gdf/bin/python(+0x13f802) [0x559110bad802]
43  /opt/conda/envs/gdf/bin/python(_PyEval_EvalFrameDefault+0x696) [0x559110b9d606]
44  /opt/conda/envs/gdf/bin/python(+0x12e184) [0x559110b9c184]
45  /opt/conda/envs/gdf/bin/python(_PyFunction_Vectorcall+0xd9) [0x559110bad559]
46  /opt/conda/envs/gdf/bin/python(_PyEval_EvalFrameDefault+0x696) [0x559110b9d606]
47  /opt/conda/envs/gdf/bin/python(+0x13f802) [0x559110bad802]
48  /opt/conda/envs/gdf/bin/python(_PyEval_EvalFrameDefault+0x3e2) [0x559110b9d352]
49  /opt/conda/envs/gdf/bin/python(+0x12e184) [0x559110b9c184]
50  /opt/conda/envs/gdf/bin/python(_PyFunction_Vectorcall+0xd9) [0x559110bad559]
51  /opt/conda/envs/gdf/bin/python(_PyEval_EvalFrameDefault+0x11f2) [0x559110b9e162]
52  /opt/conda/envs/gdf/bin/python(+0x12e184) [0x559110b9c184]
53  /opt/conda/envs/gdf/bin/python(_PyEval_EvalCodeWithName+0x48) [0x559110b9be58]
54  /opt/conda/envs/gdf/bin/python(PyEval_EvalCodeEx+0x39) [0x559110b9be09]
55  /opt/conda/envs/gdf/bin/python(PyEval_EvalCode+0x1b) [0x559110c494ab]
56  /opt/conda/envs/gdf/bin/python(+0x20887a) [0x559110c7687a]
57  /opt/conda/envs/gdf/bin/python(+0x204c03) [0x559110c72c03]
58  /opt/conda/envs/gdf/bin/python(PyRun_StringFlags+0x9a) [0x559110c6aa1a]
59  /opt/conda/envs/gdf/bin/python(PyRun_SimpleStringFlags+0x3c) [0x559110c6a90c]
60  /opt/conda/envs/gdf/bin/python(Py_RunMain+0x267) [0x559110c69b47]
61  /opt/conda/envs/gdf/bin/python(Py_BytesMain+0x37) [0x559110c3d2e7]
=================================
2024-07-16 06:05:35,229 - distributed.worker - ERROR - Worker stream died during communication: ucx://127.0.0.1:32983
Traceback (most recent call last):
  File "/opt/conda/envs/gdf/lib/python3.9/site-packages/distributed/comm/ucx.py", line 350, in read
    await self.ep.recv(msg)
  File "/opt/conda/envs/gdf/lib/python3.9/site-packages/ucp/core.py", line 737, in recv
    ret = await comm.tag_recv(self._ep, buffer, nbytes, tag, name=log)
ucp._libs.exceptions.UCXCanceled: <[Recv #003] ep: 0x7f9914103100, tag: 0xbef9e6609389b254, nbytes: 16, type: <class 'numpy.ndarray'>>: 

During handling of the above exception, another exception occurred:

Traceback (most recent call last):
  File "/opt/conda/envs/gdf/lib/python3.9/site-packages/distributed/worker.py", line 2059, in gather_dep
    response = await get_data_from_worker(
  File "/opt/conda/envs/gdf/lib/python3.9/site-packages/distributed/worker.py", line 2869, in get_data_from_worker
    response = await send_recv(
  File "/opt/conda/envs/gdf/lib/python3.9/site-packages/distributed/core.py", line 1013, in send_recv
    response = await comm.read(deserializers=deserializers)
  File "/opt/conda/envs/gdf/lib/python3.9/site-packages/distributed/utils.py", line 837, in wrapper
    return await func(*args, **kwargs)
  File "/opt/conda/envs/gdf/lib/python3.9/site-packages/distributed/comm/ucx.py", line 368, in read
    raise CommClosedError(
distributed.comm.core.CommClosedError: Connection closed by writer.
Inner exception: UCXCanceled("<[Recv #003] ep: 0x7f9914103100, tag: 0xbef9e6609389b254, nbytes: 16, type: <class 'numpy.ndarray'>>: ")
2024-07-16 06:05:35,232 - distributed.worker - ERROR - Worker stream died during communication: ucx://127.0.0.1:47037
Traceback (most recent call last):
  File "/opt/conda/envs/gdf/lib/python3.9/site-packages/distributed/comm/ucx.py", line 350, in read
    await self.ep.recv(msg)
  File "/opt/conda/envs/gdf/lib/python3.9/site-packages/ucp/core.py", line 737, in recv
    ret = await comm.tag_recv(self._ep, buffer, nbytes, tag, name=log)
ucp._libs.exceptions.UCXCanceled: <[Recv #003] ep: 0x7f9914103180, tag: 0xc0b9a275d04cd4eb, nbytes: 16, type: <class 'numpy.ndarray'>>: 

During handling of the above exception, another exception occurred:

Traceback (most recent call last):
  File "/opt/conda/envs/gdf/lib/python3.9/site-packages/distributed/worker.py", line 2059, in gather_dep
    response = await get_data_from_worker(
  File "/opt/conda/envs/gdf/lib/python3.9/site-packages/distributed/worker.py", line 2869, in get_data_from_worker
    response = await send_recv(
  File "/opt/conda/envs/gdf/lib/python3.9/site-packages/distributed/core.py", line 1013, in send_recv
    response = await comm.read(deserializers=deserializers)
  File "/opt/conda/envs/gdf/lib/python3.9/site-packages/distributed/utils.py", line 837, in wrapper
    return await func(*args, **kwargs)
  File "/opt/conda/envs/gdf/lib/python3.9/site-packages/distributed/comm/ucx.py", line 368, in read
    raise CommClosedError(
distributed.comm.core.CommClosedError: Connection closed by writer.
Inner exception: UCXCanceled("<[Recv #003] ep: 0x7f9914103180, tag: 0xc0b9a275d04cd4eb, nbytes: 16, type: <class 'numpy.ndarray'>>: ")
2024-07-16 06:05:35,310 - distributed.nanny - WARNING - Restarting worker
2024-07-16 06:05:35,360 - distributed.worker - ERROR - failed during get data with ucx://127.0.0.1:52091 -> ucx://127.0.0.1:47037
Traceback (most recent call last):
  File "/opt/conda/envs/gdf/lib/python3.9/site-packages/distributed/comm/ucx.py", line 334, in write
    await self.ep.send(each_frame)
  File "/opt/conda/envs/gdf/lib/python3.9/site-packages/ucp/core.py", line 662, in send
    return await comm.tag_send(self._ep, buffer, nbytes, tag, name=log)
ucp._libs.exceptions.UCXError: <[Send #007] ep: 0x7f4ee015f240, tag: 0x436305275f674194, nbytes: 50000000, type: <class 'cupy.ndarray'>>: Connection reset by remote peer

During handling of the above exception, another exception occurred:

Traceback (most recent call last):
  File "/opt/conda/envs/gdf/lib/python3.9/site-packages/distributed/worker.py", line 1782, in get_data
    compressed = await comm.write(msg, serializers=serializers)
  File "/opt/conda/envs/gdf/lib/python3.9/site-packages/distributed/utils.py", line 837, in wrapper
    return await func(*args, **kwargs)
  File "/opt/conda/envs/gdf/lib/python3.9/site-packages/distributed/comm/ucx.py", line 338, in write
    raise CommClosedError("While writing, the connection was closed")
distributed.comm.core.CommClosedError: While writing, the connection was closed
2024-07-16 06:05:35,360 - distributed.worker - ERROR - failed during get data with ucx://127.0.0.1:52091 -> ucx://127.0.0.1:39571
Traceback (most recent call last):
  File "/opt/conda/envs/gdf/lib/python3.9/site-packages/distributed/comm/ucx.py", line 334, in write
    await self.ep.send(each_frame)
  File "/opt/conda/envs/gdf/lib/python3.9/site-packages/ucp/core.py", line 662, in send
    return await comm.tag_send(self._ep, buffer, nbytes, tag, name=log)
ucp._libs.exceptions.UCXError: <[Send #007] ep: 0x7f4ee015f300, tag: 0x9bb504f5d2902f3d, nbytes: 50000000, type: <class 'cupy.ndarray'>>: Connection reset by remote peer

During handling of the above exception, another exception occurred:

Traceback (most recent call last):
  File "/opt/conda/envs/gdf/lib/python3.9/site-packages/distributed/worker.py", line 1782, in get_data
    compressed = await comm.write(msg, serializers=serializers)
  File "/opt/conda/envs/gdf/lib/python3.9/site-packages/distributed/utils.py", line 837, in wrapper
    return await func(*args, **kwargs)
  File "/opt/conda/envs/gdf/lib/python3.9/site-packages/distributed/comm/ucx.py", line 338, in write
    raise CommClosedError("While writing, the connection was closed")
distributed.comm.core.CommClosedError: While writing, the connection was closed
2024-07-16 06:05:35,421 - distributed.worker - ERROR - failed during get data with ucx://127.0.0.1:36803 -> ucx://127.0.0.1:53813
Traceback (most recent call last):
  File "/opt/conda/envs/gdf/lib/python3.9/site-packages/distributed/comm/ucx.py", line 334, in write
    await self.ep.send(each_frame)
  File "/opt/conda/envs/gdf/lib/python3.9/site-packages/ucp/core.py", line 662, in send
    return await comm.tag_send(self._ep, buffer, nbytes, tag, name=log)
ucp._libs.exceptions.UCXError: <[Send #007] ep: 0x7f9914103340, tag: 0x4541269685c98fcd, nbytes: 50000000, type: <class 'cupy.ndarray'>>: Connection reset by remote peer

During handling of the above exception, another exception occurred:

Traceback (most recent call last):
  File "/opt/conda/envs/gdf/lib/python3.9/site-packages/distributed/worker.py", line 1782, in get_data
    compressed = await comm.write(msg, serializers=serializers)
  File "/opt/conda/envs/gdf/lib/python3.9/site-packages/distributed/utils.py", line 837, in wrapper
    return await func(*args, **kwargs)
  File "/opt/conda/envs/gdf/lib/python3.9/site-packages/distributed/comm/ucx.py", line 338, in write
    raise CommClosedError("While writing, the connection was closed")
distributed.comm.core.CommClosedError: While writing, the connection was closed
2024-07-16 06:05:35,422 - distributed.worker - ERROR - failed during get data with ucx://127.0.0.1:36803 -> ucx://127.0.0.1:47037
Traceback (most recent call last):
  File "/opt/conda/envs/gdf/lib/python3.9/site-packages/distributed/comm/ucx.py", line 334, in write
    await self.ep.send(each_frame)
  File "/opt/conda/envs/gdf/lib/python3.9/site-packages/ucp/core.py", line 662, in send
    return await comm.tag_send(self._ep, buffer, nbytes, tag, name=log)
ucp._libs.exceptions.UCXError: <[Send #007] ep: 0x7f9914103280, tag: 0x19db470a7af89ab, nbytes: 50000000, type: <class 'cupy.ndarray'>>: Connection reset by remote peer

During handling of the above exception, another exception occurred:

Traceback (most recent call last):
  File "/opt/conda/envs/gdf/lib/python3.9/site-packages/distributed/worker.py", line 1782, in get_data
    compressed = await comm.write(msg, serializers=serializers)
  File "/opt/conda/envs/gdf/lib/python3.9/site-packages/distributed/utils.py", line 837, in wrapper
    return await func(*args, **kwargs)
  File "/opt/conda/envs/gdf/lib/python3.9/site-packages/distributed/comm/ucx.py", line 338, in write
    raise CommClosedError("While writing, the connection was closed")
distributed.comm.core.CommClosedError: While writing, the connection was closed
2024-07-16 06:05:35,423 - distributed.worker - ERROR - Worker stream died during communication: ucx://127.0.0.1:53813
Traceback (most recent call last):
  File "/opt/conda/envs/gdf/lib/python3.9/site-packages/distributed/comm/ucx.py", line 392, in read
    await self.ep.recv(each_frame)
  File "/opt/conda/envs/gdf/lib/python3.9/site-packages/ucp/core.py", line 737, in recv
    ret = await comm.tag_recv(self._ep, buffer, nbytes, tag, name=log)
ucp._libs.exceptions.UCXError: <[Recv #007] ep: 0x7f9914103140, tag: 0x831113a98d8498ec, nbytes: 50000000, type: <class 'rmm._lib.device_buffer.DeviceBuffer'>>: Connection reset by remote peer

During handling of the above exception, another exception occurred:

Traceback (most recent call last):
  File "/opt/conda/envs/gdf/lib/python3.9/site-packages/distributed/worker.py", line 2059, in gather_dep
    response = await get_data_from_worker(
  File "/opt/conda/envs/gdf/lib/python3.9/site-packages/distributed/worker.py", line 2869, in get_data_from_worker
    response = await send_recv(
  File "/opt/conda/envs/gdf/lib/python3.9/site-packages/distributed/core.py", line 1013, in send_recv
    response = await comm.read(deserializers=deserializers)
  File "/opt/conda/envs/gdf/lib/python3.9/site-packages/distributed/utils.py", line 837, in wrapper
    return await func(*args, **kwargs)
  File "/opt/conda/envs/gdf/lib/python3.9/site-packages/distributed/comm/ucx.py", line 398, in read
    raise CommClosedError(
distributed.comm.core.CommClosedError: Connection closed by writer.
Inner exception: UCXError("<[Recv #007] ep: 0x7f9914103140, tag: 0x831113a98d8498ec, nbytes: 50000000, type: <class 'rmm._lib.device_buffer.DeviceBuffer'>>: Connection reset by remote peer")
2024-07-16 06:05:35,430 - distributed.scheduler - WARNING - Removing worker 'ucx://127.0.0.1:53813' caused the cluster to lose already computed task(s), which will be recomputed elsewhere: {('sum-5a8a93f10c336f341b4a8e6cdceba74a', 9, 6), ('sum-5a8a93f10c336f341b4a8e6cdceba74a', 4, 6), ('random_sample-3d3fc5bdf80104b46428bc3c9b628bef', 9, 6), ('random_sample-3d3fc5bdf80104b46428bc3c9b628bef', 8, 8), ('random_sample-3d3fc5bdf80104b46428bc3c9b628bef', 4, 6), ('sum-5a8a93f10c336f341b4a8e6cdceba74a', 1, 7), ('sum-5a8a93f10c336f341b4a8e6cdceba74a', 2, 2), ('random_sample-3d3fc5bdf80104b46428bc3c9b628bef', 2, 2), ('random_sample-3d3fc5bdf80104b46428bc3c9b628bef', 0, 9), ('sum-5a8a93f10c336f341b4a8e6cdceba74a', 6, 4), ('random_sample-3d3fc5bdf80104b46428bc3c9b628bef', 6, 4), ('random_sample-3d3fc5bdf80104b46428bc3c9b628bef', 5, 1), ('random_sample-3d3fc5bdf80104b46428bc3c9b628bef', 7, 4), ('random_sample-3d3fc5bdf80104b46428bc3c9b628bef', 4, 8), ('sum-5a8a93f10c336f341b4a8e6cdceba74a', 8, 8), ('random_sample-3d3fc5bdf80104b46428bc3c9b628bef', 3, 6), ('sum-5a8a93f10c336f341b4a8e6cdceba74a', 6, 9), ('random_sample-3d3fc5bdf80104b46428bc3c9b628bef', 2, 0)} (stimulus_id='handle-worker-cleanup-1721109935.4297647')
2024-07-16 06:05:35,449 - distributed.nanny - WARNING - Restarting worker
2024-07-16 06:05:35,450 - distributed.worker - ERROR - Worker stream died during communication: ucx://127.0.0.1:53813
Traceback (most recent call last):
  File "/opt/conda/envs/gdf/lib/python3.9/site-packages/distributed/core.py", line 1423, in _connect
    comm = await connect(
  File "/opt/conda/envs/gdf/lib/python3.9/site-packages/distributed/comm/core.py", line 342, in connect
    comm = await wait_for(
  File "/opt/conda/envs/gdf/lib/python3.9/site-packages/distributed/utils.py", line 1957, in wait_for
    return await asyncio.wait_for(fut, timeout)
  File "/opt/conda/envs/gdf/lib/python3.9/asyncio/tasks.py", line 466, in wait_for
    await waiter
asyncio.exceptions.CancelledError

During handling of the above exception, another exception occurred:

Traceback (most recent call last):
  File "/opt/conda/envs/gdf/lib/python3.9/site-packages/distributed/core.py", line 1533, in connect
    return connect_attempt.result()
asyncio.exceptions.CancelledError

During handling of the above exception, another exception occurred:

Traceback (most recent call last):
  File "/opt/conda/envs/gdf/lib/python3.9/site-packages/distributed/worker.py", line 2059, in gather_dep
    response = await get_data_from_worker(
  File "/opt/conda/envs/gdf/lib/python3.9/site-packages/distributed/worker.py", line 2866, in get_data_from_worker
    comm = await rpc.connect(worker)
  File "/opt/conda/envs/gdf/lib/python3.9/site-packages/distributed/core.py", line 1535, in connect
    raise CommClosedError(reason)
distributed.comm.core.CommClosedError: Address removed.
2024-07-16 06:05:35,477 - distributed.nanny - WARNING - Restarting worker
2024-07-16 06:05:35,495 - distributed.nanny - WARNING - Restarting worker
2024-07-16 06:05:35,533 - distributed.worker - ERROR - Worker stream died during communication: ucx://127.0.0.1:53813
Traceback (most recent call last):
  File "/opt/conda/envs/gdf/lib/python3.9/site-packages/distributed/comm/ucx.py", line 350, in read
    await self.ep.recv(msg)
  File "/opt/conda/envs/gdf/lib/python3.9/site-packages/ucp/core.py", line 737, in recv
    ret = await comm.tag_recv(self._ep, buffer, nbytes, tag, name=log)
ucp._libs.exceptions.UCXCanceled: <[Recv #008] ep: 0x7f4ee015f140, tag: 0x6d5af505122f4f48, nbytes: 16, type: <class 'numpy.ndarray'>>: 

During handling of the above exception, another exception occurred:

Traceback (most recent call last):
  File "/opt/conda/envs/gdf/lib/python3.9/site-packages/distributed/worker.py", line 2059, in gather_dep
    response = await get_data_from_worker(
  File "/opt/conda/envs/gdf/lib/python3.9/site-packages/distributed/worker.py", line 2869, in get_data_from_worker
    response = await send_recv(
  File "/opt/conda/envs/gdf/lib/python3.9/site-packages/distributed/core.py", line 1013, in send_recv
    response = await comm.read(deserializers=deserializers)
  File "/opt/conda/envs/gdf/lib/python3.9/site-packages/distributed/utils.py", line 837, in wrapper
    return await func(*args, **kwargs)
  File "/opt/conda/envs/gdf/lib/python3.9/site-packages/distributed/comm/ucx.py", line 368, in read
    raise CommClosedError(
distributed.comm.core.CommClosedError: Connection closed by writer.
Inner exception: UCXCanceled("<[Recv #008] ep: 0x7f4ee015f140, tag: 0x6d5af505122f4f48, nbytes: 16, type: <class 'numpy.ndarray'>>: ")
2024-07-16 06:05:35,584 - distributed.nanny - WARNING - Restarting worker
[dgx13:95222:0:95222] Caught signal 11 (Segmentation fault: address not mapped to object at address 0x450)
==== backtrace (tid:  95222) ====
 0  /opt/conda/envs/gdf/lib/libucs.so.0(ucs_handle_error+0x2fd) [0x7feec8e3be6d]
 1  /opt/conda/envs/gdf/lib/libucs.so.0(+0x2e064) [0x7feec8e3c064]
 2  /opt/conda/envs/gdf/lib/libucs.so.0(+0x2e22a) [0x7feec8e3c22a]
 3  /usr/lib/x86_64-linux-gnu/libpthread.so.0(+0x14420) [0x7fef0538c420]
 4  /opt/conda/envs/gdf/lib/libucp.so.0(ucp_mem_type_unpack+0x17) [0x7feec8ec1427]
 5  /opt/conda/envs/gdf/lib/libucp.so.0(ucp_rndv_data_handler+0x66d) [0x7feec8eec3bd]
 6  /opt/conda/envs/gdf/lib/libuct.so.0(+0x21cef) [0x7feec8df1cef]
 7  /opt/conda/envs/gdf/lib/libuct.so.0(+0x24f08) [0x7feec8df4f08]
 8  /opt/conda/envs/gdf/lib/libucs.so.0(ucs_event_set_wait+0xb9) [0x7feec8e456d9]
 9  /opt/conda/envs/gdf/lib/libuct.so.0(uct_tcp_iface_progress+0x7d) [0x7feec8df400d]
10  /opt/conda/envs/gdf/lib/libucp.so.0(ucp_worker_progress+0x5a) [0x7feec8ebe17a]
11  /opt/conda/envs/gdf/lib/python3.9/site-packages/ucp/_libs/ucx_api.cpython-39-x86_64-linux-gnu.so(+0x3205a) [0x7feec8f8105a]
12  /opt/conda/envs/gdf/bin/python(_PyEval_EvalFrameDefault+0x45a6) [0x563cd0536516]
13  /opt/conda/envs/gdf/bin/python(+0x12e184) [0x563cd0531184]
14  /opt/conda/envs/gdf/bin/python(_PyFunction_Vectorcall+0xd9) [0x563cd0542559]
15  /opt/conda/envs/gdf/bin/python(_PyEval_EvalFrameDefault+0x696) [0x563cd0532606]
16  /opt/conda/envs/gdf/bin/python(+0x13f802) [0x563cd0542802]
17  /opt/conda/envs/gdf/bin/python(+0x14cbb3) [0x563cd054fbb3]
18  /opt/conda/envs/gdf/bin/python(+0x25842c) [0x563cd065b42c]
19  /opt/conda/envs/gdf/bin/python(+0xf266c) [0x563cd04f566c]
20  /opt/conda/envs/gdf/bin/python(+0x136833) [0x563cd0539833]
21  /opt/conda/envs/gdf/bin/python(_PyEval_EvalFrameDefault+0x58b4) [0x563cd0537824]
22  /opt/conda/envs/gdf/bin/python(+0x13f802) [0x563cd0542802]
23  /opt/conda/envs/gdf/bin/python(_PyEval_EvalFrameDefault+0x696) [0x563cd0532606]
24  /opt/conda/envs/gdf/bin/python(+0x13f802) [0x563cd0542802]
25  /opt/conda/envs/gdf/bin/python(_PyEval_EvalFrameDefault+0x696) [0x563cd0532606]
26  /opt/conda/envs/gdf/bin/python(+0x13f802) [0x563cd0542802]
27  /opt/conda/envs/gdf/bin/python(_PyEval_EvalFrameDefault+0x696) [0x563cd0532606]
28  /opt/conda/envs/gdf/bin/python(+0x13f802) [0x563cd0542802]
29  /opt/conda/envs/gdf/bin/python(_PyEval_EvalFrameDefault+0x696) [0x563cd0532606]
30  /opt/conda/envs/gdf/bin/python(+0x12e184) [0x563cd0531184]
31  /opt/conda/envs/gdf/bin/python(_PyFunction_Vectorcall+0xd9) [0x563cd0542559]
32  /opt/conda/envs/gdf/bin/python(_PyEval_EvalFrameDefault+0x11f2) [0x563cd0533162]
33  /opt/conda/envs/gdf/bin/python(+0x12e184) [0x563cd0531184]
34  /opt/conda/envs/gdf/bin/python(+0x14c9fb) [0x563cd054f9fb]
35  /opt/conda/envs/gdf/bin/python(PyObject_Call+0xbc) [0x563cd055017c]
36  /opt/conda/envs/gdf/bin/python(+0x2109ce) [0x563cd06139ce]
37  /opt/conda/envs/gdf/bin/python(_PyObject_MakeTpCall+0x2ec) [0x563cd053a7ac]
38  /opt/conda/envs/gdf/bin/python(_PyEval_EvalFrameDefault+0x45a6) [0x563cd0536516]
39  /opt/conda/envs/gdf/bin/python(+0x13f802) [0x563cd0542802]
40  /opt/conda/envs/gdf/bin/python(+0x14cadc) [0x563cd054fadc]
41  /opt/conda/envs/gdf/bin/python(_PyEval_EvalFrameDefault+0x45a6) [0x563cd0536516]
42  /opt/conda/envs/gdf/bin/python(+0x13f802) [0x563cd0542802]
43  /opt/conda/envs/gdf/bin/python(_PyEval_EvalFrameDefault+0x696) [0x563cd0532606]
44  /opt/conda/envs/gdf/bin/python(+0x12e184) [0x563cd0531184]
45  /opt/conda/envs/gdf/bin/python(_PyFunction_Vectorcall+0xd9) [0x563cd0542559]
46  /opt/conda/envs/gdf/bin/python(_PyEval_EvalFrameDefault+0x696) [0x563cd0532606]
47  /opt/conda/envs/gdf/bin/python(+0x13f802) [0x563cd0542802]
48  /opt/conda/envs/gdf/bin/python(_PyEval_EvalFrameDefault+0x3e2) [0x563cd0532352]
49  /opt/conda/envs/gdf/bin/python(+0x12e184) [0x563cd0531184]
50  /opt/conda/envs/gdf/bin/python(_PyFunction_Vectorcall+0xd9) [0x563cd0542559]
51  /opt/conda/envs/gdf/bin/python(_PyEval_EvalFrameDefault+0x11f2) [0x563cd0533162]
52  /opt/conda/envs/gdf/bin/python(+0x12e184) [0x563cd0531184]
53  /opt/conda/envs/gdf/bin/python(_PyEval_EvalCodeWithName+0x48) [0x563cd0530e58]
54  /opt/conda/envs/gdf/bin/python(PyEval_EvalCodeEx+0x39) [0x563cd0530e09]
55  /opt/conda/envs/gdf/bin/python(PyEval_EvalCode+0x1b) [0x563cd05de4ab]
56  /opt/conda/envs/gdf/bin/python(+0x20887a) [0x563cd060b87a]
57  /opt/conda/envs/gdf/bin/python(+0x204c03) [0x563cd0607c03]
58  /opt/conda/envs/gdf/bin/python(PyRun_StringFlags+0x9a) [0x563cd05ffa1a]
59  /opt/conda/envs/gdf/bin/python(PyRun_SimpleStringFlags+0x3c) [0x563cd05ff90c]
60  /opt/conda/envs/gdf/bin/python(Py_RunMain+0x267) [0x563cd05feb47]
61  /opt/conda/envs/gdf/bin/python(Py_BytesMain+0x37) [0x563cd05d22e7]
=================================
2024-07-16 06:05:38,767 - distributed.scheduler - WARNING - Removing worker 'ucx://127.0.0.1:47725' caused the cluster to lose already computed task(s), which will be recomputed elsewhere: {('random_sample-3d3fc5bdf80104b46428bc3c9b628bef', 7, 2), ('random_sample-3d3fc5bdf80104b46428bc3c9b628bef', 8, 1), ('random_sample-3d3fc5bdf80104b46428bc3c9b628bef', 7, 4), ('random_sample-3d3fc5bdf80104b46428bc3c9b628bef', 8, 2), ('random_sample-3d3fc5bdf80104b46428bc3c9b628bef', 7, 0)} (stimulus_id='handle-worker-cleanup-1721109938.767325')
2024-07-16 06:05:38,767 - distributed.worker - ERROR - failed during get data with ucx://127.0.0.1:36803 -> ucx://127.0.0.1:47725
Traceback (most recent call last):
  File "/opt/conda/envs/gdf/lib/python3.9/site-packages/distributed/comm/ucx.py", line 334, in write
    await self.ep.send(each_frame)
  File "/opt/conda/envs/gdf/lib/python3.9/site-packages/ucp/core.py", line 662, in send
    return await comm.tag_send(self._ep, buffer, nbytes, tag, name=log)
ucp._libs.exceptions.UCXError: <[Send #007] ep: 0x7f9914103280, tag: 0x50c3d76cafd00939, nbytes: 50000000, type: <class 'cupy.ndarray'>>: Connection reset by remote peer

During handling of the above exception, another exception occurred:

Traceback (most recent call last):
  File "/opt/conda/envs/gdf/lib/python3.9/site-packages/distributed/worker.py", line 1782, in get_data
    compressed = await comm.write(msg, serializers=serializers)
  File "/opt/conda/envs/gdf/lib/python3.9/site-packages/distributed/utils.py", line 837, in wrapper
    return await func(*args, **kwargs)
  File "/opt/conda/envs/gdf/lib/python3.9/site-packages/distributed/comm/ucx.py", line 338, in write
    raise CommClosedError("While writing, the connection was closed")
distributed.comm.core.CommClosedError: While writing, the connection was closed
2024-07-16 06:05:38,843 - distributed.nanny - WARNING - Restarting worker
[dgx13:95230:0:95230] Caught signal 11 (Segmentation fault: address not mapped to object at address 0x450)
==== backtrace (tid:  95230) ====
 0  /opt/conda/envs/gdf/lib/libucs.so.0(ucs_handle_error+0x2fd) [0x7fc36811de6d]
 1  /opt/conda/envs/gdf/lib/libucs.so.0(+0x2e064) [0x7fc36811e064]
 2  /opt/conda/envs/gdf/lib/libucs.so.0(+0x2e22a) [0x7fc36811e22a]
 3  /usr/lib/x86_64-linux-gnu/libpthread.so.0(+0x14420) [0x7fc3a4669420]
 4  /opt/conda/envs/gdf/lib/libucp.so.0(ucp_mem_type_unpack+0x17) [0x7fc3681a3427]
 5  /opt/conda/envs/gdf/lib/libucp.so.0(ucp_rndv_data_handler+0x66d) [0x7fc3681ce3bd]
 6  /opt/conda/envs/gdf/lib/libuct.so.0(+0x21cef) [0x7fc3680d3cef]
 7  /opt/conda/envs/gdf/lib/libuct.so.0(+0x24f08) [0x7fc3680d6f08]
 8  /opt/conda/envs/gdf/lib/libucs.so.0(ucs_event_set_wait+0xb9) [0x7fc3681276d9]
 9  /opt/conda/envs/gdf/lib/libuct.so.0(uct_tcp_iface_progress+0x7d) [0x7fc3680d600d]
10  /opt/conda/envs/gdf/lib/libucp.so.0(ucp_worker_progress+0x5a) [0x7fc3681a017a]
11  /opt/conda/envs/gdf/lib/python3.9/site-packages/ucp/_libs/ucx_api.cpython-39-x86_64-linux-gnu.so(+0x3205a) [0x7fc36826305a]
12  /opt/conda/envs/gdf/bin/python(_PyEval_EvalFrameDefault+0x45a6) [0x56306acdd516]
13  /opt/conda/envs/gdf/bin/python(+0x12e184) [0x56306acd8184]
14  /opt/conda/envs/gdf/bin/python(_PyFunction_Vectorcall+0xd9) [0x56306ace9559]
15  /opt/conda/envs/gdf/bin/python(_PyEval_EvalFrameDefault+0x696) [0x56306acd9606]
16  /opt/conda/envs/gdf/bin/python(+0x13f802) [0x56306ace9802]
17  /opt/conda/envs/gdf/bin/python(+0x14cbb3) [0x56306acf6bb3]
18  /opt/conda/envs/gdf/bin/python(+0x25842c) [0x56306ae0242c]
19  /opt/conda/envs/gdf/bin/python(+0xf266c) [0x56306ac9c66c]
20  /opt/conda/envs/gdf/bin/python(+0x136833) [0x56306ace0833]
21  /opt/conda/envs/gdf/bin/python(_PyEval_EvalFrameDefault+0x58b4) [0x56306acde824]
22  /opt/conda/envs/gdf/bin/python(+0x13f802) [0x56306ace9802]
23  /opt/conda/envs/gdf/bin/python(_PyEval_EvalFrameDefault+0x696) [0x56306acd9606]
24  /opt/conda/envs/gdf/bin/python(+0x13f802) [0x56306ace9802]
25  /opt/conda/envs/gdf/bin/python(_PyEval_EvalFrameDefault+0x696) [0x56306acd9606]
26  /opt/conda/envs/gdf/bin/python(+0x13f802) [0x56306ace9802]
27  /opt/conda/envs/gdf/bin/python(_PyEval_EvalFrameDefault+0x696) [0x56306acd9606]
28  /opt/conda/envs/gdf/bin/python(+0x13f802) [0x56306ace9802]
29  /opt/conda/envs/gdf/bin/python(_PyEval_EvalFrameDefault+0x696) [0x56306acd9606]
30  /opt/conda/envs/gdf/bin/python(+0x12e184) [0x56306acd8184]
31  /opt/conda/envs/gdf/bin/python(_PyFunction_Vectorcall+0xd9) [0x56306ace9559]
32  /opt/conda/envs/gdf/bin/python(_PyEval_EvalFrameDefault+0x11f2) [0x56306acda162]
33  /opt/conda/envs/gdf/bin/python(+0x12e184) [0x56306acd8184]
34  /opt/conda/envs/gdf/bin/python(+0x14c9fb) [0x56306acf69fb]
35  /opt/conda/envs/gdf/bin/python(PyObject_Call+0xbc) [0x56306acf717c]
36  /opt/conda/envs/gdf/bin/python(+0x2109ce) [0x56306adba9ce]
37  /opt/conda/envs/gdf/bin/python(_PyObject_MakeTpCall+0x2ec) [0x56306ace17ac]
38  /opt/conda/envs/gdf/bin/python(_PyEval_EvalFrameDefault+0x45a6) [0x56306acdd516]
39  /opt/conda/envs/gdf/bin/python(+0x13f802) [0x56306ace9802]
40  /opt/conda/envs/gdf/bin/python(+0x14cadc) [0x56306acf6adc]
41  /opt/conda/envs/gdf/bin/python(_PyEval_EvalFrameDefault+0x45a6) [0x56306acdd516]
42  /opt/conda/envs/gdf/bin/python(+0x13f802) [0x56306ace9802]
43  /opt/conda/envs/gdf/bin/python(_PyEval_EvalFrameDefault+0x696) [0x56306acd9606]
44  /opt/conda/envs/gdf/bin/python(+0x12e184) [0x56306acd8184]
45  /opt/conda/envs/gdf/bin/python(_PyFunction_Vectorcall+0xd9) [0x56306ace9559]
46  /opt/conda/envs/gdf/bin/python(_PyEval_EvalFrameDefault+0x696) [0x56306acd9606]
47  /opt/conda/envs/gdf/bin/python(+0x13f802) [0x56306ace9802]
48  /opt/conda/envs/gdf/bin/python(_PyEval_EvalFrameDefault+0x3e2) [0x56306acd9352]
49  /opt/conda/envs/gdf/bin/python(+0x12e184) [0x56306acd8184]
50  /opt/conda/envs/gdf/bin/python(_PyFunction_Vectorcall+0xd9) [0x56306ace9559]
51  /opt/conda/envs/gdf/bin/python(_PyEval_EvalFrameDefault+0x11f2) [0x56306acda162]
52  /opt/conda/envs/gdf/bin/python(+0x12e184) [0x56306acd8184]
53  /opt/conda/envs/gdf/bin/python(_PyEval_EvalCodeWithName+0x48) [0x56306acd7e58]
54  /opt/conda/envs/gdf/bin/python(PyEval_EvalCodeEx+0x39) [0x56306acd7e09]
55  /opt/conda/envs/gdf/bin/python(PyEval_EvalCode+0x1b) [0x56306ad854ab]
56  /opt/conda/envs/gdf/bin/python(+0x20887a) [0x56306adb287a]
57  /opt/conda/envs/gdf/bin/python(+0x204c03) [0x56306adaec03]
58  /opt/conda/envs/gdf/bin/python(PyRun_StringFlags+0x9a) [0x56306ada6a1a]
59  /opt/conda/envs/gdf/bin/python(PyRun_SimpleStringFlags+0x3c) [0x56306ada690c]
60  /opt/conda/envs/gdf/bin/python(Py_RunMain+0x267) [0x56306ada5b47]
61  /opt/conda/envs/gdf/bin/python(Py_BytesMain+0x37) [0x56306ad792e7]
=================================
[dgx13:95226:0:95226] Caught signal 11 (Segmentation fault: address not mapped to object at address 0x450)
==== backtrace (tid:  95226) ====
 0  /opt/conda/envs/gdf/lib/libucs.so.0(ucs_handle_error+0x2fd) [0x7f0840abde6d]
 1  /opt/conda/envs/gdf/lib/libucs.so.0(+0x2e064) [0x7f0840abe064]
 2  /opt/conda/envs/gdf/lib/libucs.so.0(+0x2e22a) [0x7f0840abe22a]
 3  /usr/lib/x86_64-linux-gnu/libpthread.so.0(+0x14420) [0x7f087d00a420]
 4  /opt/conda/envs/gdf/lib/libucp.so.0(ucp_mem_type_unpack+0x17) [0x7f0840b43427]
 5  /opt/conda/envs/gdf/lib/libucp.so.0(ucp_rndv_data_handler+0x66d) [0x7f0840b6e3bd]
 6  /opt/conda/envs/gdf/lib/libuct.so.0(+0x21cef) [0x7f0840a73cef]
 7  /opt/conda/envs/gdf/lib/libuct.so.0(+0x24f08) [0x7f0840a76f08]
 8  /opt/conda/envs/gdf/lib/libucs.so.0(ucs_event_set_wait+0xb9) [0x7f0840ac76d9]
 9  /opt/conda/envs/gdf/lib/libuct.so.0(uct_tcp_iface_progress+0x7d) [0x7f0840a7600d]
10  /opt/conda/envs/gdf/lib/libucp.so.0(ucp_worker_progress+0x5a) [0x7f0840b4017a]
11  /opt/conda/envs/gdf/lib/python3.9/site-packages/ucp/_libs/ucx_api.cpython-39-x86_64-linux-gnu.so(+0x3205a) [0x7f0840c0305a]
12  /opt/conda/envs/gdf/bin/python(_PyEval_EvalFrameDefault+0x45a6) [0x5631547ae516]
13  /opt/conda/envs/gdf/bin/python(+0x12e184) [0x5631547a9184]
14  /opt/conda/envs/gdf/bin/python(_PyFunction_Vectorcall+0xd9) [0x5631547ba559]
15  /opt/conda/envs/gdf/bin/python(_PyEval_EvalFrameDefault+0x696) [0x5631547aa606]
16  /opt/conda/envs/gdf/bin/python(+0x13f802) [0x5631547ba802]
17  /opt/conda/envs/gdf/bin/python(+0x14cbb3) [0x5631547c7bb3]
18  /opt/conda/envs/gdf/bin/python(+0x25842c) [0x5631548d342c]
19  /opt/conda/envs/gdf/bin/python(+0xf266c) [0x56315476d66c]
20  /opt/conda/envs/gdf/bin/python(+0x136833) [0x5631547b1833]
21  /opt/conda/envs/gdf/bin/python(_PyEval_EvalFrameDefault+0x58b4) [0x5631547af824]
22  /opt/conda/envs/gdf/bin/python(+0x13f802) [0x5631547ba802]
23  /opt/conda/envs/gdf/bin/python(_PyEval_EvalFrameDefault+0x696) [0x5631547aa606]
24  /opt/conda/envs/gdf/bin/python(+0x13f802) [0x5631547ba802]
25  /opt/conda/envs/gdf/bin/python(_PyEval_EvalFrameDefault+0x696) [0x5631547aa606]
26  /opt/conda/envs/gdf/bin/python(+0x13f802) [0x5631547ba802]
27  /opt/conda/envs/gdf/bin/python(_PyEval_EvalFrameDefault+0x696) [0x5631547aa606]
28  /opt/conda/envs/gdf/bin/python(+0x13f802) [0x5631547ba802]
29  /opt/conda/envs/gdf/bin/python(_PyEval_EvalFrameDefault+0x696) [0x5631547aa606]
30  /opt/conda/envs/gdf/bin/python(+0x12e184) [0x5631547a9184]
31  /opt/conda/envs/gdf/bin/python(_PyFunction_Vectorcall+0xd9) [0x5631547ba559]
32  /opt/conda/envs/gdf/bin/python(_PyEval_EvalFrameDefault+0x11f2) [0x5631547ab162]
33  /opt/conda/envs/gdf/bin/python(+0x12e184) [0x5631547a9184]
34  /opt/conda/envs/gdf/bin/python(+0x14c9fb) [0x5631547c79fb]
35  /opt/conda/envs/gdf/bin/python(PyObject_Call+0xbc) [0x5631547c817c]
36  /opt/conda/envs/gdf/bin/python(+0x2109ce) [0x56315488b9ce]
37  /opt/conda/envs/gdf/bin/python(_PyObject_MakeTpCall+0x2ec) [0x5631547b27ac]
38  /opt/conda/envs/gdf/bin/python(_PyEval_EvalFrameDefault+0x45a6) [0x5631547ae516]
39  /opt/conda/envs/gdf/bin/python(+0x13f802) [0x5631547ba802]
40  /opt/conda/envs/gdf/bin/python(+0x14cadc) [0x5631547c7adc]
41  /opt/conda/envs/gdf/bin/python(_PyEval_EvalFrameDefault+0x45a6) [0x5631547ae516]
42  /opt/conda/envs/gdf/bin/python(+0x13f802) [0x5631547ba802]
43  /opt/conda/envs/gdf/bin/python(_PyEval_EvalFrameDefault+0x696) [0x5631547aa606]
44  /opt/conda/envs/gdf/bin/python(+0x12e184) [0x5631547a9184]
45  /opt/conda/envs/gdf/bin/python(_PyFunction_Vectorcall+0xd9) [0x5631547ba559]
46  /opt/conda/envs/gdf/bin/python(_PyEval_EvalFrameDefault+0x696) [0x5631547aa606]
47  /opt/conda/envs/gdf/bin/python(+0x13f802) [0x5631547ba802]
48  /opt/conda/envs/gdf/bin/python(_PyEval_EvalFrameDefault+0x3e2) [0x5631547aa352]
49  /opt/conda/envs/gdf/bin/python(+0x12e184) [0x5631547a9184]
50  /opt/conda/envs/gdf/bin/python(_PyFunction_Vectorcall+0xd9) [0x5631547ba559]
51  /opt/conda/envs/gdf/bin/python(_PyEval_EvalFrameDefault+0x11f2) [0x5631547ab162]
52  /opt/conda/envs/gdf/bin/python(+0x12e184) [0x5631547a9184]
53  /opt/conda/envs/gdf/bin/python(_PyEval_EvalCodeWithName+0x48) [0x5631547a8e58]
54  /opt/conda/envs/gdf/bin/python(PyEval_EvalCodeEx+0x39) [0x5631547a8e09]
55  /opt/conda/envs/gdf/bin/python(PyEval_EvalCode+0x1b) [0x5631548564ab]
56  /opt/conda/envs/gdf/bin/python(+0x20887a) [0x56315488387a]
57  /opt/conda/envs/gdf/bin/python(+0x204c03) [0x56315487fc03]
58  /opt/conda/envs/gdf/bin/python(PyRun_StringFlags+0x9a) [0x563154877a1a]
59  /opt/conda/envs/gdf/bin/python(PyRun_SimpleStringFlags+0x3c) [0x56315487790c]
60  /opt/conda/envs/gdf/bin/python(Py_RunMain+0x267) [0x563154876b47]
61  /opt/conda/envs/gdf/bin/python(Py_BytesMain+0x37) [0x56315484a2e7]
=================================
[dgx13:95218:0:95218] Caught signal 11 (Segmentation fault: address not mapped to object at address 0x450)
==== backtrace (tid:  95218) ====
 0  /opt/conda/envs/gdf/lib/libucs.so.0(ucs_handle_error+0x2fd) [0x7fed7173ee6d]
 1  /opt/conda/envs/gdf/lib/libucs.so.0(+0x2e064) [0x7fed7173f064]
 2  /opt/conda/envs/gdf/lib/libucs.so.0(+0x2e22a) [0x7fed7173f22a]
 3  /usr/lib/x86_64-linux-gnu/libpthread.so.0(+0x14420) [0x7fedb1c9d420]
 4  /opt/conda/envs/gdf/lib/libucp.so.0(ucp_mem_type_unpack+0x17) [0x7fed717c4427]
 5  /opt/conda/envs/gdf/lib/libucp.so.0(ucp_rndv_data_handler+0x66d) [0x7fed717ef3bd]
 6  /opt/conda/envs/gdf/lib/libuct.so.0(+0x21cef) [0x7fed716f4cef]
 7  /opt/conda/envs/gdf/lib/libuct.so.0(+0x24f08) [0x7fed716f7f08]
 8  /opt/conda/envs/gdf/lib/libucs.so.0(ucs_event_set_wait+0xb9) [0x7fed717486d9]
 9  /opt/conda/envs/gdf/lib/libuct.so.0(uct_tcp_iface_progress+0x7d) [0x7fed716f700d]
10  /opt/conda/envs/gdf/lib/libucp.so.0(ucp_worker_progress+0x5a) [0x7fed717c117a]
11  /opt/conda/envs/gdf/lib/python3.9/site-packages/ucp/_libs/ucx_api.cpython-39-x86_64-linux-gnu.so(+0x3205a) [0x7fed7188405a]
12  /opt/conda/envs/gdf/bin/python(_PyEval_EvalFrameDefault+0x45a6) [0x557f6467d516]
13  /opt/conda/envs/gdf/bin/python(+0x12e184) [0x557f64678184]
14  /opt/conda/envs/gdf/bin/python(_PyFunction_Vectorcall+0xd9) [0x557f64689559]
15  /opt/conda/envs/gdf/bin/python(_PyEval_EvalFrameDefault+0x696) [0x557f64679606]
16  /opt/conda/envs/gdf/bin/python(+0x1e28a2) [0x557f6472c8a2]
17  /opt/conda/envs/gdf/lib/python3.9/lib-dynload/_asyncio.cpython-39-x86_64-linux-gnu.so(+0x81e9) [0x7fed996f71e9]
18  /opt/conda/envs/gdf/bin/python(_PyObject_MakeTpCall+0x2ec) [0x557f646817ac]
19  /opt/conda/envs/gdf/bin/python(+0xf266c) [0x557f6463c66c]
20  /opt/conda/envs/gdf/bin/python(+0x136833) [0x557f64680833]
21  /opt/conda/envs/gdf/bin/python(_PyEval_EvalFrameDefault+0x58b4) [0x557f6467e824]
22  /opt/conda/envs/gdf/bin/python(+0x13f802) [0x557f64689802]
23  /opt/conda/envs/gdf/bin/python(_PyEval_EvalFrameDefault+0x696) [0x557f64679606]
24  /opt/conda/envs/gdf/bin/python(+0x13f802) [0x557f64689802]
25  /opt/conda/envs/gdf/bin/python(_PyEval_EvalFrameDefault+0x696) [0x557f64679606]
26  /opt/conda/envs/gdf/bin/python(+0x13f802) [0x557f64689802]
27  /opt/conda/envs/gdf/bin/python(_PyEval_EvalFrameDefault+0x696) [0x557f64679606]
28  /opt/conda/envs/gdf/bin/python(+0x13f802) [0x557f64689802]
29  /opt/conda/envs/gdf/bin/python(_PyEval_EvalFrameDefault+0x696) [0x557f64679606]
30  /opt/conda/envs/gdf/bin/python(+0x12e184) [0x557f64678184]
31  /opt/conda/envs/gdf/bin/python(_PyFunction_Vectorcall+0xd9) [0x557f64689559]
32  /opt/conda/envs/gdf/bin/python(_PyEval_EvalFrameDefault+0x11f2) [0x557f6467a162]
33  /opt/conda/envs/gdf/bin/python(+0x12e184) [0x557f64678184]
34  /opt/conda/envs/gdf/bin/python(+0x14c9fb) [0x557f646969fb]
35  /opt/conda/envs/gdf/bin/python(PyObject_Call+0xbc) [0x557f6469717c]
36  /opt/conda/envs/gdf/bin/python(+0x2109ce) [0x557f6475a9ce]
37  /opt/conda/envs/gdf/bin/python(_PyObject_MakeTpCall+0x2ec) [0x557f646817ac]
38  /opt/conda/envs/gdf/bin/python(_PyEval_EvalFrameDefault+0x45a6) [0x557f6467d516]
39  /opt/conda/envs/gdf/bin/python(+0x13f802) [0x557f64689802]
40  /opt/conda/envs/gdf/bin/python(+0x14cadc) [0x557f64696adc]
41  /opt/conda/envs/gdf/bin/python(_PyEval_EvalFrameDefault+0x45a6) [0x557f6467d516]
42  /opt/conda/envs/gdf/bin/python(+0x13f802) [0x557f64689802]
43  /opt/conda/envs/gdf/bin/python(_PyEval_EvalFrameDefault+0x696) [0x557f64679606]
44  /opt/conda/envs/gdf/bin/python(+0x12e184) [0x557f64678184]
45  /opt/conda/envs/gdf/bin/python(_PyFunction_Vectorcall+0xd9) [0x557f64689559]
46  /opt/conda/envs/gdf/bin/python(_PyEval_EvalFrameDefault+0x696) [0x557f64679606]
47  /opt/conda/envs/gdf/bin/python(+0x13f802) [0x557f64689802]
48  /opt/conda/envs/gdf/bin/python(_PyEval_EvalFrameDefault+0x3e2) [0x557f64679352]
49  /opt/conda/envs/gdf/bin/python(+0x12e184) [0x557f64678184]
50  /opt/conda/envs/gdf/bin/python(_PyFunction_Vectorcall+0xd9) [0x557f64689559]
51  /opt/conda/envs/gdf/bin/python(_PyEval_EvalFrameDefault+0x11f2) [0x557f6467a162]
52  /opt/conda/envs/gdf/bin/python(+0x12e184) [0x557f64678184]
53  /opt/conda/envs/gdf/bin/python(_PyEval_EvalCodeWithName+0x48) [0x557f64677e58]
54  /opt/conda/envs/gdf/bin/python(PyEval_EvalCodeEx+0x39) [0x557f64677e09]
55  /opt/conda/envs/gdf/bin/python(PyEval_EvalCode+0x1b) [0x557f647254ab]
56  /opt/conda/envs/gdf/bin/python(+0x20887a) [0x557f6475287a]
57  /opt/conda/envs/gdf/bin/python(+0x204c03) [0x557f6474ec03]
58  /opt/conda/envs/gdf/bin/python(PyRun_StringFlags+0x9a) [0x557f64746a1a]
59  /opt/conda/envs/gdf/bin/python(PyRun_SimpleStringFlags+0x3c) [0x557f6474690c]
60  /opt/conda/envs/gdf/bin/python(Py_RunMain+0x267) [0x557f64745b47]
61  /opt/conda/envs/gdf/bin/python(Py_BytesMain+0x37) [0x557f647192e7]
=================================
[dgx13:95235:0:95235] Caught signal 11 (Segmentation fault: address not mapped to object at address 0x450)
==== backtrace (tid:  95235) ====
 0  /opt/conda/envs/gdf/lib/libucs.so.0(ucs_handle_error+0x2fd) [0x7f3e34af1e6d]
 1  /opt/conda/envs/gdf/lib/libucs.so.0(+0x2e064) [0x7f3e34af2064]
 2  /opt/conda/envs/gdf/lib/libucs.so.0(+0x2e22a) [0x7f3e34af222a]
 3  /usr/lib/x86_64-linux-gnu/libpthread.so.0(+0x14420) [0x7f3e71093420]
 4  /opt/conda/envs/gdf/lib/libucp.so.0(ucp_mem_type_unpack+0x17) [0x7f3e34b77427]
 5  /opt/conda/envs/gdf/lib/libucp.so.0(ucp_rndv_data_handler+0x66d) [0x7f3e34ba23bd]
 6  /opt/conda/envs/gdf/lib/libuct.so.0(+0x21cef) [0x7f3e48039cef]
 7  /opt/conda/envs/gdf/lib/libuct.so.0(+0x24f08) [0x7f3e4803cf08]
 8  /opt/conda/envs/gdf/lib/libucs.so.0(ucs_event_set_wait+0xb9) [0x7f3e34afb6d9]
 9  /opt/conda/envs/gdf/lib/libuct.so.0(uct_tcp_iface_progress+0x7d) [0x7f3e4803c00d]
10  /opt/conda/envs/gdf/lib/libucp.so.0(ucp_worker_progress+0x5a) [0x7f3e34b7417a]
11  /opt/conda/envs/gdf/lib/python3.9/site-packages/ucp/_libs/ucx_api.cpython-39-x86_64-linux-gnu.so(+0x3205a) [0x7f3e34c3705a]
12  /opt/conda/envs/gdf/bin/python(_PyEval_EvalFrameDefault+0x45a6) [0x563af5777516]
13  /opt/conda/envs/gdf/bin/python(+0x12e184) [0x563af5772184]
14  /opt/conda/envs/gdf/bin/python(_PyFunction_Vectorcall+0xd9) [0x563af5783559]
15  /opt/conda/envs/gdf/bin/python(_PyEval_EvalFrameDefault+0x696) [0x563af5773606]
16  /opt/conda/envs/gdf/bin/python(+0x13f802) [0x563af5783802]
17  /opt/conda/envs/gdf/bin/python(+0x14cbb3) [0x563af5790bb3]
18  /opt/conda/envs/gdf/bin/python(+0x25842c) [0x563af589c42c]
19  /opt/conda/envs/gdf/bin/python(+0xf266c) [0x563af573666c]
20  /opt/conda/envs/gdf/bin/python(+0x136833) [0x563af577a833]
21  /opt/conda/envs/gdf/bin/python(_PyEval_EvalFrameDefault+0x58b4) [0x563af5778824]
22  /opt/conda/envs/gdf/bin/python(+0x13f802) [0x563af5783802]
23  /opt/conda/envs/gdf/bin/python(_PyEval_EvalFrameDefault+0x696) [0x563af5773606]
24  /opt/conda/envs/gdf/bin/python(+0x13f802) [0x563af5783802]
25  /opt/conda/envs/gdf/bin/python(_PyEval_EvalFrameDefault+0x696) [0x563af5773606]
26  /opt/conda/envs/gdf/bin/python(+0x13f802) [0x563af5783802]
27  /opt/conda/envs/gdf/bin/python(_PyEval_EvalFrameDefault+0x696) [0x563af5773606]
28  /opt/conda/envs/gdf/bin/python(+0x13f802) [0x563af5783802]
29  /opt/conda/envs/gdf/bin/python(_PyEval_EvalFrameDefault+0x696) [0x563af5773606]
30  /opt/conda/envs/gdf/bin/python(+0x12e184) [0x563af5772184]
31  /opt/conda/envs/gdf/bin/python(_PyFunction_Vectorcall+0xd9) [0x563af5783559]
32  /opt/conda/envs/gdf/bin/python(_PyEval_EvalFrameDefault+0x11f2) [0x563af5774162]
33  /opt/conda/envs/gdf/bin/python(+0x12e184) [0x563af5772184]
34  /opt/conda/envs/gdf/bin/python(+0x14c9fb) [0x563af57909fb]
35  /opt/conda/envs/gdf/bin/python(PyObject_Call+0xbc) [0x563af579117c]
36  /opt/conda/envs/gdf/bin/python(+0x2109ce) [0x563af58549ce]
37  /opt/conda/envs/gdf/bin/python(_PyObject_MakeTpCall+0x2ec) [0x563af577b7ac]
38  /opt/conda/envs/gdf/bin/python(_PyEval_EvalFrameDefault+0x45a6) [0x563af5777516]
39  /opt/conda/envs/gdf/bin/python(+0x13f802) [0x563af5783802]
40  /opt/conda/envs/gdf/bin/python(+0x14cadc) [0x563af5790adc]
41  /opt/conda/envs/gdf/bin/python(_PyEval_EvalFrameDefault+0x45a6) [0x563af5777516]
42  /opt/conda/envs/gdf/bin/python(+0x13f802) [0x563af5783802]
43  /opt/conda/envs/gdf/bin/python(_PyEval_EvalFrameDefault+0x696) [0x563af5773606]
44  /opt/conda/envs/gdf/bin/python(+0x12e184) [0x563af5772184]
45  /opt/conda/envs/gdf/bin/python(_PyFunction_Vectorcall+0xd9) [0x563af5783559]
46  /opt/conda/envs/gdf/bin/python(_PyEval_EvalFrameDefault+0x696) [0x563af5773606]
47  /opt/conda/envs/gdf/bin/python(+0x13f802) [0x563af5783802]
48  /opt/conda/envs/gdf/bin/python(_PyEval_EvalFrameDefault+0x3e2) [0x563af5773352]
49  /opt/conda/envs/gdf/bin/python(+0x12e184) [0x563af5772184]
50  /opt/conda/envs/gdf/bin/python(_PyFunction_Vectorcall+0xd9) [0x563af5783559]
51  /opt/conda/envs/gdf/bin/python(_PyEval_EvalFrameDefault+0x11f2) [0x563af5774162]
52  /opt/conda/envs/gdf/bin/python(+0x12e184) [0x563af5772184]
53  /opt/conda/envs/gdf/bin/python(_PyEval_EvalCodeWithName+0x48) [0x563af5771e58]
54  /opt/conda/envs/gdf/bin/python(PyEval_EvalCodeEx+0x39) [0x563af5771e09]
55  /opt/conda/envs/gdf/bin/python(PyEval_EvalCode+0x1b) [0x563af581f4ab]
56  /opt/conda/envs/gdf/bin/python(+0x20887a) [0x563af584c87a]
57  /opt/conda/envs/gdf/bin/python(+0x204c03) [0x563af5848c03]
58  /opt/conda/envs/gdf/bin/python(PyRun_StringFlags+0x9a) [0x563af5840a1a]
59  /opt/conda/envs/gdf/bin/python(PyRun_SimpleStringFlags+0x3c) [0x563af584090c]
60  /opt/conda/envs/gdf/bin/python(Py_RunMain+0x267) [0x563af583fb47]
61  /opt/conda/envs/gdf/bin/python(Py_BytesMain+0x37) [0x563af58132e7]
=================================
2024-07-16 06:05:39,049 - distributed.worker - ERROR - Worker stream died during communication: ucx://127.0.0.1:57353
Traceback (most recent call last):
  File "/opt/conda/envs/gdf/lib/python3.9/site-packages/distributed/comm/ucx.py", line 392, in read
    await self.ep.recv(each_frame)
  File "/opt/conda/envs/gdf/lib/python3.9/site-packages/ucp/core.py", line 737, in recv
    ret = await comm.tag_recv(self._ep, buffer, nbytes, tag, name=log)
ucp._libs.exceptions.UCXError: <[Recv #007] ep: 0x7f4ee015f2c0, tag: 0xbd3565c179bfeed, nbytes: 50000000, type: <class 'rmm._lib.device_buffer.DeviceBuffer'>>: Connection reset by remote peer

During handling of the above exception, another exception occurred:

Traceback (most recent call last):
  File "/opt/conda/envs/gdf/lib/python3.9/site-packages/distributed/worker.py", line 2059, in gather_dep
    response = await get_data_from_worker(
  File "/opt/conda/envs/gdf/lib/python3.9/site-packages/distributed/worker.py", line 2869, in get_data_from_worker
    response = await send_recv(
  File "/opt/conda/envs/gdf/lib/python3.9/site-packages/distributed/core.py", line 1013, in send_recv
    response = await comm.read(deserializers=deserializers)
  File "/opt/conda/envs/gdf/lib/python3.9/site-packages/distributed/utils.py", line 837, in wrapper
    return await func(*args, **kwargs)
  File "/opt/conda/envs/gdf/lib/python3.9/site-packages/distributed/comm/ucx.py", line 398, in read
    raise CommClosedError(
distributed.comm.core.CommClosedError: Connection closed by writer.
Inner exception: UCXError("<[Recv #007] ep: 0x7f4ee015f2c0, tag: 0xbd3565c179bfeed, nbytes: 50000000, type: <class 'rmm._lib.device_buffer.DeviceBuffer'>>: Connection reset by remote peer")
2024-07-16 06:05:39,050 - distributed.scheduler - WARNING - Removing worker 'ucx://127.0.0.1:57353' caused the cluster to lose already computed task(s), which will be recomputed elsewhere: {('random_sample-3d3fc5bdf80104b46428bc3c9b628bef', 6, 7), ('random_sample-3d3fc5bdf80104b46428bc3c9b628bef', 6, 8)} (stimulus_id='handle-worker-cleanup-1721109939.0504289')
2024-07-16 06:05:39,051 - distributed.worker - ERROR - failed during get data with ucx://127.0.0.1:52091 -> ucx://127.0.0.1:57353
Traceback (most recent call last):
  File "/opt/conda/envs/gdf/lib/python3.9/site-packages/distributed/comm/ucx.py", line 334, in write
    await self.ep.send(each_frame)
  File "/opt/conda/envs/gdf/lib/python3.9/site-packages/ucp/core.py", line 662, in send
    return await comm.tag_send(self._ep, buffer, nbytes, tag, name=log)
ucp._libs.exceptions.UCXError: <[Send #007] ep: 0x7f4ee015f140, tag: 0x4cfa5b453dfc043a, nbytes: 50000000, type: <class 'cupy.ndarray'>>: Connection reset by remote peer

During handling of the above exception, another exception occurred:

Traceback (most recent call last):
  File "/opt/conda/envs/gdf/lib/python3.9/site-packages/distributed/worker.py", line 1782, in get_data
    compressed = await comm.write(msg, serializers=serializers)
  File "/opt/conda/envs/gdf/lib/python3.9/site-packages/distributed/utils.py", line 837, in wrapper
    return await func(*args, **kwargs)
  File "/opt/conda/envs/gdf/lib/python3.9/site-packages/distributed/comm/ucx.py", line 338, in write
    raise CommClosedError("While writing, the connection was closed")
distributed.comm.core.CommClosedError: While writing, the connection was closed
2024-07-16 06:05:39,149 - distributed.scheduler - WARNING - Removing worker 'ucx://127.0.0.1:36453' caused the cluster to lose already computed task(s), which will be recomputed elsewhere: {('sum-5a8a93f10c336f341b4a8e6cdceba74a', 6, 2), ('random_sample-3d3fc5bdf80104b46428bc3c9b628bef', 6, 2), ('random_sample-3d3fc5bdf80104b46428bc3c9b628bef', 4, 7), ('sum-5a8a93f10c336f341b4a8e6cdceba74a', 8, 4), ('sum-5a8a93f10c336f341b4a8e6cdceba74a', 8, 7), ('random_sample-3d3fc5bdf80104b46428bc3c9b628bef', 6, 1), ('sum-5a8a93f10c336f341b4a8e6cdceba74a', 2, 6), ('random_sample-3d3fc5bdf80104b46428bc3c9b628bef', 4, 6), ('sum-5a8a93f10c336f341b4a8e6cdceba74a', 7, 5), ('random_sample-3d3fc5bdf80104b46428bc3c9b628bef', 8, 7), ('random_sample-3d3fc5bdf80104b46428bc3c9b628bef', 7, 5), ('sum-5a8a93f10c336f341b4a8e6cdceba74a', 7, 8), ('random_sample-3d3fc5bdf80104b46428bc3c9b628bef', 7, 8), ('random_sample-3d3fc5bdf80104b46428bc3c9b628bef', 6, 0), ('sum-5a8a93f10c336f341b4a8e6cdceba74a', 5, 7), ('random_sample-3d3fc5bdf80104b46428bc3c9b628bef', 4, 8), ('random_sample-3d3fc5bdf80104b46428bc3c9b628bef', 5, 1), ('random_sample-3d3fc5bdf80104b46428bc3c9b628bef', 5, 7), ('sum-5a8a93f10c336f341b4a8e6cdceba74a', 4, 8), ('sum-5a8a93f10c336f341b4a8e6cdceba74a', 9, 4)} (stimulus_id='handle-worker-cleanup-1721109939.1489518')
2024-07-16 06:05:39,151 - distributed.nanny - WARNING - Restarting worker
2024-07-16 06:05:39,178 - distributed.scheduler - WARNING - Removing worker 'ucx://127.0.0.1:56381' caused the cluster to lose already computed task(s), which will be recomputed elsewhere: {('random_sample-3d3fc5bdf80104b46428bc3c9b628bef', 8, 8), ('random_sample-3d3fc5bdf80104b46428bc3c9b628bef', 3, 8), ('sum-5a8a93f10c336f341b4a8e6cdceba74a', 7, 2), ('random_sample-3d3fc5bdf80104b46428bc3c9b628bef', 7, 2), ('random_sample-3d3fc5bdf80104b46428bc3c9b628bef', 8, 1), ('sum-5a8a93f10c336f341b4a8e6cdceba74a', 8, 3), ('sum-5a8a93f10c336f341b4a8e6cdceba74a', 3, 8), ('random_sample-3d3fc5bdf80104b46428bc3c9b628bef', 7, 4), ('random_sample-3d3fc5bdf80104b46428bc3c9b628bef', 4, 5), ('random_sample-3d3fc5bdf80104b46428bc3c9b628bef', 8, 3), ('sum-5a8a93f10c336f341b4a8e6cdceba74a', 2, 7), ('sum-5a8a93f10c336f341b4a8e6cdceba74a', 8, 8), ('random_sample-3d3fc5bdf80104b46428bc3c9b628bef', 8, 2), ('random_sample-3d3fc5bdf80104b46428bc3c9b628bef', 7, 0)} (stimulus_id='handle-worker-cleanup-1721109939.1780624')
2024-07-16 06:05:39,210 - distributed.worker - ERROR - failed during get data with ucx://127.0.0.1:41051 -> ucx://127.0.0.1:46627
Traceback (most recent call last):
  File "/opt/conda/envs/gdf/lib/python3.9/site-packages/distributed/comm/ucx.py", line 334, in write
    await self.ep.send(each_frame)
  File "/opt/conda/envs/gdf/lib/python3.9/site-packages/ucp/core.py", line 662, in send
    return await comm.tag_send(self._ep, buffer, nbytes, tag, name=log)
ucp._libs.exceptions.UCXError: <[Send #007] ep: 0x7f2d14f78200, tag: 0x3d94db7d0fd5c257, nbytes: 50000000, type: <class 'cupy.ndarray'>>: Connection reset by remote peer

During handling of the above exception, another exception occurred:

Traceback (most recent call last):
  File "/opt/conda/envs/gdf/lib/python3.9/site-packages/distributed/worker.py", line 1782, in get_data
    compressed = await comm.write(msg, serializers=serializers)
  File "/opt/conda/envs/gdf/lib/python3.9/site-packages/distributed/utils.py", line 837, in wrapper
    return await func(*args, **kwargs)
  File "/opt/conda/envs/gdf/lib/python3.9/site-packages/distributed/comm/ucx.py", line 338, in write
    raise CommClosedError("While writing, the connection was closed")
distributed.comm.core.CommClosedError: While writing, the connection was closed
2024-07-16 06:05:39,210 - distributed.scheduler - WARNING - Removing worker 'ucx://127.0.0.1:46627' caused the cluster to lose already computed task(s), which will be recomputed elsewhere: {('sum-5a8a93f10c336f341b4a8e6cdceba74a', 5, 0), ('random_sample-3d3fc5bdf80104b46428bc3c9b628bef', 4, 3), ('random_sample-3d3fc5bdf80104b46428bc3c9b628bef', 4, 2), ('random_sample-3d3fc5bdf80104b46428bc3c9b628bef', 6, 4), ('sum-5a8a93f10c336f341b4a8e6cdceba74a', 0, 5), ('random_sample-3d3fc5bdf80104b46428bc3c9b628bef', 5, 0)} (stimulus_id='handle-worker-cleanup-1721109939.2105114')
2024-07-16 06:05:39,237 - distributed.nanny - WARNING - Restarting worker
2024-07-16 06:05:39,293 - distributed.nanny - WARNING - Restarting worker
2024-07-16 06:05:39,353 - distributed.nanny - WARNING - Restarting worker
[dgx13:95345:0:95345] Caught signal 11 (Segmentation fault: address not mapped to object at address 0x450)
==== backtrace (tid:  95345) ====
 0  /opt/conda/envs/gdf/lib/libucs.so.0(ucs_handle_error+0x2fd) [0x7efe0ca58e6d]
 1  /opt/conda/envs/gdf/lib/libucs.so.0(+0x2e064) [0x7efe0ca59064]
 2  /opt/conda/envs/gdf/lib/libucs.so.0(+0x2e22a) [0x7efe0ca5922a]
 3  /usr/lib/x86_64-linux-gnu/libpthread.so.0(+0x14420) [0x7efe3afc2420]
 4  /opt/conda/envs/gdf/lib/libucp.so.0(ucp_mem_type_unpack+0x17) [0x7efe0cade427]
 5  /opt/conda/envs/gdf/lib/libucp.so.0(ucp_rndv_data_handler+0x66d) [0x7efe0cb093bd]
 6  /opt/conda/envs/gdf/lib/libuct.so.0(+0x21cef) [0x7efe0ca0ecef]
 7  /opt/conda/envs/gdf/lib/libuct.so.0(+0x24f08) [0x7efe0ca11f08]
 8  /opt/conda/envs/gdf/lib/libucs.so.0(ucs_event_set_wait+0xb9) [0x7efe0ca626d9]
 9  /opt/conda/envs/gdf/lib/libuct.so.0(uct_tcp_iface_progress+0x7d) [0x7efe0ca1100d]
10  /opt/conda/envs/gdf/lib/libucp.so.0(ucp_worker_progress+0x5a) [0x7efe0cadb17a]
11  /opt/conda/envs/gdf/lib/python3.9/site-packages/ucp/_libs/ucx_api.cpython-39-x86_64-linux-gnu.so(+0x3205a) [0x7efe0cb9e05a]
12  /opt/conda/envs/gdf/bin/python(_PyEval_EvalFrameDefault+0x45a6) [0x55c1e9649516]
13  /opt/conda/envs/gdf/bin/python(+0x12e184) [0x55c1e9644184]
14  /opt/conda/envs/gdf/bin/python(_PyFunction_Vectorcall+0xd9) [0x55c1e9655559]
15  /opt/conda/envs/gdf/bin/python(_PyEval_EvalFrameDefault+0x696) [0x55c1e9645606]
16  /opt/conda/envs/gdf/bin/python(+0x13f802) [0x55c1e9655802]
17  /opt/conda/envs/gdf/bin/python(+0x14cbb3) [0x55c1e9662bb3]
18  /opt/conda/envs/gdf/bin/python(+0x25842c) [0x55c1e976e42c]
19  /opt/conda/envs/gdf/bin/python(+0xf266c) [0x55c1e960866c]
20  /opt/conda/envs/gdf/bin/python(+0x136833) [0x55c1e964c833]
21  /opt/conda/envs/gdf/bin/python(_PyEval_EvalFrameDefault+0x58b4) [0x55c1e964a824]
22  /opt/conda/envs/gdf/bin/python(+0x13f802) [0x55c1e9655802]
23  /opt/conda/envs/gdf/bin/python(_PyEval_EvalFrameDefault+0x696) [0x55c1e9645606]
24  /opt/conda/envs/gdf/bin/python(+0x13f802) [0x55c1e9655802]
25  /opt/conda/envs/gdf/bin/python(_PyEval_EvalFrameDefault+0x696) [0x55c1e9645606]
26  /opt/conda/envs/gdf/bin/python(+0x13f802) [0x55c1e9655802]
27  /opt/conda/envs/gdf/bin/python(_PyEval_EvalFrameDefault+0x696) [0x55c1e9645606]
28  /opt/conda/envs/gdf/bin/python(+0x13f802) [0x55c1e9655802]
29  /opt/conda/envs/gdf/bin/python(_PyEval_EvalFrameDefault+0x696) [0x55c1e9645606]
30  /opt/conda/envs/gdf/bin/python(+0x12e184) [0x55c1e9644184]
31  /opt/conda/envs/gdf/bin/python(_PyFunction_Vectorcall+0xd9) [0x55c1e9655559]
32  /opt/conda/envs/gdf/bin/python(_PyEval_EvalFrameDefault+0x11f2) [0x55c1e9646162]
33  /opt/conda/envs/gdf/bin/python(+0x12e184) [0x55c1e9644184]
34  /opt/conda/envs/gdf/bin/python(+0x14c9fb) [0x55c1e96629fb]
35  /opt/conda/envs/gdf/bin/python(PyObject_Call+0xbc) [0x55c1e966317c]
36  /opt/conda/envs/gdf/bin/python(+0x2109ce) [0x55c1e97269ce]
37  /opt/conda/envs/gdf/bin/python(_PyObject_MakeTpCall+0x2ec) [0x55c1e964d7ac]
38  /opt/conda/envs/gdf/bin/python(_PyEval_EvalFrameDefault+0x45a6) [0x55c1e9649516]
39  /opt/conda/envs/gdf/bin/python(+0x13f802) [0x55c1e9655802]
40  /opt/conda/envs/gdf/bin/python(+0x14cadc) [0x55c1e9662adc]
41  /opt/conda/envs/gdf/bin/python(_PyEval_EvalFrameDefault+0x45a6) [0x55c1e9649516]
42  /opt/conda/envs/gdf/bin/python(+0x13f802) [0x55c1e9655802]
43  /opt/conda/envs/gdf/bin/python(_PyEval_EvalFrameDefault+0x696) [0x55c1e9645606]
44  /opt/conda/envs/gdf/bin/python(+0x12e184) [0x55c1e9644184]
45  /opt/conda/envs/gdf/bin/python(_PyFunction_Vectorcall+0xd9) [0x55c1e9655559]
46  /opt/conda/envs/gdf/bin/python(_PyEval_EvalFrameDefault+0x696) [0x55c1e9645606]
47  /opt/conda/envs/gdf/bin/python(+0x13f802) [0x55c1e9655802]
48  /opt/conda/envs/gdf/bin/python(_PyEval_EvalFrameDefault+0x3e2) [0x55c1e9645352]
49  /opt/conda/envs/gdf/bin/python(+0x12e184) [0x55c1e9644184]
50  /opt/conda/envs/gdf/bin/python(_PyFunction_Vectorcall+0xd9) [0x55c1e9655559]
51  /opt/conda/envs/gdf/bin/python(_PyEval_EvalFrameDefault+0x11f2) [0x55c1e9646162]
52  /opt/conda/envs/gdf/bin/python(+0x12e184) [0x55c1e9644184]
53  /opt/conda/envs/gdf/bin/python(_PyEval_EvalCodeWithName+0x48) [0x55c1e9643e58]
54  /opt/conda/envs/gdf/bin/python(PyEval_EvalCodeEx+0x39) [0x55c1e9643e09]
55  /opt/conda/envs/gdf/bin/python(PyEval_EvalCode+0x1b) [0x55c1e96f14ab]
56  /opt/conda/envs/gdf/bin/python(+0x20887a) [0x55c1e971e87a]
57  /opt/conda/envs/gdf/bin/python(+0x204c03) [0x55c1e971ac03]
58  /opt/conda/envs/gdf/bin/python(PyRun_StringFlags+0x9a) [0x55c1e9712a1a]
59  /opt/conda/envs/gdf/bin/python(PyRun_SimpleStringFlags+0x3c) [0x55c1e971290c]
60  /opt/conda/envs/gdf/bin/python(Py_RunMain+0x267) [0x55c1e9711b47]
61  /opt/conda/envs/gdf/bin/python(Py_BytesMain+0x37) [0x55c1e96e52e7]
=================================
2024-07-16 06:05:42,258 - distributed.worker - ERROR - failed during get data with ucx://127.0.0.1:52091 -> ucx://127.0.0.1:52353
Traceback (most recent call last):
  File "/opt/conda/envs/gdf/lib/python3.9/site-packages/distributed/comm/ucx.py", line 334, in write
    await self.ep.send(each_frame)
  File "/opt/conda/envs/gdf/lib/python3.9/site-packages/ucp/core.py", line 662, in send
    return await comm.tag_send(self._ep, buffer, nbytes, tag, name=log)
ucp._libs.exceptions.UCXError: <[Send #007] ep: 0x7f4ee015f2c0, tag: 0x58e7c2a005b8a5c6, nbytes: 50000000, type: <class 'cupy.ndarray'>>: Connection reset by remote peer

During handling of the above exception, another exception occurred:

Traceback (most recent call last):
  File "/opt/conda/envs/gdf/lib/python3.9/site-packages/distributed/worker.py", line 1782, in get_data
    compressed = await comm.write(msg, serializers=serializers)
  File "/opt/conda/envs/gdf/lib/python3.9/site-packages/distributed/utils.py", line 837, in wrapper
    return await func(*args, **kwargs)
  File "/opt/conda/envs/gdf/lib/python3.9/site-packages/distributed/comm/ucx.py", line 338, in write
    raise CommClosedError("While writing, the connection was closed")
distributed.comm.core.CommClosedError: While writing, the connection was closed
Task exception was never retrieved
future: <Task finished name='Task-124' coro=<_listener_handler_coroutine() done, defined at /opt/conda/envs/gdf/lib/python3.9/site-packages/ucp/core.py:140> exception=UCXError('<stream_send>: Connection reset by remote peer')>
Traceback (most recent call last):
  File "/opt/conda/envs/gdf/lib/python3.9/site-packages/ucp/core.py", line 155, in _listener_handler_coroutine
    peer_info = await exchange_peer_info(
  File "/opt/conda/envs/gdf/lib/python3.9/site-packages/ucp/core.py", line 51, in exchange_peer_info
    await asyncio.wait_for(
  File "/opt/conda/envs/gdf/lib/python3.9/asyncio/tasks.py", line 479, in wait_for
    return fut.result()
ucp._libs.exceptions.UCXError: <stream_send>: Connection reset by remote peer
[dgx13:95339:0:95339] Caught signal 11 (Segmentation fault: address not mapped to object at address 0x450)
2024-07-16 06:05:42,330 - distributed.nanny - WARNING - Restarting worker
==== backtrace (tid:  95339) ====
 0  /opt/conda/envs/gdf/lib/libucs.so.0(ucs_handle_error+0x2fd) [0x7f8110a33e6d]
 1  /opt/conda/envs/gdf/lib/libucs.so.0(+0x2e064) [0x7f8110a34064]
 2  /opt/conda/envs/gdf/lib/libucs.so.0(+0x2e22a) [0x7f8110a3422a]
 3  /usr/lib/x86_64-linux-gnu/libpthread.so.0(+0x14420) [0x7f813ef99420]
 4  /opt/conda/envs/gdf/lib/libucp.so.0(ucp_mem_type_unpack+0x17) [0x7f8110ab9427]
 5  /opt/conda/envs/gdf/lib/libucp.so.0(ucp_rndv_data_handler+0x66d) [0x7f8110ae43bd]
 6  /opt/conda/envs/gdf/lib/libuct.so.0(+0x21cef) [0x7f81109e9cef]
 7  /opt/conda/envs/gdf/lib/libuct.so.0(+0x24f08) [0x7f81109ecf08]
 8  /opt/conda/envs/gdf/lib/libucs.so.0(ucs_event_set_wait+0xb9) [0x7f8110a3d6d9]
 9  /opt/conda/envs/gdf/lib/libuct.so.0(uct_tcp_iface_progress+0x7d) [0x7f81109ec00d]
10  /opt/conda/envs/gdf/lib/libucp.so.0(ucp_worker_progress+0x5a) [0x7f8110ab617a]
11  /opt/conda/envs/gdf/lib/python3.9/site-packages/ucp/_libs/ucx_api.cpython-39-x86_64-linux-gnu.so(+0x3205a) [0x7f8110b7905a]
12  /opt/conda/envs/gdf/bin/python(_PyEval_EvalFrameDefault+0x45a6) [0x56021d017516]
13  /opt/conda/envs/gdf/bin/python(+0x12e184) [0x56021d012184]
14  /opt/conda/envs/gdf/bin/python(_PyFunction_Vectorcall+0xd9) [0x56021d023559]
15  /opt/conda/envs/gdf/bin/python(_PyEval_EvalFrameDefault+0x696) [0x56021d013606]
16  /opt/conda/envs/gdf/bin/python(+0x13f802) [0x56021d023802]
17  /opt/conda/envs/gdf/bin/python(+0x14cbb3) [0x56021d030bb3]
18  /opt/conda/envs/gdf/bin/python(+0x25842c) [0x56021d13c42c]
19  /opt/conda/envs/gdf/bin/python(+0xf266c) [0x56021cfd666c]
20  /opt/conda/envs/gdf/bin/python(+0x136833) [0x56021d01a833]
21  /opt/conda/envs/gdf/bin/python(_PyEval_EvalFrameDefault+0x58b4) [0x56021d018824]
22  /opt/conda/envs/gdf/bin/python(+0x13f802) [0x56021d023802]
23  /opt/conda/envs/gdf/bin/python(_PyEval_EvalFrameDefault+0x696) [0x56021d013606]
24  /opt/conda/envs/gdf/bin/python(+0x13f802) [0x56021d023802]
25  /opt/conda/envs/gdf/bin/python(_PyEval_EvalFrameDefault+0x696) [0x56021d013606]
26  /opt/conda/envs/gdf/bin/python(+0x13f802) [0x56021d023802]
27  /opt/conda/envs/gdf/bin/python(_PyEval_EvalFrameDefault+0x696) [0x56021d013606]
28  /opt/conda/envs/gdf/bin/python(+0x13f802) [0x56021d023802]
29  /opt/conda/envs/gdf/bin/python(_PyEval_EvalFrameDefault+0x696) [0x56021d013606]
30  /opt/conda/envs/gdf/bin/python(+0x12e184) [0x56021d012184]
31  /opt/conda/envs/gdf/bin/python(_PyFunction_Vectorcall+0xd9) [0x56021d023559]
32  /opt/conda/envs/gdf/bin/python(_PyEval_EvalFrameDefault+0x11f2) [0x56021d014162]
33  /opt/conda/envs/gdf/bin/python(+0x12e184) [0x56021d012184]
34  /opt/conda/envs/gdf/bin/python(+0x14c9fb) [0x56021d0309fb]
35  /opt/conda/envs/gdf/bin/python(PyObject_Call+0xbc) [0x56021d03117c]
36  /opt/conda/envs/gdf/bin/python(+0x2109ce) [0x56021d0f49ce]
37  /opt/conda/envs/gdf/bin/python(_PyObject_MakeTpCall+0x2ec) [0x56021d01b7ac]
38  /opt/conda/envs/gdf/bin/python(_PyEval_EvalFrameDefault+0x45a6) [0x56021d017516]
39  /opt/conda/envs/gdf/bin/python(+0x13f802) [0x56021d023802]
40  /opt/conda/envs/gdf/bin/python(+0x14cadc) [0x56021d030adc]
41  /opt/conda/envs/gdf/bin/python(_PyEval_EvalFrameDefault+0x45a6) [0x56021d017516]
42  /opt/conda/envs/gdf/bin/python(+0x13f802) [0x56021d023802]
43  /opt/conda/envs/gdf/bin/python(_PyEval_EvalFrameDefault+0x696) [0x56021d013606]
44  /opt/conda/envs/gdf/bin/python(+0x12e184) [0x56021d012184]
45  /opt/conda/envs/gdf/bin/python(_PyFunction_Vectorcall+0xd9) [0x56021d023559]
46  /opt/conda/envs/gdf/bin/python(_PyEval_EvalFrameDefault+0x696) [0x56021d013606]
47  /opt/conda/envs/gdf/bin/python(+0x13f802) [0x56021d023802]
48  /opt/conda/envs/gdf/bin/python(_PyEval_EvalFrameDefault+0x3e2) [0x56021d013352]
49  /opt/conda/envs/gdf/bin/python(+0x12e184) [0x56021d012184]
50  /opt/conda/envs/gdf/bin/python(_PyFunction_Vectorcall+0xd9) [0x56021d023559]
51  /opt/conda/envs/gdf/bin/python(_PyEval_EvalFrameDefault+0x11f2) [0x56021d014162]
52  /opt/conda/envs/gdf/bin/python(+0x12e184) [0x56021d012184]
53  /opt/conda/envs/gdf/bin/python(_PyEval_EvalCodeWithName+0x48) [0x56021d011e58]
54  /opt/conda/envs/gdf/bin/python(PyEval_EvalCodeEx+0x39) [0x56021d011e09]
55  /opt/conda/envs/gdf/bin/python(PyEval_EvalCode+0x1b) [0x56021d0bf4ab]
56  /opt/conda/envs/gdf/bin/python(+0x20887a) [0x56021d0ec87a]
57  /opt/conda/envs/gdf/bin/python(+0x204c03) [0x56021d0e8c03]
58  /opt/conda/envs/gdf/bin/python(PyRun_StringFlags+0x9a) [0x56021d0e0a1a]
59  /opt/conda/envs/gdf/bin/python(PyRun_SimpleStringFlags+0x3c) [0x56021d0e090c]
60  /opt/conda/envs/gdf/bin/python(Py_RunMain+0x267) [0x56021d0dfb47]
61  /opt/conda/envs/gdf/bin/python(Py_BytesMain+0x37) [0x56021d0b32e7]
=================================
2024-07-16 06:05:42,547 - distributed.worker - ERROR - failed during get data with ucx://127.0.0.1:36803 -> ucx://127.0.0.1:59555
Traceback (most recent call last):
  File "/opt/conda/envs/gdf/lib/python3.9/site-packages/distributed/comm/ucx.py", line 334, in write
    await self.ep.send(each_frame)
  File "/opt/conda/envs/gdf/lib/python3.9/site-packages/ucp/core.py", line 662, in send
    return await comm.tag_send(self._ep, buffer, nbytes, tag, name=log)
ucp._libs.exceptions.UCXError: <[Send #012] ep: 0x7f9914103140, tag: 0x24620513e287920d, nbytes: 50000000, type: <class 'cupy.ndarray'>>: Connection reset by remote peer

During handling of the above exception, another exception occurred:

Traceback (most recent call last):
  File "/opt/conda/envs/gdf/lib/python3.9/site-packages/distributed/worker.py", line 1782, in get_data
    compressed = await comm.write(msg, serializers=serializers)
  File "/opt/conda/envs/gdf/lib/python3.9/site-packages/distributed/utils.py", line 837, in wrapper
    return await func(*args, **kwargs)
  File "/opt/conda/envs/gdf/lib/python3.9/site-packages/distributed/comm/ucx.py", line 338, in write
    raise CommClosedError("While writing, the connection was closed")
distributed.comm.core.CommClosedError: While writing, the connection was closed
2024-07-16 06:05:42,548 - distributed.scheduler - WARNING - Removing worker 'ucx://127.0.0.1:59555' caused the cluster to lose already computed task(s), which will be recomputed elsewhere: {('sum-5a8a93f10c336f341b4a8e6cdceba74a', 6, 2), ('random_sample-3d3fc5bdf80104b46428bc3c9b628bef', 6, 2), ('sum-5a8a93f10c336f341b4a8e6cdceba74a', 6, 8), ('random_sample-3d3fc5bdf80104b46428bc3c9b628bef', 6, 8), ('random_sample-3d3fc5bdf80104b46428bc3c9b628bef', 8, 2), ('random_sample-3d3fc5bdf80104b46428bc3c9b628bef', 7, 0), ('random_sample-3d3fc5bdf80104b46428bc3c9b628bef', 8, 8), ('sum-5a8a93f10c336f341b4a8e6cdceba74a', 8, 7), ('random_sample-3d3fc5bdf80104b46428bc3c9b628bef', 6, 4), ('random_sample-3d3fc5bdf80104b46428bc3c9b628bef', 6, 1), ('random_sample-3d3fc5bdf80104b46428bc3c9b628bef', 6, 7), ('sum-5a8a93f10c336f341b4a8e6cdceba74a', 2, 6), ('random_sample-3d3fc5bdf80104b46428bc3c9b628bef', 7, 2), ('random_sample-3d3fc5bdf80104b46428bc3c9b628bef', 8, 1), ('random_sample-3d3fc5bdf80104b46428bc3c9b628bef', 8, 7), ('random_sample-3d3fc5bdf80104b46428bc3c9b628bef', 7, 5), ('sum-5a8a93f10c336f341b4a8e6cdceba74a', 8, 6), ('sum-5a8a93f10c336f341b4a8e6cdceba74a', 7, 8), ('random_sample-3d3fc5bdf80104b46428bc3c9b628bef', 7, 8), ('sum-partial-e4e00136e47eacab2a42ed4a1a07f4b3', 3, 3), ('random_sample-3d3fc5bdf80104b46428bc3c9b628bef', 7, 4), ('random_sample-3d3fc5bdf80104b46428bc3c9b628bef', 8, 3), ('sum-5a8a93f10c336f341b4a8e6cdceba74a', 8, 8)} (stimulus_id='handle-worker-cleanup-1721109942.5478222')
2024-07-16 06:05:42,554 - distributed.worker - ERROR - Worker stream died during communication: ucx://127.0.0.1:59555
Traceback (most recent call last):
  File "/opt/conda/envs/gdf/lib/python3.9/site-packages/distributed/core.py", line 1423, in _connect
    comm = await connect(
  File "/opt/conda/envs/gdf/lib/python3.9/site-packages/distributed/comm/core.py", line 342, in connect
    comm = await wait_for(
  File "/opt/conda/envs/gdf/lib/python3.9/site-packages/distributed/utils.py", line 1957, in wait_for
    return await asyncio.wait_for(fut, timeout)
  File "/opt/conda/envs/gdf/lib/python3.9/asyncio/tasks.py", line 466, in wait_for
    await waiter
asyncio.exceptions.CancelledError

During handling of the above exception, another exception occurred:

Traceback (most recent call last):
  File "/opt/conda/envs/gdf/lib/python3.9/site-packages/distributed/core.py", line 1533, in connect
    return connect_attempt.result()
asyncio.exceptions.CancelledError

During handling of the above exception, another exception occurred:

Traceback (most recent call last):
  File "/opt/conda/envs/gdf/lib/python3.9/site-packages/distributed/worker.py", line 2059, in gather_dep
    response = await get_data_from_worker(
  File "/opt/conda/envs/gdf/lib/python3.9/site-packages/distributed/worker.py", line 2866, in get_data_from_worker
    comm = await rpc.connect(worker)
  File "/opt/conda/envs/gdf/lib/python3.9/site-packages/distributed/core.py", line 1535, in connect
    raise CommClosedError(reason)
distributed.comm.core.CommClosedError: Address removed.
[dgx13:95358:0:95358] Caught signal 11 (Segmentation fault: address not mapped to object at address 0x450)
==== backtrace (tid:  95358) ====
 0  /opt/conda/envs/gdf/lib/libucs.so.0(ucs_handle_error+0x2fd) [0x7f7d25a94e6d]
 1  /opt/conda/envs/gdf/lib/libucs.so.0(+0x2e064) [0x7f7d25a95064]
 2  /opt/conda/envs/gdf/lib/libucs.so.0(+0x2e22a) [0x7f7d25a9522a]
 3  /usr/lib/x86_64-linux-gnu/libpthread.so.0(+0x14420) [0x7f7d7c004420]
 4  /opt/conda/envs/gdf/lib/libucp.so.0(ucp_mem_type_unpack+0x17) [0x7f7d25b1a427]
 5  /opt/conda/envs/gdf/lib/libucp.so.0(ucp_rndv_data_handler+0x66d) [0x7f7d25b453bd]
 6  /opt/conda/envs/gdf/lib/libuct.so.0(+0x21cef) [0x7f7d25a4acef]
 7  /opt/conda/envs/gdf/lib/libuct.so.0(+0x24f08) [0x7f7d25a4df08]
 8  /opt/conda/envs/gdf/lib/libucs.so.0(ucs_event_set_wait+0xb9) [0x7f7d25a9e6d9]
 9  /opt/conda/envs/gdf/lib/libuct.so.0(uct_tcp_iface_progress+0x7d) [0x7f7d25a4d00d]
10  /opt/conda/envs/gdf/lib/libucp.so.0(ucp_worker_progress+0x5a) [0x7f7d25b1717a]
11  /opt/conda/envs/gdf/lib/python3.9/site-packages/ucp/_libs/ucx_api.cpython-39-x86_64-linux-gnu.so(+0x3205a) [0x7f7d25bda05a]
12  /opt/conda/envs/gdf/bin/python(_PyEval_EvalFrameDefault+0x45a6) [0x563cec26c516]
13  /opt/conda/envs/gdf/bin/python(+0x12e184) [0x563cec267184]
14  /opt/conda/envs/gdf/bin/python(_PyFunction_Vectorcall+0xd9) [0x563cec278559]
15  /opt/conda/envs/gdf/bin/python(_PyEval_EvalFrameDefault+0x696) [0x563cec268606]
16  /opt/conda/envs/gdf/bin/python(+0x13f802) [0x563cec278802]
17  /opt/conda/envs/gdf/bin/python(+0x14cbb3) [0x563cec285bb3]
18  /opt/conda/envs/gdf/bin/python(+0x25842c) [0x563cec39142c]
19  /opt/conda/envs/gdf/bin/python(+0xf266c) [0x563cec22b66c]
20  /opt/conda/envs/gdf/bin/python(+0x136833) [0x563cec26f833]
21  /opt/conda/envs/gdf/bin/python(_PyEval_EvalFrameDefault+0x58b4) [0x563cec26d824]
22  /opt/conda/envs/gdf/bin/python(+0x13f802) [0x563cec278802]
23  /opt/conda/envs/gdf/bin/python(_PyEval_EvalFrameDefault+0x696) [0x563cec268606]
24  /opt/conda/envs/gdf/bin/python(+0x13f802) [0x563cec278802]
25  /opt/conda/envs/gdf/bin/python(_PyEval_EvalFrameDefault+0x696) [0x563cec268606]
26  /opt/conda/envs/gdf/bin/python(+0x13f802) [0x563cec278802]
27  /opt/conda/envs/gdf/bin/python(_PyEval_EvalFrameDefault+0x696) [0x563cec268606]
28  /opt/conda/envs/gdf/bin/python(+0x13f802) [0x563cec278802]
29  /opt/conda/envs/gdf/bin/python(_PyEval_EvalFrameDefault+0x696) [0x563cec268606]
30  /opt/conda/envs/gdf/bin/python(+0x12e184) [0x563cec267184]
31  /opt/conda/envs/gdf/bin/python(_PyFunction_Vectorcall+0xd9) [0x563cec278559]
32  /opt/conda/envs/gdf/bin/python(_PyEval_EvalFrameDefault+0x11f2) [0x563cec269162]
33  /opt/conda/envs/gdf/bin/python(+0x12e184) [0x563cec267184]
34  /opt/conda/envs/gdf/bin/python(+0x14c9fb) [0x563cec2859fb]
35  /opt/conda/envs/gdf/bin/python(PyObject_Call+0xbc) [0x563cec28617c]
36  /opt/conda/envs/gdf/bin/python(+0x2109ce) [0x563cec3499ce]
37  /opt/conda/envs/gdf/bin/python(_PyObject_MakeTpCall+0x2ec) [0x563cec2707ac]
38  /opt/conda/envs/gdf/bin/python(_PyEval_EvalFrameDefault+0x45a6) [0x563cec26c516]
39  /opt/conda/envs/gdf/bin/python(+0x13f802) [0x563cec278802]
40  /opt/conda/envs/gdf/bin/python(+0x14cadc) [0x563cec285adc]
41  /opt/conda/envs/gdf/bin/python(_PyEval_EvalFrameDefault+0x45a6) [0x563cec26c516]
42  /opt/conda/envs/gdf/bin/python(+0x13f802) [0x563cec278802]
43  /opt/conda/envs/gdf/bin/python(_PyEval_EvalFrameDefault+0x696) [0x563cec268606]
44  /opt/conda/envs/gdf/bin/python(+0x12e184) [0x563cec267184]
45  /opt/conda/envs/gdf/bin/python(_PyFunction_Vectorcall+0xd9) [0x563cec278559]
46  /opt/conda/envs/gdf/bin/python(_PyEval_EvalFrameDefault+0x696) [0x563cec268606]
47  /opt/conda/envs/gdf/bin/python(+0x13f802) [0x563cec278802]
48  /opt/conda/envs/gdf/bin/python(_PyEval_EvalFrameDefault+0x3e2) [0x563cec268352]
49  /opt/conda/envs/gdf/bin/python(+0x12e184) [0x563cec267184]
50  /opt/conda/envs/gdf/bin/python(_PyFunction_Vectorcall+0xd9) [0x563cec278559]
51  /opt/conda/envs/gdf/bin/python(_PyEval_EvalFrameDefault+0x11f2) [0x563cec269162]
52  /opt/conda/envs/gdf/bin/python(+0x12e184) [0x563cec267184]
53  /opt/conda/envs/gdf/bin/python(_PyEval_EvalCodeWithName+0x48) [0x563cec266e58]
54  /opt/conda/envs/gdf/bin/python(PyEval_EvalCodeEx+0x39) [0x563cec266e09]
55  /opt/conda/envs/gdf/bin/python(PyEval_EvalCode+0x1b) [0x563cec3144ab]
56  /opt/conda/envs/gdf/bin/python(+0x20887a) [0x563cec34187a]
57  /opt/conda/envs/gdf/bin/python(+0x204c03) [0x563cec33dc03]
58  /opt/conda/envs/gdf/bin/python(PyRun_StringFlags+0x9a) [0x563cec335a1a]
59  /opt/conda/envs/gdf/bin/python(PyRun_SimpleStringFlags+0x3c) [0x563cec33590c]
60  /opt/conda/envs/gdf/bin/python(Py_RunMain+0x267) [0x563cec334b47]
61  /opt/conda/envs/gdf/bin/python(Py_BytesMain+0x37) [0x563cec3082e7]
=================================
[dgx13:95353:0:95353] Caught signal 11 (Segmentation fault: address not mapped to object at address 0x450)
==== backtrace (tid:  95353) ====
 0  /opt/conda/envs/gdf/lib/libucs.so.0(ucs_handle_error+0x2fd) [0x7fc381fc9e6d]
 1  /opt/conda/envs/gdf/lib/libucs.so.0(+0x2e064) [0x7fc381fca064]
 2  /opt/conda/envs/gdf/lib/libucs.so.0(+0x2e22a) [0x7fc381fca22a]
 3  /usr/lib/x86_64-linux-gnu/libpthread.so.0(+0x14420) [0x7fc3c455d420]
 4  /opt/conda/envs/gdf/lib/libucp.so.0(ucp_mem_type_unpack+0x17) [0x7fc388094427]
 5  /opt/conda/envs/gdf/lib/libucp.so.0(ucp_rndv_data_handler+0x66d) [0x7fc3880bf3bd]
 6  /opt/conda/envs/gdf/lib/libuct.so.0(+0x21cef) [0x7fc388028cef]
 7  /opt/conda/envs/gdf/lib/libuct.so.0(+0x24f08) [0x7fc38802bf08]
 8  /opt/conda/envs/gdf/lib/libucs.so.0(ucs_event_set_wait+0xb9) [0x7fc381fd36d9]
 9  /opt/conda/envs/gdf/lib/libuct.so.0(uct_tcp_iface_progress+0x7d) [0x7fc38802b00d]
10  /opt/conda/envs/gdf/lib/libucp.so.0(ucp_worker_progress+0x5a) [0x7fc38809117a]
11  /opt/conda/envs/gdf/lib/python3.9/site-packages/ucp/_libs/ucx_api.cpython-39-x86_64-linux-gnu.so(+0x3205a) [0x7fc38815405a]
12  /opt/conda/envs/gdf/bin/python(_PyEval_EvalFrameDefault+0x45a6) [0x562f62d08516]
13  /opt/conda/envs/gdf/bin/python(+0x12e184) [0x562f62d03184]
14  /opt/conda/envs/gdf/bin/python(_PyFunction_Vectorcall+0xd9) [0x562f62d14559]
15  /opt/conda/envs/gdf/bin/python(_PyEval_EvalFrameDefault+0x696) [0x562f62d04606]
16  /opt/conda/envs/gdf/bin/python(+0x13f802) [0x562f62d14802]
17  /opt/conda/envs/gdf/bin/python(+0x14cbb3) [0x562f62d21bb3]
18  /opt/conda/envs/gdf/bin/python(+0x25842c) [0x562f62e2d42c]
19  /opt/conda/envs/gdf/bin/python(+0xf266c) [0x562f62cc766c]
20  /opt/conda/envs/gdf/bin/python(+0x136833) [0x562f62d0b833]
21  /opt/conda/envs/gdf/bin/python(_PyEval_EvalFrameDefault+0x58b4) [0x562f62d09824]
22  /opt/conda/envs/gdf/bin/python(+0x13f802) [0x562f62d14802]
23  /opt/conda/envs/gdf/bin/python(_PyEval_EvalFrameDefault+0x696) [0x562f62d04606]
24  /opt/conda/envs/gdf/bin/python(+0x13f802) [0x562f62d14802]
25  /opt/conda/envs/gdf/bin/python(_PyEval_EvalFrameDefault+0x696) [0x562f62d04606]
26  /opt/conda/envs/gdf/bin/python(+0x13f802) [0x562f62d14802]
27  /opt/conda/envs/gdf/bin/python(_PyEval_EvalFrameDefault+0x696) [0x562f62d04606]
28  /opt/conda/envs/gdf/bin/python(+0x13f802) [0x562f62d14802]
29  /opt/conda/envs/gdf/bin/python(_PyEval_EvalFrameDefault+0x696) [0x562f62d04606]
30  /opt/conda/envs/gdf/bin/python(+0x12e184) [0x562f62d03184]
31  /opt/conda/envs/gdf/bin/python(_PyFunction_Vectorcall+0xd9) [0x562f62d14559]
32  /opt/conda/envs/gdf/bin/python(_PyEval_EvalFrameDefault+0x11f2) [0x562f62d05162]
33  /opt/conda/envs/gdf/bin/python(+0x12e184) [0x562f62d03184]
34  /opt/conda/envs/gdf/bin/python(+0x14c9fb) [0x562f62d219fb]
35  /opt/conda/envs/gdf/bin/python(PyObject_Call+0xbc) [0x562f62d2217c]
36  /opt/conda/envs/gdf/bin/python(+0x2109ce) [0x562f62de59ce]
37  /opt/conda/envs/gdf/bin/python(_PyObject_MakeTpCall+0x2ec) [0x562f62d0c7ac]
38  /opt/conda/envs/gdf/bin/python(_PyEval_EvalFrameDefault+0x45a6) [0x562f62d08516]
39  /opt/conda/envs/gdf/bin/python(+0x13f802) [0x562f62d14802]
40  /opt/conda/envs/gdf/bin/python(+0x14cadc) [0x562f62d21adc]
41  /opt/conda/envs/gdf/bin/python(_PyEval_EvalFrameDefault+0x45a6) [0x562f62d08516]
42  /opt/conda/envs/gdf/bin/python(+0x13f802) [0x562f62d14802]
43  /opt/conda/envs/gdf/bin/python(_PyEval_EvalFrameDefault+0x696) [0x562f62d04606]
44  /opt/conda/envs/gdf/bin/python(+0x12e184) [0x562f62d03184]
45  /opt/conda/envs/gdf/bin/python(_PyFunction_Vectorcall+0xd9) [0x562f62d14559]
46  /opt/conda/envs/gdf/bin/python(_PyEval_EvalFrameDefault+0x696) [0x562f62d04606]
47  /opt/conda/envs/gdf/bin/python(+0x13f802) [0x562f62d14802]
48  /opt/conda/envs/gdf/bin/python(_PyEval_EvalFrameDefault+0x3e2) [0x562f62d04352]
49  /opt/conda/envs/gdf/bin/python(+0x12e184) [0x562f62d03184]
50  /opt/conda/envs/gdf/bin/python(_PyFunction_Vectorcall+0xd9) [0x562f62d14559]
51  /opt/conda/envs/gdf/bin/python(_PyEval_EvalFrameDefault+0x11f2) [0x562f62d05162]
52  /opt/conda/envs/gdf/bin/python(+0x12e184) [0x562f62d03184]
53  /opt/conda/envs/gdf/bin/python(_PyEval_EvalCodeWithName+0x48) [0x562f62d02e58]
54  /opt/conda/envs/gdf/bin/python(PyEval_EvalCodeEx+0x39) [0x562f62d02e09]
55  /opt/conda/envs/gdf/bin/python(PyEval_EvalCode+0x1b) [0x562f62db04ab]
56  /opt/conda/envs/gdf/bin/python(+0x20887a) [0x562f62ddd87a]
57  /opt/conda/envs/gdf/bin/python(+0x204c03) [0x562f62dd9c03]
58  /opt/conda/envs/gdf/bin/python(PyRun_StringFlags+0x9a) [0x562f62dd1a1a]
59  /opt/conda/envs/gdf/bin/python(PyRun_SimpleStringFlags+0x3c) [0x562f62dd190c]
60  /opt/conda/envs/gdf/bin/python(Py_RunMain+0x267) [0x562f62dd0b47]
61  /opt/conda/envs/gdf/bin/python(Py_BytesMain+0x37) [0x562f62da42e7]
=================================
2024-07-16 06:05:42,715 - distributed.nanny - WARNING - Restarting worker
2024-07-16 06:05:42,862 - distributed.worker - ERROR - failed during get data with ucx://127.0.0.1:36803 -> ucx://127.0.0.1:52103
Traceback (most recent call last):
  File "/opt/conda/envs/gdf/lib/python3.9/site-packages/distributed/comm/ucx.py", line 334, in write
    await self.ep.send(each_frame)
  File "/opt/conda/envs/gdf/lib/python3.9/site-packages/ucp/core.py", line 662, in send
    return await comm.tag_send(self._ep, buffer, nbytes, tag, name=log)
ucp._libs.exceptions.UCXError: <[Send #007] ep: 0x7f9914103140, tag: 0x5873e23cd4b0a3ee, nbytes: 50000000, type: <class 'cupy.ndarray'>>: Connection reset by remote peer

During handling of the above exception, another exception occurred:

Traceback (most recent call last):
  File "/opt/conda/envs/gdf/lib/python3.9/site-packages/distributed/worker.py", line 1782, in get_data
    compressed = await comm.write(msg, serializers=serializers)
  File "/opt/conda/envs/gdf/lib/python3.9/site-packages/distributed/utils.py", line 837, in wrapper
    return await func(*args, **kwargs)
  File "/opt/conda/envs/gdf/lib/python3.9/site-packages/distributed/comm/ucx.py", line 338, in write
    raise CommClosedError("While writing, the connection was closed")
distributed.comm.core.CommClosedError: While writing, the connection was closed
2024-07-16 06:05:42,863 - distributed.scheduler - WARNING - Removing worker 'ucx://127.0.0.1:52103' caused the cluster to lose already computed task(s), which will be recomputed elsewhere: {('random_sample-3d3fc5bdf80104b46428bc3c9b628bef', 8, 8), ('random_sample-3d3fc5bdf80104b46428bc3c9b628bef', 7, 2), ('sum-5a8a93f10c336f341b4a8e6cdceba74a', 7, 5), ('random_sample-3d3fc5bdf80104b46428bc3c9b628bef', 7, 5), ('random_sample-3d3fc5bdf80104b46428bc3c9b628bef', 5, 1), ('random_sample-3d3fc5bdf80104b46428bc3c9b628bef', 5, 7), ('random_sample-3d3fc5bdf80104b46428bc3c9b628bef', 7, 8), ('sum-5a8a93f10c336f341b4a8e6cdceba74a', 8, 8), ('sum-5a8a93f10c336f341b4a8e6cdceba74a', 5, 7)} (stimulus_id='handle-worker-cleanup-1721109942.8627858')
2024-07-16 06:05:42,886 - distributed.worker - ERROR - failed during get data with ucx://127.0.0.1:41051 -> ucx://127.0.0.1:43421
Traceback (most recent call last):
  File "/opt/conda/envs/gdf/lib/python3.9/site-packages/distributed/comm/ucx.py", line 334, in write
    await self.ep.send(each_frame)
  File "/opt/conda/envs/gdf/lib/python3.9/site-packages/ucp/core.py", line 662, in send
    return await comm.tag_send(self._ep, buffer, nbytes, tag, name=log)
ucp._libs.exceptions.UCXError: <[Send #007] ep: 0x7f2d14f78200, tag: 0xef2bdca006f5a71c, nbytes: 50000000, type: <class 'cupy.ndarray'>>: Connection reset by remote peer

During handling of the above exception, another exception occurred:

Traceback (most recent call last):
  File "/opt/conda/envs/gdf/lib/python3.9/site-packages/distributed/worker.py", line 1782, in get_data
    compressed = await comm.write(msg, serializers=serializers)
  File "/opt/conda/envs/gdf/lib/python3.9/site-packages/distributed/utils.py", line 837, in wrapper
    return await func(*args, **kwargs)
  File "/opt/conda/envs/gdf/lib/python3.9/site-packages/distributed/comm/ucx.py", line 338, in write
    raise CommClosedError("While writing, the connection was closed")
distributed.comm.core.CommClosedError: While writing, the connection was closed
2024-07-16 06:05:42,907 - distributed.scheduler - WARNING - Removing worker 'ucx://127.0.0.1:43421' caused the cluster to lose already computed task(s), which will be recomputed elsewhere: {('random_sample-3d3fc5bdf80104b46428bc3c9b628bef', 4, 6), ('random_sample-3d3fc5bdf80104b46428bc3c9b628bef', 8, 1), ('random_sample-3d3fc5bdf80104b46428bc3c9b628bef', 8, 7), ('random_sample-3d3fc5bdf80104b46428bc3c9b628bef', 7, 0), ('random_sample-3d3fc5bdf80104b46428bc3c9b628bef', 6, 8), ('sum-5a8a93f10c336f341b4a8e6cdceba74a', 7, 4), ('random_sample-3d3fc5bdf80104b46428bc3c9b628bef', 7, 4), ('random_sample-3d3fc5bdf80104b46428bc3c9b628bef', 8, 3), ('sum-5a8a93f10c336f341b4a8e6cdceba74a', 4, 7), ('random_sample-3d3fc5bdf80104b46428bc3c9b628bef', 8, 2), ('random_sample-3d3fc5bdf80104b46428bc3c9b628bef', 4, 7)} (stimulus_id='handle-worker-cleanup-1721109942.90717')
2024-07-16 06:05:42,912 - distributed.nanny - WARNING - Restarting worker
2024-07-16 06:05:42,947 - distributed.nanny - WARNING - Restarting worker
[dgx13:95453:0:95453] Caught signal 11 (Segmentation fault: address not mapped to object at address 0x450)
==== backtrace (tid:  95453) ====
 0  /opt/conda/envs/gdf/lib/libucs.so.0(ucs_handle_error+0x2fd) [0x7f56b021fe6d]
 1  /opt/conda/envs/gdf/lib/libucs.so.0(+0x2e064) [0x7f56b0220064]
 2  /opt/conda/envs/gdf/lib/libucs.so.0(+0x2e22a) [0x7f56b022022a]
 3  /usr/lib/x86_64-linux-gnu/libpthread.so.0(+0x14420) [0x7f56ec778420]
 4  /opt/conda/envs/gdf/lib/libucp.so.0(ucp_mem_type_unpack+0x17) [0x7f56b02a5427]
 5  /opt/conda/envs/gdf/lib/libucp.so.0(ucp_rndv_data_handler+0x66d) [0x7f56b02d03bd]
 6  /opt/conda/envs/gdf/lib/libuct.so.0(+0x21cef) [0x7f56b01d5cef]
 7  /opt/conda/envs/gdf/lib/libuct.so.0(+0x24f08) [0x7f56b01d8f08]
 8  /opt/conda/envs/gdf/lib/libucs.so.0(ucs_event_set_wait+0xb9) [0x7f56b02296d9]
 9  /opt/conda/envs/gdf/lib/libuct.so.0(uct_tcp_iface_progress+0x7d) [0x7f56b01d800d]
10  /opt/conda/envs/gdf/lib/libucp.so.0(ucp_worker_progress+0x5a) [0x7f56b02a217a]
11  /opt/conda/envs/gdf/lib/python3.9/site-packages/ucp/_libs/ucx_api.cpython-39-x86_64-linux-gnu.so(+0x3205a) [0x7f56b036505a]
12  /opt/conda/envs/gdf/bin/python(_PyEval_EvalFrameDefault+0x45a6) [0x55efeff21516]
13  /opt/conda/envs/gdf/bin/python(+0x12e184) [0x55efeff1c184]
14  /opt/conda/envs/gdf/bin/python(_PyFunction_Vectorcall+0xd9) [0x55efeff2d559]
15  /opt/conda/envs/gdf/bin/python(_PyEval_EvalFrameDefault+0x696) [0x55efeff1d606]
16  /opt/conda/envs/gdf/bin/python(+0x13f802) [0x55efeff2d802]
17  /opt/conda/envs/gdf/bin/python(+0x14cbb3) [0x55efeff3abb3]
18  /opt/conda/envs/gdf/bin/python(+0x25842c) [0x55eff004642c]
19  /opt/conda/envs/gdf/bin/python(+0xf266c) [0x55efefee066c]
20  /opt/conda/envs/gdf/bin/python(+0x136833) [0x55efeff24833]
21  /opt/conda/envs/gdf/bin/python(_PyEval_EvalFrameDefault+0x58b4) [0x55efeff22824]
22  /opt/conda/envs/gdf/bin/python(+0x13f802) [0x55efeff2d802]
23  /opt/conda/envs/gdf/bin/python(_PyEval_EvalFrameDefault+0x696) [0x55efeff1d606]
24  /opt/conda/envs/gdf/bin/python(+0x13f802) [0x55efeff2d802]
25  /opt/conda/envs/gdf/bin/python(_PyEval_EvalFrameDefault+0x696) [0x55efeff1d606]
26  /opt/conda/envs/gdf/bin/python(+0x13f802) [0x55efeff2d802]
27  /opt/conda/envs/gdf/bin/python(_PyEval_EvalFrameDefault+0x696) [0x55efeff1d606]
28  /opt/conda/envs/gdf/bin/python(+0x13f802) [0x55efeff2d802]
29  /opt/conda/envs/gdf/bin/python(_PyEval_EvalFrameDefault+0x696) [0x55efeff1d606]
30  /opt/conda/envs/gdf/bin/python(+0x12e184) [0x55efeff1c184]
31  /opt/conda/envs/gdf/bin/python(_PyFunction_Vectorcall+0xd9) [0x55efeff2d559]
32  /opt/conda/envs/gdf/bin/python(_PyEval_EvalFrameDefault+0x11f2) [0x55efeff1e162]
33  /opt/conda/envs/gdf/bin/python(+0x12e184) [0x55efeff1c184]
34  /opt/conda/envs/gdf/bin/python(+0x14c9fb) [0x55efeff3a9fb]
35  /opt/conda/envs/gdf/bin/python(PyObject_Call+0xbc) [0x55efeff3b17c]
36  /opt/conda/envs/gdf/bin/python(+0x2109ce) [0x55efefffe9ce]
37  /opt/conda/envs/gdf/bin/python(_PyObject_MakeTpCall+0x2ec) [0x55efeff257ac]
38  /opt/conda/envs/gdf/bin/python(_PyEval_EvalFrameDefault+0x45a6) [0x55efeff21516]
39  /opt/conda/envs/gdf/bin/python(+0x13f802) [0x55efeff2d802]
40  /opt/conda/envs/gdf/bin/python(+0x14cadc) [0x55efeff3aadc]
41  /opt/conda/envs/gdf/bin/python(_PyEval_EvalFrameDefault+0x45a6) [0x55efeff21516]
42  /opt/conda/envs/gdf/bin/python(+0x13f802) [0x55efeff2d802]
43  /opt/conda/envs/gdf/bin/python(_PyEval_EvalFrameDefault+0x696) [0x55efeff1d606]
44  /opt/conda/envs/gdf/bin/python(+0x12e184) [0x55efeff1c184]
45  /opt/conda/envs/gdf/bin/python(_PyFunction_Vectorcall+0xd9) [0x55efeff2d559]
46  /opt/conda/envs/gdf/bin/python(_PyEval_EvalFrameDefault+0x696) [0x55efeff1d606]
47  /opt/conda/envs/gdf/bin/python(+0x13f802) [0x55efeff2d802]
48  /opt/conda/envs/gdf/bin/python(_PyEval_EvalFrameDefault+0x3e2) [0x55efeff1d352]
49  /opt/conda/envs/gdf/bin/python(+0x12e184) [0x55efeff1c184]
50  /opt/conda/envs/gdf/bin/python(_PyFunction_Vectorcall+0xd9) [0x55efeff2d559]
51  /opt/conda/envs/gdf/bin/python(_PyEval_EvalFrameDefault+0x11f2) [0x55efeff1e162]
52  /opt/conda/envs/gdf/bin/python(+0x12e184) [0x55efeff1c184]
53  /opt/conda/envs/gdf/bin/python(_PyEval_EvalCodeWithName+0x48) [0x55efeff1be58]
54  /opt/conda/envs/gdf/bin/python(PyEval_EvalCodeEx+0x39) [0x55efeff1be09]
55  /opt/conda/envs/gdf/bin/python(PyEval_EvalCode+0x1b) [0x55efeffc94ab]
56  /opt/conda/envs/gdf/bin/python(+0x20887a) [0x55efefff687a]
57  /opt/conda/envs/gdf/bin/python(+0x204c03) [0x55efefff2c03]
58  /opt/conda/envs/gdf/bin/python(PyRun_StringFlags+0x9a) [0x55efeffeaa1a]
59  /opt/conda/envs/gdf/bin/python(PyRun_SimpleStringFlags+0x3c) [0x55efeffea90c]
60  /opt/conda/envs/gdf/bin/python(Py_RunMain+0x267) [0x55efeffe9b47]
61  /opt/conda/envs/gdf/bin/python(Py_BytesMain+0x37) [0x55efeffbd2e7]
=================================
[dgx13:95467:0:95467] Caught signal 11 (Segmentation fault: address not mapped to object at address 0x450)
==== backtrace (tid:  95467) ====
 0  /opt/conda/envs/gdf/lib/libucs.so.0(ucs_handle_error+0x2fd) [0x7fd9d03a8e6d]
 1  /opt/conda/envs/gdf/lib/libucs.so.0(+0x2e064) [0x7fd9d03a9064]
 2  /opt/conda/envs/gdf/lib/libucs.so.0(+0x2e22a) [0x7fd9d03a922a]
 3  /usr/lib/x86_64-linux-gnu/libpthread.so.0(+0x14420) [0x7fd9fe900420]
 4  /opt/conda/envs/gdf/lib/libucp.so.0(ucp_mem_type_unpack+0x17) [0x7fd9d042e427]
 5  /opt/conda/envs/gdf/lib/libucp.so.0(ucp_rndv_data_handler+0x66d) [0x7fd9d04593bd]
 6  /opt/conda/envs/gdf/lib/libuct.so.0(+0x21cef) [0x7fd9d035ecef]
 7  /opt/conda/envs/gdf/lib/libuct.so.0(+0x24f08) [0x7fd9d0361f08]
 8  /opt/conda/envs/gdf/lib/libucs.so.0(ucs_event_set_wait+0xb9) [0x7fd9d03b26d9]
 9  /opt/conda/envs/gdf/lib/libuct.so.0(uct_tcp_iface_progress+0x7d) [0x7fd9d036100d]
10  /opt/conda/envs/gdf/lib/libucp.so.0(ucp_worker_progress+0x5a) [0x7fd9d042b17a]
11  /opt/conda/envs/gdf/lib/python3.9/site-packages/ucp/_libs/ucx_api.cpython-39-x86_64-linux-gnu.so(+0x3205a) [0x7fd9d04ee05a]
12  /opt/conda/envs/gdf/bin/python(_PyEval_EvalFrameDefault+0x45a6) [0x55e30a309516]
13  /opt/conda/envs/gdf/bin/python(+0x12e184) [0x55e30a304184]
14  /opt/conda/envs/gdf/bin/python(_PyFunction_Vectorcall+0xd9) [0x55e30a315559]
15  /opt/conda/envs/gdf/bin/python(_PyEval_EvalFrameDefault+0x696) [0x55e30a305606]
16  /opt/conda/envs/gdf/bin/python(+0x13f802) [0x55e30a315802]
17  /opt/conda/envs/gdf/bin/python(+0x14cbb3) [0x55e30a322bb3]
18  /opt/conda/envs/gdf/bin/python(+0x25842c) [0x55e30a42e42c]
19  /opt/conda/envs/gdf/bin/python(+0xf266c) [0x55e30a2c866c]
20  /opt/conda/envs/gdf/bin/python(+0x136833) [0x55e30a30c833]
21  /opt/conda/envs/gdf/bin/python(_PyEval_EvalFrameDefault+0x58b4) [0x55e30a30a824]
22  /opt/conda/envs/gdf/bin/python(+0x13f802) [0x55e30a315802]
23  /opt/conda/envs/gdf/bin/python(_PyEval_EvalFrameDefault+0x696) [0x55e30a305606]
24  /opt/conda/envs/gdf/bin/python(+0x13f802) [0x55e30a315802]
25  /opt/conda/envs/gdf/bin/python(_PyEval_EvalFrameDefault+0x696) [0x55e30a305606]
26  /opt/conda/envs/gdf/bin/python(+0x13f802) [0x55e30a315802]
27  /opt/conda/envs/gdf/bin/python(_PyEval_EvalFrameDefault+0x696) [0x55e30a305606]
28  /opt/conda/envs/gdf/bin/python(+0x13f802) [0x55e30a315802]
29  /opt/conda/envs/gdf/bin/python(_PyEval_EvalFrameDefault+0x696) [0x55e30a305606]
30  /opt/conda/envs/gdf/bin/python(+0x12e184) [0x55e30a304184]
31  /opt/conda/envs/gdf/bin/python(_PyFunction_Vectorcall+0xd9) [0x55e30a315559]
32  /opt/conda/envs/gdf/bin/python(_PyEval_EvalFrameDefault+0x11f2) [0x55e30a306162]
33  /opt/conda/envs/gdf/bin/python(+0x12e184) [0x55e30a304184]
34  /opt/conda/envs/gdf/bin/python(+0x14c9fb) [0x55e30a3229fb]
35  /opt/conda/envs/gdf/bin/python(PyObject_Call+0xbc) [0x55e30a32317c]
36  /opt/conda/envs/gdf/bin/python(+0x2109ce) [0x55e30a3e69ce]
37  /opt/conda/envs/gdf/bin/python(_PyObject_MakeTpCall+0x2ec) [0x55e30a30d7ac]
38  /opt/conda/envs/gdf/bin/python(_PyEval_EvalFrameDefault+0x45a6) [0x55e30a309516]
39  /opt/conda/envs/gdf/bin/python(+0x13f802) [0x55e30a315802]
40  /opt/conda/envs/gdf/bin/python(+0x14cadc) [0x55e30a322adc]
41  /opt/conda/envs/gdf/bin/python(_PyEval_EvalFrameDefault+0x45a6) [0x55e30a309516]
42  /opt/conda/envs/gdf/bin/python(+0x13f802) [0x55e30a315802]
43  /opt/conda/envs/gdf/bin/python(_PyEval_EvalFrameDefault+0x696) [0x55e30a305606]
44  /opt/conda/envs/gdf/bin/python(+0x12e184) [0x55e30a304184]
45  /opt/conda/envs/gdf/bin/python(_PyFunction_Vectorcall+0xd9) [0x55e30a315559]
46  /opt/conda/envs/gdf/bin/python(_PyEval_EvalFrameDefault+0x696) [0x55e30a305606]
47  /opt/conda/envs/gdf/bin/python(+0x13f802) [0x55e30a315802]
48  /opt/conda/envs/gdf/bin/python(_PyEval_EvalFrameDefault+0x3e2) [0x55e30a305352]
49  /opt/conda/envs/gdf/bin/python(+0x12e184) [0x55e30a304184]
50  /opt/conda/envs/gdf/bin/python(_PyFunction_Vectorcall+0xd9) [0x55e30a315559]
51  /opt/conda/envs/gdf/bin/python(_PyEval_EvalFrameDefault+0x11f2) [0x55e30a306162]
52  /opt/conda/envs/gdf/bin/python(+0x12e184) [0x55e30a304184]
53  /opt/conda/envs/gdf/bin/python(_PyEval_EvalCodeWithName+0x48) [0x55e30a303e58]
54  /opt/conda/envs/gdf/bin/python(PyEval_EvalCodeEx+0x39) [0x55e30a303e09]
55  /opt/conda/envs/gdf/bin/python(PyEval_EvalCode+0x1b) [0x55e30a3b14ab]
56  /opt/conda/envs/gdf/bin/python(+0x20887a) [0x55e30a3de87a]
57  /opt/conda/envs/gdf/bin/python(+0x204c03) [0x55e30a3dac03]
58  /opt/conda/envs/gdf/bin/python(PyRun_StringFlags+0x9a) [0x55e30a3d2a1a]
59  /opt/conda/envs/gdf/bin/python(PyRun_SimpleStringFlags+0x3c) [0x55e30a3d290c]
60  /opt/conda/envs/gdf/bin/python(Py_RunMain+0x267) [0x55e30a3d1b47]
61  /opt/conda/envs/gdf/bin/python(Py_BytesMain+0x37) [0x55e30a3a52e7]
=================================
2024-07-16 06:05:45,822 - distributed.scheduler - WARNING - Removing worker 'ucx://127.0.0.1:50025' caused the cluster to lose already computed task(s), which will be recomputed elsewhere: {('random_sample-3d3fc5bdf80104b46428bc3c9b628bef', 1, 3), ('random_sample-3d3fc5bdf80104b46428bc3c9b628bef', 1, 6), ('random_sample-3d3fc5bdf80104b46428bc3c9b628bef', 3, 8), ('sum-partial-e4e00136e47eacab2a42ed4a1a07f4b3', 1, 3), ('sum-5a8a93f10c336f341b4a8e6cdceba74a', 1, 6), ('sum-5a8a93f10c336f341b4a8e6cdceba74a', 6, 1), ('sum-partial-e4e00136e47eacab2a42ed4a1a07f4b3', 1, 4), ('sum-partial-e4e00136e47eacab2a42ed4a1a07f4b3', 4, 1)} (stimulus_id='handle-worker-cleanup-1721109945.8218868')
2024-07-16 06:05:45,821 - distributed.worker - ERROR - failed during get data with ucx://127.0.0.1:52091 -> ucx://127.0.0.1:50025
Traceback (most recent call last):
  File "/opt/conda/envs/gdf/lib/python3.9/site-packages/distributed/comm/ucx.py", line 334, in write
    await self.ep.send(each_frame)
  File "/opt/conda/envs/gdf/lib/python3.9/site-packages/ucp/core.py", line 662, in send
    return await comm.tag_send(self._ep, buffer, nbytes, tag, name=log)
ucp._libs.exceptions.UCXError: <[Send #017] ep: 0x7f4ee015f240, tag: 0xc7838d54edd1728e, nbytes: 50000000, type: <class 'cupy.ndarray'>>: Connection reset by remote peer

During handling of the above exception, another exception occurred:

Traceback (most recent call last):
  File "/opt/conda/envs/gdf/lib/python3.9/site-packages/distributed/worker.py", line 1782, in get_data
    compressed = await comm.write(msg, serializers=serializers)
  File "/opt/conda/envs/gdf/lib/python3.9/site-packages/distributed/utils.py", line 837, in wrapper
    return await func(*args, **kwargs)
  File "/opt/conda/envs/gdf/lib/python3.9/site-packages/distributed/comm/ucx.py", line 338, in write
    raise CommClosedError("While writing, the connection was closed")
distributed.comm.core.CommClosedError: While writing, the connection was closed
2024-07-16 06:05:45,863 - distributed.worker - ERROR - failed during get data with ucx://127.0.0.1:41051 -> ucx://127.0.0.1:36085
Traceback (most recent call last):
  File "/opt/conda/envs/gdf/lib/python3.9/site-packages/distributed/comm/ucx.py", line 350, in read
    await self.ep.recv(msg)
  File "/opt/conda/envs/gdf/lib/python3.9/site-packages/ucp/core.py", line 737, in recv
    ret = await comm.tag_recv(self._ep, buffer, nbytes, tag, name=log)
ucp._libs.exceptions.UCXCanceled: <[Recv #006] ep: 0x7f2d14f78380, tag: 0x45f7d254a03c840a, nbytes: 16, type: <class 'numpy.ndarray'>>: 

During handling of the above exception, another exception occurred:

Traceback (most recent call last):
  File "/opt/conda/envs/gdf/lib/python3.9/site-packages/distributed/worker.py", line 1783, in get_data
    response = await comm.read(deserializers=serializers)
  File "/opt/conda/envs/gdf/lib/python3.9/site-packages/distributed/utils.py", line 837, in wrapper
    return await func(*args, **kwargs)
  File "/opt/conda/envs/gdf/lib/python3.9/site-packages/distributed/comm/ucx.py", line 368, in read
    raise CommClosedError(
distributed.comm.core.CommClosedError: Connection closed by writer.
Inner exception: UCXCanceled("<[Recv #006] ep: 0x7f2d14f78380, tag: 0x45f7d254a03c840a, nbytes: 16, type: <class 'numpy.ndarray'>>: ")
2024-07-16 06:05:45,864 - distributed.scheduler - WARNING - Removing worker 'ucx://127.0.0.1:36085' caused the cluster to lose already computed task(s), which will be recomputed elsewhere: {('random_sample-3d3fc5bdf80104b46428bc3c9b628bef', 3, 4), ('random_sample-3d3fc5bdf80104b46428bc3c9b628bef', 3, 5)} (stimulus_id='handle-worker-cleanup-1721109945.8640752')
2024-07-16 06:05:45,865 - distributed.worker - ERROR - failed during get data with ucx://127.0.0.1:60165 -> ucx://127.0.0.1:36085
Traceback (most recent call last):
  File "/opt/conda/envs/gdf/lib/python3.9/site-packages/distributed/comm/ucx.py", line 334, in write
    await self.ep.send(each_frame)
  File "/opt/conda/envs/gdf/lib/python3.9/site-packages/ucp/core.py", line 662, in send
    return await comm.tag_send(self._ep, buffer, nbytes, tag, name=log)
ucp._libs.exceptions.UCXError: <[Send #007] ep: 0x7f8721507300, tag: 0xe8b4b9b83c6be38e, nbytes: 50000000, type: <class 'cupy.ndarray'>>: Connection reset by remote peer

During handling of the above exception, another exception occurred:

Traceback (most recent call last):
  File "/opt/conda/envs/gdf/lib/python3.9/site-packages/distributed/worker.py", line 1782, in get_data
    compressed = await comm.write(msg, serializers=serializers)
  File "/opt/conda/envs/gdf/lib/python3.9/site-packages/distributed/utils.py", line 837, in wrapper
    return await func(*args, **kwargs)
  File "/opt/conda/envs/gdf/lib/python3.9/site-packages/distributed/comm/ucx.py", line 338, in write
    raise CommClosedError("While writing, the connection was closed")
distributed.comm.core.CommClosedError: While writing, the connection was closed
2024-07-16 06:05:45,867 - distributed.worker - ERROR - Worker stream died during communication: ucx://127.0.0.1:36085
Traceback (most recent call last):
  File "/opt/conda/envs/gdf/lib/python3.9/site-packages/distributed/comm/ucx.py", line 392, in read
    await self.ep.recv(each_frame)
  File "/opt/conda/envs/gdf/lib/python3.9/site-packages/ucp/core.py", line 737, in recv
    ret = await comm.tag_recv(self._ep, buffer, nbytes, tag, name=log)
ucp._libs.exceptions.UCXError: <[Recv #007] ep: 0x7f8721507200, tag: 0xb9c8cfc461efb7e8, nbytes: 50000000, type: <class 'rmm._lib.device_buffer.DeviceBuffer'>>: Connection reset by remote peer

During handling of the above exception, another exception occurred:

Traceback (most recent call last):
  File "/opt/conda/envs/gdf/lib/python3.9/site-packages/distributed/worker.py", line 2059, in gather_dep
    response = await get_data_from_worker(
  File "/opt/conda/envs/gdf/lib/python3.9/site-packages/distributed/worker.py", line 2869, in get_data_from_worker
    response = await send_recv(
  File "/opt/conda/envs/gdf/lib/python3.9/site-packages/distributed/core.py", line 1013, in send_recv
    response = await comm.read(deserializers=deserializers)
  File "/opt/conda/envs/gdf/lib/python3.9/site-packages/distributed/utils.py", line 837, in wrapper
    return await func(*args, **kwargs)
  File "/opt/conda/envs/gdf/lib/python3.9/site-packages/distributed/comm/ucx.py", line 398, in read
    raise CommClosedError(
distributed.comm.core.CommClosedError: Connection closed by writer.
Inner exception: UCXError("<[Recv #007] ep: 0x7f8721507200, tag: 0xb9c8cfc461efb7e8, nbytes: 50000000, type: <class 'rmm._lib.device_buffer.DeviceBuffer'>>: Connection reset by remote peer")
2024-07-16 06:05:45,930 - distributed.nanny - WARNING - Restarting worker
2024-07-16 06:05:45,986 - distributed.nanny - WARNING - Restarting worker
[dgx13:95476:0:95476] Caught signal 11 (Segmentation fault: address not mapped to object at address 0x450)
==== backtrace (tid:  95476) ====
 0  /opt/conda/envs/gdf/lib/libucs.so.0(ucs_handle_error+0x2fd) [0x7f5874093e6d]
 1  /opt/conda/envs/gdf/lib/libucs.so.0(+0x2e064) [0x7f5874094064]
 2  /opt/conda/envs/gdf/lib/libucs.so.0(+0x2e22a) [0x7f587409422a]
 3  /usr/lib/x86_64-linux-gnu/libpthread.so.0(+0x14420) [0x7f58a25e8420]
 4  /opt/conda/envs/gdf/lib/libucp.so.0(ucp_mem_type_unpack+0x17) [0x7f5874119427]
 5  /opt/conda/envs/gdf/lib/libucp.so.0(ucp_rndv_data_handler+0x66d) [0x7f58741443bd]
 6  /opt/conda/envs/gdf/lib/libuct.so.0(+0x21cef) [0x7f5874049cef]
 7  /opt/conda/envs/gdf/lib/libuct.so.0(+0x24f08) [0x7f587404cf08]
 8  /opt/conda/envs/gdf/lib/libucs.so.0(ucs_event_set_wait+0xb9) [0x7f587409d6d9]
 9  /opt/conda/envs/gdf/lib/libuct.so.0(uct_tcp_iface_progress+0x7d) [0x7f587404c00d]
10  /opt/conda/envs/gdf/lib/libucp.so.0(ucp_worker_progress+0x5a) [0x7f587411617a]
11  /opt/conda/envs/gdf/lib/python3.9/site-packages/ucp/_libs/ucx_api.cpython-39-x86_64-linux-gnu.so(+0x3205a) [0x7f58741d905a]
12  /opt/conda/envs/gdf/bin/python(_PyEval_EvalFrameDefault+0x45a6) [0x558681b36516]
13  /opt/conda/envs/gdf/bin/python(+0x12e184) [0x558681b31184]
14  /opt/conda/envs/gdf/bin/python(_PyFunction_Vectorcall+0xd9) [0x558681b42559]
15  /opt/conda/envs/gdf/bin/python(_PyEval_EvalFrameDefault+0x696) [0x558681b32606]
16  /opt/conda/envs/gdf/bin/python(+0x13f802) [0x558681b42802]
17  /opt/conda/envs/gdf/bin/python(+0x14cbb3) [0x558681b4fbb3]
18  /opt/conda/envs/gdf/bin/python(+0x25842c) [0x558681c5b42c]
19  /opt/conda/envs/gdf/bin/python(+0xf266c) [0x558681af566c]
20  /opt/conda/envs/gdf/bin/python(+0x136833) [0x558681b39833]
21  /opt/conda/envs/gdf/bin/python(_PyEval_EvalFrameDefault+0x58b4) [0x558681b37824]
22  /opt/conda/envs/gdf/bin/python(+0x13f802) [0x558681b42802]
23  /opt/conda/envs/gdf/bin/python(_PyEval_EvalFrameDefault+0x696) [0x558681b32606]
24  /opt/conda/envs/gdf/bin/python(+0x13f802) [0x558681b42802]
25  /opt/conda/envs/gdf/bin/python(_PyEval_EvalFrameDefault+0x696) [0x558681b32606]
26  /opt/conda/envs/gdf/bin/python(+0x13f802) [0x558681b42802]
27  /opt/conda/envs/gdf/bin/python(_PyEval_EvalFrameDefault+0x696) [0x558681b32606]
28  /opt/conda/envs/gdf/bin/python(+0x13f802) [0x558681b42802]
29  /opt/conda/envs/gdf/bin/python(_PyEval_EvalFrameDefault+0x696) [0x558681b32606]
30  /opt/conda/envs/gdf/bin/python(+0x12e184) [0x558681b31184]
31  /opt/conda/envs/gdf/bin/python(_PyFunction_Vectorcall+0xd9) [0x558681b42559]
32  /opt/conda/envs/gdf/bin/python(_PyEval_EvalFrameDefault+0x11f2) [0x558681b33162]
33  /opt/conda/envs/gdf/bin/python(+0x12e184) [0x558681b31184]
34  /opt/conda/envs/gdf/bin/python(+0x14c9fb) [0x558681b4f9fb]
35  /opt/conda/envs/gdf/bin/python(PyObject_Call+0xbc) [0x558681b5017c]
36  /opt/conda/envs/gdf/bin/python(+0x2109ce) [0x558681c139ce]
37  /opt/conda/envs/gdf/bin/python(_PyObject_MakeTpCall+0x2ec) [0x558681b3a7ac]
38  /opt/conda/envs/gdf/bin/python(_PyEval_EvalFrameDefault+0x45a6) [0x558681b36516]
39  /opt/conda/envs/gdf/bin/python(+0x13f802) [0x558681b42802]
40  /opt/conda/envs/gdf/bin/python(+0x14cadc) [0x558681b4fadc]
41  /opt/conda/envs/gdf/bin/python(_PyEval_EvalFrameDefault+0x45a6) [0x558681b36516]
42  /opt/conda/envs/gdf/bin/python(+0x13f802) [0x558681b42802]
43  /opt/conda/envs/gdf/bin/python(_PyEval_EvalFrameDefault+0x696) [0x558681b32606]
44  /opt/conda/envs/gdf/bin/python(+0x12e184) [0x558681b31184]
45  /opt/conda/envs/gdf/bin/python(_PyFunction_Vectorcall+0xd9) [0x558681b42559]
46  /opt/conda/envs/gdf/bin/python(_PyEval_EvalFrameDefault+0x696) [0x558681b32606]
47  /opt/conda/envs/gdf/bin/python(+0x13f802) [0x558681b42802]
48  /opt/conda/envs/gdf/bin/python(_PyEval_EvalFrameDefault+0x3e2) [0x558681b32352]
49  /opt/conda/envs/gdf/bin/python(+0x12e184) [0x558681b31184]
50  /opt/conda/envs/gdf/bin/python(_PyFunction_Vectorcall+0xd9) [0x558681b42559]
51  /opt/conda/envs/gdf/bin/python(_PyEval_EvalFrameDefault+0x11f2) [0x558681b33162]
52  /opt/conda/envs/gdf/bin/python(+0x12e184) [0x558681b31184]
53  /opt/conda/envs/gdf/bin/python(_PyEval_EvalCodeWithName+0x48) [0x558681b30e58]
54  /opt/conda/envs/gdf/bin/python(PyEval_EvalCodeEx+0x39) [0x558681b30e09]
55  /opt/conda/envs/gdf/bin/python(PyEval_EvalCode+0x1b) [0x558681bde4ab]
56  /opt/conda/envs/gdf/bin/python(+0x20887a) [0x558681c0b87a]
57  /opt/conda/envs/gdf/bin/python(+0x204c03) [0x558681c07c03]
58  /opt/conda/envs/gdf/bin/python(PyRun_StringFlags+0x9a) [0x558681bffa1a]
59  /opt/conda/envs/gdf/bin/python(PyRun_SimpleStringFlags+0x3c) [0x558681bff90c]
60  /opt/conda/envs/gdf/bin/python(Py_RunMain+0x267) [0x558681bfeb47]
61  /opt/conda/envs/gdf/bin/python(Py_BytesMain+0x37) [0x558681bd22e7]
=================================
[dgx13:95032:0:95032] Caught signal 11 (Segmentation fault: address not mapped to object at address 0x450)
==== backtrace (tid:  95032) ====
 0  /opt/conda/envs/gdf/lib/libucs.so.0(ucs_handle_error+0x2fd) [0x7f99144aae6d]
 1  /opt/conda/envs/gdf/lib/libucs.so.0(+0x2e064) [0x7f99144ab064]
 2  /opt/conda/envs/gdf/lib/libucs.so.0(+0x2e22a) [0x7f99144ab22a]
 3  /usr/lib/x86_64-linux-gnu/libpthread.so.0(+0x14420) [0x7f9942a21420]
 4  /opt/conda/envs/gdf/lib/libucp.so.0(ucp_mem_type_unpack+0x17) [0x7f9914530427]
 5  /opt/conda/envs/gdf/lib/libucp.so.0(ucp_rndv_data_handler+0x66d) [0x7f991455b3bd]
 6  /opt/conda/envs/gdf/lib/libuct.so.0(+0x21cef) [0x7f9914460cef]
 7  /opt/conda/envs/gdf/lib/libuct.so.0(+0x24f08) [0x7f9914463f08]
 8  /opt/conda/envs/gdf/lib/libucs.so.0(ucs_event_set_wait+0xb9) [0x7f99144b46d9]
 9  /opt/conda/envs/gdf/lib/libuct.so.0(uct_tcp_iface_progress+0x7d) [0x7f991446300d]
10  /opt/conda/envs/gdf/lib/libucp.so.0(ucp_worker_progress+0x5a) [0x7f991452d17a]
11  /opt/conda/envs/gdf/lib/python3.9/site-packages/ucp/_libs/ucx_api.cpython-39-x86_64-linux-gnu.so(+0x3205a) [0x7f99145f005a]
12  /opt/conda/envs/gdf/bin/python(_PyEval_EvalFrameDefault+0x45a6) [0x55df75946516]
13  /opt/conda/envs/gdf/bin/python(+0x12e184) [0x55df75941184]
14  /opt/conda/envs/gdf/bin/python(_PyFunction_Vectorcall+0xd9) [0x55df75952559]
15  /opt/conda/envs/gdf/bin/python(_PyEval_EvalFrameDefault+0x696) [0x55df75942606]
16  /opt/conda/envs/gdf/bin/python(+0x1e28a2) [0x55df759f58a2]
17  /opt/conda/envs/gdf/lib/python3.9/lib-dynload/_asyncio.cpython-39-x86_64-linux-gnu.so(+0x81e9) [0x7f992a4781e9]
18  /opt/conda/envs/gdf/bin/python(_PyObject_MakeTpCall+0x2ec) [0x55df7594a7ac]
19  /opt/conda/envs/gdf/bin/python(+0xf266c) [0x55df7590566c]
20  /opt/conda/envs/gdf/bin/python(+0x136833) [0x55df75949833]
21  /opt/conda/envs/gdf/bin/python(_PyEval_EvalFrameDefault+0x58b4) [0x55df75947824]
22  /opt/conda/envs/gdf/bin/python(+0x13f802) [0x55df75952802]
23  /opt/conda/envs/gdf/bin/python(_PyEval_EvalFrameDefault+0x696) [0x55df75942606]
24  /opt/conda/envs/gdf/bin/python(+0x13f802) [0x55df75952802]
25  /opt/conda/envs/gdf/bin/python(_PyEval_EvalFrameDefault+0x696) [0x55df75942606]
26  /opt/conda/envs/gdf/bin/python(+0x13f802) [0x55df75952802]
27  /opt/conda/envs/gdf/bin/python(_PyEval_EvalFrameDefault+0x696) [0x55df75942606]
28  /opt/conda/envs/gdf/bin/python(+0x13f802) [0x55df75952802]
29  /opt/conda/envs/gdf/bin/python(_PyEval_EvalFrameDefault+0x696) [0x55df75942606]
30  /opt/conda/envs/gdf/bin/python(+0x12e184) [0x55df75941184]
31  /opt/conda/envs/gdf/bin/python(_PyFunction_Vectorcall+0xd9) [0x55df75952559]
32  /opt/conda/envs/gdf/bin/python(_PyEval_EvalFrameDefault+0x11f2) [0x55df75943162]
33  /opt/conda/envs/gdf/bin/python(+0x12e184) [0x55df75941184]
34  /opt/conda/envs/gdf/bin/python(+0x14c9fb) [0x55df7595f9fb]
35  /opt/conda/envs/gdf/bin/python(PyObject_Call+0xbc) [0x55df7596017c]
36  /opt/conda/envs/gdf/bin/python(+0x2109ce) [0x55df75a239ce]
37  /opt/conda/envs/gdf/bin/python(_PyObject_MakeTpCall+0x2ec) [0x55df7594a7ac]
38  /opt/conda/envs/gdf/bin/python(_PyEval_EvalFrameDefault+0x45a6) [0x55df75946516]
39  /opt/conda/envs/gdf/bin/python(+0x13f802) [0x55df75952802]
40  /opt/conda/envs/gdf/bin/python(+0x14cadc) [0x55df7595fadc]
41  /opt/conda/envs/gdf/bin/python(_PyEval_EvalFrameDefault+0x45a6) [0x55df75946516]
42  /opt/conda/envs/gdf/bin/python(+0x13f802) [0x55df75952802]
43  /opt/conda/envs/gdf/bin/python(_PyEval_EvalFrameDefault+0x696) [0x55df75942606]
44  /opt/conda/envs/gdf/bin/python(+0x12e184) [0x55df75941184]
45  /opt/conda/envs/gdf/bin/python(_PyFunction_Vectorcall+0xd9) [0x55df75952559]
46  /opt/conda/envs/gdf/bin/python(_PyEval_EvalFrameDefault+0x696) [0x55df75942606]
47  /opt/conda/envs/gdf/bin/python(+0x13f802) [0x55df75952802]
48  /opt/conda/envs/gdf/bin/python(_PyEval_EvalFrameDefault+0x3e2) [0x55df75942352]
49  /opt/conda/envs/gdf/bin/python(+0x12e184) [0x55df75941184]
50  /opt/conda/envs/gdf/bin/python(_PyFunction_Vectorcall+0xd9) [0x55df75952559]
51  /opt/conda/envs/gdf/bin/python(_PyEval_EvalFrameDefault+0x11f2) [0x55df75943162]
52  /opt/conda/envs/gdf/bin/python(+0x12e184) [0x55df75941184]
53  /opt/conda/envs/gdf/bin/python(_PyEval_EvalCodeWithName+0x48) [0x55df75940e58]
54  /opt/conda/envs/gdf/bin/python(PyEval_EvalCodeEx+0x39) [0x55df75940e09]
55  /opt/conda/envs/gdf/bin/python(PyEval_EvalCode+0x1b) [0x55df759ee4ab]
56  /opt/conda/envs/gdf/bin/python(+0x20887a) [0x55df75a1b87a]
57  /opt/conda/envs/gdf/bin/python(+0x204c03) [0x55df75a17c03]
58  /opt/conda/envs/gdf/bin/python(PyRun_StringFlags+0x9a) [0x55df75a0fa1a]
59  /opt/conda/envs/gdf/bin/python(PyRun_SimpleStringFlags+0x3c) [0x55df75a0f90c]
60  /opt/conda/envs/gdf/bin/python(Py_RunMain+0x267) [0x55df75a0eb47]
61  /opt/conda/envs/gdf/bin/python(Py_BytesMain+0x37) [0x55df759e22e7]
=================================
2024-07-16 06:05:46,230 - distributed.worker - ERROR - failed during get data with ucx://127.0.0.1:60165 -> ucx://127.0.0.1:54617
Traceback (most recent call last):
  File "/opt/conda/envs/gdf/lib/python3.9/site-packages/distributed/comm/ucx.py", line 334, in write
    await self.ep.send(each_frame)
  File "/opt/conda/envs/gdf/lib/python3.9/site-packages/ucp/core.py", line 662, in send
    return await comm.tag_send(self._ep, buffer, nbytes, tag, name=log)
ucp._libs.exceptions.UCXError: <[Send #007] ep: 0x7f8721507300, tag: 0xf83a9c6c891b0e8d, nbytes: 50000000, type: <class 'cupy.ndarray'>>: Connection reset by remote peer

During handling of the above exception, another exception occurred:

Traceback (most recent call last):
  File "/opt/conda/envs/gdf/lib/python3.9/site-packages/distributed/worker.py", line 1782, in get_data
    compressed = await comm.write(msg, serializers=serializers)
  File "/opt/conda/envs/gdf/lib/python3.9/site-packages/distributed/utils.py", line 837, in wrapper
    return await func(*args, **kwargs)
  File "/opt/conda/envs/gdf/lib/python3.9/site-packages/distributed/comm/ucx.py", line 338, in write
    raise CommClosedError("While writing, the connection was closed")
distributed.comm.core.CommClosedError: While writing, the connection was closed
2024-07-16 06:05:46,231 - distributed.scheduler - WARNING - Removing worker 'ucx://127.0.0.1:54617' caused the cluster to lose already computed task(s), which will be recomputed elsewhere: {('random_sample-3d3fc5bdf80104b46428bc3c9b628bef', 0, 7), ('random_sample-3d3fc5bdf80104b46428bc3c9b628bef', 0, 8)} (stimulus_id='handle-worker-cleanup-1721109946.2310443')
2024-07-16 06:05:46,231 - distributed.worker - ERROR - Worker stream died during communication: ucx://127.0.0.1:54617
Traceback (most recent call last):
  File "/opt/conda/envs/gdf/lib/python3.9/site-packages/distributed/comm/ucx.py", line 392, in read
    await self.ep.recv(each_frame)
  File "/opt/conda/envs/gdf/lib/python3.9/site-packages/ucp/core.py", line 737, in recv
    ret = await comm.tag_recv(self._ep, buffer, nbytes, tag, name=log)
ucp._libs.exceptions.UCXError: <[Recv #007] ep: 0x7f8721507200, tag: 0x8ed136ad66d28521, nbytes: 50000000, type: <class 'rmm._lib.device_buffer.DeviceBuffer'>>: Connection reset by remote peer

During handling of the above exception, another exception occurred:

Traceback (most recent call last):
  File "/opt/conda/envs/gdf/lib/python3.9/site-packages/distributed/worker.py", line 2059, in gather_dep
    response = await get_data_from_worker(
  File "/opt/conda/envs/gdf/lib/python3.9/site-packages/distributed/worker.py", line 2869, in get_data_from_worker
    response = await send_recv(
  File "/opt/conda/envs/gdf/lib/python3.9/site-packages/distributed/core.py", line 1013, in send_recv
    response = await comm.read(deserializers=deserializers)
  File "/opt/conda/envs/gdf/lib/python3.9/site-packages/distributed/utils.py", line 837, in wrapper
    return await func(*args, **kwargs)
  File "/opt/conda/envs/gdf/lib/python3.9/site-packages/distributed/comm/ucx.py", line 398, in read
    raise CommClosedError(
distributed.comm.core.CommClosedError: Connection closed by writer.
Inner exception: UCXError("<[Recv #007] ep: 0x7f8721507200, tag: 0x8ed136ad66d28521, nbytes: 50000000, type: <class 'rmm._lib.device_buffer.DeviceBuffer'>>: Connection reset by remote peer")
2024-07-16 06:05:46,312 - distributed.worker - ERROR - Worker stream died during communication: ucx://127.0.0.1:36803
Traceback (most recent call last):
  File "/opt/conda/envs/gdf/lib/python3.9/site-packages/distributed/comm/ucx.py", line 392, in read
    await self.ep.recv(each_frame)
  File "/opt/conda/envs/gdf/lib/python3.9/site-packages/ucp/core.py", line 737, in recv
    ret = await comm.tag_recv(self._ep, buffer, nbytes, tag, name=log)
ucp._libs.exceptions.UCXError: <[Recv #007] ep: 0x7f4ee015f1c0, tag: 0x9a3c93e76788c243, nbytes: 50000000, type: <class 'rmm._lib.device_buffer.DeviceBuffer'>>: Connection reset by remote peer

During handling of the above exception, another exception occurred:

Traceback (most recent call last):
  File "/opt/conda/envs/gdf/lib/python3.9/site-packages/distributed/worker.py", line 2059, in gather_dep
    response = await get_data_from_worker(
  File "/opt/conda/envs/gdf/lib/python3.9/site-packages/distributed/worker.py", line 2869, in get_data_from_worker
    response = await send_recv(
  File "/opt/conda/envs/gdf/lib/python3.9/site-packages/distributed/core.py", line 1013, in send_recv
    response = await comm.read(deserializers=deserializers)
  File "/opt/conda/envs/gdf/lib/python3.9/site-packages/distributed/utils.py", line 837, in wrapper
    return await func(*args, **kwargs)
  File "/opt/conda/envs/gdf/lib/python3.9/site-packages/distributed/comm/ucx.py", line 398, in read
    raise CommClosedError(
distributed.comm.core.CommClosedError: Connection closed by writer.
Inner exception: UCXError("<[Recv #007] ep: 0x7f4ee015f1c0, tag: 0x9a3c93e76788c243, nbytes: 50000000, type: <class 'rmm._lib.device_buffer.DeviceBuffer'>>: Connection reset by remote peer")
2024-07-16 06:05:46,313 - distributed.scheduler - WARNING - Removing worker 'ucx://127.0.0.1:36803' caused the cluster to lose already computed task(s), which will be recomputed elsewhere: {('random_sample-3d3fc5bdf80104b46428bc3c9b628bef', 6, 6), ('random_sample-3d3fc5bdf80104b46428bc3c9b628bef', 5, 2), ('random_sample-3d3fc5bdf80104b46428bc3c9b628bef', 9, 0), ('random_sample-3d3fc5bdf80104b46428bc3c9b628bef', 9, 6), ('sum-5a8a93f10c336f341b4a8e6cdceba74a', 9, 3), ('random_sample-3d3fc5bdf80104b46428bc3c9b628bef', 3, 8), ('sum-5a8a93f10c336f341b4a8e6cdceba74a', 5, 2), ('sum-5a8a93f10c336f341b4a8e6cdceba74a', 0, 2), ('sum-5a8a93f10c336f341b4a8e6cdceba74a', 8, 3), ('random_sample-3d3fc5bdf80104b46428bc3c9b628bef', 0, 2), ('sum-5a8a93f10c336f341b4a8e6cdceba74a', 3, 8), ('sum-5a8a93f10c336f341b4a8e6cdceba74a', 2, 0), ('random_sample-3d3fc5bdf80104b46428bc3c9b628bef', 2, 0)} (stimulus_id='handle-worker-cleanup-1721109946.312963')
2024-07-16 06:05:46,313 - distributed.worker - ERROR - failed during get data with ucx://127.0.0.1:52091 -> ucx://127.0.0.1:36803
Traceback (most recent call last):
  File "/opt/conda/envs/gdf/lib/python3.9/site-packages/distributed/comm/ucx.py", line 350, in read
    await self.ep.recv(msg)
  File "/opt/conda/envs/gdf/lib/python3.9/site-packages/ucp/core.py", line 737, in recv
    ret = await comm.tag_recv(self._ep, buffer, nbytes, tag, name=log)
ucp._libs.exceptions.UCXCanceled: <[Recv #006] ep: 0x7f4ee015f280, tag: 0xb410ea6904793fbb, nbytes: 16, type: <class 'numpy.ndarray'>>: 

During handling of the above exception, another exception occurred:

Traceback (most recent call last):
  File "/opt/conda/envs/gdf/lib/python3.9/site-packages/distributed/worker.py", line 1783, in get_data
    response = await comm.read(deserializers=serializers)
  File "/opt/conda/envs/gdf/lib/python3.9/site-packages/distributed/utils.py", line 837, in wrapper
    return await func(*args, **kwargs)
  File "/opt/conda/envs/gdf/lib/python3.9/site-packages/distributed/comm/ucx.py", line 368, in read
    raise CommClosedError(
distributed.comm.core.CommClosedError: Connection closed by writer.
Inner exception: UCXCanceled("<[Recv #006] ep: 0x7f4ee015f280, tag: 0xb410ea6904793fbb, nbytes: 16, type: <class 'numpy.ndarray'>>: ")
2024-07-16 06:05:46,312 - distributed.worker - ERROR - failed during get data with ucx://127.0.0.1:57343 -> ucx://127.0.0.1:36803
Traceback (most recent call last):
  File "/opt/conda/envs/gdf/lib/python3.9/site-packages/distributed/comm/ucx.py", line 334, in write
    await self.ep.send(each_frame)
  File "/opt/conda/envs/gdf/lib/python3.9/site-packages/ucp/core.py", line 662, in send
    return await comm.tag_send(self._ep, buffer, nbytes, tag, name=log)
ucp._libs.exceptions.UCXError: <[Send #007] ep: 0x7fd9fd768140, tag: 0x73185a1c878e6de7, nbytes: 50000000, type: <class 'cupy.ndarray'>>: Connection reset by remote peer

During handling of the above exception, another exception occurred:

Traceback (most recent call last):
  File "/opt/conda/envs/gdf/lib/python3.9/site-packages/distributed/worker.py", line 1782, in get_data
    compressed = await comm.write(msg, serializers=serializers)
  File "/opt/conda/envs/gdf/lib/python3.9/site-packages/distributed/utils.py", line 837, in wrapper
    return await func(*args, **kwargs)
  File "/opt/conda/envs/gdf/lib/python3.9/site-packages/distributed/comm/ucx.py", line 338, in write
    raise CommClosedError("While writing, the connection was closed")
distributed.comm.core.CommClosedError: While writing, the connection was closed
2024-07-16 06:05:46,315 - distributed.worker - ERROR - Worker stream died during communication: ucx://127.0.0.1:36803
Traceback (most recent call last):
  File "/opt/conda/envs/gdf/lib/python3.9/site-packages/distributed/comm/ucx.py", line 392, in read
    await self.ep.recv(each_frame)
  File "/opt/conda/envs/gdf/lib/python3.9/site-packages/ucp/core.py", line 737, in recv
    ret = await comm.tag_recv(self._ep, buffer, nbytes, tag, name=log)
ucp._libs.exceptions.UCXError: <[Recv #007] ep: 0x7fd9fd7680c0, tag: 0xa7ba03b1062d3381, nbytes: 50000000, type: <class 'rmm._lib.device_buffer.DeviceBuffer'>>: Connection reset by remote peer

During handling of the above exception, another exception occurred:

Traceback (most recent call last):
  File "/opt/conda/envs/gdf/lib/python3.9/site-packages/distributed/worker.py", line 2059, in gather_dep
    response = await get_data_from_worker(
  File "/opt/conda/envs/gdf/lib/python3.9/site-packages/distributed/worker.py", line 2869, in get_data_from_worker
    response = await send_recv(
  File "/opt/conda/envs/gdf/lib/python3.9/site-packages/distributed/core.py", line 1013, in send_recv
    response = await comm.read(deserializers=deserializers)
  File "/opt/conda/envs/gdf/lib/python3.9/site-packages/distributed/utils.py", line 837, in wrapper
    return await func(*args, **kwargs)
  File "/opt/conda/envs/gdf/lib/python3.9/site-packages/distributed/comm/ucx.py", line 398, in read
    raise CommClosedError(
distributed.comm.core.CommClosedError: Connection closed by writer.
Inner exception: UCXError("<[Recv #007] ep: 0x7fd9fd7680c0, tag: 0xa7ba03b1062d3381, nbytes: 50000000, type: <class 'rmm._lib.device_buffer.DeviceBuffer'>>: Connection reset by remote peer")
2024-07-16 06:05:46,337 - distributed.nanny - WARNING - Restarting worker
[dgx13:95472:0:95472] Caught signal 11 (Segmentation fault: address not mapped to object at address 0x450)
==== backtrace (tid:  95472) ====
 0  /opt/conda/envs/gdf/lib/libucs.so.0(ucs_handle_error+0x2fd) [0x7fda10334e6d]
 1  /opt/conda/envs/gdf/lib/libucs.so.0(+0x2e064) [0x7fda10335064]
 2  /opt/conda/envs/gdf/lib/libucs.so.0(+0x2e22a) [0x7fda1033522a]
 3  /usr/lib/x86_64-linux-gnu/libpthread.so.0(+0x14420) [0x7fda3e892420]
 4  /opt/conda/envs/gdf/lib/libucp.so.0(ucp_mem_type_unpack+0x17) [0x7fda103ba427]
 5  /opt/conda/envs/gdf/lib/libucp.so.0(ucp_rndv_data_handler+0x66d) [0x7fda103e53bd]
 6  /opt/conda/envs/gdf/lib/libuct.so.0(+0x21cef) [0x7fda102eacef]
 7  /opt/conda/envs/gdf/lib/libuct.so.0(+0x24f08) [0x7fda102edf08]
 8  /opt/conda/envs/gdf/lib/libucs.so.0(ucs_event_set_wait+0xb9) [0x7fda1033e6d9]
 9  /opt/conda/envs/gdf/lib/libuct.so.0(uct_tcp_iface_progress+0x7d) [0x7fda102ed00d]
10  /opt/conda/envs/gdf/lib/libucp.so.0(ucp_worker_progress+0x5a) [0x7fda103b717a]
11  /opt/conda/envs/gdf/lib/python3.9/site-packages/ucp/_libs/ucx_api.cpython-39-x86_64-linux-gnu.so(+0x3205a) [0x7fda1047a05a]
12  /opt/conda/envs/gdf/bin/python(_PyEval_EvalFrameDefault+0x45a6) [0x5582ae886516]
13  /opt/conda/envs/gdf/bin/python(+0x12e184) [0x5582ae881184]
14  /opt/conda/envs/gdf/bin/python(_PyFunction_Vectorcall+0xd9) [0x5582ae892559]
15  /opt/conda/envs/gdf/bin/python(_PyEval_EvalFrameDefault+0x696) [0x5582ae882606]
16  /opt/conda/envs/gdf/bin/python(+0x13f802) [0x5582ae892802]
17  /opt/conda/envs/gdf/bin/python(+0x14cbb3) [0x5582ae89fbb3]
18  /opt/conda/envs/gdf/bin/python(+0x25842c) [0x5582ae9ab42c]
19  /opt/conda/envs/gdf/bin/python(+0xf266c) [0x5582ae84566c]
20  /opt/conda/envs/gdf/bin/python(+0x136833) [0x5582ae889833]
21  /opt/conda/envs/gdf/bin/python(_PyEval_EvalFrameDefault+0x58b4) [0x5582ae887824]
22  /opt/conda/envs/gdf/bin/python(+0x13f802) [0x5582ae892802]
23  /opt/conda/envs/gdf/bin/python(_PyEval_EvalFrameDefault+0x696) [0x5582ae882606]
24  /opt/conda/envs/gdf/bin/python(+0x13f802) [0x5582ae892802]
25  /opt/conda/envs/gdf/bin/python(_PyEval_EvalFrameDefault+0x696) [0x5582ae882606]
26  /opt/conda/envs/gdf/bin/python(+0x13f802) [0x5582ae892802]
27  /opt/conda/envs/gdf/bin/python(_PyEval_EvalFrameDefault+0x696) [0x5582ae882606]
28  /opt/conda/envs/gdf/bin/python(+0x13f802) [0x5582ae892802]
29  /opt/conda/envs/gdf/bin/python(_PyEval_EvalFrameDefault+0x696) [0x5582ae882606]
30  /opt/conda/envs/gdf/bin/python(+0x12e184) [0x5582ae881184]
31  /opt/conda/envs/gdf/bin/python(_PyFunction_Vectorcall+0xd9) [0x5582ae892559]
32  /opt/conda/envs/gdf/bin/python(_PyEval_EvalFrameDefault+0x11f2) [0x5582ae883162]
33  /opt/conda/envs/gdf/bin/python(+0x12e184) [0x5582ae881184]
34  /opt/conda/envs/gdf/bin/python(+0x14c9fb) [0x5582ae89f9fb]
35  /opt/conda/envs/gdf/bin/python(PyObject_Call+0xbc) [0x5582ae8a017c]
36  /opt/conda/envs/gdf/bin/python(+0x2109ce) [0x5582ae9639ce]
37  /opt/conda/envs/gdf/bin/python(_PyObject_MakeTpCall+0x2ec) [0x5582ae88a7ac]
38  /opt/conda/envs/gdf/bin/python(_PyEval_EvalFrameDefault+0x45a6) [0x5582ae886516]
39  /opt/conda/envs/gdf/bin/python(+0x13f802) [0x5582ae892802]
40  /opt/conda/envs/gdf/bin/python(+0x14cadc) [0x5582ae89fadc]
41  /opt/conda/envs/gdf/bin/python(_PyEval_EvalFrameDefault+0x45a6) [0x5582ae886516]
42  /opt/conda/envs/gdf/bin/python(+0x13f802) [0x5582ae892802]
43  /opt/conda/envs/gdf/bin/python(_PyEval_EvalFrameDefault+0x696) [0x5582ae882606]
44  /opt/conda/envs/gdf/bin/python(+0x12e184) [0x5582ae881184]
45  /opt/conda/envs/gdf/bin/python(_PyFunction_Vectorcall+0xd9) [0x5582ae892559]
46  /opt/conda/envs/gdf/bin/python(_PyEval_EvalFrameDefault+0x696) [0x5582ae882606]
47  /opt/conda/envs/gdf/bin/python(+0x13f802) [0x5582ae892802]
48  /opt/conda/envs/gdf/bin/python(_PyEval_EvalFrameDefault+0x3e2) [0x5582ae882352]
49  /opt/conda/envs/gdf/bin/python(+0x12e184) [0x5582ae881184]
50  /opt/conda/envs/gdf/bin/python(_PyFunction_Vectorcall+0xd9) [0x5582ae892559]
51  /opt/conda/envs/gdf/bin/python(_PyEval_EvalFrameDefault+0x11f2) [0x5582ae883162]
52  /opt/conda/envs/gdf/bin/python(+0x12e184) [0x5582ae881184]
53  /opt/conda/envs/gdf/bin/python(_PyEval_EvalCodeWithName+0x48) [0x5582ae880e58]
54  /opt/conda/envs/gdf/bin/python(PyEval_EvalCodeEx+0x39) [0x5582ae880e09]
55  /opt/conda/envs/gdf/bin/python(PyEval_EvalCode+0x1b) [0x5582ae92e4ab]
56  /opt/conda/envs/gdf/bin/python(+0x20887a) [0x5582ae95b87a]
57  /opt/conda/envs/gdf/bin/python(+0x204c03) [0x5582ae957c03]
58  /opt/conda/envs/gdf/bin/python(PyRun_StringFlags+0x9a) [0x5582ae94fa1a]
59  /opt/conda/envs/gdf/bin/python(PyRun_SimpleStringFlags+0x3c) [0x5582ae94f90c]
60  /opt/conda/envs/gdf/bin/python(Py_RunMain+0x267) [0x5582ae94eb47]
61  /opt/conda/envs/gdf/bin/python(Py_BytesMain+0x37) [0x5582ae9222e7]
=================================
2024-07-16 06:05:46,454 - distributed.nanny - WARNING - Restarting worker
2024-07-16 06:05:46,556 - distributed.worker - ERROR - failed during get data with ucx://127.0.0.1:41051 -> ucx://127.0.0.1:57343
Traceback (most recent call last):
  File "/opt/conda/envs/gdf/lib/python3.9/site-packages/distributed/comm/ucx.py", line 334, in write
    await self.ep.send(each_frame)
  File "/opt/conda/envs/gdf/lib/python3.9/site-packages/ucp/core.py", line 662, in send
    return await comm.tag_send(self._ep, buffer, nbytes, tag, name=log)
ucp._libs.exceptions.UCXError: <[Send #007] ep: 0x7f2d14f782c0, tag: 0xf78fcbac898cc19e, nbytes: 50000000, type: <class 'cupy.ndarray'>>: Connection reset by remote peer

During handling of the above exception, another exception occurred:

Traceback (most recent call last):
  File "/opt/conda/envs/gdf/lib/python3.9/site-packages/distributed/worker.py", line 1782, in get_data
    compressed = await comm.write(msg, serializers=serializers)
  File "/opt/conda/envs/gdf/lib/python3.9/site-packages/distributed/utils.py", line 837, in wrapper
    return await func(*args, **kwargs)
  File "/opt/conda/envs/gdf/lib/python3.9/site-packages/distributed/comm/ucx.py", line 338, in write
    raise CommClosedError("While writing, the connection was closed")
distributed.comm.core.CommClosedError: While writing, the connection was closed
2024-07-16 06:05:46,557 - distributed.scheduler - WARNING - Removing worker 'ucx://127.0.0.1:57343' caused the cluster to lose already computed task(s), which will be recomputed elsewhere: {('random_sample-3d3fc5bdf80104b46428bc3c9b628bef', 9, 0), ('random_sample-3d3fc5bdf80104b46428bc3c9b628bef', 1, 0), ('random_sample-3d3fc5bdf80104b46428bc3c9b628bef', 0, 9)} (stimulus_id='handle-worker-cleanup-1721109946.5572078')
2024-07-16 06:05:46,658 - distributed.nanny - WARNING - Restarting worker
2024-07-16 06:06:12,761 - distributed.worker - ERROR - Worker stream died during communication: ucx://127.0.0.1:43421
Traceback (most recent call last):
  File "/opt/conda/envs/gdf/lib/python3.9/site-packages/distributed/comm/ucx.py", line 467, in connect
    ep = await ucp.create_endpoint(ip, port)
  File "/opt/conda/envs/gdf/lib/python3.9/site-packages/ucp/core.py", line 1016, in create_endpoint
    return await _get_ctx().create_endpoint(
  File "/opt/conda/envs/gdf/lib/python3.9/site-packages/ucp/core.py", line 328, in create_endpoint
    peer_info = await exchange_peer_info(
  File "/opt/conda/envs/gdf/lib/python3.9/site-packages/ucp/core.py", line 60, in exchange_peer_info
    await asyncio.wait_for(
  File "/opt/conda/envs/gdf/lib/python3.9/asyncio/tasks.py", line 466, in wait_for
    await waiter
asyncio.exceptions.CancelledError

During handling of the above exception, another exception occurred:

Traceback (most recent call last):
  File "/opt/conda/envs/gdf/lib/python3.9/asyncio/tasks.py", line 490, in wait_for
    return fut.result()
asyncio.exceptions.CancelledError

The above exception was the direct cause of the following exception:

Traceback (most recent call last):
  File "/opt/conda/envs/gdf/lib/python3.9/site-packages/distributed/comm/core.py", line 342, in connect
    comm = await wait_for(
  File "/opt/conda/envs/gdf/lib/python3.9/site-packages/distributed/utils.py", line 1957, in wait_for
    return await asyncio.wait_for(fut, timeout)
  File "/opt/conda/envs/gdf/lib/python3.9/asyncio/tasks.py", line 492, in wait_for
    raise exceptions.TimeoutError() from exc
asyncio.exceptions.TimeoutError

The above exception was the direct cause of the following exception:

Traceback (most recent call last):
  File "/opt/conda/envs/gdf/lib/python3.9/site-packages/distributed/worker.py", line 2059, in gather_dep
    response = await get_data_from_worker(
  File "/opt/conda/envs/gdf/lib/python3.9/site-packages/distributed/worker.py", line 2866, in get_data_from_worker
    comm = await rpc.connect(worker)
  File "/opt/conda/envs/gdf/lib/python3.9/site-packages/distributed/core.py", line 1533, in connect
    return connect_attempt.result()
  File "/opt/conda/envs/gdf/lib/python3.9/site-packages/distributed/core.py", line 1423, in _connect
    comm = await connect(
  File "/opt/conda/envs/gdf/lib/python3.9/site-packages/distributed/comm/core.py", line 368, in connect
    raise OSError(
OSError: Timed out trying to connect to ucx://127.0.0.1:43421 after 30 s
/opt/conda/envs/gdf/lib/python3.9/multiprocessing/resource_tracker.py:216: UserWarning: resource_tracker: There appear to be 48 leaked semaphore objects to clean up at shutdown
  warnings.warn('resource_tracker: There appear to be %d '
