[dgx13:91420:0:91420] Caught signal 11 (Segmentation fault: address not mapped to object at address 0x450)
==== backtrace (tid:  91420) ====
 0  /opt/conda/envs/gdf/lib/libucs.so.0(ucs_handle_error+0x305) [0x7ffa03710fc5]
 1  /opt/conda/envs/gdf/lib/libucs.so.0(+0x2f1c4) [0x7ffa037111c4]
 2  /opt/conda/envs/gdf/lib/libucs.so.0(+0x2f38a) [0x7ffa0371138a]
 3  /usr/lib/x86_64-linux-gnu/libpthread.so.0(+0x14420) [0x7ffa44230420]
 4  /opt/conda/envs/gdf/lib/libucp.so.0(ucp_mem_type_unpack+0x1a) [0x7ffa03796f6a]
 5  /opt/conda/envs/gdf/lib/libucp.so.0(ucp_rndv_data_handler+0x66d) [0x7ffa037c29ed]
 6  /opt/conda/envs/gdf/lib/libuct.so.0(+0x21edf) [0x7ffa036c5edf]
 7  /opt/conda/envs/gdf/lib/libuct.so.0(+0x250f8) [0x7ffa036c90f8]
 8  /opt/conda/envs/gdf/lib/libucs.so.0(ucs_event_set_wait+0xb9) [0x7ffa0371a839]
 9  /opt/conda/envs/gdf/lib/libuct.so.0(uct_tcp_iface_progress+0x7d) [0x7ffa036c81fd]
10  /opt/conda/envs/gdf/lib/libucp.so.0(ucp_worker_progress+0x5a) [0x7ffa03793cba]
11  /opt/conda/envs/gdf/lib/python3.10/site-packages/ucp/_libs/ucx_api.cpython-310-x86_64-linux-gnu.so(+0x31d7a) [0x7ffa03857d7a]
12  /opt/conda/envs/gdf/bin/python(_PyEval_EvalFrameDefault+0x2d62) [0x555d0d3d9ce2]
13  /opt/conda/envs/gdf/bin/python(_PyFunction_Vectorcall+0x6c) [0x555d0d3e70cc]
14  /opt/conda/envs/gdf/bin/python(_PyEval_EvalFrameDefault+0x700) [0x555d0d3d7680]
15  /opt/conda/envs/gdf/bin/python(+0x147764) [0x555d0d3f2764]
16  /opt/conda/envs/gdf/bin/python(+0x25292c) [0x555d0d4fd92c]
17  /opt/conda/envs/gdf/bin/python(+0xf7850) [0x555d0d3a2850]
18  /opt/conda/envs/gdf/bin/python(+0x133703) [0x555d0d3de703]
19  /opt/conda/envs/gdf/bin/python(_PyEval_EvalFrameDefault+0x596c) [0x555d0d3dc8ec]
20  /opt/conda/envs/gdf/bin/python(_PyFunction_Vectorcall+0x6c) [0x555d0d3e70cc]
21  /opt/conda/envs/gdf/bin/python(_PyEval_EvalFrameDefault+0x700) [0x555d0d3d7680]
22  /opt/conda/envs/gdf/bin/python(_PyFunction_Vectorcall+0x6c) [0x555d0d3e70cc]
23  /opt/conda/envs/gdf/bin/python(_PyEval_EvalFrameDefault+0x700) [0x555d0d3d7680]
24  /opt/conda/envs/gdf/bin/python(_PyFunction_Vectorcall+0x6c) [0x555d0d3e70cc]
25  /opt/conda/envs/gdf/bin/python(_PyEval_EvalFrameDefault+0x700) [0x555d0d3d7680]
26  /opt/conda/envs/gdf/bin/python(_PyFunction_Vectorcall+0x6c) [0x555d0d3e70cc]
27  /opt/conda/envs/gdf/bin/python(_PyEval_EvalFrameDefault+0x700) [0x555d0d3d7680]
28  /opt/conda/envs/gdf/bin/python(_PyFunction_Vectorcall+0x6c) [0x555d0d3e70cc]
29  /opt/conda/envs/gdf/bin/python(_PyEval_EvalFrameDefault+0x133e) [0x555d0d3d82be]
30  /opt/conda/envs/gdf/bin/python(+0x1474e2) [0x555d0d3f24e2]
31  /opt/conda/envs/gdf/bin/python(PyObject_Call+0xbc) [0x555d0d3f2e7c]
32  /opt/conda/envs/gdf/bin/python(+0x1ff38d) [0x555d0d4aa38d]
33  /opt/conda/envs/gdf/bin/python(_PyObject_MakeTpCall+0x2d3) [0x555d0d3dff73]
34  /opt/conda/envs/gdf/bin/python(_PyEval_EvalFrameDefault+0x2d62) [0x555d0d3d9ce2]
35  /opt/conda/envs/gdf/bin/python(+0x147638) [0x555d0d3f2638]
36  /opt/conda/envs/gdf/bin/python(_PyEval_EvalFrameDefault+0x2d62) [0x555d0d3d9ce2]
37  /opt/conda/envs/gdf/bin/python(_PyFunction_Vectorcall+0x6c) [0x555d0d3e70cc]
38  /opt/conda/envs/gdf/bin/python(_PyEval_EvalFrameDefault+0x700) [0x555d0d3d7680]
39  /opt/conda/envs/gdf/bin/python(_PyFunction_Vectorcall+0x6c) [0x555d0d3e70cc]
40  /opt/conda/envs/gdf/bin/python(_PyEval_EvalFrameDefault+0x700) [0x555d0d3d7680]
41  /opt/conda/envs/gdf/bin/python(_PyFunction_Vectorcall+0x6c) [0x555d0d3e70cc]
42  /opt/conda/envs/gdf/bin/python(_PyEval_EvalFrameDefault+0x30c) [0x555d0d3d728c]
43  /opt/conda/envs/gdf/bin/python(_PyFunction_Vectorcall+0x6c) [0x555d0d3e70cc]
44  /opt/conda/envs/gdf/bin/python(_PyEval_EvalFrameDefault+0x133e) [0x555d0d3d82be]
45  /opt/conda/envs/gdf/bin/python(+0x1cc80c) [0x555d0d47780c]
46  /opt/conda/envs/gdf/bin/python(PyEval_EvalCode+0x87) [0x555d0d477757]
47  /opt/conda/envs/gdf/bin/python(+0x1fcb1a) [0x555d0d4a7b1a]
48  /opt/conda/envs/gdf/bin/python(+0x1f7fa3) [0x555d0d4a2fa3]
49  /opt/conda/envs/gdf/bin/python(PyRun_StringFlags+0x7d) [0x555d0d49b73d]
50  /opt/conda/envs/gdf/bin/python(PyRun_SimpleStringFlags+0x3c) [0x555d0d49b57c]
51  /opt/conda/envs/gdf/bin/python(Py_RunMain+0x3ba) [0x555d0d49a77a]
52  /opt/conda/envs/gdf/bin/python(Py_BytesMain+0x37) [0x555d0d46ae97]
53  /usr/lib/x86_64-linux-gnu/libc.so.6(__libc_start_main+0xf3) [0x7ffa43ef4083]
54  /opt/conda/envs/gdf/bin/python(+0x1bfdae) [0x555d0d46adae]
=================================
[dgx13:91426:0:91426] Caught signal 11 (Segmentation fault: address not mapped to object at address 0x450)
==== backtrace (tid:  91426) ====
 0  /opt/conda/envs/gdf/lib/libucs.so.0(ucs_handle_error+0x305) [0x7f5c631a9fc5]
 1  /opt/conda/envs/gdf/lib/libucs.so.0(+0x2f1c4) [0x7f5c631aa1c4]
 2  /opt/conda/envs/gdf/lib/libucs.so.0(+0x2f38a) [0x7f5c631aa38a]
 3  /usr/lib/x86_64-linux-gnu/libpthread.so.0(+0x14420) [0x7f5c9fcb7420]
 4  /opt/conda/envs/gdf/lib/libucp.so.0(ucp_mem_type_unpack+0x1a) [0x7f5c6322ff6a]
 5  /opt/conda/envs/gdf/lib/libucp.so.0(ucp_rndv_data_handler+0x66d) [0x7f5c6325b9ed]
 6  /opt/conda/envs/gdf/lib/libuct.so.0(+0x21edf) [0x7f5c6315eedf]
 7  /opt/conda/envs/gdf/lib/libuct.so.0(+0x250f8) [0x7f5c631620f8]
 8  /opt/conda/envs/gdf/lib/libucs.so.0(ucs_event_set_wait+0xb9) [0x7f5c631b3839]
 9  /opt/conda/envs/gdf/lib/libuct.so.0(uct_tcp_iface_progress+0x7d) [0x7f5c631611fd]
10  /opt/conda/envs/gdf/lib/libucp.so.0(ucp_worker_progress+0x5a) [0x7f5c6322ccba]
11  /opt/conda/envs/gdf/lib/python3.10/site-packages/ucp/_libs/ucx_api.cpython-310-x86_64-linux-gnu.so(+0x31d7a) [0x7f5c632f0d7a]
12  /opt/conda/envs/gdf/bin/python(_PyEval_EvalFrameDefault+0x2d62) [0x563e9f66ece2]
13  /opt/conda/envs/gdf/bin/python(_PyFunction_Vectorcall+0x6c) [0x563e9f67c0cc]
14  /opt/conda/envs/gdf/bin/python(_PyEval_EvalFrameDefault+0x700) [0x563e9f66c680]
15  /opt/conda/envs/gdf/bin/python(+0x147764) [0x563e9f687764]
16  /opt/conda/envs/gdf/bin/python(+0x25292c) [0x563e9f79292c]
17  /opt/conda/envs/gdf/bin/python(+0xf7850) [0x563e9f637850]
18  /opt/conda/envs/gdf/bin/python(+0x133703) [0x563e9f673703]
19  /opt/conda/envs/gdf/bin/python(_PyEval_EvalFrameDefault+0x596c) [0x563e9f6718ec]
20  /opt/conda/envs/gdf/bin/python(_PyFunction_Vectorcall+0x6c) [0x563e9f67c0cc]
21  /opt/conda/envs/gdf/bin/python(_PyEval_EvalFrameDefault+0x700) [0x563e9f66c680]
22  /opt/conda/envs/gdf/bin/python(_PyFunction_Vectorcall+0x6c) [0x563e9f67c0cc]
23  /opt/conda/envs/gdf/bin/python(_PyEval_EvalFrameDefault+0x700) [0x563e9f66c680]
24  /opt/conda/envs/gdf/bin/python(_PyFunction_Vectorcall+0x6c) [0x563e9f67c0cc]
25  /opt/conda/envs/gdf/bin/python(_PyEval_EvalFrameDefault+0x700) [0x563e9f66c680]
26  /opt/conda/envs/gdf/bin/python(_PyFunction_Vectorcall+0x6c) [0x563e9f67c0cc]
27  /opt/conda/envs/gdf/bin/python(_PyEval_EvalFrameDefault+0x700) [0x563e9f66c680]
28  /opt/conda/envs/gdf/bin/python(_PyFunction_Vectorcall+0x6c) [0x563e9f67c0cc]
29  /opt/conda/envs/gdf/bin/python(_PyEval_EvalFrameDefault+0x133e) [0x563e9f66d2be]
30  /opt/conda/envs/gdf/bin/python(+0x1474e2) [0x563e9f6874e2]
31  /opt/conda/envs/gdf/bin/python(PyObject_Call+0xbc) [0x563e9f687e7c]
32  /opt/conda/envs/gdf/bin/python(+0x1ff38d) [0x563e9f73f38d]
33  /opt/conda/envs/gdf/bin/python(_PyObject_MakeTpCall+0x2d3) [0x563e9f674f73]
34  /opt/conda/envs/gdf/bin/python(_PyEval_EvalFrameDefault+0x2d62) [0x563e9f66ece2]
35  /opt/conda/envs/gdf/bin/python(+0x147638) [0x563e9f687638]
36  /opt/conda/envs/gdf/bin/python(_PyEval_EvalFrameDefault+0x2d62) [0x563e9f66ece2]
37  /opt/conda/envs/gdf/bin/python(_PyFunction_Vectorcall+0x6c) [0x563e9f67c0cc]
38  /opt/conda/envs/gdf/bin/python(_PyEval_EvalFrameDefault+0x700) [0x563e9f66c680]
39  /opt/conda/envs/gdf/bin/python(_PyFunction_Vectorcall+0x6c) [0x563e9f67c0cc]
40  /opt/conda/envs/gdf/bin/python(_PyEval_EvalFrameDefault+0x700) [0x563e9f66c680]
41  /opt/conda/envs/gdf/bin/python(_PyFunction_Vectorcall+0x6c) [0x563e9f67c0cc]
42  /opt/conda/envs/gdf/bin/python(_PyEval_EvalFrameDefault+0x30c) [0x563e9f66c28c]
43  /opt/conda/envs/gdf/bin/python(_PyFunction_Vectorcall+0x6c) [0x563e9f67c0cc]
44  /opt/conda/envs/gdf/bin/python(_PyEval_EvalFrameDefault+0x133e) [0x563e9f66d2be]
45  /opt/conda/envs/gdf/bin/python(+0x1cc80c) [0x563e9f70c80c]
46  /opt/conda/envs/gdf/bin/python(PyEval_EvalCode+0x87) [0x563e9f70c757]
47  /opt/conda/envs/gdf/bin/python(+0x1fcb1a) [0x563e9f73cb1a]
48  /opt/conda/envs/gdf/bin/python(+0x1f7fa3) [0x563e9f737fa3]
49  /opt/conda/envs/gdf/bin/python(PyRun_StringFlags+0x7d) [0x563e9f73073d]
50  /opt/conda/envs/gdf/bin/python(PyRun_SimpleStringFlags+0x3c) [0x563e9f73057c]
51  /opt/conda/envs/gdf/bin/python(Py_RunMain+0x3ba) [0x563e9f72f77a]
52  /opt/conda/envs/gdf/bin/python(Py_BytesMain+0x37) [0x563e9f6ffe97]
53  /usr/lib/x86_64-linux-gnu/libc.so.6(__libc_start_main+0xf3) [0x7f5c9f97b083]
54  /opt/conda/envs/gdf/bin/python(+0x1bfdae) [0x563e9f6ffdae]
=================================
[dgx13:91411:0:91411] Caught signal 11 (Segmentation fault: address not mapped to object at address 0x450)
==== backtrace (tid:  91411) ====
 0  /opt/conda/envs/gdf/lib/libucs.so.0(ucs_handle_error+0x305) [0x7fb185408fc5]
 1  /opt/conda/envs/gdf/lib/libucs.so.0(+0x2f1c4) [0x7fb1854091c4]
 2  /opt/conda/envs/gdf/lib/libucs.so.0(+0x2f38a) [0x7fb18540938a]
 3  /usr/lib/x86_64-linux-gnu/libpthread.so.0(+0x14420) [0x7fb1c5f2f420]
 4  /opt/conda/envs/gdf/lib/libucp.so.0(ucp_mem_type_unpack+0x1a) [0x7fb18548ef6a]
 5  /opt/conda/envs/gdf/lib/libucp.so.0(ucp_rndv_data_handler+0x66d) [0x7fb1854ba9ed]
 6  /opt/conda/envs/gdf/lib/libuct.so.0(+0x21edf) [0x7fb1853bdedf]
 7  /opt/conda/envs/gdf/lib/libuct.so.0(+0x250f8) [0x7fb1853c10f8]
 8  /opt/conda/envs/gdf/lib/libucs.so.0(ucs_event_set_wait+0xb9) [0x7fb185412839]
 9  /opt/conda/envs/gdf/lib/libuct.so.0(uct_tcp_iface_progress+0x7d) [0x7fb1853c01fd]
10  /opt/conda/envs/gdf/lib/libucp.so.0(ucp_worker_progress+0x5a) [0x7fb18548bcba]
11  /opt/conda/envs/gdf/lib/python3.10/site-packages/ucp/_libs/ucx_api.cpython-310-x86_64-linux-gnu.so(+0x31d7a) [0x7fb18554fd7a]
12  /opt/conda/envs/gdf/bin/python(_PyEval_EvalFrameDefault+0x2d62) [0x556238f99ce2]
13  /opt/conda/envs/gdf/bin/python(_PyFunction_Vectorcall+0x6c) [0x556238fa70cc]
14  /opt/conda/envs/gdf/bin/python(_PyEval_EvalFrameDefault+0x700) [0x556238f97680]
15  /opt/conda/envs/gdf/bin/python(+0x1d6029) [0x556239041029]
16  /opt/conda/envs/gdf/lib/python3.10/lib-dynload/_asyncio.cpython-310-x86_64-linux-gnu.so(+0x7782) [0x7fb1b3a4c782]
17  /opt/conda/envs/gdf/bin/python(_PyObject_MakeTpCall+0x2d3) [0x556238f9ff73]
18  /opt/conda/envs/gdf/bin/python(+0xf7850) [0x556238f62850]
19  /opt/conda/envs/gdf/bin/python(+0x133703) [0x556238f9e703]
20  /opt/conda/envs/gdf/bin/python(_PyEval_EvalFrameDefault+0x596c) [0x556238f9c8ec]
21  /opt/conda/envs/gdf/bin/python(_PyFunction_Vectorcall+0x6c) [0x556238fa70cc]
22  /opt/conda/envs/gdf/bin/python(_PyEval_EvalFrameDefault+0x700) [0x556238f97680]
23  /opt/conda/envs/gdf/bin/python(_PyFunction_Vectorcall+0x6c) [0x556238fa70cc]
24  /opt/conda/envs/gdf/bin/python(_PyEval_EvalFrameDefault+0x700) [0x556238f97680]
25  /opt/conda/envs/gdf/bin/python(_PyFunction_Vectorcall+0x6c) [0x556238fa70cc]
26  /opt/conda/envs/gdf/bin/python(_PyEval_EvalFrameDefault+0x700) [0x556238f97680]
27  /opt/conda/envs/gdf/bin/python(_PyFunction_Vectorcall+0x6c) [0x556238fa70cc]
28  /opt/conda/envs/gdf/bin/python(_PyEval_EvalFrameDefault+0x700) [0x556238f97680]
29  /opt/conda/envs/gdf/bin/python(_PyFunction_Vectorcall+0x6c) [0x556238fa70cc]
30  /opt/conda/envs/gdf/bin/python(_PyEval_EvalFrameDefault+0x133e) [0x556238f982be]
31  /opt/conda/envs/gdf/bin/python(+0x1474e2) [0x556238fb24e2]
32  /opt/conda/envs/gdf/bin/python(PyObject_Call+0xbc) [0x556238fb2e7c]
33  /opt/conda/envs/gdf/bin/python(+0x1ff38d) [0x55623906a38d]
34  /opt/conda/envs/gdf/bin/python(_PyObject_MakeTpCall+0x2d3) [0x556238f9ff73]
35  /opt/conda/envs/gdf/bin/python(_PyEval_EvalFrameDefault+0x2d62) [0x556238f99ce2]
36  /opt/conda/envs/gdf/bin/python(+0x147638) [0x556238fb2638]
37  /opt/conda/envs/gdf/bin/python(_PyEval_EvalFrameDefault+0x2d62) [0x556238f99ce2]
38  /opt/conda/envs/gdf/bin/python(_PyFunction_Vectorcall+0x6c) [0x556238fa70cc]
39  /opt/conda/envs/gdf/bin/python(_PyEval_EvalFrameDefault+0x700) [0x556238f97680]
40  /opt/conda/envs/gdf/bin/python(_PyFunction_Vectorcall+0x6c) [0x556238fa70cc]
41  /opt/conda/envs/gdf/bin/python(_PyEval_EvalFrameDefault+0x700) [0x556238f97680]
42  /opt/conda/envs/gdf/bin/python(_PyFunction_Vectorcall+0x6c) [0x556238fa70cc]
43  /opt/conda/envs/gdf/bin/python(_PyEval_EvalFrameDefault+0x30c) [0x556238f9728c]
44  /opt/conda/envs/gdf/bin/python(_PyFunction_Vectorcall+0x6c) [0x556238fa70cc]
45  /opt/conda/envs/gdf/bin/python(_PyEval_EvalFrameDefault+0x133e) [0x556238f982be]
46  /opt/conda/envs/gdf/bin/python(+0x1cc80c) [0x55623903780c]
47  /opt/conda/envs/gdf/bin/python(PyEval_EvalCode+0x87) [0x556239037757]
48  /opt/conda/envs/gdf/bin/python(+0x1fcb1a) [0x556239067b1a]
49  /opt/conda/envs/gdf/bin/python(+0x1f7fa3) [0x556239062fa3]
50  /opt/conda/envs/gdf/bin/python(PyRun_StringFlags+0x7d) [0x55623905b73d]
51  /opt/conda/envs/gdf/bin/python(PyRun_SimpleStringFlags+0x3c) [0x55623905b57c]
52  /opt/conda/envs/gdf/bin/python(Py_RunMain+0x3ba) [0x55623905a77a]
53  /opt/conda/envs/gdf/bin/python(Py_BytesMain+0x37) [0x55623902ae97]
54  /usr/lib/x86_64-linux-gnu/libc.so.6(__libc_start_main+0xf3) [0x7fb1c5bf3083]
55  /opt/conda/envs/gdf/bin/python(+0x1bfdae) [0x55623902adae]
=================================
[dgx13:91398:0:91398] Caught signal 11 (Segmentation fault: address not mapped to object at address 0x450)
==== backtrace (tid:  91398) ====
 0  /opt/conda/envs/gdf/lib/libucs.so.0(ucs_handle_error+0x305) [0x7f43194f1fc5]
 1  /opt/conda/envs/gdf/lib/libucs.so.0(+0x2f1c4) [0x7f43194f21c4]
 2  /opt/conda/envs/gdf/lib/libucs.so.0(+0x2f38a) [0x7f43194f238a]
 3  /usr/lib/x86_64-linux-gnu/libpthread.so.0(+0x14420) [0x7f4359e1a420]
 4  /opt/conda/envs/gdf/lib/libucp.so.0(ucp_mem_type_unpack+0x1a) [0x7f4319577f6a]
 5  /opt/conda/envs/gdf/lib/libucp.so.0(ucp_rndv_data_handler+0x66d) [0x7f43195a39ed]
 6  /opt/conda/envs/gdf/lib/libuct.so.0(+0x21edf) [0x7f43194a6edf]
 7  /opt/conda/envs/gdf/lib/libuct.so.0(+0x250f8) [0x7f43194aa0f8]
 8  /opt/conda/envs/gdf/lib/libucs.so.0(ucs_event_set_wait+0xb9) [0x7f43194fb839]
 9  /opt/conda/envs/gdf/lib/libuct.so.0(uct_tcp_iface_progress+0x7d) [0x7f43194a91fd]
10  /opt/conda/envs/gdf/lib/libucp.so.0(ucp_worker_progress+0x5a) [0x7f4319574cba]
11  /opt/conda/envs/gdf/lib/python3.10/site-packages/ucp/_libs/ucx_api.cpython-310-x86_64-linux-gnu.so(+0x31d7a) [0x7f4319638d7a]
12  /opt/conda/envs/gdf/bin/python(_PyEval_EvalFrameDefault+0x2d62) [0x5557cc4d4ce2]
13  /opt/conda/envs/gdf/bin/python(_PyFunction_Vectorcall+0x6c) [0x5557cc4e20cc]
14  /opt/conda/envs/gdf/bin/python(_PyEval_EvalFrameDefault+0x700) [0x5557cc4d2680]
15  /opt/conda/envs/gdf/bin/python(+0x147764) [0x5557cc4ed764]
16  /opt/conda/envs/gdf/bin/python(+0x25292c) [0x5557cc5f892c]
17  /opt/conda/envs/gdf/bin/python(+0xf7850) [0x5557cc49d850]
18  /opt/conda/envs/gdf/bin/python(+0x133703) [0x5557cc4d9703]
19  /opt/conda/envs/gdf/bin/python(_PyEval_EvalFrameDefault+0x596c) [0x5557cc4d78ec]
20  /opt/conda/envs/gdf/bin/python(_PyFunction_Vectorcall+0x6c) [0x5557cc4e20cc]
21  /opt/conda/envs/gdf/bin/python(_PyEval_EvalFrameDefault+0x700) [0x5557cc4d2680]
22  /opt/conda/envs/gdf/bin/python(_PyFunction_Vectorcall+0x6c) [0x5557cc4e20cc]
23  /opt/conda/envs/gdf/bin/python(_PyEval_EvalFrameDefault+0x700) [0x5557cc4d2680]
24  /opt/conda/envs/gdf/bin/python(_PyFunction_Vectorcall+0x6c) [0x5557cc4e20cc]
25  /opt/conda/envs/gdf/bin/python(_PyEval_EvalFrameDefault+0x700) [0x5557cc4d2680]
26  /opt/conda/envs/gdf/bin/python(_PyFunction_Vectorcall+0x6c) [0x5557cc4e20cc]
27  /opt/conda/envs/gdf/bin/python(_PyEval_EvalFrameDefault+0x700) [0x5557cc4d2680]
28  /opt/conda/envs/gdf/bin/python(_PyFunction_Vectorcall+0x6c) [0x5557cc4e20cc]
29  /opt/conda/envs/gdf/bin/python(_PyEval_EvalFrameDefault+0x133e) [0x5557cc4d32be]
30  /opt/conda/envs/gdf/bin/python(+0x1474e2) [0x5557cc4ed4e2]
31  /opt/conda/envs/gdf/bin/python(PyObject_Call+0xbc) [0x5557cc4ede7c]
32  /opt/conda/envs/gdf/bin/python(+0x1ff38d) [0x5557cc5a538d]
33  /opt/conda/envs/gdf/bin/python(_PyObject_MakeTpCall+0x2d3) [0x5557cc4daf73]
34  /opt/conda/envs/gdf/bin/python(_PyEval_EvalFrameDefault+0x2d62) [0x5557cc4d4ce2]
35  /opt/conda/envs/gdf/bin/python(+0x147638) [0x5557cc4ed638]
36  /opt/conda/envs/gdf/bin/python(_PyEval_EvalFrameDefault+0x2d62) [0x5557cc4d4ce2]
37  /opt/conda/envs/gdf/bin/python(_PyFunction_Vectorcall+0x6c) [0x5557cc4e20cc]
38  /opt/conda/envs/gdf/bin/python(_PyEval_EvalFrameDefault+0x700) [0x5557cc4d2680]
39  /opt/conda/envs/gdf/bin/python(_PyFunction_Vectorcall+0x6c) [0x5557cc4e20cc]
40  /opt/conda/envs/gdf/bin/python(_PyEval_EvalFrameDefault+0x700) [0x5557cc4d2680]
41  /opt/conda/envs/gdf/bin/python(_PyFunction_Vectorcall+0x6c) [0x5557cc4e20cc]
42  /opt/conda/envs/gdf/bin/python(_PyEval_EvalFrameDefault+0x30c) [0x5557cc4d228c]
43  /opt/conda/envs/gdf/bin/python(_PyFunction_Vectorcall+0x6c) [0x5557cc4e20cc]
44  /opt/conda/envs/gdf/bin/python(_PyEval_EvalFrameDefault+0x133e) [0x5557cc4d32be]
45  /opt/conda/envs/gdf/bin/python(+0x1cc80c) [0x5557cc57280c]
46  /opt/conda/envs/gdf/bin/python(PyEval_EvalCode+0x87) [0x5557cc572757]
47  /opt/conda/envs/gdf/bin/python(+0x1fcb1a) [0x5557cc5a2b1a]
48  /opt/conda/envs/gdf/bin/python(+0x1f7fa3) [0x5557cc59dfa3]
49  /opt/conda/envs/gdf/bin/python(PyRun_StringFlags+0x7d) [0x5557cc59673d]
50  /opt/conda/envs/gdf/bin/python(PyRun_SimpleStringFlags+0x3c) [0x5557cc59657c]
51  /opt/conda/envs/gdf/bin/python(Py_RunMain+0x3ba) [0x5557cc59577a]
52  /opt/conda/envs/gdf/bin/python(Py_BytesMain+0x37) [0x5557cc565e97]
53  /usr/lib/x86_64-linux-gnu/libc.so.6(__libc_start_main+0xf3) [0x7f4359ade083]
54  /opt/conda/envs/gdf/bin/python(+0x1bfdae) [0x5557cc565dae]
=================================
2024-10-17 06:34:18,595 - distributed.worker - ERROR - Worker stream died during communication: ucx://127.0.0.1:47405
Traceback (most recent call last):
  File "/opt/conda/envs/gdf/lib/python3.10/site-packages/distributed/comm/ucx.py", line 351, in read
    await self.ep.recv(msg)
  File "/opt/conda/envs/gdf/lib/python3.10/site-packages/ucp/core.py", line 737, in recv
    ret = await comm.tag_recv(self._ep, buffer, nbytes, tag, name=log)
ucp._libs.exceptions.UCXCanceled: <[Recv #003] ep: 0x7fefc13901c0, tag: 0x24c506facaff74d0, nbytes: 16, type: <class 'numpy.ndarray'>>: 

During handling of the above exception, another exception occurred:

Traceback (most recent call last):
  File "/opt/conda/envs/gdf/lib/python3.10/site-packages/distributed/worker.py", line 2056, in gather_dep
    response = await get_data_from_worker(
  File "/opt/conda/envs/gdf/lib/python3.10/site-packages/distributed/worker.py", line 2874, in get_data_from_worker
    response = await send_recv(
  File "/opt/conda/envs/gdf/lib/python3.10/site-packages/distributed/core.py", line 1015, in send_recv
    response = await comm.read(deserializers=deserializers)
  File "/opt/conda/envs/gdf/lib/python3.10/site-packages/distributed/utils.py", line 806, in wrapper
    return await func(*args, **kwargs)
  File "/opt/conda/envs/gdf/lib/python3.10/site-packages/distributed/comm/ucx.py", line 369, in read
    raise CommClosedError(
distributed.comm.core.CommClosedError: Connection closed by writer.
Inner exception: UCXCanceled("<[Recv #003] ep: 0x7fefc13901c0, tag: 0x24c506facaff74d0, nbytes: 16, type: <class 'numpy.ndarray'>>: ")
2024-10-17 06:34:18,596 - distributed.worker - ERROR - failed during get data with ucx://127.0.0.1:55983 -> ucx://127.0.0.1:47405
Traceback (most recent call last):
  File "/opt/conda/envs/gdf/lib/python3.10/site-packages/distributed/comm/ucx.py", line 335, in write
    await self.ep.send(each_frame)
  File "/opt/conda/envs/gdf/lib/python3.10/site-packages/ucp/core.py", line 662, in send
    return await comm.tag_send(self._ep, buffer, nbytes, tag, name=log)
ucp._libs.exceptions.UCXError: <[Send #007] ep: 0x7fefc1390100, tag: 0xebfccc539a6cac85, nbytes: 100000000, type: <class 'cudf.core.buffer.buffer.Buffer'>>: Connection reset by remote peer

During handling of the above exception, another exception occurred:

Traceback (most recent call last):
  File "/opt/conda/envs/gdf/lib/python3.10/site-packages/distributed/worker.py", line 1777, in get_data
    compressed = await comm.write(msg, serializers=serializers)
  File "/opt/conda/envs/gdf/lib/python3.10/site-packages/distributed/utils.py", line 806, in wrapper
    return await func(*args, **kwargs)
  File "/opt/conda/envs/gdf/lib/python3.10/site-packages/distributed/comm/ucx.py", line 339, in write
    raise CommClosedError("While writing, the connection was closed")
distributed.comm.core.CommClosedError: While writing, the connection was closed
2024-10-17 06:34:18,597 - distributed.scheduler - WARNING - Removing worker 'ucx://127.0.0.1:47405' caused the cluster to lose already computed task(s), which will be recomputed elsewhere: {('split-taskshuffle-42c82307b2f5928bce72459b455e28a0', 5, 2), ('split-taskshuffle-42c82307b2f5928bce72459b455e28a0', 0, 2), ('split-taskshuffle-42c82307b2f5928bce72459b455e28a0', 3, 2), ('split-taskshuffle-42c82307b2f5928bce72459b455e28a0', 6, 2), ('split-taskshuffle-42c82307b2f5928bce72459b455e28a0', 1, 2), ('split-taskshuffle-42c82307b2f5928bce72459b455e28a0', 7, 2), ('split-taskshuffle-42c82307b2f5928bce72459b455e28a0', 2, 2), ('generate_chunk-_to_string_dtype-a0180b72cbed01de5a9fb7d9b0e1ee1a', 3), ('split-taskshuffle-42c82307b2f5928bce72459b455e28a0', 4, 2)} (stimulus_id='handle-worker-cleanup-1729146858.5968575')
Task exception was never retrieved
future: <Task finished name='Task-460' coro=<_listener_handler_coroutine() done, defined at /opt/conda/envs/gdf/lib/python3.10/site-packages/ucp/core.py:140> exception=UCXError('<stream_recv>: Connection reset by remote peer')>
Traceback (most recent call last):
  File "/opt/conda/envs/gdf/lib/python3.10/site-packages/ucp/core.py", line 155, in _listener_handler_coroutine
    peer_info = await exchange_peer_info(
  File "/opt/conda/envs/gdf/lib/python3.10/site-packages/ucp/core.py", line 55, in exchange_peer_info
    await asyncio.wait_for(
  File "/opt/conda/envs/gdf/lib/python3.10/asyncio/tasks.py", line 445, in wait_for
    return fut.result()
ucp._libs.exceptions.UCXError: <stream_recv>: Connection reset by remote peer
2024-10-17 06:34:18,606 - distributed.worker - ERROR - Worker stream died during communication: ucx://127.0.0.1:58889
Traceback (most recent call last):
  File "/opt/conda/envs/gdf/lib/python3.10/site-packages/distributed/comm/ucx.py", line 351, in read
    await self.ep.recv(msg)
  File "/opt/conda/envs/gdf/lib/python3.10/site-packages/ucp/core.py", line 737, in recv
    ret = await comm.tag_recv(self._ep, buffer, nbytes, tag, name=log)
ucp._libs.exceptions.UCXCanceled: <[Recv #003] ep: 0x7fefc1390280, tag: 0xb4ef5f9a131c0b25, nbytes: 16, type: <class 'numpy.ndarray'>>: 

During handling of the above exception, another exception occurred:

Traceback (most recent call last):
  File "/opt/conda/envs/gdf/lib/python3.10/site-packages/distributed/worker.py", line 2056, in gather_dep
    response = await get_data_from_worker(
  File "/opt/conda/envs/gdf/lib/python3.10/site-packages/distributed/worker.py", line 2874, in get_data_from_worker
    response = await send_recv(
  File "/opt/conda/envs/gdf/lib/python3.10/site-packages/distributed/core.py", line 1015, in send_recv
    response = await comm.read(deserializers=deserializers)
  File "/opt/conda/envs/gdf/lib/python3.10/site-packages/distributed/utils.py", line 806, in wrapper
    return await func(*args, **kwargs)
  File "/opt/conda/envs/gdf/lib/python3.10/site-packages/distributed/comm/ucx.py", line 369, in read
    raise CommClosedError(
distributed.comm.core.CommClosedError: Connection closed by writer.
Inner exception: UCXCanceled("<[Recv #003] ep: 0x7fefc1390280, tag: 0xb4ef5f9a131c0b25, nbytes: 16, type: <class 'numpy.ndarray'>>: ")
Task exception was never retrieved
future: <Task finished name='Task-467' coro=<_listener_handler_coroutine() done, defined at /opt/conda/envs/gdf/lib/python3.10/site-packages/ucp/core.py:140> exception=UCXError('<stream_send>: Connection reset by remote peer')>
Traceback (most recent call last):
  File "/opt/conda/envs/gdf/lib/python3.10/site-packages/ucp/core.py", line 155, in _listener_handler_coroutine
    peer_info = await exchange_peer_info(
  File "/opt/conda/envs/gdf/lib/python3.10/site-packages/ucp/core.py", line 51, in exchange_peer_info
    await asyncio.wait_for(
  File "/opt/conda/envs/gdf/lib/python3.10/asyncio/tasks.py", line 445, in wait_for
    return fut.result()
ucp._libs.exceptions.UCXError: <stream_send>: Connection reset by remote peer
2024-10-17 06:34:18,607 - distributed.worker - ERROR - Worker stream died during communication: ucx://127.0.0.1:58889
Traceback (most recent call last):
  File "/opt/conda/envs/gdf/lib/python3.10/site-packages/distributed/comm/ucx.py", line 351, in read
    await self.ep.recv(msg)
  File "/opt/conda/envs/gdf/lib/python3.10/site-packages/ucp/core.py", line 737, in recv
    ret = await comm.tag_recv(self._ep, buffer, nbytes, tag, name=log)
ucp._libs.exceptions.UCXCanceled: <[Recv #000] ep: 0x7feb3805d240, tag: 0x2a4cca9596385c77, nbytes: 16, type: <class 'numpy.ndarray'>>: 

During handling of the above exception, another exception occurred:

Traceback (most recent call last):
  File "/opt/conda/envs/gdf/lib/python3.10/site-packages/distributed/worker.py", line 2056, in gather_dep
    response = await get_data_from_worker(
  File "/opt/conda/envs/gdf/lib/python3.10/site-packages/distributed/worker.py", line 2871, in get_data_from_worker
    comm = await rpc.connect(worker)
  File "/opt/conda/envs/gdf/lib/python3.10/site-packages/distributed/core.py", line 1535, in connect
    return connect_attempt.result()
  File "/opt/conda/envs/gdf/lib/python3.10/site-packages/distributed/core.py", line 1425, in _connect
    comm = await connect(
  File "/opt/conda/envs/gdf/lib/python3.10/site-packages/distributed/comm/core.py", line 377, in connect
    handshake = await comm.read()
  File "/opt/conda/envs/gdf/lib/python3.10/site-packages/distributed/utils.py", line 806, in wrapper
    return await func(*args, **kwargs)
  File "/opt/conda/envs/gdf/lib/python3.10/site-packages/distributed/comm/ucx.py", line 369, in read
    raise CommClosedError(
distributed.comm.core.CommClosedError: Connection closed by writer.
Inner exception: UCXCanceled("<[Recv #000] ep: 0x7feb3805d240, tag: 0x2a4cca9596385c77, nbytes: 16, type: <class 'numpy.ndarray'>>: ")
2024-10-17 06:34:18,612 - distributed.worker - ERROR - Worker stream died during communication: ucx://127.0.0.1:47405
Traceback (most recent call last):
  File "/opt/conda/envs/gdf/lib/python3.10/site-packages/distributed/core.py", line 1425, in _connect
    comm = await connect(
  File "/opt/conda/envs/gdf/lib/python3.10/site-packages/distributed/comm/core.py", line 342, in connect
    comm = await wait_for(
  File "/opt/conda/envs/gdf/lib/python3.10/site-packages/distributed/utils.py", line 1926, in wait_for
    return await asyncio.wait_for(fut, timeout)
  File "/opt/conda/envs/gdf/lib/python3.10/asyncio/tasks.py", line 432, in wait_for
    await waiter
asyncio.exceptions.CancelledError

During handling of the above exception, another exception occurred:

Traceback (most recent call last):
  File "/opt/conda/envs/gdf/lib/python3.10/site-packages/distributed/core.py", line 1535, in connect
    return connect_attempt.result()
asyncio.exceptions.CancelledError

During handling of the above exception, another exception occurred:

Traceback (most recent call last):
  File "/opt/conda/envs/gdf/lib/python3.10/site-packages/distributed/worker.py", line 2056, in gather_dep
    response = await get_data_from_worker(
  File "/opt/conda/envs/gdf/lib/python3.10/site-packages/distributed/worker.py", line 2871, in get_data_from_worker
    comm = await rpc.connect(worker)
  File "/opt/conda/envs/gdf/lib/python3.10/site-packages/distributed/core.py", line 1537, in connect
    raise CommClosedError(reason)
distributed.comm.core.CommClosedError: Address removed.
2024-10-17 06:34:18,614 - distributed.scheduler - WARNING - Removing worker 'ucx://127.0.0.1:58889' caused the cluster to lose already computed task(s), which will be recomputed elsewhere: {('split-taskshuffle-42c82307b2f5928bce72459b455e28a0', 7, 3), ('split-taskshuffle-42c82307b2f5928bce72459b455e28a0', 2, 3), ('split-taskshuffle-42c82307b2f5928bce72459b455e28a0', 4, 3), ('split-taskshuffle-42c82307b2f5928bce72459b455e28a0', 5, 3), ('split-taskshuffle-42c82307b2f5928bce72459b455e28a0', 0, 3), ('split-taskshuffle-42c82307b2f5928bce72459b455e28a0', 6, 3), ('split-taskshuffle-42c82307b2f5928bce72459b455e28a0', 1, 3), ('generate_chunk-_to_string_dtype-a0180b72cbed01de5a9fb7d9b0e1ee1a', 0), ('split-taskshuffle-42c82307b2f5928bce72459b455e28a0', 3, 3)} (stimulus_id='handle-worker-cleanup-1729146858.6138568')
2024-10-17 06:34:18,621 - distributed.worker - ERROR - failed during get data with ucx://127.0.0.1:47349 -> ucx://127.0.0.1:58889
Traceback (most recent call last):
  File "/opt/conda/envs/gdf/lib/python3.10/site-packages/distributed/comm/ucx.py", line 335, in write
    await self.ep.send(each_frame)
  File "/opt/conda/envs/gdf/lib/python3.10/site-packages/ucp/core.py", line 662, in send
    return await comm.tag_send(self._ep, buffer, nbytes, tag, name=log)
ucp._libs.exceptions.UCXError: <[Send #007] ep: 0x7f79e2b28100, tag: 0x71e62aa9b888b799, nbytes: 100000000, type: <class 'cudf.core.buffer.buffer.Buffer'>>: Connection reset by remote peer

During handling of the above exception, another exception occurred:

Traceback (most recent call last):
  File "/opt/conda/envs/gdf/lib/python3.10/site-packages/distributed/worker.py", line 1777, in get_data
    compressed = await comm.write(msg, serializers=serializers)
  File "/opt/conda/envs/gdf/lib/python3.10/site-packages/distributed/utils.py", line 806, in wrapper
    return await func(*args, **kwargs)
  File "/opt/conda/envs/gdf/lib/python3.10/site-packages/distributed/comm/ucx.py", line 339, in write
    raise CommClosedError("While writing, the connection was closed")
distributed.comm.core.CommClosedError: While writing, the connection was closed
2024-10-17 06:34:18,623 - distributed.worker - ERROR - Worker stream died during communication: ucx://127.0.0.1:58889
Traceback (most recent call last):
  File "/opt/conda/envs/gdf/lib/python3.10/site-packages/distributed/comm/ucx.py", line 351, in read
    await self.ep.recv(msg)
  File "/opt/conda/envs/gdf/lib/python3.10/site-packages/ucp/core.py", line 737, in recv
    ret = await comm.tag_recv(self._ep, buffer, nbytes, tag, name=log)
ucp._libs.exceptions.UCXCanceled: <[Recv #003] ep: 0x7f79e2b282c0, tag: 0xbf0c6beaac30141b, nbytes: 16, type: <class 'numpy.ndarray'>>: 

During handling of the above exception, another exception occurred:

Traceback (most recent call last):
  File "/opt/conda/envs/gdf/lib/python3.10/site-packages/distributed/worker.py", line 2056, in gather_dep
    response = await get_data_from_worker(
  File "/opt/conda/envs/gdf/lib/python3.10/site-packages/distributed/worker.py", line 2874, in get_data_from_worker
    response = await send_recv(
  File "/opt/conda/envs/gdf/lib/python3.10/site-packages/distributed/core.py", line 1015, in send_recv
    response = await comm.read(deserializers=deserializers)
  File "/opt/conda/envs/gdf/lib/python3.10/site-packages/distributed/utils.py", line 806, in wrapper
    return await func(*args, **kwargs)
  File "/opt/conda/envs/gdf/lib/python3.10/site-packages/distributed/comm/ucx.py", line 369, in read
    raise CommClosedError(
distributed.comm.core.CommClosedError: Connection closed by writer.
Inner exception: UCXCanceled("<[Recv #003] ep: 0x7f79e2b282c0, tag: 0xbf0c6beaac30141b, nbytes: 16, type: <class 'numpy.ndarray'>>: ")
[dgx13:91407:0:91407] Caught signal 11 (Segmentation fault: address not mapped to object at address 0x450)
==== backtrace (tid:  91407) ====
 0  /opt/conda/envs/gdf/lib/libucs.so.0(ucs_handle_error+0x305) [0x7f44a8633fc5]
 1  /opt/conda/envs/gdf/lib/libucs.so.0(+0x2f1c4) [0x7f44a86341c4]
 2  /opt/conda/envs/gdf/lib/libucs.so.0(+0x2f38a) [0x7f44a863438a]
 3  /usr/lib/x86_64-linux-gnu/libpthread.so.0(+0x14420) [0x7f44d713d420]
 4  /opt/conda/envs/gdf/lib/libucp.so.0(ucp_mem_type_unpack+0x1a) [0x7f44a86b9f6a]
 5  /opt/conda/envs/gdf/lib/libucp.so.0(ucp_rndv_data_handler+0x66d) [0x7f44a86e59ed]
 6  /opt/conda/envs/gdf/lib/libuct.so.0(+0x21edf) [0x7f44a85e8edf]
 7  /opt/conda/envs/gdf/lib/libuct.so.0(+0x250f8) [0x7f44a85ec0f8]
 8  /opt/conda/envs/gdf/lib/libucs.so.0(ucs_event_set_wait+0xb9) [0x7f44a863d839]
 9  /opt/conda/envs/gdf/lib/libuct.so.0(uct_tcp_iface_progress+0x7d) [0x7f44a85eb1fd]
10  /opt/conda/envs/gdf/lib/libucp.so.0(ucp_worker_progress+0x5a) [0x7f44a86b6cba]
11  /opt/conda/envs/gdf/lib/python3.10/site-packages/ucp/_libs/ucx_api.cpython-310-x86_64-linux-gnu.so(+0x31d7a) [0x7f44a877ad7a]
12  /opt/conda/envs/gdf/bin/python(_PyEval_EvalFrameDefault+0x2d62) [0x55a732585ce2]
13  /opt/conda/envs/gdf/bin/python(_PyFunction_Vectorcall+0x6c) [0x55a7325930cc]
14  /opt/conda/envs/gdf/bin/python(_PyEval_EvalFrameDefault+0x700) [0x55a732583680]
15  /opt/conda/envs/gdf/bin/python(+0x147764) [0x55a73259e764]
16  /opt/conda/envs/gdf/bin/python(+0x25292c) [0x55a7326a992c]
17  /opt/conda/envs/gdf/bin/python(+0xf7850) [0x55a73254e850]
18  /opt/conda/envs/gdf/bin/python(+0x133703) [0x55a73258a703]
19  /opt/conda/envs/gdf/bin/python(_PyEval_EvalFrameDefault+0x596c) [0x55a7325888ec]
20  /opt/conda/envs/gdf/bin/python(_PyFunction_Vectorcall+0x6c) [0x55a7325930cc]
21  /opt/conda/envs/gdf/bin/python(_PyEval_EvalFrameDefault+0x700) [0x55a732583680]
22  /opt/conda/envs/gdf/bin/python(_PyFunction_Vectorcall+0x6c) [0x55a7325930cc]
23  /opt/conda/envs/gdf/bin/python(_PyEval_EvalFrameDefault+0x700) [0x55a732583680]
24  /opt/conda/envs/gdf/bin/python(_PyFunction_Vectorcall+0x6c) [0x55a7325930cc]
25  /opt/conda/envs/gdf/bin/python(_PyEval_EvalFrameDefault+0x700) [0x55a732583680]
26  /opt/conda/envs/gdf/bin/python(_PyFunction_Vectorcall+0x6c) [0x55a7325930cc]
27  /opt/conda/envs/gdf/bin/python(_PyEval_EvalFrameDefault+0x700) [0x55a732583680]
28  /opt/conda/envs/gdf/bin/python(_PyFunction_Vectorcall+0x6c) [0x55a7325930cc]
29  /opt/conda/envs/gdf/bin/python(_PyEval_EvalFrameDefault+0x133e) [0x55a7325842be]
30  /opt/conda/envs/gdf/bin/python(+0x1474e2) [0x55a73259e4e2]
31  /opt/conda/envs/gdf/bin/python(PyObject_Call+0xbc) [0x55a73259ee7c]
32  /opt/conda/envs/gdf/bin/python(+0x1ff38d) [0x55a73265638d]
33  /opt/conda/envs/gdf/bin/python(_PyObject_MakeTpCall+0x2d3) [0x55a73258bf73]
34  /opt/conda/envs/gdf/bin/python(_PyEval_EvalFrameDefault+0x2d62) [0x55a732585ce2]
35  /opt/conda/envs/gdf/bin/python(+0x147638) [0x55a73259e638]
36  /opt/conda/envs/gdf/bin/python(_PyEval_EvalFrameDefault+0x2d62) [0x55a732585ce2]
37  /opt/conda/envs/gdf/bin/python(_PyFunction_Vectorcall+0x6c) [0x55a7325930cc]
38  /opt/conda/envs/gdf/bin/python(_PyEval_EvalFrameDefault+0x700) [0x55a732583680]
39  /opt/conda/envs/gdf/bin/python(_PyFunction_Vectorcall+0x6c) [0x55a7325930cc]
40  /opt/conda/envs/gdf/bin/python(_PyEval_EvalFrameDefault+0x700) [0x55a732583680]
41  /opt/conda/envs/gdf/bin/python(_PyFunction_Vectorcall+0x6c) [0x55a7325930cc]
42  /opt/conda/envs/gdf/bin/python(_PyEval_EvalFrameDefault+0x30c) [0x55a73258328c]
43  /opt/conda/envs/gdf/bin/python(_PyFunction_Vectorcall+0x6c) [0x55a7325930cc]
44  /opt/conda/envs/gdf/bin/python(_PyEval_EvalFrameDefault+0x133e) [0x55a7325842be]
45  /opt/conda/envs/gdf/bin/python(+0x1cc80c) [0x55a73262380c]
46  /opt/conda/envs/gdf/bin/python(PyEval_EvalCode+0x87) [0x55a732623757]
47  /opt/conda/envs/gdf/bin/python(+0x1fcb1a) [0x55a732653b1a]
48  /opt/conda/envs/gdf/bin/python(+0x1f7fa3) [0x55a73264efa3]
49  /opt/conda/envs/gdf/bin/python(PyRun_StringFlags+0x7d) [0x55a73264773d]
50  /opt/conda/envs/gdf/bin/python(PyRun_SimpleStringFlags+0x3c) [0x55a73264757c]
51  /opt/conda/envs/gdf/bin/python(Py_RunMain+0x3ba) [0x55a73264677a]
52  /opt/conda/envs/gdf/bin/python(Py_BytesMain+0x37) [0x55a732616e97]
53  /usr/lib/x86_64-linux-gnu/libc.so.6(__libc_start_main+0xf3) [0x7f44d6e01083]
54  /opt/conda/envs/gdf/bin/python(+0x1bfdae) [0x55a732616dae]
=================================
2024-10-17 06:34:18,699 - distributed.worker - ERROR - Worker stream died during communication: ucx://127.0.0.1:56061
Traceback (most recent call last):
  File "/opt/conda/envs/gdf/lib/python3.10/site-packages/distributed/comm/ucx.py", line 351, in read
    await self.ep.recv(msg)
  File "/opt/conda/envs/gdf/lib/python3.10/site-packages/ucp/core.py", line 737, in recv
    ret = await comm.tag_recv(self._ep, buffer, nbytes, tag, name=log)
ucp._libs.exceptions.UCXCanceled: <[Recv #000] ep: 0x7fefc1390300, tag: 0xdc86710907921ba, nbytes: 16, type: <class 'numpy.ndarray'>>: 

During handling of the above exception, another exception occurred:

Traceback (most recent call last):
  File "/opt/conda/envs/gdf/lib/python3.10/site-packages/distributed/worker.py", line 2056, in gather_dep
    response = await get_data_from_worker(
  File "/opt/conda/envs/gdf/lib/python3.10/site-packages/distributed/worker.py", line 2871, in get_data_from_worker
    comm = await rpc.connect(worker)
  File "/opt/conda/envs/gdf/lib/python3.10/site-packages/distributed/core.py", line 1535, in connect
    return connect_attempt.result()
  File "/opt/conda/envs/gdf/lib/python3.10/site-packages/distributed/core.py", line 1425, in _connect
    comm = await connect(
  File "/opt/conda/envs/gdf/lib/python3.10/site-packages/distributed/comm/core.py", line 377, in connect
    handshake = await comm.read()
  File "/opt/conda/envs/gdf/lib/python3.10/site-packages/distributed/utils.py", line 806, in wrapper
    return await func(*args, **kwargs)
  File "/opt/conda/envs/gdf/lib/python3.10/site-packages/distributed/comm/ucx.py", line 369, in read
    raise CommClosedError(
distributed.comm.core.CommClosedError: Connection closed by writer.
Inner exception: UCXCanceled("<[Recv #000] ep: 0x7fefc1390300, tag: 0xdc86710907921ba, nbytes: 16, type: <class 'numpy.ndarray'>>: ")
2024-10-17 06:34:18,700 - distributed.worker - ERROR - failed during get data with ucx://127.0.0.1:55983 -> ucx://127.0.0.1:56061
Traceback (most recent call last):
  File "/opt/conda/envs/gdf/lib/python3.10/site-packages/distributed/comm/ucx.py", line 335, in write
    await self.ep.send(each_frame)
  File "/opt/conda/envs/gdf/lib/python3.10/site-packages/ucp/core.py", line 662, in send
    return await comm.tag_send(self._ep, buffer, nbytes, tag, name=log)
ucp._libs.exceptions.UCXError: <[Send #007] ep: 0x7fefc1390140, tag: 0xa2bfbb3c5445505e, nbytes: 100000000, type: <class 'cudf.core.buffer.buffer.Buffer'>>: Connection reset by remote peer

During handling of the above exception, another exception occurred:

Traceback (most recent call last):
  File "/opt/conda/envs/gdf/lib/python3.10/site-packages/distributed/worker.py", line 1777, in get_data
    compressed = await comm.write(msg, serializers=serializers)
  File "/opt/conda/envs/gdf/lib/python3.10/site-packages/distributed/utils.py", line 806, in wrapper
    return await func(*args, **kwargs)
  File "/opt/conda/envs/gdf/lib/python3.10/site-packages/distributed/comm/ucx.py", line 339, in write
    raise CommClosedError("While writing, the connection was closed")
distributed.comm.core.CommClosedError: While writing, the connection was closed
2024-10-17 06:34:18,713 - distributed.scheduler - WARNING - Removing worker 'ucx://127.0.0.1:56061' caused the cluster to lose already computed task(s), which will be recomputed elsewhere: {('split-taskshuffle-42c82307b2f5928bce72459b455e28a0', 3, 6), ('split-taskshuffle-42c82307b2f5928bce72459b455e28a0', 7, 6), ('split-taskshuffle-42c82307b2f5928bce72459b455e28a0', 2, 6), ('generate_chunk-_to_string_dtype-a0180b72cbed01de5a9fb7d9b0e1ee1a', 1), ('split-taskshuffle-42c82307b2f5928bce72459b455e28a0', 4, 6), ('split-taskshuffle-42c82307b2f5928bce72459b455e28a0', 5, 6), ('split-taskshuffle-42c82307b2f5928bce72459b455e28a0', 0, 6), ('split-taskshuffle-42c82307b2f5928bce72459b455e28a0', 6, 6), ('split-taskshuffle-42c82307b2f5928bce72459b455e28a0', 1, 6)} (stimulus_id='handle-worker-cleanup-1729146858.71344')
2024-10-17 06:34:18,729 - distributed.worker - ERROR - failed during get data with ucx://127.0.0.1:47349 -> ucx://127.0.0.1:56061
Traceback (most recent call last):
  File "/opt/conda/envs/gdf/lib/python3.10/site-packages/distributed/comm/ucx.py", line 335, in write
    await self.ep.send(each_frame)
  File "/opt/conda/envs/gdf/lib/python3.10/site-packages/ucp/core.py", line 662, in send
    return await comm.tag_send(self._ep, buffer, nbytes, tag, name=log)
ucp._libs.exceptions.UCXError: <[Send #007] ep: 0x7f79e2b28180, tag: 0x4033031ec995c0c7, nbytes: 100000000, type: <class 'cudf.core.buffer.buffer.Buffer'>>: Connection reset by remote peer

During handling of the above exception, another exception occurred:

Traceback (most recent call last):
  File "/opt/conda/envs/gdf/lib/python3.10/site-packages/distributed/worker.py", line 1777, in get_data
    compressed = await comm.write(msg, serializers=serializers)
  File "/opt/conda/envs/gdf/lib/python3.10/site-packages/distributed/utils.py", line 806, in wrapper
    return await func(*args, **kwargs)
  File "/opt/conda/envs/gdf/lib/python3.10/site-packages/distributed/comm/ucx.py", line 339, in write
    raise CommClosedError("While writing, the connection was closed")
distributed.comm.core.CommClosedError: While writing, the connection was closed
2024-10-17 06:34:18,730 - distributed.worker - ERROR - Worker stream died during communication: ucx://127.0.0.1:56061
Traceback (most recent call last):
  File "/opt/conda/envs/gdf/lib/python3.10/site-packages/distributed/comm/ucx.py", line 351, in read
    await self.ep.recv(msg)
  File "/opt/conda/envs/gdf/lib/python3.10/site-packages/ucp/core.py", line 737, in recv
    ret = await comm.tag_recv(self._ep, buffer, nbytes, tag, name=log)
ucp._libs.exceptions.UCXCanceled: <[Recv #003] ep: 0x7feb3805d2c0, tag: 0x8a118ca55112316e, nbytes: 16, type: <class 'numpy.ndarray'>>: 

During handling of the above exception, another exception occurred:

Traceback (most recent call last):
  File "/opt/conda/envs/gdf/lib/python3.10/site-packages/distributed/worker.py", line 2056, in gather_dep
    response = await get_data_from_worker(
  File "/opt/conda/envs/gdf/lib/python3.10/site-packages/distributed/worker.py", line 2874, in get_data_from_worker
    response = await send_recv(
  File "/opt/conda/envs/gdf/lib/python3.10/site-packages/distributed/core.py", line 1015, in send_recv
    response = await comm.read(deserializers=deserializers)
  File "/opt/conda/envs/gdf/lib/python3.10/site-packages/distributed/utils.py", line 806, in wrapper
    return await func(*args, **kwargs)
  File "/opt/conda/envs/gdf/lib/python3.10/site-packages/distributed/comm/ucx.py", line 369, in read
    raise CommClosedError(
distributed.comm.core.CommClosedError: Connection closed by writer.
Inner exception: UCXCanceled("<[Recv #003] ep: 0x7feb3805d2c0, tag: 0x8a118ca55112316e, nbytes: 16, type: <class 'numpy.ndarray'>>: ")
2024-10-17 06:34:18,733 - distributed.worker - ERROR - Worker stream died during communication: ucx://127.0.0.1:37605
Traceback (most recent call last):
  File "/opt/conda/envs/gdf/lib/python3.10/site-packages/distributed/comm/ucx.py", line 351, in read
    await self.ep.recv(msg)
  File "/opt/conda/envs/gdf/lib/python3.10/site-packages/ucp/core.py", line 737, in recv
    ret = await comm.tag_recv(self._ep, buffer, nbytes, tag, name=log)
ucp._libs.exceptions.UCXCanceled: <[Recv #003] ep: 0x7feb3805d1c0, tag: 0x88fb64c9f9b9dc6a, nbytes: 16, type: <class 'numpy.ndarray'>>: 

During handling of the above exception, another exception occurred:

Traceback (most recent call last):
  File "/opt/conda/envs/gdf/lib/python3.10/site-packages/distributed/worker.py", line 2056, in gather_dep
    response = await get_data_from_worker(
  File "/opt/conda/envs/gdf/lib/python3.10/site-packages/distributed/worker.py", line 2874, in get_data_from_worker
    response = await send_recv(
  File "/opt/conda/envs/gdf/lib/python3.10/site-packages/distributed/core.py", line 1015, in send_recv
    response = await comm.read(deserializers=deserializers)
  File "/opt/conda/envs/gdf/lib/python3.10/site-packages/distributed/utils.py", line 806, in wrapper
    return await func(*args, **kwargs)
  File "/opt/conda/envs/gdf/lib/python3.10/site-packages/distributed/comm/ucx.py", line 369, in read
    raise CommClosedError(
distributed.comm.core.CommClosedError: Connection closed by writer.
Inner exception: UCXCanceled("<[Recv #003] ep: 0x7feb3805d1c0, tag: 0x88fb64c9f9b9dc6a, nbytes: 16, type: <class 'numpy.ndarray'>>: ")
2024-10-17 06:34:18,734 - distributed.worker - ERROR - Worker stream died during communication: ucx://127.0.0.1:56061
Traceback (most recent call last):
  File "/opt/conda/envs/gdf/lib/python3.10/site-packages/distributed/comm/ucx.py", line 351, in read
    await self.ep.recv(msg)
  File "/opt/conda/envs/gdf/lib/python3.10/site-packages/ucp/core.py", line 737, in recv
    ret = await comm.tag_recv(self._ep, buffer, nbytes, tag, name=log)
ucp._libs.exceptions.UCXCanceled: <[Recv #003] ep: 0x7f79e2b28340, tag: 0xe1437c0b911a1ec9, nbytes: 16, type: <class 'numpy.ndarray'>>: 

During handling of the above exception, another exception occurred:

Traceback (most recent call last):
  File "/opt/conda/envs/gdf/lib/python3.10/site-packages/distributed/worker.py", line 2056, in gather_dep
    response = await get_data_from_worker(
  File "/opt/conda/envs/gdf/lib/python3.10/site-packages/distributed/worker.py", line 2874, in get_data_from_worker
    response = await send_recv(
  File "/opt/conda/envs/gdf/lib/python3.10/site-packages/distributed/core.py", line 1015, in send_recv
    response = await comm.read(deserializers=deserializers)
  File "/opt/conda/envs/gdf/lib/python3.10/site-packages/distributed/utils.py", line 806, in wrapper
    return await func(*args, **kwargs)
  File "/opt/conda/envs/gdf/lib/python3.10/site-packages/distributed/comm/ucx.py", line 369, in read
    raise CommClosedError(
distributed.comm.core.CommClosedError: Connection closed by writer.
Inner exception: UCXCanceled("<[Recv #003] ep: 0x7f79e2b28340, tag: 0xe1437c0b911a1ec9, nbytes: 16, type: <class 'numpy.ndarray'>>: ")
2024-10-17 06:34:18,735 - distributed.scheduler - WARNING - Removing worker 'ucx://127.0.0.1:37605' caused the cluster to lose already computed task(s), which will be recomputed elsewhere: {('generate_chunk-_to_string_dtype-a0180b72cbed01de5a9fb7d9b0e1ee1a', 6), ('split-taskshuffle-42c82307b2f5928bce72459b455e28a0', 7, 0), ('split-taskshuffle-42c82307b2f5928bce72459b455e28a0', 2, 0), ('split-taskshuffle-42c82307b2f5928bce72459b455e28a0', 5, 0), ('split-taskshuffle-42c82307b2f5928bce72459b455e28a0', 0, 0), ('split-taskshuffle-42c82307b2f5928bce72459b455e28a0', 6, 0), ('split-taskshuffle-42c82307b2f5928bce72459b455e28a0', 4, 0), ('split-taskshuffle-42c82307b2f5928bce72459b455e28a0', 1, 0), ('split-taskshuffle-42c82307b2f5928bce72459b455e28a0', 3, 0)} (stimulus_id='handle-worker-cleanup-1729146858.7357814')
2024-10-17 06:34:18,739 - distributed.worker - ERROR - failed during get data with ucx://127.0.0.1:47349 -> ucx://127.0.0.1:47405
Traceback (most recent call last):
  File "/opt/conda/envs/gdf/lib/python3.10/site-packages/distributed/comm/ucx.py", line 335, in write
    await self.ep.send(each_frame)
  File "/opt/conda/envs/gdf/lib/python3.10/site-packages/ucp/core.py", line 662, in send
    return await comm.tag_send(self._ep, buffer, nbytes, tag, name=log)
ucp._libs.exceptions.UCXError: <[Send #007] ep: 0x7f79e2b28140, tag: 0x10f9c146775e6273, nbytes: 100000000, type: <class 'cudf.core.buffer.buffer.Buffer'>>: Connection reset by remote peer

During handling of the above exception, another exception occurred:

Traceback (most recent call last):
  File "/opt/conda/envs/gdf/lib/python3.10/site-packages/distributed/worker.py", line 1777, in get_data
    compressed = await comm.write(msg, serializers=serializers)
  File "/opt/conda/envs/gdf/lib/python3.10/site-packages/distributed/utils.py", line 806, in wrapper
    return await func(*args, **kwargs)
  File "/opt/conda/envs/gdf/lib/python3.10/site-packages/distributed/comm/ucx.py", line 339, in write
    raise CommClosedError("While writing, the connection was closed")
distributed.comm.core.CommClosedError: While writing, the connection was closed
2024-10-17 06:34:18,747 - distributed.nanny - WARNING - Restarting worker
2024-10-17 06:34:18,745 - distributed.worker - ERROR - failed during get data with ucx://127.0.0.1:47349 -> ucx://127.0.0.1:37605
Traceback (most recent call last):
  File "/opt/conda/envs/gdf/lib/python3.10/site-packages/distributed/comm/ucx.py", line 335, in write
    await self.ep.send(each_frame)
  File "/opt/conda/envs/gdf/lib/python3.10/site-packages/ucp/core.py", line 662, in send
    return await comm.tag_send(self._ep, buffer, nbytes, tag, name=log)
ucp._libs.exceptions.UCXError: <[Send #008] ep: 0x7f79e2b28240, tag: 0x2ad2586fd7ae7279, nbytes: 100000000, type: <class 'cudf.core.buffer.buffer.Buffer'>>: Connection reset by remote peer

During handling of the above exception, another exception occurred:

Traceback (most recent call last):
  File "/opt/conda/envs/gdf/lib/python3.10/site-packages/distributed/worker.py", line 1777, in get_data
    compressed = await comm.write(msg, serializers=serializers)
  File "/opt/conda/envs/gdf/lib/python3.10/site-packages/distributed/utils.py", line 806, in wrapper
    return await func(*args, **kwargs)
  File "/opt/conda/envs/gdf/lib/python3.10/site-packages/distributed/comm/ucx.py", line 339, in write
    raise CommClosedError("While writing, the connection was closed")
distributed.comm.core.CommClosedError: While writing, the connection was closed
2024-10-17 06:34:18,753 - distributed.nanny - WARNING - Restarting worker
2024-10-17 06:34:18,758 - distributed.worker - ERROR - Worker stream died during communication: ucx://127.0.0.1:37605
Traceback (most recent call last):
  File "/opt/conda/envs/gdf/lib/python3.10/site-packages/distributed/comm/ucx.py", line 351, in read
    await self.ep.recv(msg)
  File "/opt/conda/envs/gdf/lib/python3.10/site-packages/ucp/core.py", line 737, in recv
    ret = await comm.tag_recv(self._ep, buffer, nbytes, tag, name=log)
ucp._libs.exceptions.UCXCanceled: <[Recv #003] ep: 0x7f79e2b28300, tag: 0x294f5b65454a3b79, nbytes: 16, type: <class 'numpy.ndarray'>>: 

During handling of the above exception, another exception occurred:

Traceback (most recent call last):
  File "/opt/conda/envs/gdf/lib/python3.10/site-packages/distributed/worker.py", line 2056, in gather_dep
    response = await get_data_from_worker(
  File "/opt/conda/envs/gdf/lib/python3.10/site-packages/distributed/worker.py", line 2874, in get_data_from_worker
    response = await send_recv(
  File "/opt/conda/envs/gdf/lib/python3.10/site-packages/distributed/core.py", line 1015, in send_recv
    response = await comm.read(deserializers=deserializers)
  File "/opt/conda/envs/gdf/lib/python3.10/site-packages/distributed/utils.py", line 806, in wrapper
    return await func(*args, **kwargs)
  File "/opt/conda/envs/gdf/lib/python3.10/site-packages/distributed/comm/ucx.py", line 369, in read
    raise CommClosedError(
distributed.comm.core.CommClosedError: Connection closed by writer.
Inner exception: UCXCanceled("<[Recv #003] ep: 0x7f79e2b28300, tag: 0x294f5b65454a3b79, nbytes: 16, type: <class 'numpy.ndarray'>>: ")
2024-10-17 06:34:18,837 - distributed.nanny - WARNING - Restarting worker
2024-10-17 06:34:18,896 - distributed.nanny - WARNING - Restarting worker
2024-10-17 06:34:18,919 - distributed.worker - ERROR - failed during get data with ucx://127.0.0.1:55983 -> ucx://127.0.0.1:35143
Traceback (most recent call last):
  File "/opt/conda/envs/gdf/lib/python3.10/site-packages/distributed/comm/ucx.py", line 335, in write
    await self.ep.send(each_frame)
  File "/opt/conda/envs/gdf/lib/python3.10/site-packages/ucp/core.py", line 662, in send
    return await comm.tag_send(self._ep, buffer, nbytes, tag, name=log)
ucp._libs.exceptions.UCXError: <[Send #007] ep: 0x7fefc13903c0, tag: 0xb76e720eab647a72, nbytes: 100000000, type: <class 'cudf.core.buffer.buffer.Buffer'>>: Connection reset by remote peer

During handling of the above exception, another exception occurred:

Traceback (most recent call last):
  File "/opt/conda/envs/gdf/lib/python3.10/site-packages/distributed/worker.py", line 1777, in get_data
    compressed = await comm.write(msg, serializers=serializers)
  File "/opt/conda/envs/gdf/lib/python3.10/site-packages/distributed/utils.py", line 806, in wrapper
    return await func(*args, **kwargs)
  File "/opt/conda/envs/gdf/lib/python3.10/site-packages/distributed/comm/ucx.py", line 339, in write
    raise CommClosedError("While writing, the connection was closed")
distributed.comm.core.CommClosedError: While writing, the connection was closed
2024-10-17 06:34:18,920 - distributed.scheduler - WARNING - Removing worker 'ucx://127.0.0.1:35143' caused the cluster to lose already computed task(s), which will be recomputed elsewhere: {('split-taskshuffle-42c82307b2f5928bce72459b455e28a0', 7, 7), ('split-taskshuffle-42c82307b2f5928bce72459b455e28a0', 2, 7), ('split-taskshuffle-42c82307b2f5928bce72459b455e28a0', 6, 7), ('split-taskshuffle-42c82307b2f5928bce72459b455e28a0', 4, 7), ('split-taskshuffle-42c82307b2f5928bce72459b455e28a0', 1, 7), ('split-taskshuffle-42c82307b2f5928bce72459b455e28a0', 5, 7), ('split-taskshuffle-42c82307b2f5928bce72459b455e28a0', 0, 7), ('split-taskshuffle-42c82307b2f5928bce72459b455e28a0', 3, 7), ('generate_chunk-_to_string_dtype-a0180b72cbed01de5a9fb7d9b0e1ee1a', 7)} (stimulus_id='handle-worker-cleanup-1729146858.9200354')
2024-10-17 06:34:18,920 - distributed.worker - ERROR - Worker stream died during communication: ucx://127.0.0.1:35143
Traceback (most recent call last):
  File "/opt/conda/envs/gdf/lib/python3.10/site-packages/distributed/comm/ucx.py", line 351, in read
    await self.ep.recv(msg)
  File "/opt/conda/envs/gdf/lib/python3.10/site-packages/ucp/core.py", line 737, in recv
    ret = await comm.tag_recv(self._ep, buffer, nbytes, tag, name=log)
ucp._libs.exceptions.UCXCanceled: <[Recv #003] ep: 0x7fefc1390240, tag: 0x751589446294d24, nbytes: 16, type: <class 'numpy.ndarray'>>: 

During handling of the above exception, another exception occurred:

Traceback (most recent call last):
  File "/opt/conda/envs/gdf/lib/python3.10/site-packages/distributed/worker.py", line 2056, in gather_dep
    response = await get_data_from_worker(
  File "/opt/conda/envs/gdf/lib/python3.10/site-packages/distributed/worker.py", line 2874, in get_data_from_worker
    response = await send_recv(
  File "/opt/conda/envs/gdf/lib/python3.10/site-packages/distributed/core.py", line 1015, in send_recv
    response = await comm.read(deserializers=deserializers)
  File "/opt/conda/envs/gdf/lib/python3.10/site-packages/distributed/utils.py", line 806, in wrapper
    return await func(*args, **kwargs)
  File "/opt/conda/envs/gdf/lib/python3.10/site-packages/distributed/comm/ucx.py", line 369, in read
    raise CommClosedError(
distributed.comm.core.CommClosedError: Connection closed by writer.
Inner exception: UCXCanceled("<[Recv #003] ep: 0x7fefc1390240, tag: 0x751589446294d24, nbytes: 16, type: <class 'numpy.ndarray'>>: ")
2024-10-17 06:34:18,926 - distributed.worker - ERROR - failed during get data with ucx://127.0.0.1:47349 -> ucx://127.0.0.1:35143
Traceback (most recent call last):
  File "/opt/conda/envs/gdf/lib/python3.10/site-packages/distributed/comm/ucx.py", line 335, in write
    await self.ep.send(each_frame)
  File "/opt/conda/envs/gdf/lib/python3.10/site-packages/ucp/core.py", line 662, in send
    return await comm.tag_send(self._ep, buffer, nbytes, tag, name=log)
ucp._libs.exceptions.UCXError: <[Send #009] ep: 0x7f79e2b28280, tag: 0x3a46eda37a7d4333, nbytes: 100000000, type: <class 'cudf.core.buffer.buffer.Buffer'>>: Connection reset by remote peer

During handling of the above exception, another exception occurred:

Traceback (most recent call last):
  File "/opt/conda/envs/gdf/lib/python3.10/site-packages/distributed/worker.py", line 1777, in get_data
    compressed = await comm.write(msg, serializers=serializers)
  File "/opt/conda/envs/gdf/lib/python3.10/site-packages/distributed/utils.py", line 806, in wrapper
    return await func(*args, **kwargs)
  File "/opt/conda/envs/gdf/lib/python3.10/site-packages/distributed/comm/ucx.py", line 339, in write
    raise CommClosedError("While writing, the connection was closed")
distributed.comm.core.CommClosedError: While writing, the connection was closed
2024-10-17 06:34:18,933 - distributed.worker - ERROR - Worker stream died during communication: ucx://127.0.0.1:35143
Traceback (most recent call last):
  File "/opt/conda/envs/gdf/lib/python3.10/site-packages/distributed/comm/ucx.py", line 393, in read
    await self.ep.recv(each_frame)
  File "/opt/conda/envs/gdf/lib/python3.10/site-packages/ucp/core.py", line 737, in recv
    ret = await comm.tag_recv(self._ep, buffer, nbytes, tag, name=log)
ucp._libs.exceptions.UCXCanceled: <[Recv #009] ep: 0x7f79e2b28380, tag: 0x16097fff207df5de, nbytes: 100000000, type: <class 'rmm._lib.device_buffer.DeviceBuffer'>>: 

During handling of the above exception, another exception occurred:

Traceback (most recent call last):
  File "/opt/conda/envs/gdf/lib/python3.10/site-packages/distributed/worker.py", line 2056, in gather_dep
    response = await get_data_from_worker(
  File "/opt/conda/envs/gdf/lib/python3.10/site-packages/distributed/worker.py", line 2874, in get_data_from_worker
    response = await send_recv(
  File "/opt/conda/envs/gdf/lib/python3.10/site-packages/distributed/core.py", line 1015, in send_recv
    response = await comm.read(deserializers=deserializers)
  File "/opt/conda/envs/gdf/lib/python3.10/site-packages/distributed/utils.py", line 806, in wrapper
    return await func(*args, **kwargs)
  File "/opt/conda/envs/gdf/lib/python3.10/site-packages/distributed/comm/ucx.py", line 399, in read
    raise CommClosedError(
distributed.comm.core.CommClosedError: Connection closed by writer.
Inner exception: UCXCanceled("<[Recv #009] ep: 0x7f79e2b28380, tag: 0x16097fff207df5de, nbytes: 100000000, type: <class 'rmm._lib.device_buffer.DeviceBuffer'>>: ")
2024-10-17 06:34:18,936 - distributed.worker - ERROR - failed during get data with ucx://127.0.0.1:46733 -> ucx://127.0.0.1:35143
Traceback (most recent call last):
  File "/opt/conda/envs/gdf/lib/python3.10/site-packages/distributed/comm/ucx.py", line 335, in write
    await self.ep.send(each_frame)
  File "/opt/conda/envs/gdf/lib/python3.10/site-packages/ucp/core.py", line 662, in send
    return await comm.tag_send(self._ep, buffer, nbytes, tag, name=log)
ucp._libs.exceptions.UCXError: <[Send #007] ep: 0x7feb3805d3c0, tag: 0x8587152555a9c189, nbytes: 100000000, type: <class 'cudf.core.buffer.buffer.Buffer'>>: Connection reset by remote peer

During handling of the above exception, another exception occurred:

Traceback (most recent call last):
  File "/opt/conda/envs/gdf/lib/python3.10/site-packages/distributed/worker.py", line 1777, in get_data
    compressed = await comm.write(msg, serializers=serializers)
  File "/opt/conda/envs/gdf/lib/python3.10/site-packages/distributed/utils.py", line 806, in wrapper
    return await func(*args, **kwargs)
  File "/opt/conda/envs/gdf/lib/python3.10/site-packages/distributed/comm/ucx.py", line 339, in write
    raise CommClosedError("While writing, the connection was closed")
distributed.comm.core.CommClosedError: While writing, the connection was closed
2024-10-17 06:34:18,936 - distributed.worker - ERROR - Worker stream died during communication: ucx://127.0.0.1:35143
Traceback (most recent call last):
  File "/opt/conda/envs/gdf/lib/python3.10/site-packages/distributed/comm/ucx.py", line 393, in read
    await self.ep.recv(each_frame)
  File "/opt/conda/envs/gdf/lib/python3.10/site-packages/ucp/core.py", line 737, in recv
    ret = await comm.tag_recv(self._ep, buffer, nbytes, tag, name=log)
ucp._libs.exceptions.UCXError: <[Recv #007] ep: 0x7feb3805d200, tag: 0x7f3ccf5f593215bf, nbytes: 100000000, type: <class 'rmm._lib.device_buffer.DeviceBuffer'>>: Connection reset by remote peer

During handling of the above exception, another exception occurred:

Traceback (most recent call last):
  File "/opt/conda/envs/gdf/lib/python3.10/site-packages/distributed/worker.py", line 2056, in gather_dep
    response = await get_data_from_worker(
  File "/opt/conda/envs/gdf/lib/python3.10/site-packages/distributed/worker.py", line 2874, in get_data_from_worker
    response = await send_recv(
  File "/opt/conda/envs/gdf/lib/python3.10/site-packages/distributed/core.py", line 1015, in send_recv
    response = await comm.read(deserializers=deserializers)
  File "/opt/conda/envs/gdf/lib/python3.10/site-packages/distributed/utils.py", line 806, in wrapper
    return await func(*args, **kwargs)
  File "/opt/conda/envs/gdf/lib/python3.10/site-packages/distributed/comm/ucx.py", line 399, in read
    raise CommClosedError(
distributed.comm.core.CommClosedError: Connection closed by writer.
Inner exception: UCXError("<[Recv #007] ep: 0x7feb3805d200, tag: 0x7f3ccf5f593215bf, nbytes: 100000000, type: <class 'rmm._lib.device_buffer.DeviceBuffer'>>: Connection reset by remote peer")
2024-10-17 06:34:18,937 - distributed.worker - ERROR - failed during get data with ucx://127.0.0.1:46733 -> ucx://127.0.0.1:37605
Traceback (most recent call last):
  File "/opt/conda/envs/gdf/lib/python3.10/site-packages/distributed/comm/ucx.py", line 335, in write
    await self.ep.send(each_frame)
  File "/opt/conda/envs/gdf/lib/python3.10/site-packages/ucp/core.py", line 662, in send
    return await comm.tag_send(self._ep, buffer, nbytes, tag, name=log)
ucp._libs.exceptions.UCXError: <[Send #007] ep: 0x7feb3805d380, tag: 0x3c684d197593c24b, nbytes: 100000000, type: <class 'cudf.core.buffer.buffer.Buffer'>>: Connection reset by remote peer

During handling of the above exception, another exception occurred:

Traceback (most recent call last):
  File "/opt/conda/envs/gdf/lib/python3.10/site-packages/distributed/worker.py", line 1777, in get_data
    compressed = await comm.write(msg, serializers=serializers)
  File "/opt/conda/envs/gdf/lib/python3.10/site-packages/distributed/utils.py", line 806, in wrapper
    return await func(*args, **kwargs)
  File "/opt/conda/envs/gdf/lib/python3.10/site-packages/distributed/comm/ucx.py", line 339, in write
    raise CommClosedError("While writing, the connection was closed")
distributed.comm.core.CommClosedError: While writing, the connection was closed
2024-10-17 06:34:19,042 - distributed.nanny - WARNING - Restarting worker
[dgx13:91627:0:91627] Caught signal 11 (Segmentation fault: address not mapped to object at address 0x450)
==== backtrace (tid:  91627) ====
 0  /opt/conda/envs/gdf/lib/libucs.so.0(ucs_handle_error+0x305) [0x7f0ed181dfc5]
 1  /opt/conda/envs/gdf/lib/libucs.so.0(+0x2f1c4) [0x7f0ed181e1c4]
 2  /opt/conda/envs/gdf/lib/libucs.so.0(+0x2f38a) [0x7f0ed181e38a]
 3  /usr/lib/x86_64-linux-gnu/libpthread.so.0(+0x14420) [0x7f0f1212e420]
 4  /opt/conda/envs/gdf/lib/libucp.so.0(ucp_mem_type_unpack+0x1a) [0x7f0ed18a3f6a]
 5  /opt/conda/envs/gdf/lib/libucp.so.0(ucp_rndv_data_handler+0x66d) [0x7f0ed18cf9ed]
 6  /opt/conda/envs/gdf/lib/libuct.so.0(+0x21edf) [0x7f0ed17d2edf]
 7  /opt/conda/envs/gdf/lib/libuct.so.0(+0x250f8) [0x7f0ed17d60f8]
 8  /opt/conda/envs/gdf/lib/libucs.so.0(ucs_event_set_wait+0xb9) [0x7f0ed1827839]
 9  /opt/conda/envs/gdf/lib/libuct.so.0(uct_tcp_iface_progress+0x7d) [0x7f0ed17d51fd]
10  /opt/conda/envs/gdf/lib/libucp.so.0(ucp_worker_progress+0x5a) [0x7f0ed18a0cba]
11  /opt/conda/envs/gdf/lib/python3.10/site-packages/ucp/_libs/ucx_api.cpython-310-x86_64-linux-gnu.so(+0x31d7a) [0x7f0ed1964d7a]
12  /opt/conda/envs/gdf/bin/python(_PyEval_EvalFrameDefault+0x2d62) [0x55a5b2055ce2]
13  /opt/conda/envs/gdf/bin/python(_PyFunction_Vectorcall+0x6c) [0x55a5b20630cc]
14  /opt/conda/envs/gdf/bin/python(_PyEval_EvalFrameDefault+0x700) [0x55a5b2053680]
15  /opt/conda/envs/gdf/bin/python(+0x147764) [0x55a5b206e764]
16  /opt/conda/envs/gdf/bin/python(+0x25292c) [0x55a5b217992c]
17  /opt/conda/envs/gdf/bin/python(+0xf7850) [0x55a5b201e850]
18  /opt/conda/envs/gdf/bin/python(+0x133703) [0x55a5b205a703]
19  /opt/conda/envs/gdf/bin/python(_PyEval_EvalFrameDefault+0x596c) [0x55a5b20588ec]
20  /opt/conda/envs/gdf/bin/python(_PyFunction_Vectorcall+0x6c) [0x55a5b20630cc]
21  /opt/conda/envs/gdf/bin/python(_PyEval_EvalFrameDefault+0x700) [0x55a5b2053680]
22  /opt/conda/envs/gdf/bin/python(_PyFunction_Vectorcall+0x6c) [0x55a5b20630cc]
23  /opt/conda/envs/gdf/bin/python(_PyEval_EvalFrameDefault+0x700) [0x55a5b2053680]
24  /opt/conda/envs/gdf/bin/python(_PyFunction_Vectorcall+0x6c) [0x55a5b20630cc]
25  /opt/conda/envs/gdf/bin/python(_PyEval_EvalFrameDefault+0x700) [0x55a5b2053680]
26  /opt/conda/envs/gdf/bin/python(_PyFunction_Vectorcall+0x6c) [0x55a5b20630cc]
27  /opt/conda/envs/gdf/bin/python(_PyEval_EvalFrameDefault+0x700) [0x55a5b2053680]
28  /opt/conda/envs/gdf/bin/python(_PyFunction_Vectorcall+0x6c) [0x55a5b20630cc]
29  /opt/conda/envs/gdf/bin/python(_PyEval_EvalFrameDefault+0x133e) [0x55a5b20542be]
30  /opt/conda/envs/gdf/bin/python(+0x1474e2) [0x55a5b206e4e2]
31  /opt/conda/envs/gdf/bin/python(PyObject_Call+0xbc) [0x55a5b206ee7c]
32  /opt/conda/envs/gdf/bin/python(+0x1ff38d) [0x55a5b212638d]
33  /opt/conda/envs/gdf/bin/python(_PyObject_MakeTpCall+0x2d3) [0x55a5b205bf73]
34  /opt/conda/envs/gdf/bin/python(_PyEval_EvalFrameDefault+0x2d62) [0x55a5b2055ce2]
35  /opt/conda/envs/gdf/bin/python(+0x147638) [0x55a5b206e638]
36  /opt/conda/envs/gdf/bin/python(_PyEval_EvalFrameDefault+0x2d62) [0x55a5b2055ce2]
37  /opt/conda/envs/gdf/bin/python(_PyFunction_Vectorcall+0x6c) [0x55a5b20630cc]
38  /opt/conda/envs/gdf/bin/python(_PyEval_EvalFrameDefault+0x700) [0x55a5b2053680]
39  /opt/conda/envs/gdf/bin/python(_PyFunction_Vectorcall+0x6c) [0x55a5b20630cc]
40  /opt/conda/envs/gdf/bin/python(_PyEval_EvalFrameDefault+0x700) [0x55a5b2053680]
41  /opt/conda/envs/gdf/bin/python(_PyFunction_Vectorcall+0x6c) [0x55a5b20630cc]
42  /opt/conda/envs/gdf/bin/python(_PyEval_EvalFrameDefault+0x30c) [0x55a5b205328c]
43  /opt/conda/envs/gdf/bin/python(_PyFunction_Vectorcall+0x6c) [0x55a5b20630cc]
44  /opt/conda/envs/gdf/bin/python(_PyEval_EvalFrameDefault+0x133e) [0x55a5b20542be]
45  /opt/conda/envs/gdf/bin/python(+0x1cc80c) [0x55a5b20f380c]
46  /opt/conda/envs/gdf/bin/python(PyEval_EvalCode+0x87) [0x55a5b20f3757]
47  /opt/conda/envs/gdf/bin/python(+0x1fcb1a) [0x55a5b2123b1a]
48  /opt/conda/envs/gdf/bin/python(+0x1f7fa3) [0x55a5b211efa3]
49  /opt/conda/envs/gdf/bin/python(PyRun_StringFlags+0x7d) [0x55a5b211773d]
50  /opt/conda/envs/gdf/bin/python(PyRun_SimpleStringFlags+0x3c) [0x55a5b211757c]
51  /opt/conda/envs/gdf/bin/python(Py_RunMain+0x3ba) [0x55a5b211677a]
52  /opt/conda/envs/gdf/bin/python(Py_BytesMain+0x37) [0x55a5b20e6e97]
53  /usr/lib/x86_64-linux-gnu/libc.so.6(__libc_start_main+0xf3) [0x7f0f11df2083]
54  /opt/conda/envs/gdf/bin/python(+0x1bfdae) [0x55a5b20e6dae]
=================================
Task exception was never retrieved
future: <Task finished name='Task-1706' coro=<_listener_handler_coroutine() done, defined at /opt/conda/envs/gdf/lib/python3.10/site-packages/ucp/core.py:140> exception=UCXError('<stream_send>: Connection reset by remote peer')>
Traceback (most recent call last):
  File "/opt/conda/envs/gdf/lib/python3.10/site-packages/ucp/core.py", line 155, in _listener_handler_coroutine
    peer_info = await exchange_peer_info(
  File "/opt/conda/envs/gdf/lib/python3.10/site-packages/ucp/core.py", line 51, in exchange_peer_info
    await asyncio.wait_for(
  File "/opt/conda/envs/gdf/lib/python3.10/asyncio/tasks.py", line 445, in wait_for
    return fut.result()
ucp._libs.exceptions.UCXError: <stream_send>: Connection reset by remote peer
2024-10-17 06:34:23,470 - distributed.worker - ERROR - failed during get data with ucx://127.0.0.1:46733 -> ucx://127.0.0.1:33481
Traceback (most recent call last):
  File "/opt/conda/envs/gdf/lib/python3.10/site-packages/distributed/comm/ucx.py", line 335, in write
    await self.ep.send(each_frame)
  File "/opt/conda/envs/gdf/lib/python3.10/site-packages/ucp/core.py", line 662, in send
    return await comm.tag_send(self._ep, buffer, nbytes, tag, name=log)
ucp._libs.exceptions.UCXError: <[Send #007] ep: 0x7feb3805d380, tag: 0x74bb8715560375ec, nbytes: 100029784, type: <class 'cudf.core.buffer.buffer.Buffer'>>: Connection reset by remote peer

During handling of the above exception, another exception occurred:

Traceback (most recent call last):
  File "/opt/conda/envs/gdf/lib/python3.10/site-packages/distributed/worker.py", line 1777, in get_data
    compressed = await comm.write(msg, serializers=serializers)
  File "/opt/conda/envs/gdf/lib/python3.10/site-packages/distributed/utils.py", line 806, in wrapper
    return await func(*args, **kwargs)
  File "/opt/conda/envs/gdf/lib/python3.10/site-packages/distributed/comm/ucx.py", line 339, in write
    raise CommClosedError("While writing, the connection was closed")
distributed.comm.core.CommClosedError: While writing, the connection was closed
2024-10-17 06:34:23,509 - distributed.nanny - WARNING - Restarting worker
[1729146864.178626] [dgx13:91403:0]            sock.c:334  UCX  ERROR   connect(fd=123, dest_addr=127.0.0.1:59385) failed: Connection refused
Task exception was never retrieved
future: <Task finished name='Task-1372' coro=<_listener_handler_coroutine() done, defined at /opt/conda/envs/gdf/lib/python3.10/site-packages/ucp/core.py:140> exception=UCXError('Destination is unreachable')>
Traceback (most recent call last):
  File "/opt/conda/envs/gdf/lib/python3.10/site-packages/ucp/core.py", line 147, in _listener_handler_coroutine
    endpoint = ucx_api.UCXEndpoint.create_from_conn_request(
  File "ucp/_libs/ucx_endpoint.pyx", line 315, in ucp._libs.ucx_api.UCXEndpoint.create_from_conn_request
  File "ucp/_libs/ucx_endpoint.pyx", line 231, in ucp._libs.ucx_api.UCXEndpoint.__init__
  File "ucp/_libs/utils.pyx", line 107, in ucp._libs.ucx_api.assert_ucs_status
ucp._libs.exceptions.UCXError: Destination is unreachable
[dgx13:91642:0:91642] Caught signal 11 (Segmentation fault: address not mapped to object at address 0x450)
==== backtrace (tid:  91642) ====
 0  /opt/conda/envs/gdf/lib/libucs.so.0(ucs_handle_error+0x305) [0x7f8220cc0fc5]
 1  /opt/conda/envs/gdf/lib/libucs.so.0(+0x2f1c4) [0x7f8220cc11c4]
 2  /opt/conda/envs/gdf/lib/libucs.so.0(+0x2f38a) [0x7f8220cc138a]
 3  /usr/lib/x86_64-linux-gnu/libpthread.so.0(+0x14420) [0x7f824f7bf420]
 4  /opt/conda/envs/gdf/lib/libucp.so.0(ucp_mem_type_unpack+0x1a) [0x7f8220d46f6a]
 5  /opt/conda/envs/gdf/lib/libucp.so.0(ucp_rndv_data_handler+0x66d) [0x7f8220d729ed]
 6  /opt/conda/envs/gdf/lib/libuct.so.0(+0x21edf) [0x7f8220c75edf]
 7  /opt/conda/envs/gdf/lib/libuct.so.0(+0x250f8) [0x7f8220c790f8]
 8  /opt/conda/envs/gdf/lib/libucs.so.0(ucs_event_set_wait+0xb9) [0x7f8220cca839]
 9  /opt/conda/envs/gdf/lib/libuct.so.0(uct_tcp_iface_progress+0x7d) [0x7f8220c781fd]
10  /opt/conda/envs/gdf/lib/libucp.so.0(ucp_worker_progress+0x5a) [0x7f8220d43cba]
11  /opt/conda/envs/gdf/lib/python3.10/site-packages/ucp/_libs/ucx_api.cpython-310-x86_64-linux-gnu.so(+0x31d7a) [0x7f8220e07d7a]
12  /opt/conda/envs/gdf/bin/python(_PyEval_EvalFrameDefault+0x2d62) [0x55e8f29edce2]
13  /opt/conda/envs/gdf/bin/python(_PyFunction_Vectorcall+0x6c) [0x55e8f29fb0cc]
14  /opt/conda/envs/gdf/bin/python(_PyEval_EvalFrameDefault+0x700) [0x55e8f29eb680]
15  /opt/conda/envs/gdf/bin/python(+0x1d6029) [0x55e8f2a95029]
16  /opt/conda/envs/gdf/lib/python3.10/lib-dynload/_asyncio.cpython-310-x86_64-linux-gnu.so(+0x7782) [0x7f823d2dd782]
17  /opt/conda/envs/gdf/bin/python(_PyObject_MakeTpCall+0x2d3) [0x55e8f29f3f73]
18  /opt/conda/envs/gdf/bin/python(+0xf7850) [0x55e8f29b6850]
19  /opt/conda/envs/gdf/bin/python(+0x133703) [0x55e8f29f2703]
20  /opt/conda/envs/gdf/bin/python(_PyEval_EvalFrameDefault+0x596c) [0x55e8f29f08ec]
21  /opt/conda/envs/gdf/bin/python(_PyFunction_Vectorcall+0x6c) [0x55e8f29fb0cc]
22  /opt/conda/envs/gdf/bin/python(_PyEval_EvalFrameDefault+0x700) [0x55e8f29eb680]
23  /opt/conda/envs/gdf/bin/python(_PyFunction_Vectorcall+0x6c) [0x55e8f29fb0cc]
24  /opt/conda/envs/gdf/bin/python(_PyEval_EvalFrameDefault+0x700) [0x55e8f29eb680]
25  /opt/conda/envs/gdf/bin/python(_PyFunction_Vectorcall+0x6c) [0x55e8f29fb0cc]
26  /opt/conda/envs/gdf/bin/python(_PyEval_EvalFrameDefault+0x700) [0x55e8f29eb680]
27  /opt/conda/envs/gdf/bin/python(_PyFunction_Vectorcall+0x6c) [0x55e8f29fb0cc]
28  /opt/conda/envs/gdf/bin/python(_PyEval_EvalFrameDefault+0x700) [0x55e8f29eb680]
29  /opt/conda/envs/gdf/bin/python(_PyFunction_Vectorcall+0x6c) [0x55e8f29fb0cc]
30  /opt/conda/envs/gdf/bin/python(_PyEval_EvalFrameDefault+0x133e) [0x55e8f29ec2be]
31  /opt/conda/envs/gdf/bin/python(+0x1474e2) [0x55e8f2a064e2]
32  /opt/conda/envs/gdf/bin/python(PyObject_Call+0xbc) [0x55e8f2a06e7c]
33  /opt/conda/envs/gdf/bin/python(+0x1ff38d) [0x55e8f2abe38d]
34  /opt/conda/envs/gdf/bin/python(_PyObject_MakeTpCall+0x2d3) [0x55e8f29f3f73]
35  /opt/conda/envs/gdf/bin/python(_PyEval_EvalFrameDefault+0x2d62) [0x55e8f29edce2]
36  /opt/conda/envs/gdf/bin/python(+0x147638) [0x55e8f2a06638]
37  /opt/conda/envs/gdf/bin/python(_PyEval_EvalFrameDefault+0x2d62) [0x55e8f29edce2]
38  /opt/conda/envs/gdf/bin/python(_PyFunction_Vectorcall+0x6c) [0x55e8f29fb0cc]
39  /opt/conda/envs/gdf/bin/python(_PyEval_EvalFrameDefault+0x700) [0x55e8f29eb680]
40  /opt/conda/envs/gdf/bin/python(_PyFunction_Vectorcall+0x6c) [0x55e8f29fb0cc]
41  /opt/conda/envs/gdf/bin/python(_PyEval_EvalFrameDefault+0x700) [0x55e8f29eb680]
42  /opt/conda/envs/gdf/bin/python(_PyFunction_Vectorcall+0x6c) [0x55e8f29fb0cc]
43  /opt/conda/envs/gdf/bin/python(_PyEval_EvalFrameDefault+0x30c) [0x55e8f29eb28c]
44  /opt/conda/envs/gdf/bin/python(_PyFunction_Vectorcall+0x6c) [0x55e8f29fb0cc]
45  /opt/conda/envs/gdf/bin/python(_PyEval_EvalFrameDefault+0x133e) [0x55e8f29ec2be]
46  /opt/conda/envs/gdf/bin/python(+0x1cc80c) [0x55e8f2a8b80c]
47  /opt/conda/envs/gdf/bin/python(PyEval_EvalCode+0x87) [0x55e8f2a8b757]
48  /opt/conda/envs/gdf/bin/python(+0x1fcb1a) [0x55e8f2abbb1a]
49  /opt/conda/envs/gdf/bin/python(+0x1f7fa3) [0x55e8f2ab6fa3]
50  /opt/conda/envs/gdf/bin/python(PyRun_StringFlags+0x7d) [0x55e8f2aaf73d]
51  /opt/conda/envs/gdf/bin/python(PyRun_SimpleStringFlags+0x3c) [0x55e8f2aaf57c]
52  /opt/conda/envs/gdf/bin/python(Py_RunMain+0x3ba) [0x55e8f2aae77a]
53  /opt/conda/envs/gdf/bin/python(Py_BytesMain+0x37) [0x55e8f2a7ee97]
54  /usr/lib/x86_64-linux-gnu/libc.so.6(__libc_start_main+0xf3) [0x7f824f483083]
55  /opt/conda/envs/gdf/bin/python(+0x1bfdae) [0x55e8f2a7edae]
=================================
[dgx13:91623:0:91623] Caught signal 11 (Segmentation fault: address not mapped to object at address 0x450)
==== backtrace (tid:  91623) ====
 0  /opt/conda/envs/gdf/lib/libucs.so.0(ucs_handle_error+0x305) [0x7f06d1dacfc5]
 1  /opt/conda/envs/gdf/lib/libucs.so.0(+0x2f1c4) [0x7f06d1dad1c4]
 2  /opt/conda/envs/gdf/lib/libucs.so.0(+0x2f38a) [0x7f06d1dad38a]
 3  /usr/lib/x86_64-linux-gnu/libpthread.so.0(+0x14420) [0x7f07148d3420]
 4  /opt/conda/envs/gdf/lib/libucp.so.0(ucp_mem_type_unpack+0x1a) [0x7f06d1e32f6a]
 5  /opt/conda/envs/gdf/lib/libucp.so.0(ucp_rndv_data_handler+0x66d) [0x7f06d1e5e9ed]
 6  /opt/conda/envs/gdf/lib/libuct.so.0(+0x21edf) [0x7f06d1d61edf]
 7  /opt/conda/envs/gdf/lib/libuct.so.0(+0x250f8) [0x7f06d1d650f8]
 8  /opt/conda/envs/gdf/lib/libucs.so.0(ucs_event_set_wait+0xb9) [0x7f06d1db6839]
 9  /opt/conda/envs/gdf/lib/libuct.so.0(uct_tcp_iface_progress+0x7d) [0x7f06d1d641fd]
10  /opt/conda/envs/gdf/lib/libucp.so.0(ucp_worker_progress+0x5a) [0x7f06d1e2fcba]
11  /opt/conda/envs/gdf/lib/python3.10/site-packages/ucp/_libs/ucx_api.cpython-310-x86_64-linux-gnu.so(+0x31d7a) [0x7f06d1ef3d7a]
12  /opt/conda/envs/gdf/bin/python(_PyEval_EvalFrameDefault+0x2d62) [0x55a004ce2ce2]
13  /opt/conda/envs/gdf/bin/python(_PyFunction_Vectorcall+0x6c) [0x55a004cf00cc]
14  /opt/conda/envs/gdf/bin/python(_PyEval_EvalFrameDefault+0x700) [0x55a004ce0680]
15  /opt/conda/envs/gdf/bin/python(+0x147764) [0x55a004cfb764]
16  /opt/conda/envs/gdf/bin/python(+0x25292c) [0x55a004e0692c]
17  /opt/conda/envs/gdf/bin/python(+0xf7850) [0x55a004cab850]
18  /opt/conda/envs/gdf/bin/python(+0x133703) [0x55a004ce7703]
19  /opt/conda/envs/gdf/bin/python(_PyEval_EvalFrameDefault+0x596c) [0x55a004ce58ec]
20  /opt/conda/envs/gdf/bin/python(_PyFunction_Vectorcall+0x6c) [0x55a004cf00cc]
21  /opt/conda/envs/gdf/bin/python(_PyEval_EvalFrameDefault+0x700) [0x55a004ce0680]
22  /opt/conda/envs/gdf/bin/python(_PyFunction_Vectorcall+0x6c) [0x55a004cf00cc]
23  /opt/conda/envs/gdf/bin/python(_PyEval_EvalFrameDefault+0x700) [0x55a004ce0680]
24  /opt/conda/envs/gdf/bin/python(_PyFunction_Vectorcall+0x6c) [0x55a004cf00cc]
25  /opt/conda/envs/gdf/bin/python(_PyEval_EvalFrameDefault+0x700) [0x55a004ce0680]
26  /opt/conda/envs/gdf/bin/python(_PyFunction_Vectorcall+0x6c) [0x55a004cf00cc]
27  /opt/conda/envs/gdf/bin/python(_PyEval_EvalFrameDefault+0x700) [0x55a004ce0680]
28  /opt/conda/envs/gdf/bin/python(_PyFunction_Vectorcall+0x6c) [0x55a004cf00cc]
29  /opt/conda/envs/gdf/bin/python(_PyEval_EvalFrameDefault+0x133e) [0x55a004ce12be]
30  /opt/conda/envs/gdf/bin/python(+0x1474e2) [0x55a004cfb4e2]
31  /opt/conda/envs/gdf/bin/python(PyObject_Call+0xbc) [0x55a004cfbe7c]
32  /opt/conda/envs/gdf/bin/python(+0x1ff38d) [0x55a004db338d]
33  /opt/conda/envs/gdf/bin/python(_PyObject_MakeTpCall+0x2d3) [0x55a004ce8f73]
34  /opt/conda/envs/gdf/bin/python(_PyEval_EvalFrameDefault+0x2d62) [0x55a004ce2ce2]
35  /opt/conda/envs/gdf/bin/python(+0x147638) [0x55a004cfb638]
36  /opt/conda/envs/gdf/bin/python(_PyEval_EvalFrameDefault+0x2d62) [0x55a004ce2ce2]
37  /opt/conda/envs/gdf/bin/python(_PyFunction_Vectorcall+0x6c) [0x55a004cf00cc]
38  /opt/conda/envs/gdf/bin/python(_PyEval_EvalFrameDefault+0x700) [0x55a004ce0680]
39  /opt/conda/envs/gdf/bin/python(_PyFunction_Vectorcall+0x6c) [0x55a004cf00cc]
40  /opt/conda/envs/gdf/bin/python(_PyEval_EvalFrameDefault+0x700) [0x55a004ce0680]
41  /opt/conda/envs/gdf/bin/python(_PyFunction_Vectorcall+0x6c) [0x55a004cf00cc]
42  /opt/conda/envs/gdf/bin/python(_PyEval_EvalFrameDefault+0x30c) [0x55a004ce028c]
43  /opt/conda/envs/gdf/bin/python(_PyFunction_Vectorcall+0x6c) [0x55a004cf00cc]
44  /opt/conda/envs/gdf/bin/python(_PyEval_EvalFrameDefault+0x133e) [0x55a004ce12be]
45  /opt/conda/envs/gdf/bin/python(+0x1cc80c) [0x55a004d8080c]
46  /opt/conda/envs/gdf/bin/python(PyEval_EvalCode+0x87) [0x55a004d80757]
47  /opt/conda/envs/gdf/bin/python(+0x1fcb1a) [0x55a004db0b1a]
48  /opt/conda/envs/gdf/bin/python(+0x1f7fa3) [0x55a004dabfa3]
49  /opt/conda/envs/gdf/bin/python(PyRun_StringFlags+0x7d) [0x55a004da473d]
50  /opt/conda/envs/gdf/bin/python(PyRun_SimpleStringFlags+0x3c) [0x55a004da457c]
51  /opt/conda/envs/gdf/bin/python(Py_RunMain+0x3ba) [0x55a004da377a]
52  /opt/conda/envs/gdf/bin/python(Py_BytesMain+0x37) [0x55a004d73e97]
53  /usr/lib/x86_64-linux-gnu/libc.so.6(__libc_start_main+0xf3) [0x7f0714597083]
54  /opt/conda/envs/gdf/bin/python(+0x1bfdae) [0x55a004d73dae]
=================================
[dgx13:91631:0:91631] Caught signal 11 (Segmentation fault: address not mapped to object at address 0x450)
==== backtrace (tid:  91631) ====
 0  /opt/conda/envs/gdf/lib/libucs.so.0(ucs_handle_error+0x305) [0x7f06ac85dfc5]
 1  /opt/conda/envs/gdf/lib/libucs.so.0(+0x2f1c4) [0x7f06ac85e1c4]
 2  /opt/conda/envs/gdf/lib/libucs.so.0(+0x2f38a) [0x7f06ac85e38a]
 3  /usr/lib/x86_64-linux-gnu/libpthread.so.0(+0x14420) [0x7f06e9361420]
 4  /opt/conda/envs/gdf/lib/libucp.so.0(ucp_mem_type_unpack+0x1a) [0x7f06ac8e3f6a]
 5  /opt/conda/envs/gdf/lib/libucp.so.0(ucp_rndv_data_handler+0x66d) [0x7f06ac90f9ed]
 6  /opt/conda/envs/gdf/lib/libuct.so.0(+0x21edf) [0x7f06ac812edf]
 7  /opt/conda/envs/gdf/lib/libuct.so.0(+0x250f8) [0x7f06ac8160f8]
 8  /opt/conda/envs/gdf/lib/libucs.so.0(ucs_event_set_wait+0xb9) [0x7f06ac867839]
 9  /opt/conda/envs/gdf/lib/libuct.so.0(uct_tcp_iface_progress+0x7d) [0x7f06ac8151fd]
10  /opt/conda/envs/gdf/lib/libucp.so.0(ucp_worker_progress+0x5a) [0x7f06ac8e0cba]
11  /opt/conda/envs/gdf/lib/python3.10/site-packages/ucp/_libs/ucx_api.cpython-310-x86_64-linux-gnu.so(+0x31d7a) [0x7f06ac9a4d7a]
12  /opt/conda/envs/gdf/bin/python(_PyEval_EvalFrameDefault+0x2d62) [0x555c52ec4ce2]
13  /opt/conda/envs/gdf/bin/python(_PyFunction_Vectorcall+0x6c) [0x555c52ed20cc]
14  /opt/conda/envs/gdf/bin/python(_PyEval_EvalFrameDefault+0x700) [0x555c52ec2680]
15  /opt/conda/envs/gdf/bin/python(+0x1d6029) [0x555c52f6c029]
16  /opt/conda/envs/gdf/lib/python3.10/lib-dynload/_asyncio.cpython-310-x86_64-linux-gnu.so(+0x7782) [0x7f06d6e81782]
17  /opt/conda/envs/gdf/bin/python(_PyObject_MakeTpCall+0x2d3) [0x555c52ecaf73]
18  /opt/conda/envs/gdf/bin/python(+0xf7850) [0x555c52e8d850]
19  /opt/conda/envs/gdf/bin/python(+0x133703) [0x555c52ec9703]
20  /opt/conda/envs/gdf/bin/python(_PyEval_EvalFrameDefault+0x596c) [0x555c52ec78ec]
21  /opt/conda/envs/gdf/bin/python(_PyFunction_Vectorcall+0x6c) [0x555c52ed20cc]
22  /opt/conda/envs/gdf/bin/python(_PyEval_EvalFrameDefault+0x700) [0x555c52ec2680]
23  /opt/conda/envs/gdf/bin/python(_PyFunction_Vectorcall+0x6c) [0x555c52ed20cc]
24  /opt/conda/envs/gdf/bin/python(_PyEval_EvalFrameDefault+0x700) [0x555c52ec2680]
25  /opt/conda/envs/gdf/bin/python(_PyFunction_Vectorcall+0x6c) [0x555c52ed20cc]
26  /opt/conda/envs/gdf/bin/python(_PyEval_EvalFrameDefault+0x700) [0x555c52ec2680]
27  /opt/conda/envs/gdf/bin/python(_PyFunction_Vectorcall+0x6c) [0x555c52ed20cc]
28  /opt/conda/envs/gdf/bin/python(_PyEval_EvalFrameDefault+0x700) [0x555c52ec2680]
29  /opt/conda/envs/gdf/bin/python(_PyFunction_Vectorcall+0x6c) [0x555c52ed20cc]
30  /opt/conda/envs/gdf/bin/python(_PyEval_EvalFrameDefault+0x133e) [0x555c52ec32be]
31  /opt/conda/envs/gdf/bin/python(+0x1474e2) [0x555c52edd4e2]
32  /opt/conda/envs/gdf/bin/python(PyObject_Call+0xbc) [0x555c52edde7c]
33  /opt/conda/envs/gdf/bin/python(+0x1ff38d) [0x555c52f9538d]
34  /opt/conda/envs/gdf/bin/python(_PyObject_MakeTpCall+0x2d3) [0x555c52ecaf73]
35  /opt/conda/envs/gdf/bin/python(_PyEval_EvalFrameDefault+0x2d62) [0x555c52ec4ce2]
36  /opt/conda/envs/gdf/bin/python(+0x147638) [0x555c52edd638]
37  /opt/conda/envs/gdf/bin/python(_PyEval_EvalFrameDefault+0x2d62) [0x555c52ec4ce2]
38  /opt/conda/envs/gdf/bin/python(_PyFunction_Vectorcall+0x6c) [0x555c52ed20cc]
39  /opt/conda/envs/gdf/bin/python(_PyEval_EvalFrameDefault+0x700) [0x555c52ec2680]
40  /opt/conda/envs/gdf/bin/python(_PyFunction_Vectorcall+0x6c) [0x555c52ed20cc]
41  /opt/conda/envs/gdf/bin/python(_PyEval_EvalFrameDefault+0x700) [0x555c52ec2680]
42  /opt/conda/envs/gdf/bin/python(_PyFunction_Vectorcall+0x6c) [0x555c52ed20cc]
43  /opt/conda/envs/gdf/bin/python(_PyEval_EvalFrameDefault+0x30c) [0x555c52ec228c]
44  /opt/conda/envs/gdf/bin/python(_PyFunction_Vectorcall+0x6c) [0x555c52ed20cc]
45  /opt/conda/envs/gdf/bin/python(_PyEval_EvalFrameDefault+0x133e) [0x555c52ec32be]
46  /opt/conda/envs/gdf/bin/python(+0x1cc80c) [0x555c52f6280c]
47  /opt/conda/envs/gdf/bin/python(PyEval_EvalCode+0x87) [0x555c52f62757]
48  /opt/conda/envs/gdf/bin/python(+0x1fcb1a) [0x555c52f92b1a]
49  /opt/conda/envs/gdf/bin/python(+0x1f7fa3) [0x555c52f8dfa3]
50  /opt/conda/envs/gdf/bin/python(PyRun_StringFlags+0x7d) [0x555c52f8673d]
51  /opt/conda/envs/gdf/bin/python(PyRun_SimpleStringFlags+0x3c) [0x555c52f8657c]
52  /opt/conda/envs/gdf/bin/python(Py_RunMain+0x3ba) [0x555c52f8577a]
53  /opt/conda/envs/gdf/bin/python(Py_BytesMain+0x37) [0x555c52f55e97]
54  /usr/lib/x86_64-linux-gnu/libc.so.6(__libc_start_main+0xf3) [0x7f06e9025083]
55  /opt/conda/envs/gdf/bin/python(+0x1bfdae) [0x555c52f55dae]
=================================
2024-10-17 06:34:24,473 - distributed.comm.ucx - ERROR - std::bad_alloc: out_of_memory: RMM failure at:/opt/conda/envs/gdf/include/rmm/mr/device/pool_memory_resource.hpp:277: Maximum pool size exceeded
Traceback (most recent call last):
  File "/opt/conda/envs/gdf/lib/python3.10/site-packages/distributed/utils.py", line 806, in wrapper
    return await func(*args, **kwargs)
  File "/opt/conda/envs/gdf/lib/python3.10/site-packages/distributed/comm/ucx.py", line 374, in read
    frames = [
  File "/opt/conda/envs/gdf/lib/python3.10/site-packages/distributed/comm/ucx.py", line 375, in <listcomp>
    device_array(each_size) if is_cuda else host_array(each_size)
  File "/opt/conda/envs/gdf/lib/python3.10/site-packages/distributed/comm/ucx.py", line 168, in device_array
    return rmm.DeviceBuffer(size=n)
  File "device_buffer.pyx", line 96, in rmm._lib.device_buffer.DeviceBuffer.__cinit__
MemoryError: std::bad_alloc: out_of_memory: RMM failure at:/opt/conda/envs/gdf/include/rmm/mr/device/pool_memory_resource.hpp:277: Maximum pool size exceeded
2024-10-17 06:34:24,473 - distributed.worker - ERROR - std::bad_alloc: out_of_memory: RMM failure at:/opt/conda/envs/gdf/include/rmm/mr/device/pool_memory_resource.hpp:277: Maximum pool size exceeded
Traceback (most recent call last):
  File "/opt/conda/envs/gdf/lib/python3.10/site-packages/distributed/worker.py", line 2056, in gather_dep
    response = await get_data_from_worker(
  File "/opt/conda/envs/gdf/lib/python3.10/site-packages/distributed/worker.py", line 2874, in get_data_from_worker
    response = await send_recv(
  File "/opt/conda/envs/gdf/lib/python3.10/site-packages/distributed/core.py", line 1015, in send_recv
    response = await comm.read(deserializers=deserializers)
  File "/opt/conda/envs/gdf/lib/python3.10/site-packages/distributed/utils.py", line 806, in wrapper
    return await func(*args, **kwargs)
  File "/opt/conda/envs/gdf/lib/python3.10/site-packages/distributed/comm/ucx.py", line 374, in read
    frames = [
  File "/opt/conda/envs/gdf/lib/python3.10/site-packages/distributed/comm/ucx.py", line 375, in <listcomp>
    device_array(each_size) if is_cuda else host_array(each_size)
  File "/opt/conda/envs/gdf/lib/python3.10/site-packages/distributed/comm/ucx.py", line 168, in device_array
    return rmm.DeviceBuffer(size=n)
  File "device_buffer.pyx", line 96, in rmm._lib.device_buffer.DeviceBuffer.__cinit__
MemoryError: std::bad_alloc: out_of_memory: RMM failure at:/opt/conda/envs/gdf/include/rmm/mr/device/pool_memory_resource.hpp:277: Maximum pool size exceeded
2024-10-17 06:34:24,516 - distributed.comm.ucx - ERROR - std::bad_alloc: out_of_memory: RMM failure at:/opt/conda/envs/gdf/include/rmm/mr/device/pool_memory_resource.hpp:277: Maximum pool size exceeded
Traceback (most recent call last):
  File "/opt/conda/envs/gdf/lib/python3.10/site-packages/distributed/utils.py", line 806, in wrapper
    return await func(*args, **kwargs)
  File "/opt/conda/envs/gdf/lib/python3.10/site-packages/distributed/comm/ucx.py", line 374, in read
    frames = [
  File "/opt/conda/envs/gdf/lib/python3.10/site-packages/distributed/comm/ucx.py", line 375, in <listcomp>
    device_array(each_size) if is_cuda else host_array(each_size)
  File "/opt/conda/envs/gdf/lib/python3.10/site-packages/distributed/comm/ucx.py", line 168, in device_array
    return rmm.DeviceBuffer(size=n)
  File "device_buffer.pyx", line 96, in rmm._lib.device_buffer.DeviceBuffer.__cinit__
MemoryError: std::bad_alloc: out_of_memory: RMM failure at:/opt/conda/envs/gdf/include/rmm/mr/device/pool_memory_resource.hpp:277: Maximum pool size exceeded
2024-10-17 06:34:24,517 - distributed.worker - ERROR - std::bad_alloc: out_of_memory: RMM failure at:/opt/conda/envs/gdf/include/rmm/mr/device/pool_memory_resource.hpp:277: Maximum pool size exceeded
Traceback (most recent call last):
  File "/opt/conda/envs/gdf/lib/python3.10/site-packages/distributed/worker.py", line 2056, in gather_dep
    response = await get_data_from_worker(
  File "/opt/conda/envs/gdf/lib/python3.10/site-packages/distributed/worker.py", line 2874, in get_data_from_worker
    response = await send_recv(
  File "/opt/conda/envs/gdf/lib/python3.10/site-packages/distributed/core.py", line 1015, in send_recv
    response = await comm.read(deserializers=deserializers)
  File "/opt/conda/envs/gdf/lib/python3.10/site-packages/distributed/utils.py", line 806, in wrapper
    return await func(*args, **kwargs)
  File "/opt/conda/envs/gdf/lib/python3.10/site-packages/distributed/comm/ucx.py", line 374, in read
    frames = [
  File "/opt/conda/envs/gdf/lib/python3.10/site-packages/distributed/comm/ucx.py", line 375, in <listcomp>
    device_array(each_size) if is_cuda else host_array(each_size)
  File "/opt/conda/envs/gdf/lib/python3.10/site-packages/distributed/comm/ucx.py", line 168, in device_array
    return rmm.DeviceBuffer(size=n)
  File "device_buffer.pyx", line 96, in rmm._lib.device_buffer.DeviceBuffer.__cinit__
MemoryError: std::bad_alloc: out_of_memory: RMM failure at:/opt/conda/envs/gdf/include/rmm/mr/device/pool_memory_resource.hpp:277: Maximum pool size exceeded
2024-10-17 06:34:24,596 - distributed.nanny - WARNING - Restarting worker
2024-10-17 06:34:24,625 - distributed.nanny - WARNING - Restarting worker
2024-10-17 06:34:24,676 - distributed.worker - ERROR - tuple indices must be integers or slices, not str
Traceback (most recent call last):
  File "/opt/conda/envs/gdf/lib/python3.10/site-packages/distributed/worker.py", line 2056, in gather_dep
    response = await get_data_from_worker(
  File "/opt/conda/envs/gdf/lib/python3.10/site-packages/distributed/worker.py", line 2883, in get_data_from_worker
    status = response["status"]
TypeError: tuple indices must be integers or slices, not str
2024-10-17 06:34:24,682 - distributed.worker - ERROR - Worker stream died during communication: ucx://127.0.0.1:47349
Traceback (most recent call last):
  File "/opt/conda/envs/gdf/lib/python3.10/site-packages/distributed/comm/ucx.py", line 361, in read
    await self.ep.recv(header)
  File "/opt/conda/envs/gdf/lib/python3.10/site-packages/ucp/core.py", line 737, in recv
    ret = await comm.tag_recv(self._ep, buffer, nbytes, tag, name=log)
ucp._libs.exceptions.UCXError: <[Recv #088] ep: 0x7feb3805d140, tag: 0xe69d559e14c53b53, nbytes: 384, type: <class 'numpy.ndarray'>>: Message truncated

During handling of the above exception, another exception occurred:

Traceback (most recent call last):
  File "/opt/conda/envs/gdf/lib/python3.10/site-packages/distributed/worker.py", line 2056, in gather_dep
    response = await get_data_from_worker(
  File "/opt/conda/envs/gdf/lib/python3.10/site-packages/distributed/worker.py", line 2874, in get_data_from_worker
    response = await send_recv(
  File "/opt/conda/envs/gdf/lib/python3.10/site-packages/distributed/core.py", line 1015, in send_recv
    response = await comm.read(deserializers=deserializers)
  File "/opt/conda/envs/gdf/lib/python3.10/site-packages/distributed/utils.py", line 806, in wrapper
    return await func(*args, **kwargs)
  File "/opt/conda/envs/gdf/lib/python3.10/site-packages/distributed/comm/ucx.py", line 369, in read
    raise CommClosedError(
distributed.comm.core.CommClosedError: Connection closed by writer.
Inner exception: UCXError("<[Recv #088] ep: 0x7feb3805d140, tag: 0xe69d559e14c53b53, nbytes: 384, type: <class 'numpy.ndarray'>>: Message truncated")
Task exception was never retrieved
future: <Task finished name='Task-2578' coro=<_listener_handler_coroutine() done, defined at /opt/conda/envs/gdf/lib/python3.10/site-packages/ucp/core.py:140> exception=UCXError('<stream_send>: Connection reset by remote peer')>
Traceback (most recent call last):
  File "/opt/conda/envs/gdf/lib/python3.10/site-packages/ucp/core.py", line 155, in _listener_handler_coroutine
    peer_info = await exchange_peer_info(
  File "/opt/conda/envs/gdf/lib/python3.10/site-packages/ucp/core.py", line 51, in exchange_peer_info
    await asyncio.wait_for(
  File "/opt/conda/envs/gdf/lib/python3.10/asyncio/tasks.py", line 445, in wait_for
    return fut.result()
ucp._libs.exceptions.UCXError: <stream_send>: Connection reset by remote peer
2024-10-17 06:34:24,688 - distributed.worker - ERROR - failed during get data with ucx://127.0.0.1:47349 -> ucx://127.0.0.1:34575
Traceback (most recent call last):
  File "/opt/conda/envs/gdf/lib/python3.10/site-packages/distributed/comm/ucx.py", line 335, in write
    await self.ep.send(each_frame)
  File "/opt/conda/envs/gdf/lib/python3.10/site-packages/ucp/core.py", line 662, in send
    return await comm.tag_send(self._ep, buffer, nbytes, tag, name=log)
ucp._libs.exceptions.UCXError: <[Send #007] ep: 0x7f79e2b28140, tag: 0xa3142f29d5706cec, nbytes: 99997936, type: <class 'cudf.core.buffer.buffer.Buffer'>>: Connection reset by remote peer

During handling of the above exception, another exception occurred:

Traceback (most recent call last):
  File "/opt/conda/envs/gdf/lib/python3.10/site-packages/distributed/worker.py", line 1777, in get_data
    compressed = await comm.write(msg, serializers=serializers)
  File "/opt/conda/envs/gdf/lib/python3.10/site-packages/distributed/utils.py", line 806, in wrapper
    return await func(*args, **kwargs)
  File "/opt/conda/envs/gdf/lib/python3.10/site-packages/distributed/comm/ucx.py", line 339, in write
    raise CommClosedError("While writing, the connection was closed")
distributed.comm.core.CommClosedError: While writing, the connection was closed
Task exception was never retrieved
future: <Task finished name='Task-6334' coro=<_listener_handler_coroutine() done, defined at /opt/conda/envs/gdf/lib/python3.10/site-packages/ucp/core.py:140> exception=UCXError('<stream_send>: Connection reset by remote peer')>
Traceback (most recent call last):
  File "/opt/conda/envs/gdf/lib/python3.10/site-packages/ucp/core.py", line 155, in _listener_handler_coroutine
    peer_info = await exchange_peer_info(
  File "/opt/conda/envs/gdf/lib/python3.10/site-packages/ucp/core.py", line 51, in exchange_peer_info
    await asyncio.wait_for(
  File "/opt/conda/envs/gdf/lib/python3.10/asyncio/tasks.py", line 445, in wait_for
    return fut.result()
ucp._libs.exceptions.UCXError: <stream_send>: Connection reset by remote peer
2024-10-17 06:34:24,689 - distributed.worker - ERROR - failed during get data with ucx://127.0.0.1:47349 -> ucx://127.0.0.1:54655
Traceback (most recent call last):
  File "/opt/conda/envs/gdf/lib/python3.10/site-packages/distributed/comm/ucx.py", line 335, in write
    await self.ep.send(each_frame)
  File "/opt/conda/envs/gdf/lib/python3.10/site-packages/ucp/core.py", line 662, in send
    return await comm.tag_send(self._ep, buffer, nbytes, tag, name=log)
ucp._libs.exceptions.UCXError: <[Send #007] ep: 0x7f79e2b28240, tag: 0xfd6f54cb5fbf6689, nbytes: 100007528, type: <class 'cudf.core.buffer.buffer.Buffer'>>: Connection reset by remote peer

During handling of the above exception, another exception occurred:

Traceback (most recent call last):
  File "/opt/conda/envs/gdf/lib/python3.10/site-packages/distributed/worker.py", line 1777, in get_data
    compressed = await comm.write(msg, serializers=serializers)
  File "/opt/conda/envs/gdf/lib/python3.10/site-packages/distributed/utils.py", line 806, in wrapper
    return await func(*args, **kwargs)
  File "/opt/conda/envs/gdf/lib/python3.10/site-packages/distributed/comm/ucx.py", line 339, in write
    raise CommClosedError("While writing, the connection was closed")
distributed.comm.core.CommClosedError: While writing, the connection was closed
2024-10-17 06:34:24,733 - distributed.nanny - WARNING - Restarting worker
2024-10-17 06:34:24,799 - distributed.worker - ERROR - failed during get data with ucx://127.0.0.1:55983 -> ucx://127.0.0.1:49323
Traceback (most recent call last):
  File "/opt/conda/envs/gdf/lib/python3.10/site-packages/distributed/comm/ucx.py", line 335, in write
    await self.ep.send(each_frame)
  File "/opt/conda/envs/gdf/lib/python3.10/site-packages/ucp/core.py", line 662, in send
    return await comm.tag_send(self._ep, buffer, nbytes, tag, name=log)
ucp._libs.exceptions.UCXError: <[Send #007] ep: 0x7fefc13903c0, tag: 0x9b806fa35010fc04, nbytes: 100012696, type: <class 'cudf.core.buffer.buffer.Buffer'>>: Connection reset by remote peer

During handling of the above exception, another exception occurred:

Traceback (most recent call last):
  File "/opt/conda/envs/gdf/lib/python3.10/site-packages/distributed/worker.py", line 1777, in get_data
    compressed = await comm.write(msg, serializers=serializers)
  File "/opt/conda/envs/gdf/lib/python3.10/site-packages/distributed/utils.py", line 806, in wrapper
    return await func(*args, **kwargs)
  File "/opt/conda/envs/gdf/lib/python3.10/site-packages/distributed/comm/ucx.py", line 339, in write
    raise CommClosedError("While writing, the connection was closed")
distributed.comm.core.CommClosedError: While writing, the connection was closed
2024-10-17 06:34:24,800 - distributed.worker - ERROR - failed during get data with ucx://127.0.0.1:55983 -> ucx://127.0.0.1:54655
Traceback (most recent call last):
  File "/opt/conda/envs/gdf/lib/python3.10/site-packages/distributed/comm/ucx.py", line 335, in write
    await self.ep.send(each_frame)
  File "/opt/conda/envs/gdf/lib/python3.10/site-packages/ucp/core.py", line 662, in send
    return await comm.tag_send(self._ep, buffer, nbytes, tag, name=log)
ucp._libs.exceptions.UCXError: <[Send #007] ep: 0x7fefc1390440, tag: 0x6f2bc9d6c38482c1, nbytes: 100007360, type: <class 'cudf.core.buffer.buffer.Buffer'>>: Connection reset by remote peer

During handling of the above exception, another exception occurred:

Traceback (most recent call last):
  File "/opt/conda/envs/gdf/lib/python3.10/site-packages/distributed/worker.py", line 1777, in get_data
    compressed = await comm.write(msg, serializers=serializers)
  File "/opt/conda/envs/gdf/lib/python3.10/site-packages/distributed/utils.py", line 806, in wrapper
    return await func(*args, **kwargs)
  File "/opt/conda/envs/gdf/lib/python3.10/site-packages/distributed/comm/ucx.py", line 339, in write
    raise CommClosedError("While writing, the connection was closed")
distributed.comm.core.CommClosedError: While writing, the connection was closed
2024-10-17 06:34:24,926 - distributed.comm.ucx - ERROR - std::bad_alloc: out_of_memory: RMM failure at:/opt/conda/envs/gdf/include/rmm/mr/device/pool_memory_resource.hpp:277: Maximum pool size exceeded
Traceback (most recent call last):
  File "/opt/conda/envs/gdf/lib/python3.10/site-packages/distributed/utils.py", line 806, in wrapper
    return await func(*args, **kwargs)
  File "/opt/conda/envs/gdf/lib/python3.10/site-packages/distributed/comm/ucx.py", line 374, in read
    frames = [
  File "/opt/conda/envs/gdf/lib/python3.10/site-packages/distributed/comm/ucx.py", line 375, in <listcomp>
    device_array(each_size) if is_cuda else host_array(each_size)
  File "/opt/conda/envs/gdf/lib/python3.10/site-packages/distributed/comm/ucx.py", line 168, in device_array
    return rmm.DeviceBuffer(size=n)
  File "device_buffer.pyx", line 96, in rmm._lib.device_buffer.DeviceBuffer.__cinit__
MemoryError: std::bad_alloc: out_of_memory: RMM failure at:/opt/conda/envs/gdf/include/rmm/mr/device/pool_memory_resource.hpp:277: Maximum pool size exceeded
2024-10-17 06:34:24,927 - distributed.worker - ERROR - std::bad_alloc: out_of_memory: RMM failure at:/opt/conda/envs/gdf/include/rmm/mr/device/pool_memory_resource.hpp:277: Maximum pool size exceeded
Traceback (most recent call last):
  File "/opt/conda/envs/gdf/lib/python3.10/site-packages/distributed/worker.py", line 2056, in gather_dep
    response = await get_data_from_worker(
  File "/opt/conda/envs/gdf/lib/python3.10/site-packages/distributed/worker.py", line 2874, in get_data_from_worker
    response = await send_recv(
  File "/opt/conda/envs/gdf/lib/python3.10/site-packages/distributed/core.py", line 1015, in send_recv
    response = await comm.read(deserializers=deserializers)
  File "/opt/conda/envs/gdf/lib/python3.10/site-packages/distributed/utils.py", line 806, in wrapper
    return await func(*args, **kwargs)
  File "/opt/conda/envs/gdf/lib/python3.10/site-packages/distributed/comm/ucx.py", line 374, in read
    frames = [
  File "/opt/conda/envs/gdf/lib/python3.10/site-packages/distributed/comm/ucx.py", line 375, in <listcomp>
    device_array(each_size) if is_cuda else host_array(each_size)
  File "/opt/conda/envs/gdf/lib/python3.10/site-packages/distributed/comm/ucx.py", line 168, in device_array
    return rmm.DeviceBuffer(size=n)
  File "device_buffer.pyx", line 96, in rmm._lib.device_buffer.DeviceBuffer.__cinit__
MemoryError: std::bad_alloc: out_of_memory: RMM failure at:/opt/conda/envs/gdf/include/rmm/mr/device/pool_memory_resource.hpp:277: Maximum pool size exceeded
2024-10-17 06:34:24,929 - distributed.comm.ucx - ERROR - not enough values to unpack (expected 2, got 0)
Traceback (most recent call last):
  File "/opt/conda/envs/gdf/lib/python3.10/site-packages/distributed/utils.py", line 806, in wrapper
    return await func(*args, **kwargs)
  File "/opt/conda/envs/gdf/lib/python3.10/site-packages/distributed/comm/ucx.py", line 378, in read
    cuda_recv_frames, recv_frames = zip(
ValueError: not enough values to unpack (expected 2, got 0)
2024-10-17 06:34:24,930 - distributed.worker - ERROR - not enough values to unpack (expected 2, got 0)
Traceback (most recent call last):
  File "/opt/conda/envs/gdf/lib/python3.10/site-packages/distributed/worker.py", line 2056, in gather_dep
    response = await get_data_from_worker(
  File "/opt/conda/envs/gdf/lib/python3.10/site-packages/distributed/worker.py", line 2874, in get_data_from_worker
    response = await send_recv(
  File "/opt/conda/envs/gdf/lib/python3.10/site-packages/distributed/core.py", line 1015, in send_recv
    response = await comm.read(deserializers=deserializers)
  File "/opt/conda/envs/gdf/lib/python3.10/site-packages/distributed/utils.py", line 806, in wrapper
    return await func(*args, **kwargs)
  File "/opt/conda/envs/gdf/lib/python3.10/site-packages/distributed/comm/ucx.py", line 378, in read
    cuda_recv_frames, recv_frames = zip(
ValueError: not enough values to unpack (expected 2, got 0)
2024-10-17 06:34:24,933 - distributed.worker - ERROR - Worker stream died during communication: ucx://127.0.0.1:47349
Traceback (most recent call last):
  File "/opt/conda/envs/gdf/lib/python3.10/site-packages/distributed/comm/ucx.py", line 359, in read
    header_fmt = nframes * "?" + nframes * "Q"
MemoryError

During handling of the above exception, another exception occurred:

Traceback (most recent call last):
  File "/opt/conda/envs/gdf/lib/python3.10/site-packages/distributed/worker.py", line 2056, in gather_dep
    response = await get_data_from_worker(
  File "/opt/conda/envs/gdf/lib/python3.10/site-packages/distributed/worker.py", line 2874, in get_data_from_worker
    response = await send_recv(
  File "/opt/conda/envs/gdf/lib/python3.10/site-packages/distributed/core.py", line 1015, in send_recv
    response = await comm.read(deserializers=deserializers)
  File "/opt/conda/envs/gdf/lib/python3.10/site-packages/distributed/utils.py", line 806, in wrapper
    return await func(*args, **kwargs)
  File "/opt/conda/envs/gdf/lib/python3.10/site-packages/distributed/comm/ucx.py", line 369, in read
    raise CommClosedError(
distributed.comm.core.CommClosedError: Connection closed by writer.
Inner exception: MemoryError()
2024-10-17 06:34:24,944 - distributed.worker - ERROR - failed during get data with ucx://127.0.0.1:47349 -> ucx://127.0.0.1:46733
Traceback (most recent call last):
  File "/opt/conda/envs/gdf/lib/python3.10/site-packages/distributed/comm/ucx.py", line 335, in write
    await self.ep.send(each_frame)
  File "/opt/conda/envs/gdf/lib/python3.10/site-packages/ucp/core.py", line 662, in send
    return await comm.tag_send(self._ep, buffer, nbytes, tag, name=log)
ucp._libs.exceptions.UCXError: <[Send #008] ep: 0x7f79e2b28240, tag: 0xd0914a5b97764882, nbytes: 100032984, type: <class 'cudf.core.buffer.buffer.Buffer'>>: Connection reset by remote peer

During handling of the above exception, another exception occurred:

Traceback (most recent call last):
  File "/opt/conda/envs/gdf/lib/python3.10/site-packages/distributed/worker.py", line 1777, in get_data
    compressed = await comm.write(msg, serializers=serializers)
  File "/opt/conda/envs/gdf/lib/python3.10/site-packages/distributed/utils.py", line 806, in wrapper
    return await func(*args, **kwargs)
  File "/opt/conda/envs/gdf/lib/python3.10/site-packages/distributed/comm/ucx.py", line 339, in write
    raise CommClosedError("While writing, the connection was closed")
distributed.comm.core.CommClosedError: While writing, the connection was closed
2024-10-17 06:34:24,954 - distributed.worker - ERROR - Compute Failed
Key:       ('taskshuffle-5556c74b8577e6327bdd309cd258396b', 5)
State:     executing
Function:  _concat
args:      ([               key   payload  _partitions
shuffle                                  
0           455572  80191472            5
0           495001  13659988            5
0           966304  87129015            5
0           415576  44252270            5
0           861137  80912099            5
...            ...       ...          ...
0        799926912  26566416            5
0        799993642  12474164            5
0        799808067  54712953            5
0        799964506  78528660            5
0        799855703  89171417            5

[12507714 rows x 3 columns],                key   payload  _partitions
shuffle                                  
1           632655  97481964            5
1           306414  89800430            5
1           705341  96972251            5
1           641991  46561447            5
1           691713  65707384            5
...            ...       ...          ...
1        799776964  51300152            5
1        799944107   2469569            5
1 
kwargs:    {}
Exception: "MemoryError('std::bad_alloc: out_of_memory: RMM failure at:/opt/conda/envs/gdf/include/rmm/mr/device/pool_memory_resource.hpp:277: Maximum pool size exceeded')"
Traceback: '  File "/opt/conda/envs/gdf/lib/python3.10/site-packages/dask/dataframe/core.py", line 181, in _concat\n    else methods.concat(args2, uniform=True, ignore_index=ignore_index)\n  File "/opt/conda/envs/gdf/lib/python3.10/site-packages/dask/dataframe/dispatch.py", line 68, in concat\n    return func(\n  File "/opt/conda/envs/gdf/lib/python3.10/site-packages/cudf/utils/performance_tracking.py", line 51, in wrapper\n    return func(*args, **kwargs)\n  File "/opt/conda/envs/gdf/lib/python3.10/site-packages/dask_cudf/backends.py", line 303, in concat_cudf\n    return cudf.concat(dfs, axis=axis, ignore_index=ignore_index)\n  File "/opt/conda/envs/gdf/lib/python3.10/site-packages/cudf/core/reshape.py", line 511, in concat\n    result = cudf.DataFrame._concat(\n  File "/opt/conda/envs/gdf/lib/python3.10/site-packages/cudf/utils/performance_tracking.py", line 51, in wrapper\n    return func(*args, **kwargs)\n  File "/opt/conda/envs/gdf/lib/python3.10/site-packages/cudf/core/dataframe.py", line 1782, in _concat\n    *libcudf.concat.concat_tables(\n  File "/opt/conda/envs/gdf/lib/python3.10/contextlib.py", line 79, in inner\n    return func(*args, **kwds)\n  File "concat.pyx", line 32, in cudf._lib.concat.concat_tables\n  File "concatenate.pyx", line 16, in pylibcudf.concatenate.concatenate\n  File "concatenate.pyx", line 43, in pylibcudf.concatenate.concatenate\n'

2024-10-17 06:34:24,955 - distributed.comm.ucx - ERROR - not enough values to unpack (expected 2, got 0)
Traceback (most recent call last):
  File "/opt/conda/envs/gdf/lib/python3.10/site-packages/distributed/utils.py", line 806, in wrapper
    return await func(*args, **kwargs)
  File "/opt/conda/envs/gdf/lib/python3.10/site-packages/distributed/comm/ucx.py", line 378, in read
    cuda_recv_frames, recv_frames = zip(
ValueError: not enough values to unpack (expected 2, got 0)
2024-10-17 06:34:24,956 - distributed.worker - ERROR - not enough values to unpack (expected 2, got 0)
Traceback (most recent call last):
  File "/opt/conda/envs/gdf/lib/python3.10/site-packages/distributed/worker.py", line 2056, in gather_dep
    response = await get_data_from_worker(
  File "/opt/conda/envs/gdf/lib/python3.10/site-packages/distributed/worker.py", line 2874, in get_data_from_worker
    response = await send_recv(
  File "/opt/conda/envs/gdf/lib/python3.10/site-packages/distributed/core.py", line 1015, in send_recv
    response = await comm.read(deserializers=deserializers)
  File "/opt/conda/envs/gdf/lib/python3.10/site-packages/distributed/utils.py", line 806, in wrapper
    return await func(*args, **kwargs)
  File "/opt/conda/envs/gdf/lib/python3.10/site-packages/distributed/comm/ucx.py", line 378, in read
    cuda_recv_frames, recv_frames = zip(
ValueError: not enough values to unpack (expected 2, got 0)
2024-10-17 06:34:24,961 - distributed.worker - ERROR - failed during get data with ucx://127.0.0.1:47349 -> ucx://127.0.0.1:46733
Traceback (most recent call last):
  File "/opt/conda/envs/gdf/lib/python3.10/site-packages/distributed/comm/ucx.py", line 335, in write
    await self.ep.send(each_frame)
  File "/opt/conda/envs/gdf/lib/python3.10/site-packages/ucp/core.py", line 662, in send
    return await comm.tag_send(self._ep, buffer, nbytes, tag, name=log)
ucp._libs.exceptions.UCXError: <[Send #089] ep: 0x7f79e2b281c0, tag: 0xe69d559e14c53b53, nbytes: 12495647, type: <class 'cudf.core.buffer.buffer.Buffer'>>: Connection reset by remote peer

During handling of the above exception, another exception occurred:

Traceback (most recent call last):
  File "/opt/conda/envs/gdf/lib/python3.10/site-packages/distributed/worker.py", line 1777, in get_data
    compressed = await comm.write(msg, serializers=serializers)
  File "/opt/conda/envs/gdf/lib/python3.10/site-packages/distributed/utils.py", line 806, in wrapper
    return await func(*args, **kwargs)
  File "/opt/conda/envs/gdf/lib/python3.10/site-packages/distributed/comm/ucx.py", line 339, in write
    raise CommClosedError("While writing, the connection was closed")
distributed.comm.core.CommClosedError: While writing, the connection was closed
2024-10-17 06:34:24,961 - distributed.comm.ucx - ERROR - std::bad_alloc: out_of_memory: RMM failure at:/opt/conda/envs/gdf/include/rmm/mr/device/pool_memory_resource.hpp:277: Maximum pool size exceeded
Traceback (most recent call last):
  File "/opt/conda/envs/gdf/lib/python3.10/site-packages/distributed/utils.py", line 806, in wrapper
    return await func(*args, **kwargs)
  File "/opt/conda/envs/gdf/lib/python3.10/site-packages/distributed/comm/ucx.py", line 374, in read
    frames = [
  File "/opt/conda/envs/gdf/lib/python3.10/site-packages/distributed/comm/ucx.py", line 375, in <listcomp>
    device_array(each_size) if is_cuda else host_array(each_size)
  File "/opt/conda/envs/gdf/lib/python3.10/site-packages/distributed/comm/ucx.py", line 168, in device_array
    return rmm.DeviceBuffer(size=n)
  File "device_buffer.pyx", line 96, in rmm._lib.device_buffer.DeviceBuffer.__cinit__
MemoryError: std::bad_alloc: out_of_memory: RMM failure at:/opt/conda/envs/gdf/include/rmm/mr/device/pool_memory_resource.hpp:277: Maximum pool size exceeded
2024-10-17 06:34:24,962 - distributed.worker - ERROR - std::bad_alloc: out_of_memory: RMM failure at:/opt/conda/envs/gdf/include/rmm/mr/device/pool_memory_resource.hpp:277: Maximum pool size exceeded
Traceback (most recent call last):
  File "/opt/conda/envs/gdf/lib/python3.10/site-packages/distributed/worker.py", line 2056, in gather_dep
    response = await get_data_from_worker(
  File "/opt/conda/envs/gdf/lib/python3.10/site-packages/distributed/worker.py", line 2874, in get_data_from_worker
    response = await send_recv(
  File "/opt/conda/envs/gdf/lib/python3.10/site-packages/distributed/core.py", line 1015, in send_recv
    response = await comm.read(deserializers=deserializers)
  File "/opt/conda/envs/gdf/lib/python3.10/site-packages/distributed/utils.py", line 806, in wrapper
    return await func(*args, **kwargs)
  File "/opt/conda/envs/gdf/lib/python3.10/site-packages/distributed/comm/ucx.py", line 374, in read
    frames = [
  File "/opt/conda/envs/gdf/lib/python3.10/site-packages/distributed/comm/ucx.py", line 375, in <listcomp>
    device_array(each_size) if is_cuda else host_array(each_size)
  File "/opt/conda/envs/gdf/lib/python3.10/site-packages/distributed/comm/ucx.py", line 168, in device_array
    return rmm.DeviceBuffer(size=n)
  File "device_buffer.pyx", line 96, in rmm._lib.device_buffer.DeviceBuffer.__cinit__
MemoryError: std::bad_alloc: out_of_memory: RMM failure at:/opt/conda/envs/gdf/include/rmm/mr/device/pool_memory_resource.hpp:277: Maximum pool size exceeded
2024-10-17 06:34:24,963 - distributed.worker - ERROR - Worker stream died during communication: ucx://127.0.0.1:47349
Traceback (most recent call last):
  File "/opt/conda/envs/gdf/lib/python3.10/site-packages/distributed/comm/ucx.py", line 361, in read
    await self.ep.recv(header)
  File "/opt/conda/envs/gdf/lib/python3.10/site-packages/ucp/core.py", line 737, in recv
    ret = await comm.tag_recv(self._ep, buffer, nbytes, tag, name=log)
ucp._libs.exceptions.UCXError: <[Recv #136] ep: 0x7fefc1390180, tag: 0x1295bac3cad51683, nbytes: 1128, type: <class 'numpy.ndarray'>>: Message truncated

During handling of the above exception, another exception occurred:

Traceback (most recent call last):
  File "/opt/conda/envs/gdf/lib/python3.10/site-packages/distributed/worker.py", line 2056, in gather_dep
    response = await get_data_from_worker(
  File "/opt/conda/envs/gdf/lib/python3.10/site-packages/distributed/worker.py", line 2874, in get_data_from_worker
    response = await send_recv(
  File "/opt/conda/envs/gdf/lib/python3.10/site-packages/distributed/core.py", line 1015, in send_recv
    response = await comm.read(deserializers=deserializers)
  File "/opt/conda/envs/gdf/lib/python3.10/site-packages/distributed/utils.py", line 806, in wrapper
    return await func(*args, **kwargs)
  File "/opt/conda/envs/gdf/lib/python3.10/site-packages/distributed/comm/ucx.py", line 369, in read
    raise CommClosedError(
distributed.comm.core.CommClosedError: Connection closed by writer.
Inner exception: UCXError("<[Recv #136] ep: 0x7fefc1390180, tag: 0x1295bac3cad51683, nbytes: 1128, type: <class 'numpy.ndarray'>>: Message truncated")
2024-10-17 06:34:24,963 - distributed.worker - ERROR - failed during get data with ucx://127.0.0.1:47349 -> ucx://127.0.0.1:55983
Traceback (most recent call last):
  File "/opt/conda/envs/gdf/lib/python3.10/site-packages/distributed/comm/ucx.py", line 335, in write
    await self.ep.send(each_frame)
  File "/opt/conda/envs/gdf/lib/python3.10/site-packages/ucp/core.py", line 662, in send
    return await comm.tag_send(self._ep, buffer, nbytes, tag, name=log)
ucp._libs.exceptions.UCXError: <[Send #137] ep: 0x7f79e2b28200, tag: 0x1295bac3cad51683, nbytes: 99978576, type: <class 'cudf.core.buffer.buffer.Buffer'>>: Connection reset by remote peer

During handling of the above exception, another exception occurred:

Traceback (most recent call last):
  File "/opt/conda/envs/gdf/lib/python3.10/site-packages/distributed/worker.py", line 1777, in get_data
    compressed = await comm.write(msg, serializers=serializers)
  File "/opt/conda/envs/gdf/lib/python3.10/site-packages/distributed/utils.py", line 806, in wrapper
    return await func(*args, **kwargs)
  File "/opt/conda/envs/gdf/lib/python3.10/site-packages/distributed/comm/ucx.py", line 339, in write
    raise CommClosedError("While writing, the connection was closed")
distributed.comm.core.CommClosedError: While writing, the connection was closed
2024-10-17 06:34:24,969 - distributed.worker - ERROR - Worker stream died during communication: ucx://127.0.0.1:55983
Traceback (most recent call last):
  File "/opt/conda/envs/gdf/lib/python3.10/site-packages/distributed/comm/ucx.py", line 355, in read
    raise CommClosedError("Connection closed by writer")
distributed.comm.core.CommClosedError: Connection closed by writer

During handling of the above exception, another exception occurred:

Traceback (most recent call last):
  File "/opt/conda/envs/gdf/lib/python3.10/site-packages/distributed/worker.py", line 2056, in gather_dep
    response = await get_data_from_worker(
  File "/opt/conda/envs/gdf/lib/python3.10/site-packages/distributed/worker.py", line 2874, in get_data_from_worker
    response = await send_recv(
  File "/opt/conda/envs/gdf/lib/python3.10/site-packages/distributed/core.py", line 1015, in send_recv
    response = await comm.read(deserializers=deserializers)
  File "/opt/conda/envs/gdf/lib/python3.10/site-packages/distributed/utils.py", line 806, in wrapper
    return await func(*args, **kwargs)
  File "/opt/conda/envs/gdf/lib/python3.10/site-packages/distributed/comm/ucx.py", line 369, in read
    raise CommClosedError(
distributed.comm.core.CommClosedError: Connection closed by writer.
Inner exception: CommClosedError('Connection closed by writer')
2024-10-17 06:34:24,969 - distributed.worker - ERROR - failed during get data with ucx://127.0.0.1:55983 -> ucx://127.0.0.1:46733
Traceback (most recent call last):
  File "/opt/conda/envs/gdf/lib/python3.10/site-packages/distributed/comm/ucx.py", line 335, in write
    await self.ep.send(each_frame)
  File "/opt/conda/envs/gdf/lib/python3.10/site-packages/ucp/core.py", line 662, in send
    return await comm.tag_send(self._ep, buffer, nbytes, tag, name=log)
ucp._libs.exceptions.UCXError: <[Send #192] ep: 0x7fefc1390340, tag: 0x1a2aeaf29a379d06, nbytes: 99977984, type: <class 'cudf.core.buffer.buffer.Buffer'>>: Connection reset by remote peer

During handling of the above exception, another exception occurred:

Traceback (most recent call last):
  File "/opt/conda/envs/gdf/lib/python3.10/site-packages/distributed/worker.py", line 1777, in get_data
    compressed = await comm.write(msg, serializers=serializers)
  File "/opt/conda/envs/gdf/lib/python3.10/site-packages/distributed/utils.py", line 806, in wrapper
    return await func(*args, **kwargs)
  File "/opt/conda/envs/gdf/lib/python3.10/site-packages/distributed/comm/ucx.py", line 339, in write
    raise CommClosedError("While writing, the connection was closed")
distributed.comm.core.CommClosedError: While writing, the connection was closed
2024-10-17 06:34:25,104 - distributed.worker - ERROR - Compute Failed
Key:       ('getitem-getitem-blockwisemerge-operation-c3e4c4b062067b56d64980784b20ff5d', 7)
State:     executing
Function:  execute_task
args:      ((<function Fused._execute_task at 0x7f7a0af203a0>, {'getitem-getitem-blockwisemerge-operation-c3e4c4b062067b56d64980784b20ff5d': ('operation-6c16b225eb923b11f28c65ed5cc58e93', 7), ('operation-6c16b225eb923b11f28c65ed5cc58e93', 7): (<function apply at 0x7f7a1235cca0>, <function RenameAxisCudf.operation at 0x7f79cc53dab0>, [('blockwisemerge-700bc881a1e7fd142be0491a56791ca5', 7)], {'index': None, 'axis': 0}), ('blockwisemerge-700bc881a1e7fd142be0491a56791ca5', 7): (<function apply at 0x7f7a1235cca0>, <function merge_chunk at 0x7f7a0b277400>, [('getitem-0521b138cbc2dca77fdcc840cf885b3a', 7), ('getitem-ee88a25f86bdcaba711cf1f5c8d8d97c', 7)], {'how': 'inner', 'left_on': ['key'], 'right_on': ['key'], 'left_index': False, 'right_index': False, 'suffixes': ('_x', '_y'), 'indicator': False, 'result_meta': Empty DataFrame
Columns: [key, payload_x, payload_y]
Index: []}), ('getitem-0521b138cbc2dca77fdcc840cf885b3a', 7): (<built-in function getitem>,                key   payload  _partitions
shuff
kwargs:    {}
Exception: "MemoryError('std::bad_alloc: out_of_memory: RMM failure at:/opt/conda/envs/gdf/include/rmm/mr/device/pool_memory_resource.hpp:277: Maximum pool size exceeded')"
Traceback: '  File "/opt/conda/envs/gdf/lib/python3.10/site-packages/dask_expr/_expr.py", line 3765, in _execute_task\n    return dask.core.get(graph, name)\n  File "/opt/conda/envs/gdf/lib/python3.10/site-packages/dask/core.py", line 163, in get\n    result = _execute_task(task, cache)\n  File "/opt/conda/envs/gdf/lib/python3.10/site-packages/dask/core.py", line 133, in _execute_task\n    return func(*(_execute_task(a, cache) for a in args))\n  File "/opt/conda/envs/gdf/lib/python3.10/site-packages/dask/utils.py", line 78, in apply\n    return func(*args, **kwargs)\n  File "/opt/conda/envs/gdf/lib/python3.10/site-packages/dask/dataframe/multi.py", line 299, in merge_chunk\n    out = lhs.merge(rhs, *args, **kwargs)\n  File "/opt/conda/envs/gdf/lib/python3.10/site-packages/cudf/utils/performance_tracking.py", line 51, in wrapper\n    return func(*args, **kwargs)\n  File "/opt/conda/envs/gdf/lib/python3.10/site-packages/cudf/core/dataframe.py", line 4299, in merge\n    ).perform_merge()\n  File "/opt/conda/envs/gdf/lib/python3.10/site-packages/cudf/core/join/join.py", line 282, in perform_merge\n    left_rows, right_rows = self._gather_maps(\n  File "/opt/conda/envs/gdf/lib/python3.10/site-packages/cudf/core/join/join.py", line 208, in _gather_maps\n    maps = self._joiner(\n  File "/opt/conda/envs/gdf/lib/python3.10/contextlib.py", line 79, in inner\n    return func(*args, **kwds)\n  File "join.pyx", line 20, in cudf._lib.join.join\n  File "join.pyx", line 31, in pylibcudf.join.inner_join\n  File "join.pyx", line 57, in pylibcudf.join.inner_join\n'

2024-10-17 06:34:25,223 - distributed.worker - ERROR - Compute Failed
Key:       ('taskshuffle-5556c74b8577e6327bdd309cd258396b', 3)
State:     executing
Function:  _concat
args:      ([               key   payload  _partitions
shuffle                                  
0           604724  92432304            3
0           442852  80570712            3
0           611971  83364463            3
0           669497  50636265            3
0           657146  61979023            3
...            ...       ...          ...
0        799926906  52925708            3
0        799910278  51428266            3
0        799947248  26726741            3
0        799811617  50812765            3
0        799984479  45071226            3

[12499485 rows x 3 columns],                key   payload  _partitions
shuffle                                  
1           747717   5040171            3
1           294097  76374916            3
1           862798  65837866            3
1           734433  34442609            3
1           684685  71294859            3
...            ...       ...          ...
1        799870300  36822869            3
1        799797987  56358760            3
1 
kwargs:    {}
Exception: "MemoryError('std::bad_alloc: out_of_memory: RMM failure at:/opt/conda/envs/gdf/include/rmm/mr/device/pool_memory_resource.hpp:277: Maximum pool size exceeded')"
Traceback: '  File "/opt/conda/envs/gdf/lib/python3.10/site-packages/dask/dataframe/core.py", line 181, in _concat\n    else methods.concat(args2, uniform=True, ignore_index=ignore_index)\n  File "/opt/conda/envs/gdf/lib/python3.10/site-packages/dask/dataframe/dispatch.py", line 68, in concat\n    return func(\n  File "/opt/conda/envs/gdf/lib/python3.10/site-packages/cudf/utils/performance_tracking.py", line 51, in wrapper\n    return func(*args, **kwargs)\n  File "/opt/conda/envs/gdf/lib/python3.10/site-packages/dask_cudf/backends.py", line 303, in concat_cudf\n    return cudf.concat(dfs, axis=axis, ignore_index=ignore_index)\n  File "/opt/conda/envs/gdf/lib/python3.10/site-packages/cudf/core/reshape.py", line 511, in concat\n    result = cudf.DataFrame._concat(\n  File "/opt/conda/envs/gdf/lib/python3.10/site-packages/cudf/utils/performance_tracking.py", line 51, in wrapper\n    return func(*args, **kwargs)\n  File "/opt/conda/envs/gdf/lib/python3.10/site-packages/cudf/core/dataframe.py", line 1782, in _concat\n    *libcudf.concat.concat_tables(\n  File "/opt/conda/envs/gdf/lib/python3.10/contextlib.py", line 79, in inner\n    return func(*args, **kwds)\n  File "concat.pyx", line 32, in cudf._lib.concat.concat_tables\n  File "concatenate.pyx", line 16, in pylibcudf.concatenate.concatenate\n  File "concatenate.pyx", line 43, in pylibcudf.concatenate.concatenate\n'

2024-10-17 06:34:25,254 - distributed.worker - ERROR - Compute Failed
Key:       ('taskshuffle-5556c74b8577e6327bdd309cd258396b', 6)
State:     executing
Function:  _concat
args:      ([               key   payload  _partitions
shuffle                                  
0           380296  88850689            6
0           385353  97064522            6
0           668387  34886579            6
0           614341  38314012            6
0          1002525  87309729            6
...            ...       ...          ...
0        799813752  76826690            6
0        799971134  86172806            6
0        799935324  48898507            6
0        799853066  69956193            6
0        799971128  50473411            6

[12499059 rows x 3 columns],                key   payload  _partitions
shuffle                                  
1           559924  77616940            6
1           304876   4449365            6
1           821865   7967170            6
1           725620  45905118            6
1           567262   3459299            6
...            ...       ...          ...
1        799950704  34501176            6
1        799881789  30353733            6
1 
kwargs:    {}
Exception: "MemoryError('std::bad_alloc: out_of_memory: RMM failure at:/opt/conda/envs/gdf/include/rmm/mr/device/pool_memory_resource.hpp:277: Maximum pool size exceeded')"
Traceback: '  File "/opt/conda/envs/gdf/lib/python3.10/site-packages/dask/dataframe/core.py", line 181, in _concat\n    else methods.concat(args2, uniform=True, ignore_index=ignore_index)\n  File "/opt/conda/envs/gdf/lib/python3.10/site-packages/dask/dataframe/dispatch.py", line 68, in concat\n    return func(\n  File "/opt/conda/envs/gdf/lib/python3.10/site-packages/cudf/utils/performance_tracking.py", line 51, in wrapper\n    return func(*args, **kwargs)\n  File "/opt/conda/envs/gdf/lib/python3.10/site-packages/dask_cudf/backends.py", line 303, in concat_cudf\n    return cudf.concat(dfs, axis=axis, ignore_index=ignore_index)\n  File "/opt/conda/envs/gdf/lib/python3.10/site-packages/cudf/core/reshape.py", line 511, in concat\n    result = cudf.DataFrame._concat(\n  File "/opt/conda/envs/gdf/lib/python3.10/site-packages/cudf/utils/performance_tracking.py", line 51, in wrapper\n    return func(*args, **kwargs)\n  File "/opt/conda/envs/gdf/lib/python3.10/site-packages/cudf/core/dataframe.py", line 1782, in _concat\n    *libcudf.concat.concat_tables(\n  File "/opt/conda/envs/gdf/lib/python3.10/contextlib.py", line 79, in inner\n    return func(*args, **kwds)\n  File "concat.pyx", line 32, in cudf._lib.concat.concat_tables\n  File "concatenate.pyx", line 16, in pylibcudf.concatenate.concatenate\n  File "concatenate.pyx", line 43, in pylibcudf.concatenate.concatenate\n'

2024-10-17 06:34:25,603 - distributed.worker - ERROR - Compute Failed
Key:       ('taskshuffle-036e5b09711e3b1e399b45d55cc65379', 0)
State:     executing
Function:  _concat
args:      ([                key   payload  _partitions
94818     859448317  24807759            0
94820        758227   2862590            0
94825     826682947  25310657            0
94835     812499311  61195630            0
82624     701676663  90908087            0
...             ...       ...          ...
99995104  847797890  70084440            0
99995115  847365344  52489353            0
99995123  844256477  79007850            0
99995124  851563805  12365372            0
99995130  830171784   3135196            0

[12497939 rows x 3 columns],                 key   payload  _partitions
72801     613634168  48357677            0
72816     123484266  85333026            0
94825     926682947  25310657            0
72821     966772635  75428759            0
94828     916663976  23886078            0
...             ...       ...          ...
99960751  931451361  98443409            0
99960753  954171283  39976138            0
99960754  716704374  41789414            0
99960757  621433914  2
kwargs:    {}
Exception: "MemoryError('std::bad_alloc: out_of_memory: RMM failure at:/opt/conda/envs/gdf/include/rmm/mr/device/pool_memory_resource.hpp:277: Maximum pool size exceeded')"
Traceback: '  File "/opt/conda/envs/gdf/lib/python3.10/site-packages/dask/dataframe/core.py", line 181, in _concat\n    else methods.concat(args2, uniform=True, ignore_index=ignore_index)\n  File "/opt/conda/envs/gdf/lib/python3.10/site-packages/dask/dataframe/dispatch.py", line 68, in concat\n    return func(\n  File "/opt/conda/envs/gdf/lib/python3.10/site-packages/cudf/utils/performance_tracking.py", line 51, in wrapper\n    return func(*args, **kwargs)\n  File "/opt/conda/envs/gdf/lib/python3.10/site-packages/dask_cudf/backends.py", line 303, in concat_cudf\n    return cudf.concat(dfs, axis=axis, ignore_index=ignore_index)\n  File "/opt/conda/envs/gdf/lib/python3.10/site-packages/cudf/core/reshape.py", line 511, in concat\n    result = cudf.DataFrame._concat(\n  File "/opt/conda/envs/gdf/lib/python3.10/site-packages/cudf/utils/performance_tracking.py", line 51, in wrapper\n    return func(*args, **kwargs)\n  File "/opt/conda/envs/gdf/lib/python3.10/site-packages/cudf/core/dataframe.py", line 1782, in _concat\n    *libcudf.concat.concat_tables(\n  File "/opt/conda/envs/gdf/lib/python3.10/contextlib.py", line 79, in inner\n    return func(*args, **kwds)\n  File "concat.pyx", line 32, in cudf._lib.concat.concat_tables\n  File "concatenate.pyx", line 16, in pylibcudf.concatenate.concatenate\n  File "concatenate.pyx", line 43, in pylibcudf.concatenate.concatenate\n'

2024-10-17 06:34:25,848 - distributed.worker - ERROR - Compute Failed
Key:       ('taskshuffle-036e5b09711e3b1e399b45d55cc65379', 1)
State:     executing
Function:  _concat
args:      ([                key   payload  _partitions
94817     208347180  35503053            1
94826     500844091   8472055            1
94827     700747031   7650381            1
94833     102573918  45193258            1
82628     829776841  14474004            1
...             ...       ...          ...
99995090  824591221  54563681            1
99995094  857814106   6312309            1
99995095  844200490  42263634            1
99995112  824793603  23187777            1
99995133  815199831  98542115            1

[12497240 rows x 3 columns],                 key   payload  _partitions
72815     925273328  50101021            1
72818     915012543  46124572            1
94826     513344091   8472055            1
72831     215991313   2636858            1
94832     118507852  25676499            1
...             ...       ...          ...
99960784  901192927  98098398            1
99978183  907260135  45592230            1
99960797  912193871  11994009            1
99978185  951462897  4
kwargs:    {}
Exception: "MemoryError('std::bad_alloc: out_of_memory: RMM failure at:/opt/conda/envs/gdf/include/rmm/mr/device/pool_memory_resource.hpp:277: Maximum pool size exceeded')"
Traceback: '  File "/opt/conda/envs/gdf/lib/python3.10/site-packages/dask/dataframe/core.py", line 181, in _concat\n    else methods.concat(args2, uniform=True, ignore_index=ignore_index)\n  File "/opt/conda/envs/gdf/lib/python3.10/site-packages/dask/dataframe/dispatch.py", line 68, in concat\n    return func(\n  File "/opt/conda/envs/gdf/lib/python3.10/site-packages/cudf/utils/performance_tracking.py", line 51, in wrapper\n    return func(*args, **kwargs)\n  File "/opt/conda/envs/gdf/lib/python3.10/site-packages/dask_cudf/backends.py", line 303, in concat_cudf\n    return cudf.concat(dfs, axis=axis, ignore_index=ignore_index)\n  File "/opt/conda/envs/gdf/lib/python3.10/site-packages/cudf/core/reshape.py", line 511, in concat\n    result = cudf.DataFrame._concat(\n  File "/opt/conda/envs/gdf/lib/python3.10/site-packages/cudf/utils/performance_tracking.py", line 51, in wrapper\n    return func(*args, **kwargs)\n  File "/opt/conda/envs/gdf/lib/python3.10/site-packages/cudf/core/dataframe.py", line 1782, in _concat\n    *libcudf.concat.concat_tables(\n  File "/opt/conda/envs/gdf/lib/python3.10/contextlib.py", line 79, in inner\n    return func(*args, **kwds)\n  File "concat.pyx", line 32, in cudf._lib.concat.concat_tables\n  File "concatenate.pyx", line 16, in pylibcudf.concatenate.concatenate\n  File "concatenate.pyx", line 43, in pylibcudf.concatenate.concatenate\n'

2024-10-17 06:34:48,245 - distributed.worker - ERROR - Worker stream died during communication: ucx://127.0.0.1:37605
Traceback (most recent call last):
  File "/opt/conda/envs/gdf/lib/python3.10/site-packages/distributed/comm/ucx.py", line 468, in connect
    ep = await ucp.create_endpoint(ip, port)
  File "/opt/conda/envs/gdf/lib/python3.10/site-packages/ucp/core.py", line 1016, in create_endpoint
    return await _get_ctx().create_endpoint(
  File "/opt/conda/envs/gdf/lib/python3.10/site-packages/ucp/core.py", line 328, in create_endpoint
    peer_info = await exchange_peer_info(
  File "/opt/conda/envs/gdf/lib/python3.10/site-packages/ucp/core.py", line 60, in exchange_peer_info
    await asyncio.wait_for(
  File "/opt/conda/envs/gdf/lib/python3.10/asyncio/tasks.py", line 432, in wait_for
    await waiter
asyncio.exceptions.CancelledError

During handling of the above exception, another exception occurred:

Traceback (most recent call last):
  File "/opt/conda/envs/gdf/lib/python3.10/asyncio/tasks.py", line 456, in wait_for
    return fut.result()
asyncio.exceptions.CancelledError

The above exception was the direct cause of the following exception:

Traceback (most recent call last):
  File "/opt/conda/envs/gdf/lib/python3.10/site-packages/distributed/comm/core.py", line 342, in connect
    comm = await wait_for(
  File "/opt/conda/envs/gdf/lib/python3.10/site-packages/distributed/utils.py", line 1926, in wait_for
    return await asyncio.wait_for(fut, timeout)
  File "/opt/conda/envs/gdf/lib/python3.10/asyncio/tasks.py", line 458, in wait_for
    raise exceptions.TimeoutError() from exc
asyncio.exceptions.TimeoutError

The above exception was the direct cause of the following exception:

Traceback (most recent call last):
  File "/opt/conda/envs/gdf/lib/python3.10/site-packages/distributed/worker.py", line 2056, in gather_dep
    response = await get_data_from_worker(
  File "/opt/conda/envs/gdf/lib/python3.10/site-packages/distributed/worker.py", line 2871, in get_data_from_worker
    comm = await rpc.connect(worker)
  File "/opt/conda/envs/gdf/lib/python3.10/site-packages/distributed/core.py", line 1535, in connect
    return connect_attempt.result()
  File "/opt/conda/envs/gdf/lib/python3.10/site-packages/distributed/core.py", line 1425, in _connect
    comm = await connect(
  File "/opt/conda/envs/gdf/lib/python3.10/site-packages/distributed/comm/core.py", line 368, in connect
    raise OSError(
OSError: Timed out trying to connect to ucx://127.0.0.1:37605 after 30 s
2024-10-17 06:34:48,265 - distributed.worker - ERROR - Worker stream died during communication: ucx://127.0.0.1:47405
Traceback (most recent call last):
  File "/opt/conda/envs/gdf/lib/python3.10/site-packages/distributed/comm/ucx.py", line 468, in connect
    ep = await ucp.create_endpoint(ip, port)
  File "/opt/conda/envs/gdf/lib/python3.10/site-packages/ucp/core.py", line 1016, in create_endpoint
    return await _get_ctx().create_endpoint(
  File "/opt/conda/envs/gdf/lib/python3.10/site-packages/ucp/core.py", line 328, in create_endpoint
    peer_info = await exchange_peer_info(
  File "/opt/conda/envs/gdf/lib/python3.10/site-packages/ucp/core.py", line 60, in exchange_peer_info
    await asyncio.wait_for(
  File "/opt/conda/envs/gdf/lib/python3.10/asyncio/tasks.py", line 432, in wait_for
    await waiter
asyncio.exceptions.CancelledError

During handling of the above exception, another exception occurred:

Traceback (most recent call last):
  File "/opt/conda/envs/gdf/lib/python3.10/asyncio/tasks.py", line 456, in wait_for
    return fut.result()
asyncio.exceptions.CancelledError

The above exception was the direct cause of the following exception:

Traceback (most recent call last):
  File "/opt/conda/envs/gdf/lib/python3.10/site-packages/distributed/comm/core.py", line 342, in connect
    comm = await wait_for(
  File "/opt/conda/envs/gdf/lib/python3.10/site-packages/distributed/utils.py", line 1926, in wait_for
    return await asyncio.wait_for(fut, timeout)
  File "/opt/conda/envs/gdf/lib/python3.10/asyncio/tasks.py", line 458, in wait_for
    raise exceptions.TimeoutError() from exc
asyncio.exceptions.TimeoutError

The above exception was the direct cause of the following exception:

Traceback (most recent call last):
  File "/opt/conda/envs/gdf/lib/python3.10/site-packages/distributed/worker.py", line 2056, in gather_dep
    response = await get_data_from_worker(
  File "/opt/conda/envs/gdf/lib/python3.10/site-packages/distributed/worker.py", line 2871, in get_data_from_worker
    comm = await rpc.connect(worker)
  File "/opt/conda/envs/gdf/lib/python3.10/site-packages/distributed/core.py", line 1535, in connect
    return connect_attempt.result()
  File "/opt/conda/envs/gdf/lib/python3.10/site-packages/distributed/core.py", line 1425, in _connect
    comm = await connect(
  File "/opt/conda/envs/gdf/lib/python3.10/site-packages/distributed/comm/core.py", line 368, in connect
    raise OSError(
OSError: Timed out trying to connect to ucx://127.0.0.1:47405 after 30 s
/opt/conda/envs/gdf/lib/python3.10/multiprocessing/resource_tracker.py:224: UserWarning: resource_tracker: There appear to be 48 leaked semaphore objects to clean up at shutdown
  warnings.warn('resource_tracker: There appear to be %d '
