[dgx13:68141:0:68141] Caught signal 11 (Segmentation fault: address not mapped to object at address 0x450)
==== backtrace (tid:  68141) ====
 0  /opt/conda/envs/gdf/lib/libucs.so.0(ucs_handle_error+0x305) [0x7f6db0b95025]
 1  /opt/conda/envs/gdf/lib/libucs.so.0(+0x2f221) [0x7f6db0b95221]
 2  /opt/conda/envs/gdf/lib/libucs.so.0(+0x2f3ea) [0x7f6db0b953ea]
 3  /usr/lib/x86_64-linux-gnu/libpthread.so.0(+0x14420) [0x7f6df8f56420]
 4  /opt/conda/envs/gdf/lib/libucp.so.0(ucp_mem_type_unpack+0x17) [0x7f6db0c1a197]
 5  /opt/conda/envs/gdf/lib/libucp.so.0(ucp_rndv_data_handler+0x5f5) [0x7f6db0c459e5]
 6  /opt/conda/envs/gdf/lib/./libuct.so.0(+0x21dd6) [0x7f6db0b49dd6]
 7  /opt/conda/envs/gdf/lib/./libuct.so.0(+0x24f48) [0x7f6db0b4cf48]
 8  /opt/conda/envs/gdf/lib/libucs.so.0(ucs_event_set_wait+0xb1) [0x7f6db0b9e851]
 9  /opt/conda/envs/gdf/lib/./libuct.so.0(uct_tcp_iface_progress+0x7c) [0x7f6db0b4bfbc]
10  /opt/conda/envs/gdf/lib/libucp.so.0(ucp_worker_progress+0x5a) [0x7f6db0c16d5a]
11  /opt/conda/envs/gdf/lib/python3.10/site-packages/ucp/_libs/ucx_api.cpython-310-x86_64-linux-gnu.so(+0x31dca) [0x7f6db0cdadca]
12  /opt/conda/envs/gdf/bin/python(_PyEval_EvalFrameDefault+0x2c3e) [0x55f332d296de]
13  /opt/conda/envs/gdf/bin/python(_PyFunction_Vectorcall+0x6c) [0x55f332d36b7c]
14  /opt/conda/envs/gdf/bin/python(_PyEval_EvalFrameDefault+0x6fd) [0x55f332d2719d]
15  /opt/conda/envs/gdf/bin/python(+0x147234) [0x55f332d42234]
16  /opt/conda/envs/gdf/bin/python(+0x252f7c) [0x55f332e4df7c]
17  /opt/conda/envs/gdf/bin/python(+0xf745f) [0x55f332cf245f]
18  /opt/conda/envs/gdf/bin/python(+0x1331b3) [0x55f332d2e1b3]
19  /opt/conda/envs/gdf/bin/python(_PyEval_EvalFrameDefault+0x593b) [0x55f332d2c3db]
20  /opt/conda/envs/gdf/bin/python(_PyFunction_Vectorcall+0x6c) [0x55f332d36b7c]
21  /opt/conda/envs/gdf/bin/python(_PyEval_EvalFrameDefault+0x6fd) [0x55f332d2719d]
22  /opt/conda/envs/gdf/bin/python(_PyFunction_Vectorcall+0x6c) [0x55f332d36b7c]
23  /opt/conda/envs/gdf/bin/python(_PyEval_EvalFrameDefault+0x6fd) [0x55f332d2719d]
24  /opt/conda/envs/gdf/bin/python(_PyFunction_Vectorcall+0x6c) [0x55f332d36b7c]
25  /opt/conda/envs/gdf/bin/python(_PyEval_EvalFrameDefault+0x6fd) [0x55f332d2719d]
26  /opt/conda/envs/gdf/bin/python(_PyFunction_Vectorcall+0x6c) [0x55f332d36b7c]
27  /opt/conda/envs/gdf/bin/python(_PyEval_EvalFrameDefault+0x6fd) [0x55f332d2719d]
28  /opt/conda/envs/gdf/bin/python(_PyFunction_Vectorcall+0x6c) [0x55f332d36b7c]
29  /opt/conda/envs/gdf/bin/python(_PyEval_EvalFrameDefault+0x1341) [0x55f332d27de1]
30  /opt/conda/envs/gdf/bin/python(+0x146fb2) [0x55f332d41fb2]
31  /opt/conda/envs/gdf/bin/python(PyObject_Call+0xbc) [0x55f332d4294c]
32  /opt/conda/envs/gdf/bin/python(+0x1ff72d) [0x55f332dfa72d]
33  /opt/conda/envs/gdf/bin/python(_PyObject_MakeTpCall+0x2d3) [0x55f332d2fa03]
34  /opt/conda/envs/gdf/bin/python(_PyEval_EvalFrameDefault+0x2c3e) [0x55f332d296de]
35  /opt/conda/envs/gdf/bin/python(+0x147108) [0x55f332d42108]
36  /opt/conda/envs/gdf/bin/python(_PyEval_EvalFrameDefault+0x2c3e) [0x55f332d296de]
37  /opt/conda/envs/gdf/bin/python(_PyFunction_Vectorcall+0x6c) [0x55f332d36b7c]
38  /opt/conda/envs/gdf/bin/python(_PyEval_EvalFrameDefault+0x6fd) [0x55f332d2719d]
39  /opt/conda/envs/gdf/bin/python(_PyFunction_Vectorcall+0x6c) [0x55f332d36b7c]
40  /opt/conda/envs/gdf/bin/python(_PyEval_EvalFrameDefault+0x6fd) [0x55f332d2719d]
41  /opt/conda/envs/gdf/bin/python(_PyFunction_Vectorcall+0x6c) [0x55f332d36b7c]
42  /opt/conda/envs/gdf/bin/python(_PyEval_EvalFrameDefault+0x309) [0x55f332d26da9]
43  /opt/conda/envs/gdf/bin/python(_PyFunction_Vectorcall+0x6c) [0x55f332d36b7c]
44  /opt/conda/envs/gdf/bin/python(_PyEval_EvalFrameDefault+0x1341) [0x55f332d27de1]
45  /opt/conda/envs/gdf/bin/python(+0x1cca8c) [0x55f332dc7a8c]
46  /opt/conda/envs/gdf/bin/python(PyEval_EvalCode+0x87) [0x55f332dc79d7]
47  /opt/conda/envs/gdf/bin/python(+0x1fceba) [0x55f332df7eba]
48  /opt/conda/envs/gdf/bin/python(+0x1f8343) [0x55f332df3343]
49  /opt/conda/envs/gdf/bin/python(PyRun_StringFlags+0x7d) [0x55f332debadd]
50  /opt/conda/envs/gdf/bin/python(PyRun_SimpleStringFlags+0x3c) [0x55f332deb91c]
51  /opt/conda/envs/gdf/bin/python(Py_RunMain+0x3ba) [0x55f332deab1a]
52  /opt/conda/envs/gdf/bin/python(Py_BytesMain+0x37) [0x55f332dbb117]
53  /usr/lib/x86_64-linux-gnu/libc.so.6(__libc_start_main+0xf3) [0x7f6df8c1a083]
54  /opt/conda/envs/gdf/bin/python(+0x1c002e) [0x55f332dbb02e]
=================================
[dgx13:68146:0:68146] Caught signal 11 (Segmentation fault: address not mapped to object at address 0x450)
==== backtrace (tid:  68146) ====
 0  /opt/conda/envs/gdf/lib/libucs.so.0(ucs_handle_error+0x305) [0x7fab1c353025]
 1  /opt/conda/envs/gdf/lib/libucs.so.0(+0x2f221) [0x7fab1c353221]
 2  /opt/conda/envs/gdf/lib/libucs.so.0(+0x2f3ea) [0x7fab1c3533ea]
 3  /usr/lib/x86_64-linux-gnu/libpthread.so.0(+0x14420) [0x7fab56627420]
 4  /opt/conda/envs/gdf/lib/libucp.so.0(ucp_mem_type_unpack+0x17) [0x7fab1c3d8197]
 5  /opt/conda/envs/gdf/lib/libucp.so.0(ucp_rndv_data_handler+0x5f5) [0x7fab1c4039e5]
 6  /opt/conda/envs/gdf/lib/./libuct.so.0(+0x21dd6) [0x7fab1c307dd6]
 7  /opt/conda/envs/gdf/lib/./libuct.so.0(+0x24f48) [0x7fab1c30af48]
 8  /opt/conda/envs/gdf/lib/libucs.so.0(ucs_event_set_wait+0xb1) [0x7fab1c35c851]
 9  /opt/conda/envs/gdf/lib/./libuct.so.0(uct_tcp_iface_progress+0x7c) [0x7fab1c309fbc]
10  /opt/conda/envs/gdf/lib/libucp.so.0(ucp_worker_progress+0x5a) [0x7fab1c3d4d5a]
11  /opt/conda/envs/gdf/lib/python3.10/site-packages/ucp/_libs/ucx_api.cpython-310-x86_64-linux-gnu.so(+0x31dca) [0x7fab1c498dca]
12  /opt/conda/envs/gdf/bin/python(_PyEval_EvalFrameDefault+0x2c3e) [0x5562989c66de]
13  /opt/conda/envs/gdf/bin/python(_PyFunction_Vectorcall+0x6c) [0x5562989d3b7c]
14  /opt/conda/envs/gdf/bin/python(_PyEval_EvalFrameDefault+0x6fd) [0x5562989c419d]
15  /opt/conda/envs/gdf/bin/python(+0x1d62c9) [0x556298a6e2c9]
16  /opt/conda/envs/gdf/lib/python3.10/lib-dynload/_asyncio.cpython-310-x86_64-linux-gnu.so(+0x7782) [0x7fab36532782]
17  /opt/conda/envs/gdf/bin/python(_PyObject_MakeTpCall+0x2d3) [0x5562989cca03]
18  /opt/conda/envs/gdf/bin/python(+0xf745f) [0x55629898f45f]
19  /opt/conda/envs/gdf/bin/python(+0x1331b3) [0x5562989cb1b3]
20  /opt/conda/envs/gdf/bin/python(_PyEval_EvalFrameDefault+0x593b) [0x5562989c93db]
21  /opt/conda/envs/gdf/bin/python(_PyFunction_Vectorcall+0x6c) [0x5562989d3b7c]
22  /opt/conda/envs/gdf/bin/python(_PyEval_EvalFrameDefault+0x6fd) [0x5562989c419d]
23  /opt/conda/envs/gdf/bin/python(_PyFunction_Vectorcall+0x6c) [0x5562989d3b7c]
24  /opt/conda/envs/gdf/bin/python(_PyEval_EvalFrameDefault+0x6fd) [0x5562989c419d]
25  /opt/conda/envs/gdf/bin/python(_PyFunction_Vectorcall+0x6c) [0x5562989d3b7c]
26  /opt/conda/envs/gdf/bin/python(_PyEval_EvalFrameDefault+0x6fd) [0x5562989c419d]
27  /opt/conda/envs/gdf/bin/python(_PyFunction_Vectorcall+0x6c) [0x5562989d3b7c]
28  /opt/conda/envs/gdf/bin/python(_PyEval_EvalFrameDefault+0x6fd) [0x5562989c419d]
29  /opt/conda/envs/gdf/bin/python(_PyFunction_Vectorcall+0x6c) [0x5562989d3b7c]
30  /opt/conda/envs/gdf/bin/python(_PyEval_EvalFrameDefault+0x1341) [0x5562989c4de1]
31  /opt/conda/envs/gdf/bin/python(+0x146fb2) [0x5562989defb2]
32  /opt/conda/envs/gdf/bin/python(PyObject_Call+0xbc) [0x5562989df94c]
33  /opt/conda/envs/gdf/bin/python(+0x1ff72d) [0x556298a9772d]
34  /opt/conda/envs/gdf/bin/python(_PyObject_MakeTpCall+0x2d3) [0x5562989cca03]
35  /opt/conda/envs/gdf/bin/python(_PyEval_EvalFrameDefault+0x2c3e) [0x5562989c66de]
36  /opt/conda/envs/gdf/bin/python(+0x147108) [0x5562989df108]
37  /opt/conda/envs/gdf/bin/python(_PyEval_EvalFrameDefault+0x2c3e) [0x5562989c66de]
38  /opt/conda/envs/gdf/bin/python(_PyFunction_Vectorcall+0x6c) [0x5562989d3b7c]
39  /opt/conda/envs/gdf/bin/python(_PyEval_EvalFrameDefault+0x6fd) [0x5562989c419d]
40  /opt/conda/envs/gdf/bin/python(_PyFunction_Vectorcall+0x6c) [0x5562989d3b7c]
41  /opt/conda/envs/gdf/bin/python(_PyEval_EvalFrameDefault+0x6fd) [0x5562989c419d]
42  /opt/conda/envs/gdf/bin/python(_PyFunction_Vectorcall+0x6c) [0x5562989d3b7c]
43  /opt/conda/envs/gdf/bin/python(_PyEval_EvalFrameDefault+0x309) [0x5562989c3da9]
44  /opt/conda/envs/gdf/bin/python(_PyFunction_Vectorcall+0x6c) [0x5562989d3b7c]
45  /opt/conda/envs/gdf/bin/python(_PyEval_EvalFrameDefault+0x1341) [0x5562989c4de1]
46  /opt/conda/envs/gdf/bin/python(+0x1cca8c) [0x556298a64a8c]
47  /opt/conda/envs/gdf/bin/python(PyEval_EvalCode+0x87) [0x556298a649d7]
48  /opt/conda/envs/gdf/bin/python(+0x1fceba) [0x556298a94eba]
49  /opt/conda/envs/gdf/bin/python(+0x1f8343) [0x556298a90343]
50  /opt/conda/envs/gdf/bin/python(PyRun_StringFlags+0x7d) [0x556298a88add]
51  /opt/conda/envs/gdf/bin/python(PyRun_SimpleStringFlags+0x3c) [0x556298a8891c]
52  /opt/conda/envs/gdf/bin/python(Py_RunMain+0x3ba) [0x556298a87b1a]
53  /opt/conda/envs/gdf/bin/python(Py_BytesMain+0x37) [0x556298a58117]
54  /usr/lib/x86_64-linux-gnu/libc.so.6(__libc_start_main+0xf3) [0x7fab562eb083]
55  /opt/conda/envs/gdf/bin/python(+0x1c002e) [0x556298a5802e]
=================================
[dgx13:68125:0:68125] Caught signal 11 (Segmentation fault: address not mapped to object at address 0x450)
==== backtrace (tid:  68125) ====
 0  /opt/conda/envs/gdf/lib/libucs.so.0(ucs_handle_error+0x305) [0x7f514ccd5025]
 1  /opt/conda/envs/gdf/lib/libucs.so.0(+0x2f221) [0x7f514ccd5221]
 2  /opt/conda/envs/gdf/lib/libucs.so.0(+0x2f3ea) [0x7f514ccd53ea]
 3  /usr/lib/x86_64-linux-gnu/libpthread.so.0(+0x14420) [0x7f5186fb7420]
 4  /opt/conda/envs/gdf/lib/libucp.so.0(ucp_mem_type_unpack+0x17) [0x7f514cd5a197]
 5  /opt/conda/envs/gdf/lib/libucp.so.0(ucp_rndv_data_handler+0x5f5) [0x7f514cd859e5]
 6  /opt/conda/envs/gdf/lib/./libuct.so.0(+0x21dd6) [0x7f514cc89dd6]
 7  /opt/conda/envs/gdf/lib/./libuct.so.0(+0x24f48) [0x7f514cc8cf48]
 8  /opt/conda/envs/gdf/lib/libucs.so.0(ucs_event_set_wait+0xb1) [0x7f514ccde851]
 9  /opt/conda/envs/gdf/lib/./libuct.so.0(uct_tcp_iface_progress+0x7c) [0x7f514cc8bfbc]
10  /opt/conda/envs/gdf/lib/libucp.so.0(ucp_worker_progress+0x5a) [0x7f514cd56d5a]
11  /opt/conda/envs/gdf/lib/python3.10/site-packages/ucp/_libs/ucx_api.cpython-310-x86_64-linux-gnu.so(+0x31dca) [0x7f514ce1adca]
12  /opt/conda/envs/gdf/bin/python(_PyEval_EvalFrameDefault+0x2c3e) [0x5593782a76de]
13  /opt/conda/envs/gdf/bin/python(_PyFunction_Vectorcall+0x6c) [0x5593782b4b7c]
14  /opt/conda/envs/gdf/bin/python(_PyEval_EvalFrameDefault+0x6fd) [0x5593782a519d]
15  /opt/conda/envs/gdf/bin/python(+0x1d62c9) [0x55937834f2c9]
16  /opt/conda/envs/gdf/lib/python3.10/lib-dynload/_asyncio.cpython-310-x86_64-linux-gnu.so(+0x7782) [0x7f5170047782]
17  /opt/conda/envs/gdf/bin/python(_PyObject_MakeTpCall+0x2d3) [0x5593782ada03]
18  /opt/conda/envs/gdf/bin/python(+0xf745f) [0x55937827045f]
19  /opt/conda/envs/gdf/bin/python(+0x1331b3) [0x5593782ac1b3]
20  /opt/conda/envs/gdf/bin/python(_PyEval_EvalFrameDefault+0x593b) [0x5593782aa3db]
21  /opt/conda/envs/gdf/bin/python(_PyFunction_Vectorcall+0x6c) [0x5593782b4b7c]
22  /opt/conda/envs/gdf/bin/python(_PyEval_EvalFrameDefault+0x6fd) [0x5593782a519d]
23  /opt/conda/envs/gdf/bin/python(_PyFunction_Vectorcall+0x6c) [0x5593782b4b7c]
24  /opt/conda/envs/gdf/bin/python(_PyEval_EvalFrameDefault+0x6fd) [0x5593782a519d]
25  /opt/conda/envs/gdf/bin/python(_PyFunction_Vectorcall+0x6c) [0x5593782b4b7c]
26  /opt/conda/envs/gdf/bin/python(_PyEval_EvalFrameDefault+0x6fd) [0x5593782a519d]
27  /opt/conda/envs/gdf/bin/python(_PyFunction_Vectorcall+0x6c) [0x5593782b4b7c]
28  /opt/conda/envs/gdf/bin/python(_PyEval_EvalFrameDefault+0x6fd) [0x5593782a519d]
29  /opt/conda/envs/gdf/bin/python(_PyFunction_Vectorcall+0x6c) [0x5593782b4b7c]
30  /opt/conda/envs/gdf/bin/python(_PyEval_EvalFrameDefault+0x1341) [0x5593782a5de1]
31  /opt/conda/envs/gdf/bin/python(+0x146fb2) [0x5593782bffb2]
32  /opt/conda/envs/gdf/bin/python(PyObject_Call+0xbc) [0x5593782c094c]
33  /opt/conda/envs/gdf/bin/python(+0x1ff72d) [0x55937837872d]
34  /opt/conda/envs/gdf/bin/python(_PyObject_MakeTpCall+0x2d3) [0x5593782ada03]
35  /opt/conda/envs/gdf/bin/python(_PyEval_EvalFrameDefault+0x2c3e) [0x5593782a76de]
36  /opt/conda/envs/gdf/bin/python(+0x147108) [0x5593782c0108]
37  /opt/conda/envs/gdf/bin/python(_PyEval_EvalFrameDefault+0x2c3e) [0x5593782a76de]
38  /opt/conda/envs/gdf/bin/python(_PyFunction_Vectorcall+0x6c) [0x5593782b4b7c]
39  /opt/conda/envs/gdf/bin/python(_PyEval_EvalFrameDefault+0x6fd) [0x5593782a519d]
40  /opt/conda/envs/gdf/bin/python(_PyFunction_Vectorcall+0x6c) [0x5593782b4b7c]
41  /opt/conda/envs/gdf/bin/python(_PyEval_EvalFrameDefault+0x6fd) [0x5593782a519d]
42  /opt/conda/envs/gdf/bin/python(_PyFunction_Vectorcall+0x6c) [0x5593782b4b7c]
43  /opt/conda/envs/gdf/bin/python(_PyEval_EvalFrameDefault+0x309) [0x5593782a4da9]
44  /opt/conda/envs/gdf/bin/python(_PyFunction_Vectorcall+0x6c) [0x5593782b4b7c]
45  /opt/conda/envs/gdf/bin/python(_PyEval_EvalFrameDefault+0x1341) [0x5593782a5de1]
46  /opt/conda/envs/gdf/bin/python(+0x1cca8c) [0x559378345a8c]
47  /opt/conda/envs/gdf/bin/python(PyEval_EvalCode+0x87) [0x5593783459d7]
48  /opt/conda/envs/gdf/bin/python(+0x1fceba) [0x559378375eba]
49  /opt/conda/envs/gdf/bin/python(+0x1f8343) [0x559378371343]
50  /opt/conda/envs/gdf/bin/python(PyRun_StringFlags+0x7d) [0x559378369add]
51  /opt/conda/envs/gdf/bin/python(PyRun_SimpleStringFlags+0x3c) [0x55937836991c]
52  /opt/conda/envs/gdf/bin/python(Py_RunMain+0x3ba) [0x559378368b1a]
53  /opt/conda/envs/gdf/bin/python(Py_BytesMain+0x37) [0x559378339117]
54  /usr/lib/x86_64-linux-gnu/libc.so.6(__libc_start_main+0xf3) [0x7f5186c7b083]
55  /opt/conda/envs/gdf/bin/python(+0x1c002e) [0x55937833902e]
=================================
[dgx13:68153:0:68153] Caught signal 11 (Segmentation fault: address not mapped to object at address 0x450)
==== backtrace (tid:  68153) ====
 0  /opt/conda/envs/gdf/lib/libucs.so.0(ucs_handle_error+0x305) [0x7f187cc13025]
 1  /opt/conda/envs/gdf/lib/libucs.so.0(+0x2f221) [0x7f187cc13221]
 2  /opt/conda/envs/gdf/lib/libucs.so.0(+0x2f3ea) [0x7f187cc133ea]
 3  /usr/lib/x86_64-linux-gnu/libpthread.so.0(+0x14420) [0x7f18c4fea420]
 4  /opt/conda/envs/gdf/lib/libucp.so.0(ucp_mem_type_unpack+0x17) [0x7f187cc98197]
 5  /opt/conda/envs/gdf/lib/libucp.so.0(ucp_rndv_data_handler+0x5f5) [0x7f187ccc39e5]
 6  /opt/conda/envs/gdf/lib/./libuct.so.0(+0x21dd6) [0x7f187cbc7dd6]
 7  /opt/conda/envs/gdf/lib/./libuct.so.0(+0x24f48) [0x7f187cbcaf48]
 8  /opt/conda/envs/gdf/lib/libucs.so.0(ucs_event_set_wait+0xb1) [0x7f187cc1c851]
 9  /opt/conda/envs/gdf/lib/./libuct.so.0(uct_tcp_iface_progress+0x7c) [0x7f187cbc9fbc]
10  /opt/conda/envs/gdf/lib/libucp.so.0(ucp_worker_progress+0x5a) [0x7f187cc94d5a]
11  /opt/conda/envs/gdf/lib/python3.10/site-packages/ucp/_libs/ucx_api.cpython-310-x86_64-linux-gnu.so(+0x31dca) [0x7f187cd58dca]
12  /opt/conda/envs/gdf/bin/python(_PyEval_EvalFrameDefault+0x2c3e) [0x55c49e75f6de]
13  /opt/conda/envs/gdf/bin/python(_PyFunction_Vectorcall+0x6c) [0x55c49e76cb7c]
14  /opt/conda/envs/gdf/bin/python(_PyEval_EvalFrameDefault+0x6fd) [0x55c49e75d19d]
15  /opt/conda/envs/gdf/bin/python(+0x147234) [0x55c49e778234]
16  /opt/conda/envs/gdf/bin/python(+0x252f7c) [0x55c49e883f7c]
17  /opt/conda/envs/gdf/bin/python(+0xf745f) [0x55c49e72845f]
18  /opt/conda/envs/gdf/bin/python(+0x1331b3) [0x55c49e7641b3]
19  /opt/conda/envs/gdf/bin/python(_PyEval_EvalFrameDefault+0x593b) [0x55c49e7623db]
20  /opt/conda/envs/gdf/bin/python(_PyFunction_Vectorcall+0x6c) [0x55c49e76cb7c]
21  /opt/conda/envs/gdf/bin/python(_PyEval_EvalFrameDefault+0x6fd) [0x55c49e75d19d]
22  /opt/conda/envs/gdf/bin/python(_PyFunction_Vectorcall+0x6c) [0x55c49e76cb7c]
23  /opt/conda/envs/gdf/bin/python(_PyEval_EvalFrameDefault+0x6fd) [0x55c49e75d19d]
24  /opt/conda/envs/gdf/bin/python(_PyFunction_Vectorcall+0x6c) [0x55c49e76cb7c]
25  /opt/conda/envs/gdf/bin/python(_PyEval_EvalFrameDefault+0x6fd) [0x55c49e75d19d]
26  /opt/conda/envs/gdf/bin/python(_PyFunction_Vectorcall+0x6c) [0x55c49e76cb7c]
27  /opt/conda/envs/gdf/bin/python(_PyEval_EvalFrameDefault+0x6fd) [0x55c49e75d19d]
28  /opt/conda/envs/gdf/bin/python(_PyFunction_Vectorcall+0x6c) [0x55c49e76cb7c]
29  /opt/conda/envs/gdf/bin/python(_PyEval_EvalFrameDefault+0x1341) [0x55c49e75dde1]
30  /opt/conda/envs/gdf/bin/python(+0x146fb2) [0x55c49e777fb2]
31  /opt/conda/envs/gdf/bin/python(PyObject_Call+0xbc) [0x55c49e77894c]
32  /opt/conda/envs/gdf/bin/python(+0x1ff72d) [0x55c49e83072d]
33  /opt/conda/envs/gdf/bin/python(_PyObject_MakeTpCall+0x2d3) [0x55c49e765a03]
34  /opt/conda/envs/gdf/bin/python(_PyEval_EvalFrameDefault+0x2c3e) [0x55c49e75f6de]
35  /opt/conda/envs/gdf/bin/python(+0x147108) [0x55c49e778108]
36  /opt/conda/envs/gdf/bin/python(_PyEval_EvalFrameDefault+0x2c3e) [0x55c49e75f6de]
37  /opt/conda/envs/gdf/bin/python(_PyFunction_Vectorcall+0x6c) [0x55c49e76cb7c]
38  /opt/conda/envs/gdf/bin/python(_PyEval_EvalFrameDefault+0x6fd) [0x55c49e75d19d]
39  /opt/conda/envs/gdf/bin/python(_PyFunction_Vectorcall+0x6c) [0x55c49e76cb7c]
40  /opt/conda/envs/gdf/bin/python(_PyEval_EvalFrameDefault+0x6fd) [0x55c49e75d19d]
41  /opt/conda/envs/gdf/bin/python(_PyFunction_Vectorcall+0x6c) [0x55c49e76cb7c]
42  /opt/conda/envs/gdf/bin/python(_PyEval_EvalFrameDefault+0x309) [0x55c49e75cda9]
43  /opt/conda/envs/gdf/bin/python(_PyFunction_Vectorcall+0x6c) [0x55c49e76cb7c]
44  /opt/conda/envs/gdf/bin/python(_PyEval_EvalFrameDefault+0x1341) [0x55c49e75dde1]
45  /opt/conda/envs/gdf/bin/python(+0x1cca8c) [0x55c49e7fda8c]
46  /opt/conda/envs/gdf/bin/python(PyEval_EvalCode+0x87) [0x55c49e7fd9d7]
47  /opt/conda/envs/gdf/bin/python(+0x1fceba) [0x55c49e82deba]
48  /opt/conda/envs/gdf/bin/python(+0x1f8343) [0x55c49e829343]
49  /opt/conda/envs/gdf/bin/python(PyRun_StringFlags+0x7d) [0x55c49e821add]
50  /opt/conda/envs/gdf/bin/python(PyRun_SimpleStringFlags+0x3c) [0x55c49e82191c]
51  /opt/conda/envs/gdf/bin/python(Py_RunMain+0x3ba) [0x55c49e820b1a]
52  /opt/conda/envs/gdf/bin/python(Py_BytesMain+0x37) [0x55c49e7f1117]
53  /usr/lib/x86_64-linux-gnu/libc.so.6(__libc_start_main+0xf3) [0x7f18c4cae083]
54  /opt/conda/envs/gdf/bin/python(+0x1c002e) [0x55c49e7f102e]
=================================
2025-01-25 08:18:04,305 - distributed.scheduler - WARNING - Removing worker 'ucx://127.0.0.1:59645' caused the cluster to lose already computed task(s), which will be recomputed elsewhere: {('random_sample-47b16c7fd1d749fba91eb7e9b5f61795', 1, 5), ('random_sample-47b16c7fd1d749fba91eb7e9b5f61795', 6, 2), ('random_sample-47b16c7fd1d749fba91eb7e9b5f61795', 3, 4), ('random_sample-47b16c7fd1d749fba91eb7e9b5f61795', 0, 6), ('random_sample-47b16c7fd1d749fba91eb7e9b5f61795', 9, 4), ('random_sample-47b16c7fd1d749fba91eb7e9b5f61795', 1, 3), ('random_sample-47b16c7fd1d749fba91eb7e9b5f61795', 8, 3), ('random_sample-47b16c7fd1d749fba91eb7e9b5f61795', 5, 4), ('random_sample-47b16c7fd1d749fba91eb7e9b5f61795', 7, 7), ('random_sample-47b16c7fd1d749fba91eb7e9b5f61795', 8, 6), ('random_sample-47b16c7fd1d749fba91eb7e9b5f61795', 3, 9), ('random_sample-47b16c7fd1d749fba91eb7e9b5f61795', 3, 5), ('sum-08a2fe48f21554cf5d25962b68730a1e', 7, 7)} (stimulus_id='handle-worker-cleanup-1737793084.3054845')
2025-01-25 08:18:04,310 - distributed.worker - ERROR - failed during get data with ucx://127.0.0.1:40665 -> ucx://127.0.0.1:59645
Traceback (most recent call last):
  File "/opt/conda/envs/gdf/lib/python3.10/site-packages/rapids_dask_dependency/patches/distributed/comm/__rdd_patch_ucx.py", line 337, in write
    await self.ep.send(each_frame)
  File "/opt/conda/envs/gdf/lib/python3.10/site-packages/ucp/core.py", line 673, in send
    return await comm.tag_send(self._ep, buffer, nbytes, tag, name=log)
ucp._libs.exceptions.UCXError: <[Send #007] ep: 0x7f667ca6c200, tag: 0x1f617547713c6f0a, nbytes: 50000000, type: <class 'cupy.ndarray'>>: Connection reset by remote peer

During handling of the above exception, another exception occurred:

Traceback (most recent call last):
  File "/opt/conda/envs/gdf/lib/python3.10/site-packages/distributed/worker.py", line 1796, in get_data
    compressed = await comm.write(msg, serializers=serializers)
  File "/opt/conda/envs/gdf/lib/python3.10/site-packages/distributed/utils.py", line 805, in wrapper
    return await func(*args, **kwargs)
  File "/opt/conda/envs/gdf/lib/python3.10/site-packages/rapids_dask_dependency/patches/distributed/comm/__rdd_patch_ucx.py", line 341, in write
    raise CommClosedError("While writing, the connection was closed")
distributed.comm.core.CommClosedError: While writing, the connection was closed
2025-01-25 08:18:04,361 - distributed.worker - ERROR - Worker stream died during communication: ucx://127.0.0.1:41243
Traceback (most recent call last):
  File "/opt/conda/envs/gdf/lib/python3.10/site-packages/rapids_dask_dependency/patches/distributed/comm/__rdd_patch_ucx.py", line 353, in read
    await self.ep.recv(msg)
  File "/opt/conda/envs/gdf/lib/python3.10/site-packages/ucp/core.py", line 748, in recv
    ret = await comm.tag_recv(self._ep, buffer, nbytes, tag, name=log)
ucp._libs.exceptions.UCXCanceled: <[Recv #003] ep: 0x7f667ca6c1c0, tag: 0xd94c48b1c1a970, nbytes: 16, type: <class 'numpy.ndarray'>>: 

During handling of the above exception, another exception occurred:

Traceback (most recent call last):
  File "/opt/conda/envs/gdf/lib/python3.10/site-packages/distributed/worker.py", line 2075, in gather_dep
    response = await get_data_from_worker(
  File "/opt/conda/envs/gdf/lib/python3.10/site-packages/distributed/worker.py", line 2881, in get_data_from_worker
    response = await send_recv(
  File "/opt/conda/envs/gdf/lib/python3.10/site-packages/distributed/core.py", line 1018, in send_recv
    response = await comm.read(deserializers=deserializers)
  File "/opt/conda/envs/gdf/lib/python3.10/site-packages/distributed/utils.py", line 805, in wrapper
    return await func(*args, **kwargs)
  File "/opt/conda/envs/gdf/lib/python3.10/site-packages/rapids_dask_dependency/patches/distributed/comm/__rdd_patch_ucx.py", line 371, in read
    raise CommClosedError(
distributed.comm.core.CommClosedError: Connection closed by writer.
Inner exception: UCXCanceled("<[Recv #003] ep: 0x7f667ca6c1c0, tag: 0xd94c48b1c1a970, nbytes: 16, type: <class 'numpy.ndarray'>>: ")
2025-01-25 08:18:04,362 - distributed.scheduler - WARNING - Removing worker 'ucx://127.0.0.1:41243' caused the cluster to lose already computed task(s), which will be recomputed elsewhere: {('sum-08a2fe48f21554cf5d25962b68730a1e', 0, 0), ('random_sample-47b16c7fd1d749fba91eb7e9b5f61795', 3, 8), ('random_sample-47b16c7fd1d749fba91eb7e9b5f61795', 2, 6), ('random_sample-47b16c7fd1d749fba91eb7e9b5f61795', 5, 5), ('random_sample-47b16c7fd1d749fba91eb7e9b5f61795', 7, 9), ('sum-08a2fe48f21554cf5d25962b68730a1e', 7, 9), ('random_sample-47b16c7fd1d749fba91eb7e9b5f61795', 7, 2), ('random_sample-47b16c7fd1d749fba91eb7e9b5f61795', 5, 1), ('random_sample-47b16c7fd1d749fba91eb7e9b5f61795', 2, 8), ('random_sample-47b16c7fd1d749fba91eb7e9b5f61795', 9, 7), ('random_sample-47b16c7fd1d749fba91eb7e9b5f61795', 0, 4), ('sum-08a2fe48f21554cf5d25962b68730a1e', 6, 6), ('sum-08a2fe48f21554cf5d25962b68730a1e', 9, 7), ('random_sample-47b16c7fd1d749fba91eb7e9b5f61795', 0, 0), ('random_sample-47b16c7fd1d749fba91eb7e9b5f61795', 8, 9), ('sum-08a2fe48f21554cf5d25962b68730a1e', 5, 5), ('random_sample-47b16c7fd1d749fba91eb7e9b5f61795', 6, 6)} (stimulus_id='handle-worker-cleanup-1737793084.3618083')
2025-01-25 08:18:04,362 - distributed.worker - ERROR - Worker stream died during communication: ucx://127.0.0.1:41243
Traceback (most recent call last):
  File "/opt/conda/envs/gdf/lib/python3.10/site-packages/rapids_dask_dependency/patches/distributed/comm/__rdd_patch_ucx.py", line 353, in read
    await self.ep.recv(msg)
  File "/opt/conda/envs/gdf/lib/python3.10/site-packages/ucp/core.py", line 748, in recv
    ret = await comm.tag_recv(self._ep, buffer, nbytes, tag, name=log)
ucp._libs.exceptions.UCXCanceled: <[Recv #008] ep: 0x7f8bdc38c180, tag: 0x18809ed6babb4c45, nbytes: 16, type: <class 'numpy.ndarray'>>: 

During handling of the above exception, another exception occurred:

Traceback (most recent call last):
  File "/opt/conda/envs/gdf/lib/python3.10/site-packages/distributed/worker.py", line 2075, in gather_dep
    response = await get_data_from_worker(
  File "/opt/conda/envs/gdf/lib/python3.10/site-packages/distributed/worker.py", line 2881, in get_data_from_worker
    response = await send_recv(
  File "/opt/conda/envs/gdf/lib/python3.10/site-packages/distributed/core.py", line 1018, in send_recv
    response = await comm.read(deserializers=deserializers)
  File "/opt/conda/envs/gdf/lib/python3.10/site-packages/distributed/utils.py", line 805, in wrapper
    return await func(*args, **kwargs)
  File "/opt/conda/envs/gdf/lib/python3.10/site-packages/rapids_dask_dependency/patches/distributed/comm/__rdd_patch_ucx.py", line 371, in read
    raise CommClosedError(
distributed.comm.core.CommClosedError: Connection closed by writer.
Inner exception: UCXCanceled("<[Recv #008] ep: 0x7f8bdc38c180, tag: 0x18809ed6babb4c45, nbytes: 16, type: <class 'numpy.ndarray'>>: ")
2025-01-25 08:18:04,477 - distributed.scheduler - WARNING - Removing worker 'ucx://127.0.0.1:42211' caused the cluster to lose already computed task(s), which will be recomputed elsewhere: {('random_sample-47b16c7fd1d749fba91eb7e9b5f61795', 8, 2), ('random_sample-47b16c7fd1d749fba91eb7e9b5f61795', 1, 1), ('sum-08a2fe48f21554cf5d25962b68730a1e', 1, 1), ('random_sample-47b16c7fd1d749fba91eb7e9b5f61795', 4, 8), ('random_sample-47b16c7fd1d749fba91eb7e9b5f61795', 0, 2), ('random_sample-47b16c7fd1d749fba91eb7e9b5f61795', 7, 8), ('random_sample-47b16c7fd1d749fba91eb7e9b5f61795', 3, 6), ('random_sample-47b16c7fd1d749fba91eb7e9b5f61795', 9, 3), ('random_sample-47b16c7fd1d749fba91eb7e9b5f61795', 4, 3), ('random_sample-47b16c7fd1d749fba91eb7e9b5f61795', 7, 4), ('random_sample-47b16c7fd1d749fba91eb7e9b5f61795', 2, 4), ('random_sample-47b16c7fd1d749fba91eb7e9b5f61795', 1, 9), ('random_sample-47b16c7fd1d749fba91eb7e9b5f61795', 6, 0), ('random_sample-47b16c7fd1d749fba91eb7e9b5f61795', 8, 5)} (stimulus_id='handle-worker-cleanup-1737793084.4774044')
2025-01-25 08:18:04,477 - distributed.worker - ERROR - Worker stream died during communication: ucx://127.0.0.1:42211
Traceback (most recent call last):
  File "/opt/conda/envs/gdf/lib/python3.10/site-packages/rapids_dask_dependency/patches/distributed/comm/__rdd_patch_ucx.py", line 395, in read
    await self.ep.recv(each_frame)
  File "/opt/conda/envs/gdf/lib/python3.10/site-packages/ucp/core.py", line 748, in recv
    ret = await comm.tag_recv(self._ep, buffer, nbytes, tag, name=log)
ucp._libs.exceptions.UCXError: <[Recv #007] ep: 0x7f667ca6c140, tag: 0x64a0892969bc4620, nbytes: 50000000, type: <class 'rmm.pylibrmm.device_buffer.DeviceBuffer'>>: Connection reset by remote peer

During handling of the above exception, another exception occurred:

Traceback (most recent call last):
  File "/opt/conda/envs/gdf/lib/python3.10/site-packages/distributed/worker.py", line 2075, in gather_dep
    response = await get_data_from_worker(
  File "/opt/conda/envs/gdf/lib/python3.10/site-packages/distributed/worker.py", line 2881, in get_data_from_worker
    response = await send_recv(
  File "/opt/conda/envs/gdf/lib/python3.10/site-packages/distributed/core.py", line 1018, in send_recv
    response = await comm.read(deserializers=deserializers)
  File "/opt/conda/envs/gdf/lib/python3.10/site-packages/distributed/utils.py", line 805, in wrapper
    return await func(*args, **kwargs)
  File "/opt/conda/envs/gdf/lib/python3.10/site-packages/rapids_dask_dependency/patches/distributed/comm/__rdd_patch_ucx.py", line 401, in read
    raise CommClosedError(
distributed.comm.core.CommClosedError: Connection closed by writer.
Inner exception: UCXError("<[Recv #007] ep: 0x7f667ca6c140, tag: 0x64a0892969bc4620, nbytes: 50000000, type: <class 'rmm.pylibrmm.device_buffer.DeviceBuffer'>>: Connection reset by remote peer")
2025-01-25 08:18:04,478 - distributed.worker - ERROR - failed during get data with ucx://127.0.0.1:40665 -> ucx://127.0.0.1:42211
Traceback (most recent call last):
  File "/opt/conda/envs/gdf/lib/python3.10/site-packages/rapids_dask_dependency/patches/distributed/comm/__rdd_patch_ucx.py", line 337, in write
    await self.ep.send(each_frame)
  File "/opt/conda/envs/gdf/lib/python3.10/site-packages/ucp/core.py", line 673, in send
    return await comm.tag_send(self._ep, buffer, nbytes, tag, name=log)
ucp._libs.exceptions.UCXError: <[Send #007] ep: 0x7f667ca6c300, tag: 0xa50d7d428552e88, nbytes: 50000000, type: <class 'cupy.ndarray'>>: Connection reset by remote peer

During handling of the above exception, another exception occurred:

Traceback (most recent call last):
  File "/opt/conda/envs/gdf/lib/python3.10/site-packages/distributed/worker.py", line 1796, in get_data
    compressed = await comm.write(msg, serializers=serializers)
  File "/opt/conda/envs/gdf/lib/python3.10/site-packages/distributed/utils.py", line 805, in wrapper
    return await func(*args, **kwargs)
  File "/opt/conda/envs/gdf/lib/python3.10/site-packages/rapids_dask_dependency/patches/distributed/comm/__rdd_patch_ucx.py", line 341, in write
    raise CommClosedError("While writing, the connection was closed")
distributed.comm.core.CommClosedError: While writing, the connection was closed
2025-01-25 08:18:04,477 - distributed.worker - ERROR - Worker stream died during communication: ucx://127.0.0.1:42211
Traceback (most recent call last):
  File "/opt/conda/envs/gdf/lib/python3.10/site-packages/rapids_dask_dependency/patches/distributed/comm/__rdd_patch_ucx.py", line 353, in read
    await self.ep.recv(msg)
  File "/opt/conda/envs/gdf/lib/python3.10/site-packages/ucp/core.py", line 748, in recv
    ret = await comm.tag_recv(self._ep, buffer, nbytes, tag, name=log)
ucp._libs.exceptions.UCXCanceled: <[Recv #000] ep: 0x7f9ca0d2c140, tag: 0x976d81f25096b89b, nbytes: 16, type: <class 'numpy.ndarray'>>: 

During handling of the above exception, another exception occurred:

Traceback (most recent call last):
  File "/opt/conda/envs/gdf/lib/python3.10/site-packages/distributed/worker.py", line 2075, in gather_dep
    response = await get_data_from_worker(
  File "/opt/conda/envs/gdf/lib/python3.10/site-packages/distributed/worker.py", line 2878, in get_data_from_worker
    comm = await rpc.connect(worker)
  File "/opt/conda/envs/gdf/lib/python3.10/site-packages/distributed/core.py", line 1539, in connect
    return connect_attempt.result()
  File "/opt/conda/envs/gdf/lib/python3.10/site-packages/distributed/core.py", line 1429, in _connect
    comm = await connect(
  File "/opt/conda/envs/gdf/lib/python3.10/site-packages/distributed/comm/core.py", line 377, in connect
    handshake = await comm.read()
  File "/opt/conda/envs/gdf/lib/python3.10/site-packages/distributed/utils.py", line 805, in wrapper
    return await func(*args, **kwargs)
  File "/opt/conda/envs/gdf/lib/python3.10/site-packages/rapids_dask_dependency/patches/distributed/comm/__rdd_patch_ucx.py", line 371, in read
    raise CommClosedError(
distributed.comm.core.CommClosedError: Connection closed by writer.
Inner exception: UCXCanceled("<[Recv #000] ep: 0x7f9ca0d2c140, tag: 0x976d81f25096b89b, nbytes: 16, type: <class 'numpy.ndarray'>>: ")
2025-01-25 08:18:04,547 - distributed.scheduler - WARNING - Removing worker 'ucx://127.0.0.1:53325' caused the cluster to lose already computed task(s), which will be recomputed elsewhere: {('random_sample-47b16c7fd1d749fba91eb7e9b5f61795', 8, 8), ('random_sample-47b16c7fd1d749fba91eb7e9b5f61795', 4, 5), ('random_sample-47b16c7fd1d749fba91eb7e9b5f61795', 5, 2), ('random_sample-47b16c7fd1d749fba91eb7e9b5f61795', 3, 1), ('random_sample-47b16c7fd1d749fba91eb7e9b5f61795', 0, 8), ('sum-08a2fe48f21554cf5d25962b68730a1e', 8, 0), ('sum-08a2fe48f21554cf5d25962b68730a1e', 6, 7), ('sum-08a2fe48f21554cf5d25962b68730a1e', 0, 8), ('random_sample-47b16c7fd1d749fba91eb7e9b5f61795', 8, 0), ('random_sample-47b16c7fd1d749fba91eb7e9b5f61795', 3, 0), ('random_sample-47b16c7fd1d749fba91eb7e9b5f61795', 0, 7), ('sum-08a2fe48f21554cf5d25962b68730a1e', 8, 8), ('random_sample-47b16c7fd1d749fba91eb7e9b5f61795', 9, 6), ('sum-08a2fe48f21554cf5d25962b68730a1e', 6, 9), ('random_sample-47b16c7fd1d749fba91eb7e9b5f61795', 2, 0), ('sum-08a2fe48f21554cf5d25962b68730a1e', 9, 6), ('random_sample-47b16c7fd1d749fba91eb7e9b5f61795', 7, 3)} (stimulus_id='handle-worker-cleanup-1737793084.5468454')
2025-01-25 08:18:04,568 - distributed.worker - ERROR - failed during get data with ucx://127.0.0.1:41769 -> ucx://127.0.0.1:53325
Traceback (most recent call last):
  File "/opt/conda/envs/gdf/lib/python3.10/site-packages/rapids_dask_dependency/patches/distributed/comm/__rdd_patch_ucx.py", line 337, in write
    await self.ep.send(each_frame)
  File "/opt/conda/envs/gdf/lib/python3.10/site-packages/ucp/core.py", line 673, in send
    return await comm.tag_send(self._ep, buffer, nbytes, tag, name=log)
ucp._libs.exceptions.UCXError: <[Send #007] ep: 0x7f8bdc38c280, tag: 0xa34b1d244c9174ea, nbytes: 50000000, type: <class 'cupy.ndarray'>>: Connection reset by remote peer

During handling of the above exception, another exception occurred:

Traceback (most recent call last):
  File "/opt/conda/envs/gdf/lib/python3.10/site-packages/distributed/worker.py", line 1796, in get_data
    compressed = await comm.write(msg, serializers=serializers)
  File "/opt/conda/envs/gdf/lib/python3.10/site-packages/distributed/utils.py", line 805, in wrapper
    return await func(*args, **kwargs)
  File "/opt/conda/envs/gdf/lib/python3.10/site-packages/rapids_dask_dependency/patches/distributed/comm/__rdd_patch_ucx.py", line 341, in write
    raise CommClosedError("While writing, the connection was closed")
distributed.comm.core.CommClosedError: While writing, the connection was closed
2025-01-25 08:18:04,648 - distributed.worker - ERROR - Worker stream died during communication: ucx://127.0.0.1:53325
Traceback (most recent call last):
  File "/opt/conda/envs/gdf/lib/python3.10/site-packages/rapids_dask_dependency/patches/distributed/comm/__rdd_patch_ucx.py", line 395, in read
    await self.ep.recv(each_frame)
  File "/opt/conda/envs/gdf/lib/python3.10/site-packages/ucp/core.py", line 748, in recv
    ret = await comm.tag_recv(self._ep, buffer, nbytes, tag, name=log)
ucp._libs.exceptions.UCXError: <[Recv #007] ep: 0x7fc93c517140, tag: 0xff2fe458987c80a3, nbytes: 50000000, type: <class 'rmm.pylibrmm.device_buffer.DeviceBuffer'>>: Connection reset by remote peer

During handling of the above exception, another exception occurred:

Traceback (most recent call last):
  File "/opt/conda/envs/gdf/lib/python3.10/site-packages/distributed/worker.py", line 2075, in gather_dep
    response = await get_data_from_worker(
  File "/opt/conda/envs/gdf/lib/python3.10/site-packages/distributed/worker.py", line 2881, in get_data_from_worker
    response = await send_recv(
  File "/opt/conda/envs/gdf/lib/python3.10/site-packages/distributed/core.py", line 1018, in send_recv
    response = await comm.read(deserializers=deserializers)
  File "/opt/conda/envs/gdf/lib/python3.10/site-packages/distributed/utils.py", line 805, in wrapper
    return await func(*args, **kwargs)
  File "/opt/conda/envs/gdf/lib/python3.10/site-packages/rapids_dask_dependency/patches/distributed/comm/__rdd_patch_ucx.py", line 401, in read
    raise CommClosedError(
distributed.comm.core.CommClosedError: Connection closed by writer.
Inner exception: UCXError("<[Recv #007] ep: 0x7fc93c517140, tag: 0xff2fe458987c80a3, nbytes: 50000000, type: <class 'rmm.pylibrmm.device_buffer.DeviceBuffer'>>: Connection reset by remote peer")
2025-01-25 08:18:04,652 - distributed.worker - ERROR - failed during get data with ucx://127.0.0.1:49343 -> ucx://127.0.0.1:59645
Traceback (most recent call last):
  File "/opt/conda/envs/gdf/lib/python3.10/site-packages/rapids_dask_dependency/patches/distributed/comm/__rdd_patch_ucx.py", line 337, in write
    await self.ep.send(each_frame)
  File "/opt/conda/envs/gdf/lib/python3.10/site-packages/ucp/core.py", line 673, in send
    return await comm.tag_send(self._ep, buffer, nbytes, tag, name=log)
ucp._libs.exceptions.UCXError: <[Send #007] ep: 0x7fc93c517240, tag: 0x904b1d9b1077e21, nbytes: 50000000, type: <class 'cupy.ndarray'>>: Connection reset by remote peer

During handling of the above exception, another exception occurred:

Traceback (most recent call last):
  File "/opt/conda/envs/gdf/lib/python3.10/site-packages/distributed/worker.py", line 1796, in get_data
    compressed = await comm.write(msg, serializers=serializers)
  File "/opt/conda/envs/gdf/lib/python3.10/site-packages/distributed/utils.py", line 805, in wrapper
    return await func(*args, **kwargs)
  File "/opt/conda/envs/gdf/lib/python3.10/site-packages/rapids_dask_dependency/patches/distributed/comm/__rdd_patch_ucx.py", line 341, in write
    raise CommClosedError("While writing, the connection was closed")
distributed.comm.core.CommClosedError: While writing, the connection was closed
2025-01-25 08:18:04,652 - distributed.worker - ERROR - failed during get data with ucx://127.0.0.1:49343 -> ucx://127.0.0.1:53325
Traceback (most recent call last):
  File "/opt/conda/envs/gdf/lib/python3.10/site-packages/rapids_dask_dependency/patches/distributed/comm/__rdd_patch_ucx.py", line 337, in write
    await self.ep.send(each_frame)
  File "/opt/conda/envs/gdf/lib/python3.10/site-packages/ucp/core.py", line 673, in send
    return await comm.tag_send(self._ep, buffer, nbytes, tag, name=log)
ucp._libs.exceptions.UCXError: <[Send #007] ep: 0x7fc93c517280, tag: 0xec3fcd17da36b209, nbytes: 50000000, type: <class 'cupy.ndarray'>>: Connection reset by remote peer

During handling of the above exception, another exception occurred:

Traceback (most recent call last):
  File "/opt/conda/envs/gdf/lib/python3.10/site-packages/distributed/worker.py", line 1796, in get_data
    compressed = await comm.write(msg, serializers=serializers)
  File "/opt/conda/envs/gdf/lib/python3.10/site-packages/distributed/utils.py", line 805, in wrapper
    return await func(*args, **kwargs)
  File "/opt/conda/envs/gdf/lib/python3.10/site-packages/rapids_dask_dependency/patches/distributed/comm/__rdd_patch_ucx.py", line 341, in write
    raise CommClosedError("While writing, the connection was closed")
distributed.comm.core.CommClosedError: While writing, the connection was closed
Task exception was never retrieved
future: <Task finished name='Task-209' coro=<_listener_handler_coroutine() done, defined at /opt/conda/envs/gdf/lib/python3.10/site-packages/ucp/core.py:142> exception=UCXError('<stream_recv>: Connection reset by remote peer')>
Traceback (most recent call last):
  File "/opt/conda/envs/gdf/lib/python3.10/site-packages/ucp/core.py", line 157, in _listener_handler_coroutine
    peer_info = await exchange_peer_info(
  File "/opt/conda/envs/gdf/lib/python3.10/site-packages/ucp/core.py", line 57, in exchange_peer_info
    await asyncio.wait_for(
  File "/opt/conda/envs/gdf/lib/python3.10/asyncio/tasks.py", line 445, in wait_for
    return fut.result()
ucp._libs.exceptions.UCXError: <stream_recv>: Connection reset by remote peer
2025-01-25 08:18:04,665 - distributed.worker - ERROR - failed during get data with ucx://127.0.0.1:40665 -> ucx://127.0.0.1:41243
Traceback (most recent call last):
  File "/opt/conda/envs/gdf/lib/python3.10/site-packages/rapids_dask_dependency/patches/distributed/comm/__rdd_patch_ucx.py", line 337, in write
    await self.ep.send(each_frame)
  File "/opt/conda/envs/gdf/lib/python3.10/site-packages/ucp/core.py", line 673, in send
    return await comm.tag_send(self._ep, buffer, nbytes, tag, name=log)
ucp._libs.exceptions.UCXError: <[Send #007] ep: 0x7f667ca6c280, tag: 0x9fca9a2a84298e32, nbytes: 50000000, type: <class 'cupy.ndarray'>>: Connection reset by remote peer

During handling of the above exception, another exception occurred:

Traceback (most recent call last):
  File "/opt/conda/envs/gdf/lib/python3.10/site-packages/distributed/worker.py", line 1796, in get_data
    compressed = await comm.write(msg, serializers=serializers)
  File "/opt/conda/envs/gdf/lib/python3.10/site-packages/distributed/utils.py", line 805, in wrapper
    return await func(*args, **kwargs)
  File "/opt/conda/envs/gdf/lib/python3.10/site-packages/rapids_dask_dependency/patches/distributed/comm/__rdd_patch_ucx.py", line 341, in write
    raise CommClosedError("While writing, the connection was closed")
distributed.comm.core.CommClosedError: While writing, the connection was closed
2025-01-25 08:18:04,665 - distributed.worker - ERROR - Worker stream died during communication: ucx://127.0.0.1:42211
Traceback (most recent call last):
  File "/opt/conda/envs/gdf/lib/python3.10/site-packages/rapids_dask_dependency/patches/distributed/comm/__rdd_patch_ucx.py", line 353, in read
    await self.ep.recv(msg)
  File "/opt/conda/envs/gdf/lib/python3.10/site-packages/ucp/core.py", line 748, in recv
    ret = await comm.tag_recv(self._ep, buffer, nbytes, tag, name=log)
ucp._libs.exceptions.UCXCanceled: <[Recv #000] ep: 0x7fc93c517200, tag: 0xf087598300b368ce, nbytes: 16, type: <class 'numpy.ndarray'>>: 

During handling of the above exception, another exception occurred:

Traceback (most recent call last):
  File "/opt/conda/envs/gdf/lib/python3.10/site-packages/distributed/worker.py", line 2075, in gather_dep
    response = await get_data_from_worker(
  File "/opt/conda/envs/gdf/lib/python3.10/site-packages/distributed/worker.py", line 2878, in get_data_from_worker
    comm = await rpc.connect(worker)
  File "/opt/conda/envs/gdf/lib/python3.10/site-packages/distributed/core.py", line 1539, in connect
    return connect_attempt.result()
  File "/opt/conda/envs/gdf/lib/python3.10/site-packages/distributed/core.py", line 1429, in _connect
    comm = await connect(
  File "/opt/conda/envs/gdf/lib/python3.10/site-packages/distributed/comm/core.py", line 377, in connect
    handshake = await comm.read()
  File "/opt/conda/envs/gdf/lib/python3.10/site-packages/distributed/utils.py", line 805, in wrapper
    return await func(*args, **kwargs)
  File "/opt/conda/envs/gdf/lib/python3.10/site-packages/rapids_dask_dependency/patches/distributed/comm/__rdd_patch_ucx.py", line 371, in read
    raise CommClosedError(
distributed.comm.core.CommClosedError: Connection closed by writer.
Inner exception: UCXCanceled("<[Recv #000] ep: 0x7fc93c517200, tag: 0xf087598300b368ce, nbytes: 16, type: <class 'numpy.ndarray'>>: ")
2025-01-25 08:18:04,694 - distributed.nanny - WARNING - Restarting worker
2025-01-25 08:18:04,743 - distributed.nanny - WARNING - Restarting worker
2025-01-25 08:18:04,787 - distributed.nanny - WARNING - Restarting worker
2025-01-25 08:18:04,819 - distributed.nanny - WARNING - Restarting worker
[dgx13:68340:0:68340] Caught signal 11 (Segmentation fault: address not mapped to object at address 0x450)
==== backtrace (tid:  68340) ====
 0  /opt/conda/envs/gdf/lib/libucs.so.0(ucs_handle_error+0x305) [0x7f036451d025]
 1  /opt/conda/envs/gdf/lib/libucs.so.0(+0x2f221) [0x7f036451d221]
 2  /opt/conda/envs/gdf/lib/libucs.so.0(+0x2f3ea) [0x7f036451d3ea]
 3  /usr/lib/x86_64-linux-gnu/libpthread.so.0(+0x14420) [0x7f03ac6bd420]
 4  /opt/conda/envs/gdf/lib/libucp.so.0(ucp_mem_type_unpack+0x17) [0x7f03645a2197]
 5  /opt/conda/envs/gdf/lib/libucp.so.0(ucp_rndv_data_handler+0x5f5) [0x7f03645cd9e5]
 6  /opt/conda/envs/gdf/lib/./libuct.so.0(+0x21dd6) [0x7f03644d1dd6]
 7  /opt/conda/envs/gdf/lib/./libuct.so.0(+0x24f48) [0x7f03644d4f48]
 8  /opt/conda/envs/gdf/lib/libucs.so.0(ucs_event_set_wait+0xb1) [0x7f0364526851]
 9  /opt/conda/envs/gdf/lib/./libuct.so.0(uct_tcp_iface_progress+0x7c) [0x7f03644d3fbc]
10  /opt/conda/envs/gdf/lib/libucp.so.0(ucp_worker_progress+0x5a) [0x7f036459ed5a]
11  /opt/conda/envs/gdf/lib/python3.10/site-packages/ucp/_libs/ucx_api.cpython-310-x86_64-linux-gnu.so(+0x31dca) [0x7f0364662dca]
12  /opt/conda/envs/gdf/bin/python(_PyEval_EvalFrameDefault+0x2c3e) [0x5575316276de]
13  /opt/conda/envs/gdf/bin/python(_PyFunction_Vectorcall+0x6c) [0x557531634b7c]
14  /opt/conda/envs/gdf/bin/python(_PyEval_EvalFrameDefault+0x6fd) [0x55753162519d]
15  /opt/conda/envs/gdf/bin/python(+0x1d62c9) [0x5575316cf2c9]
16  /opt/conda/envs/gdf/lib/python3.10/lib-dynload/_asyncio.cpython-310-x86_64-linux-gnu.so(+0x7782) [0x7f038c5cf782]
17  /opt/conda/envs/gdf/bin/python(_PyObject_MakeTpCall+0x2d3) [0x55753162da03]
18  /opt/conda/envs/gdf/bin/python(+0xf745f) [0x5575315f045f]
19  /opt/conda/envs/gdf/bin/python(+0x1331b3) [0x55753162c1b3]
20  /opt/conda/envs/gdf/bin/python(_PyEval_EvalFrameDefault+0x593b) [0x55753162a3db]
21  /opt/conda/envs/gdf/bin/python(_PyFunction_Vectorcall+0x6c) [0x557531634b7c]
22  /opt/conda/envs/gdf/bin/python(_PyEval_EvalFrameDefault+0x6fd) [0x55753162519d]
23  /opt/conda/envs/gdf/bin/python(_PyFunction_Vectorcall+0x6c) [0x557531634b7c]
24  /opt/conda/envs/gdf/bin/python(_PyEval_EvalFrameDefault+0x6fd) [0x55753162519d]
25  /opt/conda/envs/gdf/bin/python(_PyFunction_Vectorcall+0x6c) [0x557531634b7c]
26  /opt/conda/envs/gdf/bin/python(_PyEval_EvalFrameDefault+0x6fd) [0x55753162519d]
27  /opt/conda/envs/gdf/bin/python(_PyFunction_Vectorcall+0x6c) [0x557531634b7c]
28  /opt/conda/envs/gdf/bin/python(_PyEval_EvalFrameDefault+0x6fd) [0x55753162519d]
29  /opt/conda/envs/gdf/bin/python(_PyFunction_Vectorcall+0x6c) [0x557531634b7c]
30  /opt/conda/envs/gdf/bin/python(_PyEval_EvalFrameDefault+0x1341) [0x557531625de1]
31  /opt/conda/envs/gdf/bin/python(+0x146fb2) [0x55753163ffb2]
32  /opt/conda/envs/gdf/bin/python(PyObject_Call+0xbc) [0x55753164094c]
33  /opt/conda/envs/gdf/bin/python(+0x1ff72d) [0x5575316f872d]
34  /opt/conda/envs/gdf/bin/python(_PyObject_MakeTpCall+0x2d3) [0x55753162da03]
35  /opt/conda/envs/gdf/bin/python(_PyEval_EvalFrameDefault+0x2c3e) [0x5575316276de]
36  /opt/conda/envs/gdf/bin/python(+0x147108) [0x557531640108]
37  /opt/conda/envs/gdf/bin/python(_PyEval_EvalFrameDefault+0x2c3e) [0x5575316276de]
38  /opt/conda/envs/gdf/bin/python(_PyFunction_Vectorcall+0x6c) [0x557531634b7c]
39  /opt/conda/envs/gdf/bin/python(_PyEval_EvalFrameDefault+0x6fd) [0x55753162519d]
40  /opt/conda/envs/gdf/bin/python(_PyFunction_Vectorcall+0x6c) [0x557531634b7c]
41  /opt/conda/envs/gdf/bin/python(_PyEval_EvalFrameDefault+0x6fd) [0x55753162519d]
42  /opt/conda/envs/gdf/bin/python(_PyFunction_Vectorcall+0x6c) [0x557531634b7c]
43  /opt/conda/envs/gdf/bin/python(_PyEval_EvalFrameDefault+0x309) [0x557531624da9]
44  /opt/conda/envs/gdf/bin/python(_PyFunction_Vectorcall+0x6c) [0x557531634b7c]
45  /opt/conda/envs/gdf/bin/python(_PyEval_EvalFrameDefault+0x1341) [0x557531625de1]
46  /opt/conda/envs/gdf/bin/python(+0x1cca8c) [0x5575316c5a8c]
47  /opt/conda/envs/gdf/bin/python(PyEval_EvalCode+0x87) [0x5575316c59d7]
48  /opt/conda/envs/gdf/bin/python(+0x1fceba) [0x5575316f5eba]
49  /opt/conda/envs/gdf/bin/python(+0x1f8343) [0x5575316f1343]
50  /opt/conda/envs/gdf/bin/python(PyRun_StringFlags+0x7d) [0x5575316e9add]
51  /opt/conda/envs/gdf/bin/python(PyRun_SimpleStringFlags+0x3c) [0x5575316e991c]
52  /opt/conda/envs/gdf/bin/python(Py_RunMain+0x3ba) [0x5575316e8b1a]
53  /opt/conda/envs/gdf/bin/python(Py_BytesMain+0x37) [0x5575316b9117]
54  /usr/lib/x86_64-linux-gnu/libc.so.6(__libc_start_main+0xf3) [0x7f03ac381083]
55  /opt/conda/envs/gdf/bin/python(+0x1c002e) [0x5575316b902e]
=================================
2025-01-25 08:18:08,781 - distributed.scheduler - WARNING - Removing worker 'ucx://127.0.0.1:60457' caused the cluster to lose already computed task(s), which will be recomputed elsewhere: {('random_sample-47b16c7fd1d749fba91eb7e9b5f61795', 8, 2), ('random_sample-47b16c7fd1d749fba91eb7e9b5f61795', 7, 9), ('random_sample-47b16c7fd1d749fba91eb7e9b5f61795', 7, 8), ('random_sample-47b16c7fd1d749fba91eb7e9b5f61795', 8, 3), ('random_sample-47b16c7fd1d749fba91eb7e9b5f61795', 8, 0)} (stimulus_id='handle-worker-cleanup-1737793088.7809608')
2025-01-25 08:18:08,780 - distributed.worker - ERROR - Worker stream died during communication: ucx://127.0.0.1:60457
Traceback (most recent call last):
  File "/opt/conda/envs/gdf/lib/python3.10/site-packages/rapids_dask_dependency/patches/distributed/comm/__rdd_patch_ucx.py", line 353, in read
    await self.ep.recv(msg)
  File "/opt/conda/envs/gdf/lib/python3.10/site-packages/ucp/core.py", line 748, in recv
    ret = await comm.tag_recv(self._ep, buffer, nbytes, tag, name=log)
ucp._libs.exceptions.UCXCanceled: <[Recv #000] ep: 0x7fc93c517200, tag: 0x8064efab667bb36b, nbytes: 16, type: <class 'numpy.ndarray'>>: 

During handling of the above exception, another exception occurred:

Traceback (most recent call last):
  File "/opt/conda/envs/gdf/lib/python3.10/site-packages/distributed/worker.py", line 2075, in gather_dep
    response = await get_data_from_worker(
  File "/opt/conda/envs/gdf/lib/python3.10/site-packages/distributed/worker.py", line 2878, in get_data_from_worker
    comm = await rpc.connect(worker)
  File "/opt/conda/envs/gdf/lib/python3.10/site-packages/distributed/core.py", line 1539, in connect
    return connect_attempt.result()
  File "/opt/conda/envs/gdf/lib/python3.10/site-packages/distributed/core.py", line 1429, in _connect
    comm = await connect(
  File "/opt/conda/envs/gdf/lib/python3.10/site-packages/distributed/comm/core.py", line 377, in connect
    handshake = await comm.read()
  File "/opt/conda/envs/gdf/lib/python3.10/site-packages/distributed/utils.py", line 805, in wrapper
    return await func(*args, **kwargs)
  File "/opt/conda/envs/gdf/lib/python3.10/site-packages/rapids_dask_dependency/patches/distributed/comm/__rdd_patch_ucx.py", line 371, in read
    raise CommClosedError(
distributed.comm.core.CommClosedError: Connection closed by writer.
Inner exception: UCXCanceled("<[Recv #000] ep: 0x7fc93c517200, tag: 0x8064efab667bb36b, nbytes: 16, type: <class 'numpy.ndarray'>>: ")
2025-01-25 08:18:08,781 - distributed.worker - ERROR - failed during get data with ucx://127.0.0.1:40665 -> ucx://127.0.0.1:60457
Traceback (most recent call last):
  File "/opt/conda/envs/gdf/lib/python3.10/site-packages/rapids_dask_dependency/patches/distributed/comm/__rdd_patch_ucx.py", line 337, in write
    await self.ep.send(each_frame)
  File "/opt/conda/envs/gdf/lib/python3.10/site-packages/ucp/core.py", line 673, in send
    return await comm.tag_send(self._ep, buffer, nbytes, tag, name=log)
ucp._libs.exceptions.UCXError: <[Send #007] ep: 0x7f667ca6c240, tag: 0x563eec3bad573dbd, nbytes: 50000000, type: <class 'cupy.ndarray'>>: Connection reset by remote peer

During handling of the above exception, another exception occurred:

Traceback (most recent call last):
  File "/opt/conda/envs/gdf/lib/python3.10/site-packages/distributed/worker.py", line 1796, in get_data
    compressed = await comm.write(msg, serializers=serializers)
  File "/opt/conda/envs/gdf/lib/python3.10/site-packages/distributed/utils.py", line 805, in wrapper
    return await func(*args, **kwargs)
  File "/opt/conda/envs/gdf/lib/python3.10/site-packages/rapids_dask_dependency/patches/distributed/comm/__rdd_patch_ucx.py", line 341, in write
    raise CommClosedError("While writing, the connection was closed")
distributed.comm.core.CommClosedError: While writing, the connection was closed
2025-01-25 08:18:08,781 - distributed.worker - ERROR - Worker stream died during communication: ucx://127.0.0.1:60457
Traceback (most recent call last):
  File "/opt/conda/envs/gdf/lib/python3.10/site-packages/rapids_dask_dependency/patches/distributed/comm/__rdd_patch_ucx.py", line 395, in read
    await self.ep.recv(each_frame)
  File "/opt/conda/envs/gdf/lib/python3.10/site-packages/ucp/core.py", line 748, in recv
    ret = await comm.tag_recv(self._ep, buffer, nbytes, tag, name=log)
ucp._libs.exceptions.UCXError: <[Recv #007] ep: 0x7f667ca6c0c0, tag: 0xad7ad18095042da, nbytes: 50000000, type: <class 'rmm.pylibrmm.device_buffer.DeviceBuffer'>>: Connection reset by remote peer

During handling of the above exception, another exception occurred:

Traceback (most recent call last):
  File "/opt/conda/envs/gdf/lib/python3.10/site-packages/distributed/worker.py", line 2075, in gather_dep
    response = await get_data_from_worker(
  File "/opt/conda/envs/gdf/lib/python3.10/site-packages/distributed/worker.py", line 2881, in get_data_from_worker
    response = await send_recv(
  File "/opt/conda/envs/gdf/lib/python3.10/site-packages/distributed/core.py", line 1018, in send_recv
    response = await comm.read(deserializers=deserializers)
  File "/opt/conda/envs/gdf/lib/python3.10/site-packages/distributed/utils.py", line 805, in wrapper
    return await func(*args, **kwargs)
  File "/opt/conda/envs/gdf/lib/python3.10/site-packages/rapids_dask_dependency/patches/distributed/comm/__rdd_patch_ucx.py", line 401, in read
    raise CommClosedError(
distributed.comm.core.CommClosedError: Connection closed by writer.
Inner exception: UCXError("<[Recv #007] ep: 0x7f667ca6c0c0, tag: 0xad7ad18095042da, nbytes: 50000000, type: <class 'rmm.pylibrmm.device_buffer.DeviceBuffer'>>: Connection reset by remote peer")
2025-01-25 08:18:08,825 - distributed.nanny - WARNING - Restarting worker
[dgx13:68348:0:68348] Caught signal 11 (Segmentation fault: address not mapped to object at address 0x450)
==== backtrace (tid:  68348) ====
 0  /opt/conda/envs/gdf/lib/libucs.so.0(ucs_handle_error+0x305) [0x7f20f806f025]
 1  /opt/conda/envs/gdf/lib/libucs.so.0(+0x2f221) [0x7f20f806f221]
 2  /opt/conda/envs/gdf/lib/libucs.so.0(+0x2f3ea) [0x7f20f806f3ea]
 3  /usr/lib/x86_64-linux-gnu/libpthread.so.0(+0x14420) [0x7f213ff79420]
 4  /opt/conda/envs/gdf/lib/libucp.so.0(ucp_mem_type_unpack+0x17) [0x7f20f1d79197]
 5  /opt/conda/envs/gdf/lib/libucp.so.0(ucp_rndv_data_handler+0x5f5) [0x7f20f1da49e5]
 6  /opt/conda/envs/gdf/lib/./libuct.so.0(+0x21dd6) [0x7f20f8023dd6]
 7  /opt/conda/envs/gdf/lib/./libuct.so.0(+0x24f48) [0x7f20f8026f48]
 8  /opt/conda/envs/gdf/lib/libucs.so.0(ucs_event_set_wait+0xb1) [0x7f20f8078851]
 9  /opt/conda/envs/gdf/lib/./libuct.so.0(uct_tcp_iface_progress+0x7c) [0x7f20f8025fbc]
10  /opt/conda/envs/gdf/lib/libucp.so.0(ucp_worker_progress+0x5a) [0x7f20f1d75d5a]
11  /opt/conda/envs/gdf/lib/python3.10/site-packages/ucp/_libs/ucx_api.cpython-310-x86_64-linux-gnu.so(+0x31dca) [0x7f20f1e39dca]
12  /opt/conda/envs/gdf/bin/python(_PyEval_EvalFrameDefault+0x2c3e) [0x55fce496e6de]
13  /opt/conda/envs/gdf/bin/python(_PyFunction_Vectorcall+0x6c) [0x55fce497bb7c]
14  /opt/conda/envs/gdf/bin/python(_PyEval_EvalFrameDefault+0x6fd) [0x55fce496c19d]
15  /opt/conda/envs/gdf/bin/python(+0x147234) [0x55fce4987234]
16  /opt/conda/envs/gdf/bin/python(+0x252f7c) [0x55fce4a92f7c]
17  /opt/conda/envs/gdf/bin/python(+0xf745f) [0x55fce493745f]
18  /opt/conda/envs/gdf/bin/python(+0x1331b3) [0x55fce49731b3]
19  /opt/conda/envs/gdf/bin/python(_PyEval_EvalFrameDefault+0x593b) [0x55fce49713db]
20  /opt/conda/envs/gdf/bin/python(_PyFunction_Vectorcall+0x6c) [0x55fce497bb7c]
21  /opt/conda/envs/gdf/bin/python(_PyEval_EvalFrameDefault+0x6fd) [0x55fce496c19d]
22  /opt/conda/envs/gdf/bin/python(_PyFunction_Vectorcall+0x6c) [0x55fce497bb7c]
23  /opt/conda/envs/gdf/bin/python(_PyEval_EvalFrameDefault+0x6fd) [0x55fce496c19d]
24  /opt/conda/envs/gdf/bin/python(_PyFunction_Vectorcall+0x6c) [0x55fce497bb7c]
25  /opt/conda/envs/gdf/bin/python(_PyEval_EvalFrameDefault+0x6fd) [0x55fce496c19d]
26  /opt/conda/envs/gdf/bin/python(_PyFunction_Vectorcall+0x6c) [0x55fce497bb7c]
27  /opt/conda/envs/gdf/bin/python(_PyEval_EvalFrameDefault+0x6fd) [0x55fce496c19d]
28  /opt/conda/envs/gdf/bin/python(_PyFunction_Vectorcall+0x6c) [0x55fce497bb7c]
29  /opt/conda/envs/gdf/bin/python(_PyEval_EvalFrameDefault+0x1341) [0x55fce496cde1]
30  /opt/conda/envs/gdf/bin/python(+0x146fb2) [0x55fce4986fb2]
31  /opt/conda/envs/gdf/bin/python(PyObject_Call+0xbc) [0x55fce498794c]
32  /opt/conda/envs/gdf/bin/python(+0x1ff72d) [0x55fce4a3f72d]
33  /opt/conda/envs/gdf/bin/python(_PyObject_MakeTpCall+0x2d3) [0x55fce4974a03]
34  /opt/conda/envs/gdf/bin/python(_PyEval_EvalFrameDefault+0x2c3e) [0x55fce496e6de]
35  /opt/conda/envs/gdf/bin/python(+0x147108) [0x55fce4987108]
36  /opt/conda/envs/gdf/bin/python(_PyEval_EvalFrameDefault+0x2c3e) [0x55fce496e6de]
37  /opt/conda/envs/gdf/bin/python(_PyFunction_Vectorcall+0x6c) [0x55fce497bb7c]
38  /opt/conda/envs/gdf/bin/python(_PyEval_EvalFrameDefault+0x6fd) [0x55fce496c19d]
39  /opt/conda/envs/gdf/bin/python(_PyFunction_Vectorcall+0x6c) [0x55fce497bb7c]
40  /opt/conda/envs/gdf/bin/python(_PyEval_EvalFrameDefault+0x6fd) [0x55fce496c19d]
41  /opt/conda/envs/gdf/bin/python(_PyFunction_Vectorcall+0x6c) [0x55fce497bb7c]
42  /opt/conda/envs/gdf/bin/python(_PyEval_EvalFrameDefault+0x309) [0x55fce496bda9]
43  /opt/conda/envs/gdf/bin/python(_PyFunction_Vectorcall+0x6c) [0x55fce497bb7c]
44  /opt/conda/envs/gdf/bin/python(_PyEval_EvalFrameDefault+0x1341) [0x55fce496cde1]
45  /opt/conda/envs/gdf/bin/python(+0x1cca8c) [0x55fce4a0ca8c]
46  /opt/conda/envs/gdf/bin/python(PyEval_EvalCode+0x87) [0x55fce4a0c9d7]
47  /opt/conda/envs/gdf/bin/python(+0x1fceba) [0x55fce4a3ceba]
48  /opt/conda/envs/gdf/bin/python(+0x1f8343) [0x55fce4a38343]
49  /opt/conda/envs/gdf/bin/python(PyRun_StringFlags+0x7d) [0x55fce4a30add]
50  /opt/conda/envs/gdf/bin/python(PyRun_SimpleStringFlags+0x3c) [0x55fce4a3091c]
51  /opt/conda/envs/gdf/bin/python(Py_RunMain+0x3ba) [0x55fce4a2fb1a]
52  /opt/conda/envs/gdf/bin/python(Py_BytesMain+0x37) [0x55fce4a00117]
53  /usr/lib/x86_64-linux-gnu/libc.so.6(__libc_start_main+0xf3) [0x7f213fc3d083]
54  /opt/conda/envs/gdf/bin/python(+0x1c002e) [0x55fce4a0002e]
=================================
2025-01-25 08:18:09,270 - distributed.worker - ERROR - failed during get data with ucx://127.0.0.1:40665 -> ucx://127.0.0.1:34533
Traceback (most recent call last):
  File "/opt/conda/envs/gdf/lib/python3.10/site-packages/rapids_dask_dependency/patches/distributed/comm/__rdd_patch_ucx.py", line 337, in write
    await self.ep.send(each_frame)
  File "/opt/conda/envs/gdf/lib/python3.10/site-packages/ucp/core.py", line 673, in send
    return await comm.tag_send(self._ep, buffer, nbytes, tag, name=log)
ucp._libs.exceptions.UCXError: <[Send #007] ep: 0x7f667ca6c300, tag: 0x4b72d274268c2e08, nbytes: 50000000, type: <class 'cupy.ndarray'>>: Connection reset by remote peer

During handling of the above exception, another exception occurred:

Traceback (most recent call last):
  File "/opt/conda/envs/gdf/lib/python3.10/site-packages/distributed/worker.py", line 1796, in get_data
    compressed = await comm.write(msg, serializers=serializers)
  File "/opt/conda/envs/gdf/lib/python3.10/site-packages/distributed/utils.py", line 805, in wrapper
    return await func(*args, **kwargs)
  File "/opt/conda/envs/gdf/lib/python3.10/site-packages/rapids_dask_dependency/patches/distributed/comm/__rdd_patch_ucx.py", line 341, in write
    raise CommClosedError("While writing, the connection was closed")
distributed.comm.core.CommClosedError: While writing, the connection was closed
[dgx13:68344:0:68344] Caught signal 11 (Segmentation fault: address not mapped to object at address 0x450)
==== backtrace (tid:  68344) ====
 0  /opt/conda/envs/gdf/lib/libucs.so.0(ucs_handle_error+0x305) [0x7fc011c0d025]
 1  /opt/conda/envs/gdf/lib/libucs.so.0(+0x2f221) [0x7fc011c0d221]
 2  /opt/conda/envs/gdf/lib/libucs.so.0(+0x2f3ea) [0x7fc011c0d3ea]
 3  /usr/lib/x86_64-linux-gnu/libpthread.so.0(+0x14420) [0x7fc05fded420]
 4  /opt/conda/envs/gdf/lib/libucp.so.0(ucp_mem_type_unpack+0x17) [0x7fc011c92197]
 5  /opt/conda/envs/gdf/lib/libucp.so.0(ucp_rndv_data_handler+0x5f5) [0x7fc011cbd9e5]
 6  /opt/conda/envs/gdf/lib/./libuct.so.0(+0x21dd6) [0x7fc011bc1dd6]
 7  /opt/conda/envs/gdf/lib/./libuct.so.0(+0x24f48) [0x7fc011bc4f48]
 8  /opt/conda/envs/gdf/lib/libucs.so.0(ucs_event_set_wait+0xb1) [0x7fc011c16851]
 9  /opt/conda/envs/gdf/lib/./libuct.so.0(uct_tcp_iface_progress+0x7c) [0x7fc011bc3fbc]
10  /opt/conda/envs/gdf/lib/libucp.so.0(ucp_worker_progress+0x5a) [0x7fc011c8ed5a]
11  /opt/conda/envs/gdf/lib/python3.10/site-packages/ucp/_libs/ucx_api.cpython-310-x86_64-linux-gnu.so(+0x31dca) [0x7fc011d52dca]
12  /opt/conda/envs/gdf/bin/python(_PyEval_EvalFrameDefault+0x2c3e) [0x55c7d19b66de]
13  /opt/conda/envs/gdf/bin/python(_PyFunction_Vectorcall+0x6c) [0x55c7d19c3b7c]
14  /opt/conda/envs/gdf/bin/python(_PyEval_EvalFrameDefault+0x6fd) [0x55c7d19b419d]
15  /opt/conda/envs/gdf/bin/python(+0x147234) [0x55c7d19cf234]
16  /opt/conda/envs/gdf/bin/python(+0x252f7c) [0x55c7d1adaf7c]
17  /opt/conda/envs/gdf/bin/python(+0xf745f) [0x55c7d197f45f]
18  /opt/conda/envs/gdf/bin/python(+0x1331b3) [0x55c7d19bb1b3]
19  /opt/conda/envs/gdf/bin/python(_PyEval_EvalFrameDefault+0x593b) [0x55c7d19b93db]
20  /opt/conda/envs/gdf/bin/python(_PyFunction_Vectorcall+0x6c) [0x55c7d19c3b7c]
21  /opt/conda/envs/gdf/bin/python(_PyEval_EvalFrameDefault+0x6fd) [0x55c7d19b419d]
22  /opt/conda/envs/gdf/bin/python(_PyFunction_Vectorcall+0x6c) [0x55c7d19c3b7c]
23  /opt/conda/envs/gdf/bin/python(_PyEval_EvalFrameDefault+0x6fd) [0x55c7d19b419d]
24  /opt/conda/envs/gdf/bin/python(_PyFunction_Vectorcall+0x6c) [0x55c7d19c3b7c]
25  /opt/conda/envs/gdf/bin/python(_PyEval_EvalFrameDefault+0x6fd) [0x55c7d19b419d]
26  /opt/conda/envs/gdf/bin/python(_PyFunction_Vectorcall+0x6c) [0x55c7d19c3b7c]
27  /opt/conda/envs/gdf/bin/python(_PyEval_EvalFrameDefault+0x6fd) [0x55c7d19b419d]
28  /opt/conda/envs/gdf/bin/python(_PyFunction_Vectorcall+0x6c) [0x55c7d19c3b7c]
29  /opt/conda/envs/gdf/bin/python(_PyEval_EvalFrameDefault+0x1341) [0x55c7d19b4de1]
30  /opt/conda/envs/gdf/bin/python(+0x146fb2) [0x55c7d19cefb2]
31  /opt/conda/envs/gdf/bin/python(PyObject_Call+0xbc) [0x55c7d19cf94c]
32  /opt/conda/envs/gdf/bin/python(+0x1ff72d) [0x55c7d1a8772d]
33  /opt/conda/envs/gdf/bin/python(_PyObject_MakeTpCall+0x2d3) [0x55c7d19bca03]
34  /opt/conda/envs/gdf/bin/python(_PyEval_EvalFrameDefault+0x2c3e) [0x55c7d19b66de]
35  /opt/conda/envs/gdf/bin/python(+0x147108) [0x55c7d19cf108]
36  /opt/conda/envs/gdf/bin/python(_PyEval_EvalFrameDefault+0x2c3e) [0x55c7d19b66de]
37  /opt/conda/envs/gdf/bin/python(_PyFunction_Vectorcall+0x6c) [0x55c7d19c3b7c]
38  /opt/conda/envs/gdf/bin/python(_PyEval_EvalFrameDefault+0x6fd) [0x55c7d19b419d]
39  /opt/conda/envs/gdf/bin/python(_PyFunction_Vectorcall+0x6c) [0x55c7d19c3b7c]
40  /opt/conda/envs/gdf/bin/python(_PyEval_EvalFrameDefault+0x6fd) [0x55c7d19b419d]
41  /opt/conda/envs/gdf/bin/python(_PyFunction_Vectorcall+0x6c) [0x55c7d19c3b7c]
42  /opt/conda/envs/gdf/bin/python(_PyEval_EvalFrameDefault+0x309) [0x55c7d19b3da9]
43  /opt/conda/envs/gdf/bin/python(_PyFunction_Vectorcall+0x6c) [0x55c7d19c3b7c]
44  /opt/conda/envs/gdf/bin/python(_PyEval_EvalFrameDefault+0x1341) [0x55c7d19b4de1]
45  /opt/conda/envs/gdf/bin/python(+0x1cca8c) [0x55c7d1a54a8c]
46  /opt/conda/envs/gdf/bin/python(PyEval_EvalCode+0x87) [0x55c7d1a549d7]
47  /opt/conda/envs/gdf/bin/python(+0x1fceba) [0x55c7d1a84eba]
48  /opt/conda/envs/gdf/bin/python(+0x1f8343) [0x55c7d1a80343]
49  /opt/conda/envs/gdf/bin/python(PyRun_StringFlags+0x7d) [0x55c7d1a78add]
50  /opt/conda/envs/gdf/bin/python(PyRun_SimpleStringFlags+0x3c) [0x55c7d1a7891c]
51  /opt/conda/envs/gdf/bin/python(Py_RunMain+0x3ba) [0x55c7d1a77b1a]
52  /opt/conda/envs/gdf/bin/python(Py_BytesMain+0x37) [0x55c7d1a48117]
53  /usr/lib/x86_64-linux-gnu/libc.so.6(__libc_start_main+0xf3) [0x7fc05fab1083]
54  /opt/conda/envs/gdf/bin/python(+0x1c002e) [0x55c7d1a4802e]
=================================
2025-01-25 08:18:09,338 - distributed.scheduler - WARNING - Removing worker 'ucx://127.0.0.1:34533' caused the cluster to lose already computed task(s), which will be recomputed elsewhere: {('sum-08a2fe48f21554cf5d25962b68730a1e', 6, 6), ('random_sample-47b16c7fd1d749fba91eb7e9b5f61795', 8, 0), ('random_sample-47b16c7fd1d749fba91eb7e9b5f61795', 7, 9), ('random_sample-47b16c7fd1d749fba91eb7e9b5f61795', 6, 6)} (stimulus_id='handle-worker-cleanup-1737793089.3381407')
2025-01-25 08:18:09,413 - distributed.nanny - WARNING - Restarting worker
2025-01-25 08:18:09,521 - distributed.worker - ERROR - Worker stream died during communication: ucx://127.0.0.1:52269
Traceback (most recent call last):
  File "/opt/conda/envs/gdf/lib/python3.10/site-packages/rapids_dask_dependency/patches/distributed/comm/__rdd_patch_ucx.py", line 395, in read
    await self.ep.recv(each_frame)
  File "/opt/conda/envs/gdf/lib/python3.10/site-packages/ucp/core.py", line 748, in recv
    ret = await comm.tag_recv(self._ep, buffer, nbytes, tag, name=log)
ucp._libs.exceptions.UCXError: <[Recv #007] ep: 0x7fc93c517200, tag: 0x12ea8d916efe2490, nbytes: 50000000, type: <class 'rmm.pylibrmm.device_buffer.DeviceBuffer'>>: Connection reset by remote peer

During handling of the above exception, another exception occurred:

Traceback (most recent call last):
  File "/opt/conda/envs/gdf/lib/python3.10/site-packages/distributed/worker.py", line 2075, in gather_dep
    response = await get_data_from_worker(
  File "/opt/conda/envs/gdf/lib/python3.10/site-packages/distributed/worker.py", line 2881, in get_data_from_worker
    response = await send_recv(
  File "/opt/conda/envs/gdf/lib/python3.10/site-packages/distributed/core.py", line 1018, in send_recv
    response = await comm.read(deserializers=deserializers)
  File "/opt/conda/envs/gdf/lib/python3.10/site-packages/distributed/utils.py", line 805, in wrapper
    return await func(*args, **kwargs)
  File "/opt/conda/envs/gdf/lib/python3.10/site-packages/rapids_dask_dependency/patches/distributed/comm/__rdd_patch_ucx.py", line 401, in read
    raise CommClosedError(
distributed.comm.core.CommClosedError: Connection closed by writer.
Inner exception: UCXError("<[Recv #007] ep: 0x7fc93c517200, tag: 0x12ea8d916efe2490, nbytes: 50000000, type: <class 'rmm.pylibrmm.device_buffer.DeviceBuffer'>>: Connection reset by remote peer")
2025-01-25 08:18:09,522 - distributed.scheduler - WARNING - Removing worker 'ucx://127.0.0.1:52269' caused the cluster to lose already computed task(s), which will be recomputed elsewhere: {('random_sample-47b16c7fd1d749fba91eb7e9b5f61795', 7, 7), ('random_sample-47b16c7fd1d749fba91eb7e9b5f61795', 7, 8), ('sum-08a2fe48f21554cf5d25962b68730a1e', 7, 7)} (stimulus_id='handle-worker-cleanup-1737793089.5221405')
2025-01-25 08:18:09,522 - distributed.worker - ERROR - failed during get data with ucx://127.0.0.1:49343 -> ucx://127.0.0.1:52269
Traceback (most recent call last):
  File "/opt/conda/envs/gdf/lib/python3.10/site-packages/rapids_dask_dependency/patches/distributed/comm/__rdd_patch_ucx.py", line 337, in write
    await self.ep.send(each_frame)
  File "/opt/conda/envs/gdf/lib/python3.10/site-packages/ucp/core.py", line 673, in send
    return await comm.tag_send(self._ep, buffer, nbytes, tag, name=log)
ucp._libs.exceptions.UCXError: <[Send #007] ep: 0x7fc93c517300, tag: 0x701954cd7032c7a2, nbytes: 50000000, type: <class 'cupy.ndarray'>>: Connection reset by remote peer

During handling of the above exception, another exception occurred:

Traceback (most recent call last):
  File "/opt/conda/envs/gdf/lib/python3.10/site-packages/distributed/worker.py", line 1796, in get_data
    compressed = await comm.write(msg, serializers=serializers)
  File "/opt/conda/envs/gdf/lib/python3.10/site-packages/distributed/utils.py", line 805, in wrapper
    return await func(*args, **kwargs)
  File "/opt/conda/envs/gdf/lib/python3.10/site-packages/rapids_dask_dependency/patches/distributed/comm/__rdd_patch_ucx.py", line 341, in write
    raise CommClosedError("While writing, the connection was closed")
distributed.comm.core.CommClosedError: While writing, the connection was closed
2025-01-25 08:18:09,561 - distributed.nanny - WARNING - Restarting worker
[dgx13:68352:0:68352] Caught signal 11 (Segmentation fault: address not mapped to object at address 0x450)
==== backtrace (tid:  68352) ====
 0  /opt/conda/envs/gdf/lib/libucs.so.0(ucs_handle_error+0x305) [0x7facb4693025]
 1  /opt/conda/envs/gdf/lib/libucs.so.0(+0x2f221) [0x7facb4693221]
 2  /opt/conda/envs/gdf/lib/libucs.so.0(+0x2f3ea) [0x7facb46933ea]
 3  /usr/lib/x86_64-linux-gnu/libpthread.so.0(+0x14420) [0x7facfc873420]
 4  /opt/conda/envs/gdf/lib/libucp.so.0(ucp_mem_type_unpack+0x17) [0x7facb4718197]
 5  /opt/conda/envs/gdf/lib/libucp.so.0(ucp_rndv_data_handler+0x5f5) [0x7facb47439e5]
 6  /opt/conda/envs/gdf/lib/./libuct.so.0(+0x21dd6) [0x7facb4647dd6]
 7  /opt/conda/envs/gdf/lib/./libuct.so.0(+0x24f48) [0x7facb464af48]
 8  /opt/conda/envs/gdf/lib/libucs.so.0(ucs_event_set_wait+0xb1) [0x7facb469c851]
 9  /opt/conda/envs/gdf/lib/./libuct.so.0(uct_tcp_iface_progress+0x7c) [0x7facb4649fbc]
10  /opt/conda/envs/gdf/lib/libucp.so.0(ucp_worker_progress+0x5a) [0x7facb4714d5a]
11  /opt/conda/envs/gdf/lib/python3.10/site-packages/ucp/_libs/ucx_api.cpython-310-x86_64-linux-gnu.so(+0x31dca) [0x7facb47d8dca]
12  /opt/conda/envs/gdf/bin/python(_PyEval_EvalFrameDefault+0x2c3e) [0x561b832c26de]
13  /opt/conda/envs/gdf/bin/python(_PyFunction_Vectorcall+0x6c) [0x561b832cfb7c]
14  /opt/conda/envs/gdf/bin/python(_PyEval_EvalFrameDefault+0x6fd) [0x561b832c019d]
15  /opt/conda/envs/gdf/bin/python(+0x1d62c9) [0x561b8336a2c9]
16  /opt/conda/envs/gdf/lib/python3.10/lib-dynload/_asyncio.cpython-310-x86_64-linux-gnu.so(+0x7782) [0x7facdc77d782]
17  /opt/conda/envs/gdf/bin/python(_PyObject_MakeTpCall+0x2d3) [0x561b832c8a03]
18  /opt/conda/envs/gdf/bin/python(+0xf745f) [0x561b8328b45f]
19  /opt/conda/envs/gdf/bin/python(+0x1331b3) [0x561b832c71b3]
20  /opt/conda/envs/gdf/bin/python(_PyEval_EvalFrameDefault+0x593b) [0x561b832c53db]
21  /opt/conda/envs/gdf/bin/python(_PyFunction_Vectorcall+0x6c) [0x561b832cfb7c]
22  /opt/conda/envs/gdf/bin/python(_PyEval_EvalFrameDefault+0x6fd) [0x561b832c019d]
23  /opt/conda/envs/gdf/bin/python(_PyFunction_Vectorcall+0x6c) [0x561b832cfb7c]
24  /opt/conda/envs/gdf/bin/python(_PyEval_EvalFrameDefault+0x6fd) [0x561b832c019d]
25  /opt/conda/envs/gdf/bin/python(_PyFunction_Vectorcall+0x6c) [0x561b832cfb7c]
26  /opt/conda/envs/gdf/bin/python(_PyEval_EvalFrameDefault+0x6fd) [0x561b832c019d]
27  /opt/conda/envs/gdf/bin/python(_PyFunction_Vectorcall+0x6c) [0x561b832cfb7c]
28  /opt/conda/envs/gdf/bin/python(_PyEval_EvalFrameDefault+0x6fd) [0x561b832c019d]
29  /opt/conda/envs/gdf/bin/python(_PyFunction_Vectorcall+0x6c) [0x561b832cfb7c]
30  /opt/conda/envs/gdf/bin/python(_PyEval_EvalFrameDefault+0x1341) [0x561b832c0de1]
31  /opt/conda/envs/gdf/bin/python(+0x146fb2) [0x561b832dafb2]
32  /opt/conda/envs/gdf/bin/python(PyObject_Call+0xbc) [0x561b832db94c]
33  /opt/conda/envs/gdf/bin/python(+0x1ff72d) [0x561b8339372d]
34  /opt/conda/envs/gdf/bin/python(_PyObject_MakeTpCall+0x2d3) [0x561b832c8a03]
35  /opt/conda/envs/gdf/bin/python(_PyEval_EvalFrameDefault+0x2c3e) [0x561b832c26de]
36  /opt/conda/envs/gdf/bin/python(+0x147108) [0x561b832db108]
37  /opt/conda/envs/gdf/bin/python(_PyEval_EvalFrameDefault+0x2c3e) [0x561b832c26de]
38  /opt/conda/envs/gdf/bin/python(_PyFunction_Vectorcall+0x6c) [0x561b832cfb7c]
39  /opt/conda/envs/gdf/bin/python(_PyEval_EvalFrameDefault+0x6fd) [0x561b832c019d]
40  /opt/conda/envs/gdf/bin/python(_PyFunction_Vectorcall+0x6c) [0x561b832cfb7c]
41  /opt/conda/envs/gdf/bin/python(_PyEval_EvalFrameDefault+0x6fd) [0x561b832c019d]
42  /opt/conda/envs/gdf/bin/python(_PyFunction_Vectorcall+0x6c) [0x561b832cfb7c]
43  /opt/conda/envs/gdf/bin/python(_PyEval_EvalFrameDefault+0x309) [0x561b832bfda9]
44  /opt/conda/envs/gdf/bin/python(_PyFunction_Vectorcall+0x6c) [0x561b832cfb7c]
45  /opt/conda/envs/gdf/bin/python(_PyEval_EvalFrameDefault+0x1341) [0x561b832c0de1]
46  /opt/conda/envs/gdf/bin/python(+0x1cca8c) [0x561b83360a8c]
47  /opt/conda/envs/gdf/bin/python(PyEval_EvalCode+0x87) [0x561b833609d7]
48  /opt/conda/envs/gdf/bin/python(+0x1fceba) [0x561b83390eba]
49  /opt/conda/envs/gdf/bin/python(+0x1f8343) [0x561b8338c343]
50  /opt/conda/envs/gdf/bin/python(PyRun_StringFlags+0x7d) [0x561b83384add]
51  /opt/conda/envs/gdf/bin/python(PyRun_SimpleStringFlags+0x3c) [0x561b8338491c]
52  /opt/conda/envs/gdf/bin/python(Py_RunMain+0x3ba) [0x561b83383b1a]
53  /opt/conda/envs/gdf/bin/python(Py_BytesMain+0x37) [0x561b83354117]
54  /usr/lib/x86_64-linux-gnu/libc.so.6(__libc_start_main+0xf3) [0x7facfc537083]
55  /opt/conda/envs/gdf/bin/python(+0x1c002e) [0x561b8335402e]
=================================
2025-01-25 08:18:09,765 - distributed.worker - ERROR - failed during get data with ucx://127.0.0.1:49343 -> ucx://127.0.0.1:35279
Traceback (most recent call last):
  File "/opt/conda/envs/gdf/lib/python3.10/site-packages/rapids_dask_dependency/patches/distributed/comm/__rdd_patch_ucx.py", line 337, in write
    await self.ep.send(each_frame)
  File "/opt/conda/envs/gdf/lib/python3.10/site-packages/ucp/core.py", line 673, in send
    return await comm.tag_send(self._ep, buffer, nbytes, tag, name=log)
ucp._libs.exceptions.UCXError: <[Send #012] ep: 0x7fc93c517240, tag: 0xda2adfe99e6fd320, nbytes: 50000000, type: <class 'cupy.ndarray'>>: Connection reset by remote peer

During handling of the above exception, another exception occurred:

Traceback (most recent call last):
  File "/opt/conda/envs/gdf/lib/python3.10/site-packages/distributed/worker.py", line 1796, in get_data
    compressed = await comm.write(msg, serializers=serializers)
  File "/opt/conda/envs/gdf/lib/python3.10/site-packages/distributed/utils.py", line 805, in wrapper
    return await func(*args, **kwargs)
  File "/opt/conda/envs/gdf/lib/python3.10/site-packages/rapids_dask_dependency/patches/distributed/comm/__rdd_patch_ucx.py", line 341, in write
    raise CommClosedError("While writing, the connection was closed")
distributed.comm.core.CommClosedError: While writing, the connection was closed
2025-01-25 08:18:09,766 - distributed.scheduler - ERROR - Task ('sum-08a2fe48f21554cf5d25962b68730a1e', 8, 7) marked as failed because 4 workers died while trying to run it
2025-01-25 08:18:09,767 - distributed.scheduler - WARNING - Removing worker 'ucx://127.0.0.1:35279' caused the cluster to lose already computed task(s), which will be recomputed elsewhere: {('random_sample-47b16c7fd1d749fba91eb7e9b5f61795', 8, 2), ('random_sample-47b16c7fd1d749fba91eb7e9b5f61795', 7, 9), ('random_sample-47b16c7fd1d749fba91eb7e9b5f61795', 6, 2), ('sum-08a2fe48f21554cf5d25962b68730a1e', 7, 9), ('random_sample-47b16c7fd1d749fba91eb7e9b5f61795', 7, 8), ('sum-08a2fe48f21554cf5d25962b68730a1e', 7, 2), ('sum-partial-08e842c6c7705382a352bf745dbd2bbb', 3, 2), ('random_sample-47b16c7fd1d749fba91eb7e9b5f61795', 8, 3), ('sum-08a2fe48f21554cf5d25962b68730a1e', 9, 7), ('random_sample-47b16c7fd1d749fba91eb7e9b5f61795', 7, 7), ('random_sample-47b16c7fd1d749fba91eb7e9b5f61795', 8, 0), ('random_sample-47b16c7fd1d749fba91eb7e9b5f61795', 7, 4)} (stimulus_id='handle-worker-cleanup-1737793089.7663193')
2025-01-25 08:18:09,778 - distributed.worker - ERROR - Worker stream died during communication: ucx://127.0.0.1:35279
Traceback (most recent call last):
  File "/opt/conda/envs/gdf/lib/python3.10/site-packages/distributed/core.py", line 1429, in _connect
    comm = await connect(
  File "/opt/conda/envs/gdf/lib/python3.10/site-packages/distributed/comm/core.py", line 342, in connect
    comm = await wait_for(
  File "/opt/conda/envs/gdf/lib/python3.10/site-packages/distributed/utils.py", line 1915, in wait_for
    return await asyncio.wait_for(fut, timeout)
  File "/opt/conda/envs/gdf/lib/python3.10/asyncio/tasks.py", line 432, in wait_for
    await waiter
asyncio.exceptions.CancelledError

During handling of the above exception, another exception occurred:

Traceback (most recent call last):
  File "/opt/conda/envs/gdf/lib/python3.10/site-packages/distributed/core.py", line 1539, in connect
    return connect_attempt.result()
asyncio.exceptions.CancelledError

During handling of the above exception, another exception occurred:

Traceback (most recent call last):
  File "/opt/conda/envs/gdf/lib/python3.10/site-packages/distributed/worker.py", line 2075, in gather_dep
    response = await get_data_from_worker(
  File "/opt/conda/envs/gdf/lib/python3.10/site-packages/distributed/worker.py", line 2878, in get_data_from_worker
    comm = await rpc.connect(worker)
  File "/opt/conda/envs/gdf/lib/python3.10/site-packages/distributed/core.py", line 1542, in connect
    raise CommClosedError(reason)
distributed.comm.core.CommClosedError: Address removed.
2025-01-25 08:18:09,926 - distributed.nanny - WARNING - Restarting worker
[dgx13:68432:0:68432] Caught signal 11 (Segmentation fault: address not mapped to object at address 0x450)
==== backtrace (tid:  68432) ====
 0  /opt/conda/envs/gdf/lib/libucs.so.0(ucs_handle_error+0x305) [0x7f1cef384025]
 1  /opt/conda/envs/gdf/lib/libucs.so.0(+0x2f221) [0x7f1cef384221]
 2  /opt/conda/envs/gdf/lib/libucs.so.0(+0x2f3ea) [0x7f1cef3843ea]
 3  /usr/lib/x86_64-linux-gnu/libpthread.so.0(+0x14420) [0x7f1d47553420]
 4  /opt/conda/envs/gdf/lib/libucp.so.0(ucp_mem_type_unpack+0x17) [0x7f1cef409197]
 5  /opt/conda/envs/gdf/lib/libucp.so.0(ucp_rndv_data_handler+0x5f5) [0x7f1cef4349e5]
 6  /opt/conda/envs/gdf/lib/./libuct.so.0(+0x21dd6) [0x7f1cef338dd6]
 7  /opt/conda/envs/gdf/lib/./libuct.so.0(+0x24f48) [0x7f1cef33bf48]
 8  /opt/conda/envs/gdf/lib/libucs.so.0(ucs_event_set_wait+0xb1) [0x7f1cef38d851]
 9  /opt/conda/envs/gdf/lib/./libuct.so.0(uct_tcp_iface_progress+0x7c) [0x7f1cef33afbc]
10  /opt/conda/envs/gdf/lib/libucp.so.0(ucp_worker_progress+0x5a) [0x7f1cef405d5a]
11  /opt/conda/envs/gdf/lib/python3.10/site-packages/ucp/_libs/ucx_api.cpython-310-x86_64-linux-gnu.so(+0x31dca) [0x7f1cef4c9dca]
12  /opt/conda/envs/gdf/bin/python(_PyEval_EvalFrameDefault+0x2c3e) [0x563cd42516de]
13  /opt/conda/envs/gdf/bin/python(_PyFunction_Vectorcall+0x6c) [0x563cd425eb7c]
14  /opt/conda/envs/gdf/bin/python(_PyEval_EvalFrameDefault+0x6fd) [0x563cd424f19d]
15  /opt/conda/envs/gdf/bin/python(+0x147234) [0x563cd426a234]
16  /opt/conda/envs/gdf/bin/python(+0x252f7c) [0x563cd4375f7c]
17  /opt/conda/envs/gdf/bin/python(+0xf745f) [0x563cd421a45f]
18  /opt/conda/envs/gdf/bin/python(+0x1331b3) [0x563cd42561b3]
19  /opt/conda/envs/gdf/bin/python(_PyEval_EvalFrameDefault+0x593b) [0x563cd42543db]
20  /opt/conda/envs/gdf/bin/python(_PyFunction_Vectorcall+0x6c) [0x563cd425eb7c]
21  /opt/conda/envs/gdf/bin/python(_PyEval_EvalFrameDefault+0x6fd) [0x563cd424f19d]
22  /opt/conda/envs/gdf/bin/python(_PyFunction_Vectorcall+0x6c) [0x563cd425eb7c]
23  /opt/conda/envs/gdf/bin/python(_PyEval_EvalFrameDefault+0x6fd) [0x563cd424f19d]
24  /opt/conda/envs/gdf/bin/python(_PyFunction_Vectorcall+0x6c) [0x563cd425eb7c]
25  /opt/conda/envs/gdf/bin/python(_PyEval_EvalFrameDefault+0x6fd) [0x563cd424f19d]
26  /opt/conda/envs/gdf/bin/python(_PyFunction_Vectorcall+0x6c) [0x563cd425eb7c]
27  /opt/conda/envs/gdf/bin/python(_PyEval_EvalFrameDefault+0x6fd) [0x563cd424f19d]
28  /opt/conda/envs/gdf/bin/python(_PyFunction_Vectorcall+0x6c) [0x563cd425eb7c]
29  /opt/conda/envs/gdf/bin/python(_PyEval_EvalFrameDefault+0x1341) [0x563cd424fde1]
30  /opt/conda/envs/gdf/bin/python(+0x146fb2) [0x563cd4269fb2]
31  /opt/conda/envs/gdf/bin/python(PyObject_Call+0xbc) [0x563cd426a94c]
32  /opt/conda/envs/gdf/bin/python(+0x1ff72d) [0x563cd432272d]
33  /opt/conda/envs/gdf/bin/python(_PyObject_MakeTpCall+0x2d3) [0x563cd4257a03]
34  /opt/conda/envs/gdf/bin/python(_PyEval_EvalFrameDefault+0x2c3e) [0x563cd42516de]
35  /opt/conda/envs/gdf/bin/python(+0x147108) [0x563cd426a108]
36  /opt/conda/envs/gdf/bin/python(_PyEval_EvalFrameDefault+0x2c3e) [0x563cd42516de]
37  /opt/conda/envs/gdf/bin/python(_PyFunction_Vectorcall+0x6c) [0x563cd425eb7c]
38  /opt/conda/envs/gdf/bin/python(_PyEval_EvalFrameDefault+0x6fd) [0x563cd424f19d]
39  /opt/conda/envs/gdf/bin/python(_PyFunction_Vectorcall+0x6c) [0x563cd425eb7c]
40  /opt/conda/envs/gdf/bin/python(_PyEval_EvalFrameDefault+0x6fd) [0x563cd424f19d]
41  /opt/conda/envs/gdf/bin/python(_PyFunction_Vectorcall+0x6c) [0x563cd425eb7c]
42  /opt/conda/envs/gdf/bin/python(_PyEval_EvalFrameDefault+0x309) [0x563cd424eda9]
43  /opt/conda/envs/gdf/bin/python(_PyFunction_Vectorcall+0x6c) [0x563cd425eb7c]
44  /opt/conda/envs/gdf/bin/python(_PyEval_EvalFrameDefault+0x1341) [0x563cd424fde1]
45  /opt/conda/envs/gdf/bin/python(+0x1cca8c) [0x563cd42efa8c]
46  /opt/conda/envs/gdf/bin/python(PyEval_EvalCode+0x87) [0x563cd42ef9d7]
47  /opt/conda/envs/gdf/bin/python(+0x1fceba) [0x563cd431feba]
48  /opt/conda/envs/gdf/bin/python(+0x1f8343) [0x563cd431b343]
49  /opt/conda/envs/gdf/bin/python(PyRun_StringFlags+0x7d) [0x563cd4313add]
50  /opt/conda/envs/gdf/bin/python(PyRun_SimpleStringFlags+0x3c) [0x563cd431391c]
51  /opt/conda/envs/gdf/bin/python(Py_RunMain+0x3ba) [0x563cd4312b1a]
52  /opt/conda/envs/gdf/bin/python(Py_BytesMain+0x37) [0x563cd42e3117]
53  /usr/lib/x86_64-linux-gnu/libc.so.6(__libc_start_main+0xf3) [0x7f1d47217083]
54  /opt/conda/envs/gdf/bin/python(+0x1c002e) [0x563cd42e302e]
=================================
[dgx13:68450:0:68450] Caught signal 11 (Segmentation fault: address not mapped to object at address 0x450)
==== backtrace (tid:  68450) ====
 0  /opt/conda/envs/gdf/lib/libucs.so.0(ucs_handle_error+0x305) [0x7f3ec140c025]
 1  /opt/conda/envs/gdf/lib/libucs.so.0(+0x2f221) [0x7f3ec140c221]
 2  /opt/conda/envs/gdf/lib/libucs.so.0(+0x2f3ea) [0x7f3ec140c3ea]
 3  /usr/lib/x86_64-linux-gnu/libpthread.so.0(+0x14420) [0x7f3f0d607420]
 4  /opt/conda/envs/gdf/lib/libucp.so.0(ucp_mem_type_unpack+0x17) [0x7f3ec1491197]
 5  /opt/conda/envs/gdf/lib/libucp.so.0(ucp_rndv_data_handler+0x5f5) [0x7f3ec14bc9e5]
 6  /opt/conda/envs/gdf/lib/./libuct.so.0(+0x21dd6) [0x7f3ec13c0dd6]
 7  /opt/conda/envs/gdf/lib/./libuct.so.0(+0x24f48) [0x7f3ec13c3f48]
 8  /opt/conda/envs/gdf/lib/libucs.so.0(ucs_event_set_wait+0xb1) [0x7f3ec1415851]
 9  /opt/conda/envs/gdf/lib/./libuct.so.0(uct_tcp_iface_progress+0x7c) [0x7f3ec13c2fbc]
10  /opt/conda/envs/gdf/lib/libucp.so.0(ucp_worker_progress+0x5a) [0x7f3ec148dd5a]
11  /opt/conda/envs/gdf/lib/python3.10/site-packages/ucp/_libs/ucx_api.cpython-310-x86_64-linux-gnu.so(+0x31dca) [0x7f3ec1551dca]
12  /opt/conda/envs/gdf/bin/python(_PyEval_EvalFrameDefault+0x2c3e) [0x55d7233ba6de]
13  /opt/conda/envs/gdf/bin/python(_PyFunction_Vectorcall+0x6c) [0x55d7233c7b7c]
14  /opt/conda/envs/gdf/bin/python(_PyEval_EvalFrameDefault+0x6fd) [0x55d7233b819d]
15  /opt/conda/envs/gdf/bin/python(+0x147234) [0x55d7233d3234]
16  /opt/conda/envs/gdf/bin/python(+0x252f7c) [0x55d7234def7c]
17  /opt/conda/envs/gdf/bin/python(+0xf745f) [0x55d72338345f]
18  /opt/conda/envs/gdf/bin/python(+0x1331b3) [0x55d7233bf1b3]
19  /opt/conda/envs/gdf/bin/python(_PyEval_EvalFrameDefault+0x593b) [0x55d7233bd3db]
20  /opt/conda/envs/gdf/bin/python(_PyFunction_Vectorcall+0x6c) [0x55d7233c7b7c]
21  /opt/conda/envs/gdf/bin/python(_PyEval_EvalFrameDefault+0x6fd) [0x55d7233b819d]
22  /opt/conda/envs/gdf/bin/python(_PyFunction_Vectorcall+0x6c) [0x55d7233c7b7c]
23  /opt/conda/envs/gdf/bin/python(_PyEval_EvalFrameDefault+0x6fd) [0x55d7233b819d]
24  /opt/conda/envs/gdf/bin/python(_PyFunction_Vectorcall+0x6c) [0x55d7233c7b7c]
25  /opt/conda/envs/gdf/bin/python(_PyEval_EvalFrameDefault+0x6fd) [0x55d7233b819d]
26  /opt/conda/envs/gdf/bin/python(_PyFunction_Vectorcall+0x6c) [0x55d7233c7b7c]
27  /opt/conda/envs/gdf/bin/python(_PyEval_EvalFrameDefault+0x6fd) [0x55d7233b819d]
28  /opt/conda/envs/gdf/bin/python(_PyFunction_Vectorcall+0x6c) [0x55d7233c7b7c]
29  /opt/conda/envs/gdf/bin/python(_PyEval_EvalFrameDefault+0x1341) [0x55d7233b8de1]
30  /opt/conda/envs/gdf/bin/python(+0x146fb2) [0x55d7233d2fb2]
31  /opt/conda/envs/gdf/bin/python(PyObject_Call+0xbc) [0x55d7233d394c]
32  /opt/conda/envs/gdf/bin/python(+0x1ff72d) [0x55d72348b72d]
33  /opt/conda/envs/gdf/bin/python(_PyObject_MakeTpCall+0x2d3) [0x55d7233c0a03]
34  /opt/conda/envs/gdf/bin/python(_PyEval_EvalFrameDefault+0x2c3e) [0x55d7233ba6de]
35  /opt/conda/envs/gdf/bin/python(+0x147108) [0x55d7233d3108]
36  /opt/conda/envs/gdf/bin/python(_PyEval_EvalFrameDefault+0x2c3e) [0x55d7233ba6de]
37  /opt/conda/envs/gdf/bin/python(_PyFunction_Vectorcall+0x6c) [0x55d7233c7b7c]
38  /opt/conda/envs/gdf/bin/python(_PyEval_EvalFrameDefault+0x6fd) [0x55d7233b819d]
39  /opt/conda/envs/gdf/bin/python(_PyFunction_Vectorcall+0x6c) [0x55d7233c7b7c]
40  /opt/conda/envs/gdf/bin/python(_PyEval_EvalFrameDefault+0x6fd) [0x55d7233b819d]
41  /opt/conda/envs/gdf/bin/python(_PyFunction_Vectorcall+0x6c) [0x55d7233c7b7c]
42  /opt/conda/envs/gdf/bin/python(_PyEval_EvalFrameDefault+0x309) [0x55d7233b7da9]
43  /opt/conda/envs/gdf/bin/python(_PyFunction_Vectorcall+0x6c) [0x55d7233c7b7c]
44  /opt/conda/envs/gdf/bin/python(_PyEval_EvalFrameDefault+0x1341) [0x55d7233b8de1]
45  /opt/conda/envs/gdf/bin/python(+0x1cca8c) [0x55d723458a8c]
46  /opt/conda/envs/gdf/bin/python(PyEval_EvalCode+0x87) [0x55d7234589d7]
47  /opt/conda/envs/gdf/bin/python(+0x1fceba) [0x55d723488eba]
48  /opt/conda/envs/gdf/bin/python(+0x1f8343) [0x55d723484343]
49  /opt/conda/envs/gdf/bin/python(PyRun_StringFlags+0x7d) [0x55d72347cadd]
50  /opt/conda/envs/gdf/bin/python(PyRun_SimpleStringFlags+0x3c) [0x55d72347c91c]
51  /opt/conda/envs/gdf/bin/python(Py_RunMain+0x3ba) [0x55d72347bb1a]
52  /opt/conda/envs/gdf/bin/python(Py_BytesMain+0x37) [0x55d72344c117]
53  /usr/lib/x86_64-linux-gnu/libc.so.6(__libc_start_main+0xf3) [0x7f3f0d2cb083]
54  /opt/conda/envs/gdf/bin/python(+0x1c002e) [0x55d72344c02e]
=================================
2025-01-25 08:18:13,543 - distributed.worker - ERROR - failed during get data with ucx://127.0.0.1:41769 -> ucx://127.0.0.1:40107
Traceback (most recent call last):
  File "/opt/conda/envs/gdf/lib/python3.10/site-packages/rapids_dask_dependency/patches/distributed/comm/__rdd_patch_ucx.py", line 353, in read
    await self.ep.recv(msg)
  File "/opt/conda/envs/gdf/lib/python3.10/site-packages/ucp/core.py", line 748, in recv
    ret = await comm.tag_recv(self._ep, buffer, nbytes, tag, name=log)
ucp._libs.exceptions.UCXCanceled: <[Recv #036] ep: 0x7f8bdc38c1c0, tag: 0x6a40dfb5c1e94614, nbytes: 16, type: <class 'numpy.ndarray'>>: 

During handling of the above exception, another exception occurred:

Traceback (most recent call last):
  File "/opt/conda/envs/gdf/lib/python3.10/site-packages/distributed/worker.py", line 1797, in get_data
    response = await comm.read(deserializers=serializers)
  File "/opt/conda/envs/gdf/lib/python3.10/site-packages/distributed/utils.py", line 805, in wrapper
    return await func(*args, **kwargs)
  File "/opt/conda/envs/gdf/lib/python3.10/site-packages/rapids_dask_dependency/patches/distributed/comm/__rdd_patch_ucx.py", line 371, in read
    raise CommClosedError(
distributed.comm.core.CommClosedError: Connection closed by writer.
Inner exception: UCXCanceled("<[Recv #036] ep: 0x7f8bdc38c1c0, tag: 0x6a40dfb5c1e94614, nbytes: 16, type: <class 'numpy.ndarray'>>: ")
2025-01-25 08:18:13,543 - distributed.worker - ERROR - failed during get data with ucx://127.0.0.1:41251 -> ucx://127.0.0.1:58445
Traceback (most recent call last):
  File "/opt/conda/envs/gdf/lib/python3.10/site-packages/rapids_dask_dependency/patches/distributed/comm/__rdd_patch_ucx.py", line 337, in write
    await self.ep.send(each_frame)
  File "/opt/conda/envs/gdf/lib/python3.10/site-packages/ucp/core.py", line 673, in send
    return await comm.tag_send(self._ep, buffer, nbytes, tag, name=log)
ucp._libs.exceptions.UCXError: <[Send #007] ep: 0x7f9ca0d2c2c0, tag: 0x39a704eb048a34fa, nbytes: 50000000, type: <class 'cupy.ndarray'>>: Connection reset by remote peer

During handling of the above exception, another exception occurred:

Traceback (most recent call last):
  File "/opt/conda/envs/gdf/lib/python3.10/site-packages/distributed/worker.py", line 1796, in get_data
    compressed = await comm.write(msg, serializers=serializers)
  File "/opt/conda/envs/gdf/lib/python3.10/site-packages/distributed/utils.py", line 805, in wrapper
    return await func(*args, **kwargs)
  File "/opt/conda/envs/gdf/lib/python3.10/site-packages/rapids_dask_dependency/patches/distributed/comm/__rdd_patch_ucx.py", line 341, in write
    raise CommClosedError("While writing, the connection was closed")
distributed.comm.core.CommClosedError: While writing, the connection was closed
2025-01-25 08:18:13,543 - distributed.worker - ERROR - failed during get data with ucx://127.0.0.1:49343 -> ucx://127.0.0.1:58445
Traceback (most recent call last):
  File "/opt/conda/envs/gdf/lib/python3.10/site-packages/rapids_dask_dependency/patches/distributed/comm/__rdd_patch_ucx.py", line 337, in write
    await self.ep.send(each_frame)
  File "/opt/conda/envs/gdf/lib/python3.10/site-packages/ucp/core.py", line 673, in send
    return await comm.tag_send(self._ep, buffer, nbytes, tag, name=log)
ucp._libs.exceptions.UCXError: <[Send #007] ep: 0x7fc93c517380, tag: 0x599d611b2d14417d, nbytes: 50000000, type: <class 'cupy.ndarray'>>: Connection reset by remote peer

During handling of the above exception, another exception occurred:

Traceback (most recent call last):
  File "/opt/conda/envs/gdf/lib/python3.10/site-packages/distributed/worker.py", line 1796, in get_data
    compressed = await comm.write(msg, serializers=serializers)
  File "/opt/conda/envs/gdf/lib/python3.10/site-packages/distributed/utils.py", line 805, in wrapper
    return await func(*args, **kwargs)
  File "/opt/conda/envs/gdf/lib/python3.10/site-packages/rapids_dask_dependency/patches/distributed/comm/__rdd_patch_ucx.py", line 341, in write
    raise CommClosedError("While writing, the connection was closed")
distributed.comm.core.CommClosedError: While writing, the connection was closed
2025-01-25 08:18:13,543 - distributed.worker - ERROR - failed during get data with ucx://127.0.0.1:41769 -> ucx://127.0.0.1:58445
Traceback (most recent call last):
  File "/opt/conda/envs/gdf/lib/python3.10/site-packages/rapids_dask_dependency/patches/distributed/comm/__rdd_patch_ucx.py", line 353, in read
    await self.ep.recv(msg)
  File "/opt/conda/envs/gdf/lib/python3.10/site-packages/ucp/core.py", line 748, in recv
    ret = await comm.tag_recv(self._ep, buffer, nbytes, tag, name=log)
ucp._libs.exceptions.UCXCanceled: <[Recv #006] ep: 0x7f8bdc38c2c0, tag: 0x79aaaad6c829248d, nbytes: 16, type: <class 'numpy.ndarray'>>: 

During handling of the above exception, another exception occurred:

Traceback (most recent call last):
  File "/opt/conda/envs/gdf/lib/python3.10/site-packages/distributed/worker.py", line 1797, in get_data
    response = await comm.read(deserializers=serializers)
  File "/opt/conda/envs/gdf/lib/python3.10/site-packages/distributed/utils.py", line 805, in wrapper
    return await func(*args, **kwargs)
  File "/opt/conda/envs/gdf/lib/python3.10/site-packages/rapids_dask_dependency/patches/distributed/comm/__rdd_patch_ucx.py", line 371, in read
    raise CommClosedError(
distributed.comm.core.CommClosedError: Connection closed by writer.
Inner exception: UCXCanceled("<[Recv #006] ep: 0x7f8bdc38c2c0, tag: 0x79aaaad6c829248d, nbytes: 16, type: <class 'numpy.ndarray'>>: ")
2025-01-25 08:18:13,544 - distributed.scheduler - WARNING - Removing worker 'ucx://127.0.0.1:40107' caused the cluster to lose already computed task(s), which will be recomputed elsewhere: {('sum-partial-2abb13436c07d6dd6d527c5433d16bd0', 2, 2), ('sum-ad28febb8671de6c41048fdb463319e0', 6, 3), ('sum-ad28febb8671de6c41048fdb463319e0', 9, 4), ('sum-partial-2abb13436c07d6dd6d527c5433d16bd0', 3, 3), ('sum-partial-43255f9e781a41f3081b2faa683b726e', 1, 1), ('sum-ad28febb8671de6c41048fdb463319e0', 9, 3), ('sum-ad28febb8671de6c41048fdb463319e0', 3, 5), ('sum-ad28febb8671de6c41048fdb463319e0', 5, 3), ('sum-ad28febb8671de6c41048fdb463319e0', 2, 5), ('sum-partial-2abb13436c07d6dd6d527c5433d16bd0', 1, 1), ('sum-partial-2abb13436c07d6dd6d527c5433d16bd0', 0, 3), ('sum-ad28febb8671de6c41048fdb463319e0', 3, 6)} (stimulus_id='handle-worker-cleanup-1737793093.543787')
2025-01-25 08:18:13,543 - distributed.worker - ERROR - failed during get data with ucx://127.0.0.1:40665 -> ucx://127.0.0.1:40107
Traceback (most recent call last):
  File "/opt/conda/envs/gdf/lib/python3.10/site-packages/rapids_dask_dependency/patches/distributed/comm/__rdd_patch_ucx.py", line 337, in write
    await self.ep.send(each_frame)
  File "/opt/conda/envs/gdf/lib/python3.10/site-packages/ucp/core.py", line 673, in send
    return await comm.tag_send(self._ep, buffer, nbytes, tag, name=log)
ucp._libs.exceptions.UCXError: <[Send #021] ep: 0x7f667ca6c300, tag: 0x7cc6bc1ba467b65a, nbytes: 50000000, type: <class 'cupy.ndarray'>>: Connection reset by remote peer

During handling of the above exception, another exception occurred:

Traceback (most recent call last):
  File "/opt/conda/envs/gdf/lib/python3.10/site-packages/distributed/worker.py", line 1796, in get_data
    compressed = await comm.write(msg, serializers=serializers)
  File "/opt/conda/envs/gdf/lib/python3.10/site-packages/distributed/utils.py", line 805, in wrapper
    return await func(*args, **kwargs)
  File "/opt/conda/envs/gdf/lib/python3.10/site-packages/rapids_dask_dependency/patches/distributed/comm/__rdd_patch_ucx.py", line 341, in write
    raise CommClosedError("While writing, the connection was closed")
distributed.comm.core.CommClosedError: While writing, the connection was closed
[dgx13:68454:0:68454] Caught signal 11 (Segmentation fault: address not mapped to object at address 0x450)
==== backtrace (tid:  68454) ====
 0  /opt/conda/envs/gdf/lib/libucs.so.0(ucs_handle_error+0x305) [0x7f8c8039a025]
 1  /opt/conda/envs/gdf/lib/libucs.so.0(+0x2f221) [0x7f8c8039a221]
 2  /opt/conda/envs/gdf/lib/libucs.so.0(+0x2f3ea) [0x7f8c8039a3ea]
 3  /usr/lib/x86_64-linux-gnu/libpthread.so.0(+0x14420) [0x7f8cc855b420]
 4  /opt/conda/envs/gdf/lib/libucp.so.0(ucp_mem_type_unpack+0x17) [0x7f8c8041f197]
 5  /opt/conda/envs/gdf/lib/libucp.so.0(ucp_rndv_data_handler+0x5f5) [0x7f8c8044a9e5]
 6  /opt/conda/envs/gdf/lib/./libuct.so.0(+0x21dd6) [0x7f8c8034edd6]
 7  /opt/conda/envs/gdf/lib/./libuct.so.0(+0x24f48) [0x7f8c80351f48]
 8  /opt/conda/envs/gdf/lib/libucs.so.0(ucs_event_set_wait+0xb1) [0x7f8c803a3851]
 9  /opt/conda/envs/gdf/lib/./libuct.so.0(uct_tcp_iface_progress+0x7c) [0x7f8c80350fbc]
10  /opt/conda/envs/gdf/lib/libucp.so.0(ucp_worker_progress+0x5a) [0x7f8c8041bd5a]
11  /opt/conda/envs/gdf/lib/python3.10/site-packages/ucp/_libs/ucx_api.cpython-310-x86_64-linux-gnu.so(+0x31dca) [0x7f8c804dfdca]
12  /opt/conda/envs/gdf/bin/python(_PyEval_EvalFrameDefault+0x2c3e) [0x55dc052e66de]
13  /opt/conda/envs/gdf/bin/python(_PyFunction_Vectorcall+0x6c) [0x55dc052f3b7c]
14  /opt/conda/envs/gdf/bin/python(_PyEval_EvalFrameDefault+0x6fd) [0x55dc052e419d]
15  /opt/conda/envs/gdf/bin/python(+0x1d62c9) [0x55dc0538e2c9]
16  /opt/conda/envs/gdf/lib/python3.10/lib-dynload/_asyncio.cpython-310-x86_64-linux-gnu.so(+0x7782) [0x7f8ca8467782]
17  /opt/conda/envs/gdf/bin/python(_PyObject_MakeTpCall+0x2d3) [0x55dc052eca03]
18  /opt/conda/envs/gdf/bin/python(+0xf745f) [0x55dc052af45f]
19  /opt/conda/envs/gdf/bin/python(+0x1331b3) [0x55dc052eb1b3]
20  /opt/conda/envs/gdf/bin/python(_PyEval_EvalFrameDefault+0x593b) [0x55dc052e93db]
21  /opt/conda/envs/gdf/bin/python(_PyFunction_Vectorcall+0x6c) [0x55dc052f3b7c]
22  /opt/conda/envs/gdf/bin/python(_PyEval_EvalFrameDefault+0x6fd) [0x55dc052e419d]
23  /opt/conda/envs/gdf/bin/python(_PyFunction_Vectorcall+0x6c) [0x55dc052f3b7c]
24  /opt/conda/envs/gdf/bin/python(_PyEval_EvalFrameDefault+0x6fd) [0x55dc052e419d]
25  /opt/conda/envs/gdf/bin/python(_PyFunction_Vectorcall+0x6c) [0x55dc052f3b7c]
26  /opt/conda/envs/gdf/bin/python(_PyEval_EvalFrameDefault+0x6fd) [0x55dc052e419d]
27  /opt/conda/envs/gdf/bin/python(_PyFunction_Vectorcall+0x6c) [0x55dc052f3b7c]
28  /opt/conda/envs/gdf/bin/python(_PyEval_EvalFrameDefault+0x6fd) [0x55dc052e419d]
29  /opt/conda/envs/gdf/bin/python(_PyFunction_Vectorcall+0x6c) [0x55dc052f3b7c]
30  /opt/conda/envs/gdf/bin/python(_PyEval_EvalFrameDefault+0x1341) [0x55dc052e4de1]
31  /opt/conda/envs/gdf/bin/python(+0x146fb2) [0x55dc052fefb2]
32  /opt/conda/envs/gdf/bin/python(PyObject_Call+0xbc) [0x55dc052ff94c]
33  /opt/conda/envs/gdf/bin/python(+0x1ff72d) [0x55dc053b772d]
34  /opt/conda/envs/gdf/bin/python(_PyObject_MakeTpCall+0x2d3) [0x55dc052eca03]
35  /opt/conda/envs/gdf/bin/python(_PyEval_EvalFrameDefault+0x2c3e) [0x55dc052e66de]
36  /opt/conda/envs/gdf/bin/python(+0x147108) [0x55dc052ff108]
37  /opt/conda/envs/gdf/bin/python(_PyEval_EvalFrameDefault+0x2c3e) [0x55dc052e66de]
38  /opt/conda/envs/gdf/bin/python(_PyFunction_Vectorcall+0x6c) [0x55dc052f3b7c]
39  /opt/conda/envs/gdf/bin/python(_PyEval_EvalFrameDefault+0x6fd) [0x55dc052e419d]
40  /opt/conda/envs/gdf/bin/python(_PyFunction_Vectorcall+0x6c) [0x55dc052f3b7c]
41  /opt/conda/envs/gdf/bin/python(_PyEval_EvalFrameDefault+0x6fd) [0x55dc052e419d]
42  /opt/conda/envs/gdf/bin/python(_PyFunction_Vectorcall+0x6c) [0x55dc052f3b7c]
43  /opt/conda/envs/gdf/bin/python(_PyEval_EvalFrameDefault+0x309) [0x55dc052e3da9]
44  /opt/conda/envs/gdf/bin/python(_PyFunction_Vectorcall+0x6c) [0x55dc052f3b7c]
45  /opt/conda/envs/gdf/bin/python(_PyEval_EvalFrameDefault+0x1341) [0x55dc052e4de1]
46  /opt/conda/envs/gdf/bin/python(+0x1cca8c) [0x55dc05384a8c]
47  /opt/conda/envs/gdf/bin/python(PyEval_EvalCode+0x87) [0x55dc053849d7]
48  /opt/conda/envs/gdf/bin/python(+0x1fceba) [0x55dc053b4eba]
49  /opt/conda/envs/gdf/bin/python(+0x1f8343) [0x55dc053b0343]
50  /opt/conda/envs/gdf/bin/python(PyRun_StringFlags+0x7d) [0x55dc053a8add]
51  /opt/conda/envs/gdf/bin/python(PyRun_SimpleStringFlags+0x3c) [0x55dc053a891c]
52  /opt/conda/envs/gdf/bin/python(Py_RunMain+0x3ba) [0x55dc053a7b1a]
53  /opt/conda/envs/gdf/bin/python(Py_BytesMain+0x37) [0x55dc05378117]
54  /usr/lib/x86_64-linux-gnu/libc.so.6(__libc_start_main+0xf3) [0x7f8cc821f083]
55  /opt/conda/envs/gdf/bin/python(+0x1c002e) [0x55dc0537802e]
=================================
2025-01-25 08:18:13,649 - distributed.nanny - WARNING - Restarting worker
2025-01-25 08:18:13,767 - distributed.nanny - WARNING - Restarting worker
Task exception was never retrieved
future: <Task finished name='Task-3412' coro=<_listener_handler_coroutine() done, defined at /opt/conda/envs/gdf/lib/python3.10/site-packages/ucp/core.py:142> exception=TimeoutError()>
Traceback (most recent call last):
  File "/opt/conda/envs/gdf/lib/python3.10/asyncio/tasks.py", line 456, in wait_for
    return fut.result()
asyncio.exceptions.CancelledError

The above exception was the direct cause of the following exception:

Traceback (most recent call last):
  File "/opt/conda/envs/gdf/lib/python3.10/site-packages/ucp/core.py", line 157, in _listener_handler_coroutine
    peer_info = await exchange_peer_info(
  File "/opt/conda/envs/gdf/lib/python3.10/site-packages/ucp/core.py", line 57, in exchange_peer_info
    await asyncio.wait_for(
  File "/opt/conda/envs/gdf/lib/python3.10/asyncio/tasks.py", line 458, in wait_for
    raise exceptions.TimeoutError() from exc
asyncio.exceptions.TimeoutError
2025-01-25 08:18:13,781 - distributed.worker - ERROR - failed during get data with ucx://127.0.0.1:40665 -> ucx://127.0.0.1:56653
Traceback (most recent call last):
  File "/opt/conda/envs/gdf/lib/python3.10/site-packages/rapids_dask_dependency/patches/distributed/comm/__rdd_patch_ucx.py", line 337, in write
    await self.ep.send(each_frame)
  File "/opt/conda/envs/gdf/lib/python3.10/site-packages/ucp/core.py", line 673, in send
    return await comm.tag_send(self._ep, buffer, nbytes, tag, name=log)
ucp._libs.exceptions.UCXError: <[Send #007] ep: 0x7f667ca6c140, tag: 0x6925e5372e912cd9, nbytes: 50000000, type: <class 'cupy.ndarray'>>: Connection reset by remote peer

During handling of the above exception, another exception occurred:

Traceback (most recent call last):
  File "/opt/conda/envs/gdf/lib/python3.10/site-packages/distributed/worker.py", line 1796, in get_data
    compressed = await comm.write(msg, serializers=serializers)
  File "/opt/conda/envs/gdf/lib/python3.10/site-packages/distributed/utils.py", line 805, in wrapper
    return await func(*args, **kwargs)
  File "/opt/conda/envs/gdf/lib/python3.10/site-packages/rapids_dask_dependency/patches/distributed/comm/__rdd_patch_ucx.py", line 341, in write
    raise CommClosedError("While writing, the connection was closed")
distributed.comm.core.CommClosedError: While writing, the connection was closed
2025-01-25 08:18:13,781 - distributed.worker - ERROR - failed during get data with ucx://127.0.0.1:41769 -> ucx://127.0.0.1:56653
Traceback (most recent call last):
  File "/opt/conda/envs/gdf/lib/python3.10/site-packages/rapids_dask_dependency/patches/distributed/comm/__rdd_patch_ucx.py", line 337, in write
    await self.ep.send(each_frame)
  File "/opt/conda/envs/gdf/lib/python3.10/site-packages/ucp/core.py", line 673, in send
    return await comm.tag_send(self._ep, buffer, nbytes, tag, name=log)
ucp._libs.exceptions.UCXError: <[Send #007] ep: 0x7f8bdc38c300, tag: 0xbe6164eb56eff135, nbytes: 50000000, type: <class 'cupy.ndarray'>>: Connection reset by remote peer

During handling of the above exception, another exception occurred:

Traceback (most recent call last):
  File "/opt/conda/envs/gdf/lib/python3.10/site-packages/distributed/worker.py", line 1796, in get_data
    compressed = await comm.write(msg, serializers=serializers)
  File "/opt/conda/envs/gdf/lib/python3.10/site-packages/distributed/utils.py", line 805, in wrapper
    return await func(*args, **kwargs)
  File "/opt/conda/envs/gdf/lib/python3.10/site-packages/rapids_dask_dependency/patches/distributed/comm/__rdd_patch_ucx.py", line 341, in write
    raise CommClosedError("While writing, the connection was closed")
distributed.comm.core.CommClosedError: While writing, the connection was closed
2025-01-25 08:18:13,826 - distributed.nanny - WARNING - Restarting worker
[dgx13:68461:0:68461] Caught signal 11 (Segmentation fault: address not mapped to object at address 0x450)
==== backtrace (tid:  68461) ====
 0  /opt/conda/envs/gdf/lib/libucs.so.0(ucs_handle_error+0x305) [0x7fa33c78b025]
 1  /opt/conda/envs/gdf/lib/libucs.so.0(+0x2f221) [0x7fa33c78b221]
 2  /opt/conda/envs/gdf/lib/libucs.so.0(+0x2f3ea) [0x7fa33c78b3ea]
 3  /usr/lib/x86_64-linux-gnu/libpthread.so.0(+0x14420) [0x7fa384950420]
 4  /opt/conda/envs/gdf/lib/libucp.so.0(ucp_mem_type_unpack+0x17) [0x7fa33c810197]
 5  /opt/conda/envs/gdf/lib/libucp.so.0(ucp_rndv_data_handler+0x5f5) [0x7fa33c83b9e5]
 6  /opt/conda/envs/gdf/lib/./libuct.so.0(+0x21dd6) [0x7fa33c73fdd6]
 7  /opt/conda/envs/gdf/lib/./libuct.so.0(+0x24f48) [0x7fa33c742f48]
 8  /opt/conda/envs/gdf/lib/libucs.so.0(ucs_event_set_wait+0xb1) [0x7fa33c794851]
 9  /opt/conda/envs/gdf/lib/./libuct.so.0(uct_tcp_iface_progress+0x7c) [0x7fa33c741fbc]
10  /opt/conda/envs/gdf/lib/libucp.so.0(ucp_worker_progress+0x5a) [0x7fa33c80cd5a]
11  /opt/conda/envs/gdf/lib/python3.10/site-packages/ucp/_libs/ucx_api.cpython-310-x86_64-linux-gnu.so(+0x31dca) [0x7fa33c8d0dca]
12  /opt/conda/envs/gdf/bin/python(_PyEval_EvalFrameDefault+0x2c3e) [0x556751d286de]
13  /opt/conda/envs/gdf/bin/python(_PyFunction_Vectorcall+0x6c) [0x556751d35b7c]
14  /opt/conda/envs/gdf/bin/python(_PyEval_EvalFrameDefault+0x6fd) [0x556751d2619d]
15  /opt/conda/envs/gdf/bin/python(+0x147234) [0x556751d41234]
16  /opt/conda/envs/gdf/bin/python(+0x252f7c) [0x556751e4cf7c]
17  /opt/conda/envs/gdf/bin/python(+0xf745f) [0x556751cf145f]
18  /opt/conda/envs/gdf/bin/python(+0x1331b3) [0x556751d2d1b3]
19  /opt/conda/envs/gdf/bin/python(_PyEval_EvalFrameDefault+0x593b) [0x556751d2b3db]
20  /opt/conda/envs/gdf/bin/python(_PyFunction_Vectorcall+0x6c) [0x556751d35b7c]
21  /opt/conda/envs/gdf/bin/python(_PyEval_EvalFrameDefault+0x6fd) [0x556751d2619d]
22  /opt/conda/envs/gdf/bin/python(_PyFunction_Vectorcall+0x6c) [0x556751d35b7c]
23  /opt/conda/envs/gdf/bin/python(_PyEval_EvalFrameDefault+0x6fd) [0x556751d2619d]
24  /opt/conda/envs/gdf/bin/python(_PyFunction_Vectorcall+0x6c) [0x556751d35b7c]
25  /opt/conda/envs/gdf/bin/python(_PyEval_EvalFrameDefault+0x6fd) [0x556751d2619d]
26  /opt/conda/envs/gdf/bin/python(_PyFunction_Vectorcall+0x6c) [0x556751d35b7c]
27  /opt/conda/envs/gdf/bin/python(_PyEval_EvalFrameDefault+0x6fd) [0x556751d2619d]
28  /opt/conda/envs/gdf/bin/python(_PyFunction_Vectorcall+0x6c) [0x556751d35b7c]
29  /opt/conda/envs/gdf/bin/python(_PyEval_EvalFrameDefault+0x1341) [0x556751d26de1]
30  /opt/conda/envs/gdf/bin/python(+0x146fb2) [0x556751d40fb2]
31  /opt/conda/envs/gdf/bin/python(PyObject_Call+0xbc) [0x556751d4194c]
32  /opt/conda/envs/gdf/bin/python(+0x1ff72d) [0x556751df972d]
33  /opt/conda/envs/gdf/bin/python(_PyObject_MakeTpCall+0x2d3) [0x556751d2ea03]
34  /opt/conda/envs/gdf/bin/python(_PyEval_EvalFrameDefault+0x2c3e) [0x556751d286de]
35  /opt/conda/envs/gdf/bin/python(+0x147108) [0x556751d41108]
36  /opt/conda/envs/gdf/bin/python(_PyEval_EvalFrameDefault+0x2c3e) [0x556751d286de]
37  /opt/conda/envs/gdf/bin/python(_PyFunction_Vectorcall+0x6c) [0x556751d35b7c]
38  /opt/conda/envs/gdf/bin/python(_PyEval_EvalFrameDefault+0x6fd) [0x556751d2619d]
39  /opt/conda/envs/gdf/bin/python(_PyFunction_Vectorcall+0x6c) [0x556751d35b7c]
40  /opt/conda/envs/gdf/bin/python(_PyEval_EvalFrameDefault+0x6fd) [0x556751d2619d]
41  /opt/conda/envs/gdf/bin/python(_PyFunction_Vectorcall+0x6c) [0x556751d35b7c]
42  /opt/conda/envs/gdf/bin/python(_PyEval_EvalFrameDefault+0x309) [0x556751d25da9]
43  /opt/conda/envs/gdf/bin/python(_PyFunction_Vectorcall+0x6c) [0x556751d35b7c]
44  /opt/conda/envs/gdf/bin/python(_PyEval_EvalFrameDefault+0x1341) [0x556751d26de1]
45  /opt/conda/envs/gdf/bin/python(+0x1cca8c) [0x556751dc6a8c]
46  /opt/conda/envs/gdf/bin/python(PyEval_EvalCode+0x87) [0x556751dc69d7]
47  /opt/conda/envs/gdf/bin/python(+0x1fceba) [0x556751df6eba]
48  /opt/conda/envs/gdf/bin/python(+0x1f8343) [0x556751df2343]
49  /opt/conda/envs/gdf/bin/python(PyRun_StringFlags+0x7d) [0x556751deaadd]
50  /opt/conda/envs/gdf/bin/python(PyRun_SimpleStringFlags+0x3c) [0x556751dea91c]
51  /opt/conda/envs/gdf/bin/python(Py_RunMain+0x3ba) [0x556751de9b1a]
52  /opt/conda/envs/gdf/bin/python(Py_BytesMain+0x37) [0x556751dba117]
53  /usr/lib/x86_64-linux-gnu/libc.so.6(__libc_start_main+0xf3) [0x7fa384614083]
54  /opt/conda/envs/gdf/bin/python(+0x1c002e) [0x556751dba02e]
=================================
2025-01-25 08:18:14,335 - distributed.worker - ERROR - failed during get data with ucx://127.0.0.1:41769 -> ucx://127.0.0.1:33301
Traceback (most recent call last):
  File "/opt/conda/envs/gdf/lib/python3.10/site-packages/rapids_dask_dependency/patches/distributed/comm/__rdd_patch_ucx.py", line 353, in read
    await self.ep.recv(msg)
  File "/opt/conda/envs/gdf/lib/python3.10/site-packages/ucp/core.py", line 748, in recv
    ret = await comm.tag_recv(self._ep, buffer, nbytes, tag, name=log)
ucp._libs.exceptions.UCXCanceled: <[Recv #012] ep: 0x7f8bdc38c300, tag: 0x87e02c3fb7d37295, nbytes: 16, type: <class 'numpy.ndarray'>>: 

During handling of the above exception, another exception occurred:

Traceback (most recent call last):
  File "/opt/conda/envs/gdf/lib/python3.10/site-packages/distributed/worker.py", line 1797, in get_data
    response = await comm.read(deserializers=serializers)
  File "/opt/conda/envs/gdf/lib/python3.10/site-packages/distributed/utils.py", line 805, in wrapper
    return await func(*args, **kwargs)
  File "/opt/conda/envs/gdf/lib/python3.10/site-packages/rapids_dask_dependency/patches/distributed/comm/__rdd_patch_ucx.py", line 371, in read
    raise CommClosedError(
distributed.comm.core.CommClosedError: Connection closed by writer.
Inner exception: UCXCanceled("<[Recv #012] ep: 0x7f8bdc38c300, tag: 0x87e02c3fb7d37295, nbytes: 16, type: <class 'numpy.ndarray'>>: ")
2025-01-25 08:18:14,335 - distributed.worker - ERROR - failed during get data with ucx://127.0.0.1:49343 -> ucx://127.0.0.1:33301
Traceback (most recent call last):
  File "/opt/conda/envs/gdf/lib/python3.10/site-packages/rapids_dask_dependency/patches/distributed/comm/__rdd_patch_ucx.py", line 337, in write
    await self.ep.send(each_frame)
  File "/opt/conda/envs/gdf/lib/python3.10/site-packages/ucp/core.py", line 673, in send
    return await comm.tag_send(self._ep, buffer, nbytes, tag, name=log)
ucp._libs.exceptions.UCXError: <[Send #007] ep: 0x7fc93c517280, tag: 0x564861227214c9ea, nbytes: 50000000, type: <class 'cupy.ndarray'>>: Connection reset by remote peer

During handling of the above exception, another exception occurred:

Traceback (most recent call last):
  File "/opt/conda/envs/gdf/lib/python3.10/site-packages/distributed/worker.py", line 1796, in get_data
    compressed = await comm.write(msg, serializers=serializers)
  File "/opt/conda/envs/gdf/lib/python3.10/site-packages/distributed/utils.py", line 805, in wrapper
    return await func(*args, **kwargs)
  File "/opt/conda/envs/gdf/lib/python3.10/site-packages/rapids_dask_dependency/patches/distributed/comm/__rdd_patch_ucx.py", line 341, in write
    raise CommClosedError("While writing, the connection was closed")
distributed.comm.core.CommClosedError: While writing, the connection was closed
2025-01-25 08:18:14,335 - distributed.worker - ERROR - failed during get data with ucx://127.0.0.1:41251 -> ucx://127.0.0.1:33301
Traceback (most recent call last):
  File "/opt/conda/envs/gdf/lib/python3.10/site-packages/rapids_dask_dependency/patches/distributed/comm/__rdd_patch_ucx.py", line 353, in read
    await self.ep.recv(msg)
  File "/opt/conda/envs/gdf/lib/python3.10/site-packages/ucp/core.py", line 748, in recv
    ret = await comm.tag_recv(self._ep, buffer, nbytes, tag, name=log)
ucp._libs.exceptions.UCXCanceled: <[Recv #012] ep: 0x7f9ca0d2c140, tag: 0x24f861f785f08a3c, nbytes: 16, type: <class 'numpy.ndarray'>>: 

During handling of the above exception, another exception occurred:

Traceback (most recent call last):
  File "/opt/conda/envs/gdf/lib/python3.10/site-packages/distributed/worker.py", line 1797, in get_data
    response = await comm.read(deserializers=serializers)
  File "/opt/conda/envs/gdf/lib/python3.10/site-packages/distributed/utils.py", line 805, in wrapper
    return await func(*args, **kwargs)
  File "/opt/conda/envs/gdf/lib/python3.10/site-packages/rapids_dask_dependency/patches/distributed/comm/__rdd_patch_ucx.py", line 371, in read
    raise CommClosedError(
distributed.comm.core.CommClosedError: Connection closed by writer.
Inner exception: UCXCanceled("<[Recv #012] ep: 0x7f9ca0d2c140, tag: 0x24f861f785f08a3c, nbytes: 16, type: <class 'numpy.ndarray'>>: ")
2025-01-25 08:18:14,370 - distributed.nanny - WARNING - Restarting worker
[dgx13:68545:0:68545] Caught signal 11 (Segmentation fault: address not mapped to object at address 0x450)
==== backtrace (tid:  68545) ====
 0  /opt/conda/envs/gdf/lib/libucs.so.0(ucs_handle_error+0x305) [0x7efec1fca025]
 1  /opt/conda/envs/gdf/lib/libucs.so.0(+0x2f221) [0x7efec1fca221]
 2  /opt/conda/envs/gdf/lib/libucs.so.0(+0x2f3ea) [0x7efec1fca3ea]
 3  /usr/lib/x86_64-linux-gnu/libpthread.so.0(+0x14420) [0x7eff1019c420]
 4  /opt/conda/envs/gdf/lib/libucp.so.0(ucp_mem_type_unpack+0x17) [0x7efec8060197]
 5  /opt/conda/envs/gdf/lib/libucp.so.0(ucp_rndv_data_handler+0x5f5) [0x7efec808b9e5]
 6  /opt/conda/envs/gdf/lib/./libuct.so.0(+0x21dd6) [0x7efec1f7edd6]
 7  /opt/conda/envs/gdf/lib/./libuct.so.0(+0x24f48) [0x7efec1f81f48]
 8  /opt/conda/envs/gdf/lib/libucs.so.0(ucs_event_set_wait+0xb1) [0x7efec1fd3851]
 9  /opt/conda/envs/gdf/lib/./libuct.so.0(uct_tcp_iface_progress+0x7c) [0x7efec1f80fbc]
10  /opt/conda/envs/gdf/lib/libucp.so.0(ucp_worker_progress+0x5a) [0x7efec805cd5a]
11  /opt/conda/envs/gdf/lib/python3.10/site-packages/ucp/_libs/ucx_api.cpython-310-x86_64-linux-gnu.so(+0x31dca) [0x7efec8120dca]
12  /opt/conda/envs/gdf/bin/python(_PyEval_EvalFrameDefault+0x2c3e) [0x55d45daca6de]
13  /opt/conda/envs/gdf/bin/python(_PyFunction_Vectorcall+0x6c) [0x55d45dad7b7c]
14  /opt/conda/envs/gdf/bin/python(_PyEval_EvalFrameDefault+0x6fd) [0x55d45dac819d]
15  /opt/conda/envs/gdf/bin/python(+0x147234) [0x55d45dae3234]
16  /opt/conda/envs/gdf/bin/python(+0x252f7c) [0x55d45dbeef7c]
17  /opt/conda/envs/gdf/bin/python(+0xf745f) [0x55d45da9345f]
18  /opt/conda/envs/gdf/bin/python(+0x1331b3) [0x55d45dacf1b3]
19  /opt/conda/envs/gdf/bin/python(_PyEval_EvalFrameDefault+0x593b) [0x55d45dacd3db]
20  /opt/conda/envs/gdf/bin/python(_PyFunction_Vectorcall+0x6c) [0x55d45dad7b7c]
21  /opt/conda/envs/gdf/bin/python(_PyEval_EvalFrameDefault+0x6fd) [0x55d45dac819d]
22  /opt/conda/envs/gdf/bin/python(_PyFunction_Vectorcall+0x6c) [0x55d45dad7b7c]
23  /opt/conda/envs/gdf/bin/python(_PyEval_EvalFrameDefault+0x6fd) [0x55d45dac819d]
24  /opt/conda/envs/gdf/bin/python(_PyFunction_Vectorcall+0x6c) [0x55d45dad7b7c]
25  /opt/conda/envs/gdf/bin/python(_PyEval_EvalFrameDefault+0x6fd) [0x55d45dac819d]
26  /opt/conda/envs/gdf/bin/python(_PyFunction_Vectorcall+0x6c) [0x55d45dad7b7c]
27  /opt/conda/envs/gdf/bin/python(_PyEval_EvalFrameDefault+0x6fd) [0x55d45dac819d]
28  /opt/conda/envs/gdf/bin/python(_PyFunction_Vectorcall+0x6c) [0x55d45dad7b7c]
29  /opt/conda/envs/gdf/bin/python(_PyEval_EvalFrameDefault+0x1341) [0x55d45dac8de1]
30  /opt/conda/envs/gdf/bin/python(+0x146fb2) [0x55d45dae2fb2]
31  /opt/conda/envs/gdf/bin/python(PyObject_Call+0xbc) [0x55d45dae394c]
32  /opt/conda/envs/gdf/bin/python(+0x1ff72d) [0x55d45db9b72d]
33  /opt/conda/envs/gdf/bin/python(_PyObject_MakeTpCall+0x2d3) [0x55d45dad0a03]
34  /opt/conda/envs/gdf/bin/python(_PyEval_EvalFrameDefault+0x2c3e) [0x55d45daca6de]
35  /opt/conda/envs/gdf/bin/python(+0x147108) [0x55d45dae3108]
36  /opt/conda/envs/gdf/bin/python(_PyEval_EvalFrameDefault+0x2c3e) [0x55d45daca6de]
37  /opt/conda/envs/gdf/bin/python(_PyFunction_Vectorcall+0x6c) [0x55d45dad7b7c]
38  /opt/conda/envs/gdf/bin/python(_PyEval_EvalFrameDefault+0x6fd) [0x55d45dac819d]
39  /opt/conda/envs/gdf/bin/python(_PyFunction_Vectorcall+0x6c) [0x55d45dad7b7c]
40  /opt/conda/envs/gdf/bin/python(_PyEval_EvalFrameDefault+0x6fd) [0x55d45dac819d]
41  /opt/conda/envs/gdf/bin/python(_PyFunction_Vectorcall+0x6c) [0x55d45dad7b7c]
42  /opt/conda/envs/gdf/bin/python(_PyEval_EvalFrameDefault+0x309) [0x55d45dac7da9]
43  /opt/conda/envs/gdf/bin/python(_PyFunction_Vectorcall+0x6c) [0x55d45dad7b7c]
44  /opt/conda/envs/gdf/bin/python(_PyEval_EvalFrameDefault+0x1341) [0x55d45dac8de1]
45  /opt/conda/envs/gdf/bin/python(+0x1cca8c) [0x55d45db68a8c]
46  /opt/conda/envs/gdf/bin/python(PyEval_EvalCode+0x87) [0x55d45db689d7]
47  /opt/conda/envs/gdf/bin/python(+0x1fceba) [0x55d45db98eba]
48  /opt/conda/envs/gdf/bin/python(+0x1f8343) [0x55d45db94343]
49  /opt/conda/envs/gdf/bin/python(PyRun_StringFlags+0x7d) [0x55d45db8cadd]
50  /opt/conda/envs/gdf/bin/python(PyRun_SimpleStringFlags+0x3c) [0x55d45db8c91c]
51  /opt/conda/envs/gdf/bin/python(Py_RunMain+0x3ba) [0x55d45db8bb1a]
52  /opt/conda/envs/gdf/bin/python(Py_BytesMain+0x37) [0x55d45db5c117]
53  /usr/lib/x86_64-linux-gnu/libc.so.6(__libc_start_main+0xf3) [0x7eff0fe60083]
54  /opt/conda/envs/gdf/bin/python(+0x1c002e) [0x55d45db5c02e]
=================================
2025-01-25 08:18:17,892 - distributed.worker - ERROR - failed during get data with ucx://127.0.0.1:40665 -> ucx://127.0.0.1:50253
Traceback (most recent call last):
  File "/opt/conda/envs/gdf/lib/python3.10/site-packages/rapids_dask_dependency/patches/distributed/comm/__rdd_patch_ucx.py", line 353, in read
    await self.ep.recv(msg)
  File "/opt/conda/envs/gdf/lib/python3.10/site-packages/ucp/core.py", line 748, in recv
    ret = await comm.tag_recv(self._ep, buffer, nbytes, tag, name=log)
ucp._libs.exceptions.UCXCanceled: <[Recv #012] ep: 0x7f667ca6c140, tag: 0x692ce47ea4179fae, nbytes: 16, type: <class 'numpy.ndarray'>>: 

During handling of the above exception, another exception occurred:

Traceback (most recent call last):
  File "/opt/conda/envs/gdf/lib/python3.10/site-packages/distributed/worker.py", line 1797, in get_data
    response = await comm.read(deserializers=serializers)
  File "/opt/conda/envs/gdf/lib/python3.10/site-packages/distributed/utils.py", line 805, in wrapper
    return await func(*args, **kwargs)
  File "/opt/conda/envs/gdf/lib/python3.10/site-packages/rapids_dask_dependency/patches/distributed/comm/__rdd_patch_ucx.py", line 371, in read
    raise CommClosedError(
distributed.comm.core.CommClosedError: Connection closed by writer.
Inner exception: UCXCanceled("<[Recv #012] ep: 0x7f667ca6c140, tag: 0x692ce47ea4179fae, nbytes: 16, type: <class 'numpy.ndarray'>>: ")
2025-01-25 08:18:17,892 - distributed.worker - ERROR - failed during get data with ucx://127.0.0.1:41251 -> ucx://127.0.0.1:50253
Traceback (most recent call last):
  File "/opt/conda/envs/gdf/lib/python3.10/site-packages/rapids_dask_dependency/patches/distributed/comm/__rdd_patch_ucx.py", line 337, in write
    await self.ep.send(each_frame)
  File "/opt/conda/envs/gdf/lib/python3.10/site-packages/ucp/core.py", line 673, in send
    return await comm.tag_send(self._ep, buffer, nbytes, tag, name=log)
ucp._libs.exceptions.UCXError: <[Send #012] ep: 0x7f9ca0d2c140, tag: 0x69d833998a7a4245, nbytes: 50000000, type: <class 'cupy.ndarray'>>: Connection reset by remote peer

During handling of the above exception, another exception occurred:

Traceback (most recent call last):
  File "/opt/conda/envs/gdf/lib/python3.10/site-packages/distributed/worker.py", line 1796, in get_data
    compressed = await comm.write(msg, serializers=serializers)
  File "/opt/conda/envs/gdf/lib/python3.10/site-packages/distributed/utils.py", line 805, in wrapper
    return await func(*args, **kwargs)
  File "/opt/conda/envs/gdf/lib/python3.10/site-packages/rapids_dask_dependency/patches/distributed/comm/__rdd_patch_ucx.py", line 341, in write
    raise CommClosedError("While writing, the connection was closed")
distributed.comm.core.CommClosedError: While writing, the connection was closed
2025-01-25 08:18:17,892 - distributed.worker - ERROR - failed during get data with ucx://127.0.0.1:49343 -> ucx://127.0.0.1:50253
Traceback (most recent call last):
  File "/opt/conda/envs/gdf/lib/python3.10/site-packages/rapids_dask_dependency/patches/distributed/comm/__rdd_patch_ucx.py", line 337, in write
    await self.ep.send(each_frame)
  File "/opt/conda/envs/gdf/lib/python3.10/site-packages/ucp/core.py", line 673, in send
    return await comm.tag_send(self._ep, buffer, nbytes, tag, name=log)
ucp._libs.exceptions.UCXError: <[Send #016] ep: 0x7fc93c517280, tag: 0xdb585933c05cedb6, nbytes: 50000000, type: <class 'cupy.ndarray'>>: Connection reset by remote peer

During handling of the above exception, another exception occurred:

Traceback (most recent call last):
  File "/opt/conda/envs/gdf/lib/python3.10/site-packages/distributed/worker.py", line 1796, in get_data
    compressed = await comm.write(msg, serializers=serializers)
  File "/opt/conda/envs/gdf/lib/python3.10/site-packages/distributed/utils.py", line 805, in wrapper
    return await func(*args, **kwargs)
  File "/opt/conda/envs/gdf/lib/python3.10/site-packages/rapids_dask_dependency/patches/distributed/comm/__rdd_patch_ucx.py", line 341, in write
    raise CommClosedError("While writing, the connection was closed")
distributed.comm.core.CommClosedError: While writing, the connection was closed
2025-01-25 08:18:17,994 - distributed.nanny - WARNING - Restarting worker
[dgx13:68557:0:68557] Caught signal 11 (Segmentation fault: address not mapped to object at address 0x450)
==== backtrace (tid:  68557) ====
 0  /opt/conda/envs/gdf/lib/libucs.so.0(ucs_handle_error+0x305) [0x7f0998156025]
 1  /opt/conda/envs/gdf/lib/libucs.so.0(+0x2f221) [0x7f0998156221]
 2  /opt/conda/envs/gdf/lib/libucs.so.0(+0x2f3ea) [0x7f09981563ea]
 3  /usr/lib/x86_64-linux-gnu/libpthread.so.0(+0x14420) [0x7f09d232c420]
 4  /opt/conda/envs/gdf/lib/libucp.so.0(ucp_mem_type_unpack+0x17) [0x7f09981db197]
 5  /opt/conda/envs/gdf/lib/libucp.so.0(ucp_rndv_data_handler+0x5f5) [0x7f09982069e5]
 6  /opt/conda/envs/gdf/lib/./libuct.so.0(+0x21dd6) [0x7f099810add6]
 7  /opt/conda/envs/gdf/lib/./libuct.so.0(+0x24f48) [0x7f099810df48]
 8  /opt/conda/envs/gdf/lib/libucs.so.0(ucs_event_set_wait+0xb1) [0x7f099815f851]
 9  /opt/conda/envs/gdf/lib/./libuct.so.0(uct_tcp_iface_progress+0x7c) [0x7f099810cfbc]
10  /opt/conda/envs/gdf/lib/libucp.so.0(ucp_worker_progress+0x5a) [0x7f09981d7d5a]
11  /opt/conda/envs/gdf/lib/python3.10/site-packages/ucp/_libs/ucx_api.cpython-310-x86_64-linux-gnu.so(+0x31dca) [0x7f099829bdca]
12  /opt/conda/envs/gdf/bin/python(_PyEval_EvalFrameDefault+0x2c3e) [0x5573c638e6de]
13  /opt/conda/envs/gdf/bin/python(_PyFunction_Vectorcall+0x6c) [0x5573c639bb7c]
14  /opt/conda/envs/gdf/bin/python(_PyEval_EvalFrameDefault+0x6fd) [0x5573c638c19d]
15  /opt/conda/envs/gdf/bin/python(+0x1d62c9) [0x5573c64362c9]
16  /opt/conda/envs/gdf/lib/python3.10/lib-dynload/_asyncio.cpython-310-x86_64-linux-gnu.so(+0x7782) [0x7f09b223b782]
17  /opt/conda/envs/gdf/bin/python(_PyObject_MakeTpCall+0x2d3) [0x5573c6394a03]
18  /opt/conda/envs/gdf/bin/python(+0xf745f) [0x5573c635745f]
19  /opt/conda/envs/gdf/bin/python(+0x1331b3) [0x5573c63931b3]
20  /opt/conda/envs/gdf/bin/python(_PyEval_EvalFrameDefault+0x593b) [0x5573c63913db]
21  /opt/conda/envs/gdf/bin/python(_PyFunction_Vectorcall+0x6c) [0x5573c639bb7c]
22  /opt/conda/envs/gdf/bin/python(_PyEval_EvalFrameDefault+0x6fd) [0x5573c638c19d]
23  /opt/conda/envs/gdf/bin/python(_PyFunction_Vectorcall+0x6c) [0x5573c639bb7c]
24  /opt/conda/envs/gdf/bin/python(_PyEval_EvalFrameDefault+0x6fd) [0x5573c638c19d]
25  /opt/conda/envs/gdf/bin/python(_PyFunction_Vectorcall+0x6c) [0x5573c639bb7c]
26  /opt/conda/envs/gdf/bin/python(_PyEval_EvalFrameDefault+0x6fd) [0x5573c638c19d]
27  /opt/conda/envs/gdf/bin/python(_PyFunction_Vectorcall+0x6c) [0x5573c639bb7c]
28  /opt/conda/envs/gdf/bin/python(_PyEval_EvalFrameDefault+0x6fd) [0x5573c638c19d]
29  /opt/conda/envs/gdf/bin/python(_PyFunction_Vectorcall+0x6c) [0x5573c639bb7c]
30  /opt/conda/envs/gdf/bin/python(_PyEval_EvalFrameDefault+0x1341) [0x5573c638cde1]
31  /opt/conda/envs/gdf/bin/python(+0x146fb2) [0x5573c63a6fb2]
32  /opt/conda/envs/gdf/bin/python(PyObject_Call+0xbc) [0x5573c63a794c]
33  /opt/conda/envs/gdf/bin/python(+0x1ff72d) [0x5573c645f72d]
34  /opt/conda/envs/gdf/bin/python(_PyObject_MakeTpCall+0x2d3) [0x5573c6394a03]
35  /opt/conda/envs/gdf/bin/python(_PyEval_EvalFrameDefault+0x2c3e) [0x5573c638e6de]
36  /opt/conda/envs/gdf/bin/python(+0x147108) [0x5573c63a7108]
37  /opt/conda/envs/gdf/bin/python(_PyEval_EvalFrameDefault+0x2c3e) [0x5573c638e6de]
38  /opt/conda/envs/gdf/bin/python(_PyFunction_Vectorcall+0x6c) [0x5573c639bb7c]
39  /opt/conda/envs/gdf/bin/python(_PyEval_EvalFrameDefault+0x6fd) [0x5573c638c19d]
40  /opt/conda/envs/gdf/bin/python(_PyFunction_Vectorcall+0x6c) [0x5573c639bb7c]
41  /opt/conda/envs/gdf/bin/python(_PyEval_EvalFrameDefault+0x6fd) [0x5573c638c19d]
42  /opt/conda/envs/gdf/bin/python(_PyFunction_Vectorcall+0x6c) [0x5573c639bb7c]
43  /opt/conda/envs/gdf/bin/python(_PyEval_EvalFrameDefault+0x309) [0x5573c638bda9]
44  /opt/conda/envs/gdf/bin/python(_PyFunction_Vectorcall+0x6c) [0x5573c639bb7c]
45  /opt/conda/envs/gdf/bin/python(_PyEval_EvalFrameDefault+0x1341) [0x5573c638cde1]
46  /opt/conda/envs/gdf/bin/python(+0x1cca8c) [0x5573c642ca8c]
47  /opt/conda/envs/gdf/bin/python(PyEval_EvalCode+0x87) [0x5573c642c9d7]
48  /opt/conda/envs/gdf/bin/python(+0x1fceba) [0x5573c645ceba]
49  /opt/conda/envs/gdf/bin/python(+0x1f8343) [0x5573c6458343]
50  /opt/conda/envs/gdf/bin/python(PyRun_StringFlags+0x7d) [0x5573c6450add]
51  /opt/conda/envs/gdf/bin/python(PyRun_SimpleStringFlags+0x3c) [0x5573c645091c]
52  /opt/conda/envs/gdf/bin/python(Py_RunMain+0x3ba) [0x5573c644fb1a]
53  /opt/conda/envs/gdf/bin/python(Py_BytesMain+0x37) [0x5573c6420117]
54  /usr/lib/x86_64-linux-gnu/libc.so.6(__libc_start_main+0xf3) [0x7f09d1ff0083]
55  /opt/conda/envs/gdf/bin/python(+0x1c002e) [0x5573c642002e]
=================================
2025-01-25 08:18:18,288 - distributed.worker - ERROR - failed during get data with ucx://127.0.0.1:49343 -> ucx://127.0.0.1:46297
Traceback (most recent call last):
  File "/opt/conda/envs/gdf/lib/python3.10/site-packages/rapids_dask_dependency/patches/distributed/comm/__rdd_patch_ucx.py", line 337, in write
    await self.ep.send(each_frame)
  File "/opt/conda/envs/gdf/lib/python3.10/site-packages/ucp/core.py", line 673, in send
    return await comm.tag_send(self._ep, buffer, nbytes, tag, name=log)
ucp._libs.exceptions.UCXError: <[Send #007] ep: 0x7fc93c517200, tag: 0x70f41b20a945110a, nbytes: 50000000, type: <class 'cupy.ndarray'>>: Connection reset by remote peer

During handling of the above exception, another exception occurred:

Traceback (most recent call last):
  File "/opt/conda/envs/gdf/lib/python3.10/site-packages/distributed/worker.py", line 1796, in get_data
    compressed = await comm.write(msg, serializers=serializers)
  File "/opt/conda/envs/gdf/lib/python3.10/site-packages/distributed/utils.py", line 805, in wrapper
    return await func(*args, **kwargs)
  File "/opt/conda/envs/gdf/lib/python3.10/site-packages/rapids_dask_dependency/patches/distributed/comm/__rdd_patch_ucx.py", line 341, in write
    raise CommClosedError("While writing, the connection was closed")
distributed.comm.core.CommClosedError: While writing, the connection was closed
Task exception was never retrieved
future: <Task finished name='Task-5304' coro=<_listener_handler_coroutine() done, defined at /opt/conda/envs/gdf/lib/python3.10/site-packages/ucp/core.py:142> exception=UCXError('<stream_recv>: Connection reset by remote peer')>
Traceback (most recent call last):
  File "/opt/conda/envs/gdf/lib/python3.10/site-packages/ucp/core.py", line 157, in _listener_handler_coroutine
    peer_info = await exchange_peer_info(
  File "/opt/conda/envs/gdf/lib/python3.10/site-packages/ucp/core.py", line 57, in exchange_peer_info
    await asyncio.wait_for(
  File "/opt/conda/envs/gdf/lib/python3.10/asyncio/tasks.py", line 445, in wait_for
    return fut.result()
ucp._libs.exceptions.UCXError: <stream_recv>: Connection reset by remote peer
Task exception was never retrieved
future: <Task finished name='Task-61' coro=<_listener_handler_coroutine() done, defined at /opt/conda/envs/gdf/lib/python3.10/site-packages/ucp/core.py:142> exception=UCXError('<stream_send>: Connection reset by remote peer')>
Traceback (most recent call last):
  File "/opt/conda/envs/gdf/lib/python3.10/site-packages/ucp/core.py", line 157, in _listener_handler_coroutine
    peer_info = await exchange_peer_info(
  File "/opt/conda/envs/gdf/lib/python3.10/site-packages/ucp/core.py", line 53, in exchange_peer_info
    await asyncio.wait_for(
  File "/opt/conda/envs/gdf/lib/python3.10/asyncio/tasks.py", line 445, in wait_for
    return fut.result()
ucp._libs.exceptions.UCXError: <stream_send>: Connection reset by remote peer
2025-01-25 08:18:18,454 - distributed.worker - ERROR - failed during get data with ucx://127.0.0.1:41251 -> ucx://127.0.0.1:46297
Traceback (most recent call last):
  File "/opt/conda/envs/gdf/lib/python3.10/site-packages/rapids_dask_dependency/patches/distributed/comm/__rdd_patch_ucx.py", line 337, in write
    await self.ep.send(each_frame)
  File "/opt/conda/envs/gdf/lib/python3.10/site-packages/ucp/core.py", line 673, in send
    return await comm.tag_send(self._ep, buffer, nbytes, tag, name=log)
ucp._libs.exceptions.UCXError: <[Send #007] ep: 0x7f9ca0d2c2c0, tag: 0xd4f056623fd49cdf, nbytes: 50000000, type: <class 'cupy.ndarray'>>: Connection reset by remote peer

During handling of the above exception, another exception occurred:

Traceback (most recent call last):
  File "/opt/conda/envs/gdf/lib/python3.10/site-packages/distributed/worker.py", line 1796, in get_data
    compressed = await comm.write(msg, serializers=serializers)
  File "/opt/conda/envs/gdf/lib/python3.10/site-packages/distributed/utils.py", line 805, in wrapper
    return await func(*args, **kwargs)
  File "/opt/conda/envs/gdf/lib/python3.10/site-packages/rapids_dask_dependency/patches/distributed/comm/__rdd_patch_ucx.py", line 341, in write
    raise CommClosedError("While writing, the connection was closed")
distributed.comm.core.CommClosedError: While writing, the connection was closed
[dgx13:68549:0:68549] Caught signal 11 (Segmentation fault: address not mapped to object at address 0x450)
==== backtrace (tid:  68549) ====
 0  /opt/conda/envs/gdf/lib/libucs.so.0(ucs_handle_error+0x305) [0x7ff148bd3025]
 1  /opt/conda/envs/gdf/lib/libucs.so.0(+0x2f221) [0x7ff148bd3221]
 2  /opt/conda/envs/gdf/lib/libucs.so.0(+0x2f3ea) [0x7ff148bd33ea]
 3  /usr/lib/x86_64-linux-gnu/libpthread.so.0(+0x14420) [0x7ff182d92420]
 4  /opt/conda/envs/gdf/lib/libucp.so.0(ucp_mem_type_unpack+0x17) [0x7ff148c58197]
 5  /opt/conda/envs/gdf/lib/libucp.so.0(ucp_rndv_data_handler+0x5f5) [0x7ff148c839e5]
 6  /opt/conda/envs/gdf/lib/./libuct.so.0(+0x21dd6) [0x7ff148b87dd6]
 7  /opt/conda/envs/gdf/lib/./libuct.so.0(+0x24f48) [0x7ff148b8af48]
 8  /opt/conda/envs/gdf/lib/libucs.so.0(ucs_event_set_wait+0xb1) [0x7ff148bdc851]
 9  /opt/conda/envs/gdf/lib/./libuct.so.0(uct_tcp_iface_progress+0x7c) [0x7ff148b89fbc]
10  /opt/conda/envs/gdf/lib/libucp.so.0(ucp_worker_progress+0x5a) [0x7ff148c54d5a]
11  /opt/conda/envs/gdf/lib/python3.10/site-packages/ucp/_libs/ucx_api.cpython-310-x86_64-linux-gnu.so(+0x31dca) [0x7ff148d18dca]
12  /opt/conda/envs/gdf/bin/python(_PyEval_EvalFrameDefault+0x2c3e) [0x558ff914c6de]
13  /opt/conda/envs/gdf/bin/python(_PyFunction_Vectorcall+0x6c) [0x558ff9159b7c]
14  /opt/conda/envs/gdf/bin/python(_PyEval_EvalFrameDefault+0x6fd) [0x558ff914a19d]
15  /opt/conda/envs/gdf/bin/python(+0x147234) [0x558ff9165234]
16  /opt/conda/envs/gdf/bin/python(+0x252f7c) [0x558ff9270f7c]
17  /opt/conda/envs/gdf/bin/python(+0xf745f) [0x558ff911545f]
18  /opt/conda/envs/gdf/bin/python(+0x1331b3) [0x558ff91511b3]
19  /opt/conda/envs/gdf/bin/python(_PyEval_EvalFrameDefault+0x593b) [0x558ff914f3db]
20  /opt/conda/envs/gdf/bin/python(_PyFunction_Vectorcall+0x6c) [0x558ff9159b7c]
21  /opt/conda/envs/gdf/bin/python(_PyEval_EvalFrameDefault+0x6fd) [0x558ff914a19d]
22  /opt/conda/envs/gdf/bin/python(_PyFunction_Vectorcall+0x6c) [0x558ff9159b7c]
23  /opt/conda/envs/gdf/bin/python(_PyEval_EvalFrameDefault+0x6fd) [0x558ff914a19d]
24  /opt/conda/envs/gdf/bin/python(_PyFunction_Vectorcall+0x6c) [0x558ff9159b7c]
25  /opt/conda/envs/gdf/bin/python(_PyEval_EvalFrameDefault+0x6fd) [0x558ff914a19d]
26  /opt/conda/envs/gdf/bin/python(_PyFunction_Vectorcall+0x6c) [0x558ff9159b7c]
27  /opt/conda/envs/gdf/bin/python(_PyEval_EvalFrameDefault+0x6fd) [0x558ff914a19d]
28  /opt/conda/envs/gdf/bin/python(_PyFunction_Vectorcall+0x6c) [0x558ff9159b7c]
29  /opt/conda/envs/gdf/bin/python(_PyEval_EvalFrameDefault+0x1341) [0x558ff914ade1]
30  /opt/conda/envs/gdf/bin/python(+0x146fb2) [0x558ff9164fb2]
31  /opt/conda/envs/gdf/bin/python(PyObject_Call+0xbc) [0x558ff916594c]
32  /opt/conda/envs/gdf/bin/python(+0x1ff72d) [0x558ff921d72d]
33  /opt/conda/envs/gdf/bin/python(_PyObject_MakeTpCall+0x2d3) [0x558ff9152a03]
34  /opt/conda/envs/gdf/bin/python(_PyEval_EvalFrameDefault+0x2c3e) [0x558ff914c6de]
35  /opt/conda/envs/gdf/bin/python(+0x147108) [0x558ff9165108]
36  /opt/conda/envs/gdf/bin/python(_PyEval_EvalFrameDefault+0x2c3e) [0x558ff914c6de]
37  /opt/conda/envs/gdf/bin/python(_PyFunction_Vectorcall+0x6c) [0x558ff9159b7c]
38  /opt/conda/envs/gdf/bin/python(_PyEval_EvalFrameDefault+0x6fd) [0x558ff914a19d]
39  /opt/conda/envs/gdf/bin/python(_PyFunction_Vectorcall+0x6c) [0x558ff9159b7c]
40  /opt/conda/envs/gdf/bin/python(_PyEval_EvalFrameDefault+0x6fd) [0x558ff914a19d]
41  /opt/conda/envs/gdf/bin/python(_PyFunction_Vectorcall+0x6c) [0x558ff9159b7c]
42  /opt/conda/envs/gdf/bin/python(_PyEval_EvalFrameDefault+0x309) [0x558ff9149da9]
43  /opt/conda/envs/gdf/bin/python(_PyFunction_Vectorcall+0x6c) [0x558ff9159b7c]
44  /opt/conda/envs/gdf/bin/python(_PyEval_EvalFrameDefault+0x1341) [0x558ff914ade1]
45  /opt/conda/envs/gdf/bin/python(+0x1cca8c) [0x558ff91eaa8c]
46  /opt/conda/envs/gdf/bin/python(PyEval_EvalCode+0x87) [0x558ff91ea9d7]
47  /opt/conda/envs/gdf/bin/python(+0x1fceba) [0x558ff921aeba]
48  /opt/conda/envs/gdf/bin/python(+0x1f8343) [0x558ff9216343]
49  /opt/conda/envs/gdf/bin/python(PyRun_StringFlags+0x7d) [0x558ff920eadd]
50  /opt/conda/envs/gdf/bin/python(PyRun_SimpleStringFlags+0x3c) [0x558ff920e91c]
51  /opt/conda/envs/gdf/bin/python(Py_RunMain+0x3ba) [0x558ff920db1a]
52  /opt/conda/envs/gdf/bin/python(Py_BytesMain+0x37) [0x558ff91de117]
53  /usr/lib/x86_64-linux-gnu/libc.so.6(__libc_start_main+0xf3) [0x7ff182a56083]
54  /opt/conda/envs/gdf/bin/python(+0x1c002e) [0x558ff91de02e]
=================================
2025-01-25 08:18:18,488 - distributed.nanny - WARNING - Restarting worker
[dgx13:68564:0:68564] Caught signal 11 (Segmentation fault: address not mapped to object at address 0x450)
==== backtrace (tid:  68564) ====
 0  /opt/conda/envs/gdf/lib/libucs.so.0(ucs_handle_error+0x305) [0x7f0ff0693025]
 1  /opt/conda/envs/gdf/lib/libucs.so.0(+0x2f221) [0x7f0ff0693221]
 2  /opt/conda/envs/gdf/lib/libucs.so.0(+0x2f3ea) [0x7f0ff06933ea]
 3  /usr/lib/x86_64-linux-gnu/libpthread.so.0(+0x14420) [0x7f103885b420]
 4  /opt/conda/envs/gdf/lib/libucp.so.0(ucp_mem_type_unpack+0x17) [0x7f0ff0718197]
 5  /opt/conda/envs/gdf/lib/libucp.so.0(ucp_rndv_data_handler+0x5f5) [0x7f0ff07439e5]
 6  /opt/conda/envs/gdf/lib/./libuct.so.0(+0x21dd6) [0x7f0ff0647dd6]
 7  /opt/conda/envs/gdf/lib/./libuct.so.0(+0x24f48) [0x7f0ff064af48]
 8  /opt/conda/envs/gdf/lib/libucs.so.0(ucs_event_set_wait+0xb1) [0x7f0ff069c851]
 9  /opt/conda/envs/gdf/lib/./libuct.so.0(uct_tcp_iface_progress+0x7c) [0x7f0ff0649fbc]
10  /opt/conda/envs/gdf/lib/libucp.so.0(ucp_worker_progress+0x5a) [0x7f0ff0714d5a]
11  /opt/conda/envs/gdf/lib/python3.10/site-packages/ucp/_libs/ucx_api.cpython-310-x86_64-linux-gnu.so(+0x31dca) [0x7f0ff07d8dca]
12  /opt/conda/envs/gdf/bin/python(_PyEval_EvalFrameDefault+0x2c3e) [0x5651a5ea16de]
13  /opt/conda/envs/gdf/bin/python(_PyFunction_Vectorcall+0x6c) [0x5651a5eaeb7c]
14  /opt/conda/envs/gdf/bin/python(_PyEval_EvalFrameDefault+0x6fd) [0x5651a5e9f19d]
15  /opt/conda/envs/gdf/bin/python(+0x1d62c9) [0x5651a5f492c9]
16  /opt/conda/envs/gdf/lib/python3.10/lib-dynload/_asyncio.cpython-310-x86_64-linux-gnu.so(+0x7782) [0x7f1018769782]
17  /opt/conda/envs/gdf/bin/python(_PyObject_MakeTpCall+0x2d3) [0x5651a5ea7a03]
18  /opt/conda/envs/gdf/bin/python(+0xf745f) [0x5651a5e6a45f]
19  /opt/conda/envs/gdf/bin/python(+0x1331b3) [0x5651a5ea61b3]
20  /opt/conda/envs/gdf/bin/python(_PyEval_EvalFrameDefault+0x593b) [0x5651a5ea43db]
21  /opt/conda/envs/gdf/bin/python(_PyFunction_Vectorcall+0x6c) [0x5651a5eaeb7c]
22  /opt/conda/envs/gdf/bin/python(_PyEval_EvalFrameDefault+0x6fd) [0x5651a5e9f19d]
23  /opt/conda/envs/gdf/bin/python(_PyFunction_Vectorcall+0x6c) [0x5651a5eaeb7c]
24  /opt/conda/envs/gdf/bin/python(_PyEval_EvalFrameDefault+0x6fd) [0x5651a5e9f19d]
25  /opt/conda/envs/gdf/bin/python(_PyFunction_Vectorcall+0x6c) [0x5651a5eaeb7c]
26  /opt/conda/envs/gdf/bin/python(_PyEval_EvalFrameDefault+0x6fd) [0x5651a5e9f19d]
27  /opt/conda/envs/gdf/bin/python(_PyFunction_Vectorcall+0x6c) [0x5651a5eaeb7c]
28  /opt/conda/envs/gdf/bin/python(_PyEval_EvalFrameDefault+0x6fd) [0x5651a5e9f19d]
29  /opt/conda/envs/gdf/bin/python(_PyFunction_Vectorcall+0x6c) [0x5651a5eaeb7c]
30  /opt/conda/envs/gdf/bin/python(_PyEval_EvalFrameDefault+0x1341) [0x5651a5e9fde1]
31  /opt/conda/envs/gdf/bin/python(+0x146fb2) [0x5651a5eb9fb2]
32  /opt/conda/envs/gdf/bin/python(PyObject_Call+0xbc) [0x5651a5eba94c]
33  /opt/conda/envs/gdf/bin/python(+0x1ff72d) [0x5651a5f7272d]
34  /opt/conda/envs/gdf/bin/python(_PyObject_MakeTpCall+0x2d3) [0x5651a5ea7a03]
35  /opt/conda/envs/gdf/bin/python(_PyEval_EvalFrameDefault+0x2c3e) [0x5651a5ea16de]
36  /opt/conda/envs/gdf/bin/python(+0x147108) [0x5651a5eba108]
37  /opt/conda/envs/gdf/bin/python(_PyEval_EvalFrameDefault+0x2c3e) [0x5651a5ea16de]
38  /opt/conda/envs/gdf/bin/python(_PyFunction_Vectorcall+0x6c) [0x5651a5eaeb7c]
39  /opt/conda/envs/gdf/bin/python(_PyEval_EvalFrameDefault+0x6fd) [0x5651a5e9f19d]
40  /opt/conda/envs/gdf/bin/python(_PyFunction_Vectorcall+0x6c) [0x5651a5eaeb7c]
41  /opt/conda/envs/gdf/bin/python(_PyEval_EvalFrameDefault+0x6fd) [0x5651a5e9f19d]
42  /opt/conda/envs/gdf/bin/python(_PyFunction_Vectorcall+0x6c) [0x5651a5eaeb7c]
43  /opt/conda/envs/gdf/bin/python(_PyEval_EvalFrameDefault+0x309) [0x5651a5e9eda9]
44  /opt/conda/envs/gdf/bin/python(_PyFunction_Vectorcall+0x6c) [0x5651a5eaeb7c]
45  /opt/conda/envs/gdf/bin/python(_PyEval_EvalFrameDefault+0x1341) [0x5651a5e9fde1]
46  /opt/conda/envs/gdf/bin/python(+0x1cca8c) [0x5651a5f3fa8c]
47  /opt/conda/envs/gdf/bin/python(PyEval_EvalCode+0x87) [0x5651a5f3f9d7]
48  /opt/conda/envs/gdf/bin/python(+0x1fceba) [0x5651a5f6feba]
49  /opt/conda/envs/gdf/bin/python(+0x1f8343) [0x5651a5f6b343]
50  /opt/conda/envs/gdf/bin/python(PyRun_StringFlags+0x7d) [0x5651a5f63add]
51  /opt/conda/envs/gdf/bin/python(PyRun_SimpleStringFlags+0x3c) [0x5651a5f6391c]
52  /opt/conda/envs/gdf/bin/python(Py_RunMain+0x3ba) [0x5651a5f62b1a]
53  /opt/conda/envs/gdf/bin/python(Py_BytesMain+0x37) [0x5651a5f33117]
54  /usr/lib/x86_64-linux-gnu/libc.so.6(__libc_start_main+0xf3) [0x7f103851f083]
55  /opt/conda/envs/gdf/bin/python(+0x1c002e) [0x5651a5f3302e]
=================================
2025-01-25 08:18:18,677 - distributed.worker - ERROR - failed during get data with ucx://127.0.0.1:40665 -> ucx://127.0.0.1:44357
Traceback (most recent call last):
  File "/opt/conda/envs/gdf/lib/python3.10/site-packages/rapids_dask_dependency/patches/distributed/comm/__rdd_patch_ucx.py", line 337, in write
    await self.ep.send(each_frame)
  File "/opt/conda/envs/gdf/lib/python3.10/site-packages/ucp/core.py", line 673, in send
    return await comm.tag_send(self._ep, buffer, nbytes, tag, name=log)
ucp._libs.exceptions.UCXError: <[Send #007] ep: 0x7f667ca6c1c0, tag: 0x2b24a729ffe62e45, nbytes: 50000000, type: <class 'cupy.ndarray'>>: Connection reset by remote peer

During handling of the above exception, another exception occurred:

Traceback (most recent call last):
  File "/opt/conda/envs/gdf/lib/python3.10/site-packages/distributed/worker.py", line 1796, in get_data
    compressed = await comm.write(msg, serializers=serializers)
  File "/opt/conda/envs/gdf/lib/python3.10/site-packages/distributed/utils.py", line 805, in wrapper
    return await func(*args, **kwargs)
  File "/opt/conda/envs/gdf/lib/python3.10/site-packages/rapids_dask_dependency/patches/distributed/comm/__rdd_patch_ucx.py", line 341, in write
    raise CommClosedError("While writing, the connection was closed")
distributed.comm.core.CommClosedError: While writing, the connection was closed
2025-01-25 08:18:18,777 - distributed.worker - ERROR - failed during get data with ucx://127.0.0.1:41251 -> ucx://127.0.0.1:37619
Traceback (most recent call last):
  File "/opt/conda/envs/gdf/lib/python3.10/site-packages/rapids_dask_dependency/patches/distributed/comm/__rdd_patch_ucx.py", line 353, in read
    await self.ep.recv(msg)
  File "/opt/conda/envs/gdf/lib/python3.10/site-packages/ucp/core.py", line 748, in recv
    ret = await comm.tag_recv(self._ep, buffer, nbytes, tag, name=log)
ucp._libs.exceptions.UCXCanceled: <[Recv #012] ep: 0x7f9ca0d2c140, tag: 0xbf74714bcdae72b6, nbytes: 16, type: <class 'numpy.ndarray'>>: 

During handling of the above exception, another exception occurred:

Traceback (most recent call last):
  File "/opt/conda/envs/gdf/lib/python3.10/site-packages/distributed/worker.py", line 1797, in get_data
    response = await comm.read(deserializers=serializers)
  File "/opt/conda/envs/gdf/lib/python3.10/site-packages/distributed/utils.py", line 805, in wrapper
    return await func(*args, **kwargs)
  File "/opt/conda/envs/gdf/lib/python3.10/site-packages/rapids_dask_dependency/patches/distributed/comm/__rdd_patch_ucx.py", line 371, in read
    raise CommClosedError(
distributed.comm.core.CommClosedError: Connection closed by writer.
Inner exception: UCXCanceled("<[Recv #012] ep: 0x7f9ca0d2c140, tag: 0xbf74714bcdae72b6, nbytes: 16, type: <class 'numpy.ndarray'>>: ")
2025-01-25 08:18:18,777 - distributed.scheduler - WARNING - Removing worker 'ucx://127.0.0.1:37619' caused the cluster to lose already computed task(s), which will be recomputed elsewhere: {('random_sample-f1608b8f12e62b2f7a6f4221917258ff', 3, 4), ('sum-partial-2abb13436c07d6dd6d527c5433d16bd0', 4, 0), ('sum-partial-2abb13436c07d6dd6d527c5433d16bd0', 3, 3), ('sum-partial-43255f9e781a41f3081b2faa683b726e', 1, 1), ('sum-ad28febb8671de6c41048fdb463319e0', 4, 3), ('random_sample-f1608b8f12e62b2f7a6f4221917258ff', 1, 8), ('sum-partial-2abb13436c07d6dd6d527c5433d16bd0', 1, 1), ('random_sample-f1608b8f12e62b2f7a6f4221917258ff', 4, 3)} (stimulus_id='handle-worker-cleanup-1737793098.7775495')
2025-01-25 08:18:18,777 - distributed.worker - ERROR - failed during get data with ucx://127.0.0.1:49343 -> ucx://127.0.0.1:37619
Traceback (most recent call last):
  File "/opt/conda/envs/gdf/lib/python3.10/site-packages/rapids_dask_dependency/patches/distributed/comm/__rdd_patch_ucx.py", line 337, in write
    await self.ep.send(each_frame)
  File "/opt/conda/envs/gdf/lib/python3.10/site-packages/ucp/core.py", line 673, in send
    return await comm.tag_send(self._ep, buffer, nbytes, tag, name=log)
ucp._libs.exceptions.UCXError: <[Send #016] ep: 0x7fc93c517280, tag: 0xc99c6ba0f94810d7, nbytes: 50000000, type: <class 'cupy.ndarray'>>: Connection reset by remote peer

During handling of the above exception, another exception occurred:

Traceback (most recent call last):
  File "/opt/conda/envs/gdf/lib/python3.10/site-packages/distributed/worker.py", line 1796, in get_data
    compressed = await comm.write(msg, serializers=serializers)
  File "/opt/conda/envs/gdf/lib/python3.10/site-packages/distributed/utils.py", line 805, in wrapper
    return await func(*args, **kwargs)
  File "/opt/conda/envs/gdf/lib/python3.10/site-packages/rapids_dask_dependency/patches/distributed/comm/__rdd_patch_ucx.py", line 341, in write
    raise CommClosedError("While writing, the connection was closed")
distributed.comm.core.CommClosedError: While writing, the connection was closed
2025-01-25 08:18:18,830 - distributed.nanny - WARNING - Restarting worker
2025-01-25 08:18:18,983 - distributed.nanny - WARNING - Restarting worker
2025-01-25 08:18:21,859 - distributed.worker.state_machine - WARNING - Async instruction for <Task cancelled name="execute(('random_sample-f1608b8f12e62b2f7a6f4221917258ff', 4, 3))" coro=<Worker.execute() done, defined at /opt/conda/envs/gdf/lib/python3.10/site-packages/distributed/worker_state_machine.py:3606>> ended with CancelledError
2025-01-25 08:18:22,265 - distributed.worker.state_machine - WARNING - Async instruction for <Task cancelled name="execute(('random_sample-f1608b8f12e62b2f7a6f4221917258ff', 4, 3))" coro=<Worker.execute() done, defined at /opt/conda/envs/gdf/lib/python3.10/site-packages/distributed/worker_state_machine.py:3606>> ended with CancelledError
2025-01-25 08:18:22,723 - distributed.worker.state_machine - WARNING - Async instruction for <Task cancelled name="execute(('random_sample-f1608b8f12e62b2f7a6f4221917258ff', 4, 3))" coro=<Worker.execute() done, defined at /opt/conda/envs/gdf/lib/python3.10/site-packages/distributed/worker_state_machine.py:3606>> ended with CancelledError
2025-01-25 08:18:22,772 - distributed.worker.state_machine - WARNING - Async instruction for <Task cancelled name="execute(('random_sample-f1608b8f12e62b2f7a6f4221917258ff', 1, 8))" coro=<Worker.execute() done, defined at /opt/conda/envs/gdf/lib/python3.10/site-packages/distributed/worker_state_machine.py:3606>> ended with CancelledError
2025-01-25 08:18:22,775 - distributed.scheduler - ERROR - Task ('random_sample-f1608b8f12e62b2f7a6f4221917258ff', 4, 3) marked as failed because 4 workers died while trying to run it
/opt/conda/envs/gdf/lib/python3.10/multiprocessing/resource_tracker.py:224: UserWarning: resource_tracker: There appear to be 24 leaked semaphore objects to clean up at shutdown
  warnings.warn('resource_tracker: There appear to be %d '
