[dgx13:84746:0:84746] Caught signal 11 (Segmentation fault: address not mapped to object at address 0x450)
==== backtrace (tid:  84746) ====
 0  /opt/conda/envs/gdf/lib/libucs.so.0(ucs_handle_error+0x305) [0x7f0f40133025]
 1  /opt/conda/envs/gdf/lib/libucs.so.0(+0x2f221) [0x7f0f40133221]
 2  /opt/conda/envs/gdf/lib/libucs.so.0(+0x2f3ea) [0x7f0f401333ea]
 3  /usr/lib/x86_64-linux-gnu/libpthread.so.0(+0x14420) [0x7f0f7f1a5420]
 4  /opt/conda/envs/gdf/lib/libucp.so.0(ucp_mem_type_unpack+0x17) [0x7f0f401b8197]
 5  /opt/conda/envs/gdf/lib/libucp.so.0(ucp_rndv_data_handler+0x5f5) [0x7f0f401e39e5]
 6  /opt/conda/envs/gdf/lib/./libuct.so.0(+0x21dd6) [0x7f0f400e7dd6]
 7  /opt/conda/envs/gdf/lib/./libuct.so.0(+0x24f48) [0x7f0f400eaf48]
 8  /opt/conda/envs/gdf/lib/libucs.so.0(ucs_event_set_wait+0xb1) [0x7f0f4013c851]
 9  /opt/conda/envs/gdf/lib/./libuct.so.0(uct_tcp_iface_progress+0x7c) [0x7f0f400e9fbc]
10  /opt/conda/envs/gdf/lib/libucp.so.0(ucp_worker_progress+0x5a) [0x7f0f401b4d5a]
11  /opt/conda/envs/gdf/lib/python3.10/site-packages/ucp/_libs/ucx_api.cpython-310-x86_64-linux-gnu.so(+0x31dca) [0x7f0f40278dca]
12  /opt/conda/envs/gdf/bin/python(_PyEval_EvalFrameDefault+0x2c3e) [0x55ab73cb96de]
13  /opt/conda/envs/gdf/bin/python(_PyFunction_Vectorcall+0x6c) [0x55ab73cc6b7c]
14  /opt/conda/envs/gdf/bin/python(_PyEval_EvalFrameDefault+0x6fd) [0x55ab73cb719d]
15  /opt/conda/envs/gdf/bin/python(+0x1d62c9) [0x55ab73d612c9]
16  /opt/conda/envs/gdf/lib/python3.10/lib-dynload/_asyncio.cpython-310-x86_64-linux-gnu.so(+0x7782) [0x7f0f5da9d782]
17  /opt/conda/envs/gdf/bin/python(_PyObject_MakeTpCall+0x2d3) [0x55ab73cbfa03]
18  /opt/conda/envs/gdf/bin/python(+0xf745f) [0x55ab73c8245f]
19  /opt/conda/envs/gdf/bin/python(+0x1331b3) [0x55ab73cbe1b3]
20  /opt/conda/envs/gdf/bin/python(_PyEval_EvalFrameDefault+0x593b) [0x55ab73cbc3db]
21  /opt/conda/envs/gdf/bin/python(_PyFunction_Vectorcall+0x6c) [0x55ab73cc6b7c]
22  /opt/conda/envs/gdf/bin/python(_PyEval_EvalFrameDefault+0x6fd) [0x55ab73cb719d]
23  /opt/conda/envs/gdf/bin/python(_PyFunction_Vectorcall+0x6c) [0x55ab73cc6b7c]
24  /opt/conda/envs/gdf/bin/python(_PyEval_EvalFrameDefault+0x6fd) [0x55ab73cb719d]
25  /opt/conda/envs/gdf/bin/python(_PyFunction_Vectorcall+0x6c) [0x55ab73cc6b7c]
26  /opt/conda/envs/gdf/bin/python(_PyEval_EvalFrameDefault+0x6fd) [0x55ab73cb719d]
27  /opt/conda/envs/gdf/bin/python(_PyFunction_Vectorcall+0x6c) [0x55ab73cc6b7c]
28  /opt/conda/envs/gdf/bin/python(_PyEval_EvalFrameDefault+0x6fd) [0x55ab73cb719d]
29  /opt/conda/envs/gdf/bin/python(_PyFunction_Vectorcall+0x6c) [0x55ab73cc6b7c]
30  /opt/conda/envs/gdf/bin/python(_PyEval_EvalFrameDefault+0x1341) [0x55ab73cb7de1]
31  /opt/conda/envs/gdf/bin/python(+0x146fb2) [0x55ab73cd1fb2]
32  /opt/conda/envs/gdf/bin/python(PyObject_Call+0xbc) [0x55ab73cd294c]
33  /opt/conda/envs/gdf/bin/python(+0x1ff72d) [0x55ab73d8a72d]
34  /opt/conda/envs/gdf/bin/python(_PyObject_MakeTpCall+0x2d3) [0x55ab73cbfa03]
35  /opt/conda/envs/gdf/bin/python(_PyEval_EvalFrameDefault+0x2c3e) [0x55ab73cb96de]
36  /opt/conda/envs/gdf/bin/python(+0x147108) [0x55ab73cd2108]
37  /opt/conda/envs/gdf/bin/python(_PyEval_EvalFrameDefault+0x2c3e) [0x55ab73cb96de]
38  /opt/conda/envs/gdf/bin/python(_PyFunction_Vectorcall+0x6c) [0x55ab73cc6b7c]
39  /opt/conda/envs/gdf/bin/python(_PyEval_EvalFrameDefault+0x6fd) [0x55ab73cb719d]
40  /opt/conda/envs/gdf/bin/python(_PyFunction_Vectorcall+0x6c) [0x55ab73cc6b7c]
41  /opt/conda/envs/gdf/bin/python(_PyEval_EvalFrameDefault+0x6fd) [0x55ab73cb719d]
42  /opt/conda/envs/gdf/bin/python(_PyFunction_Vectorcall+0x6c) [0x55ab73cc6b7c]
43  /opt/conda/envs/gdf/bin/python(_PyEval_EvalFrameDefault+0x309) [0x55ab73cb6da9]
44  /opt/conda/envs/gdf/bin/python(_PyFunction_Vectorcall+0x6c) [0x55ab73cc6b7c]
45  /opt/conda/envs/gdf/bin/python(_PyEval_EvalFrameDefault+0x1341) [0x55ab73cb7de1]
46  /opt/conda/envs/gdf/bin/python(+0x1cca8c) [0x55ab73d57a8c]
47  /opt/conda/envs/gdf/bin/python(PyEval_EvalCode+0x87) [0x55ab73d579d7]
48  /opt/conda/envs/gdf/bin/python(+0x1fceba) [0x55ab73d87eba]
49  /opt/conda/envs/gdf/bin/python(+0x1f8343) [0x55ab73d83343]
50  /opt/conda/envs/gdf/bin/python(PyRun_StringFlags+0x7d) [0x55ab73d7badd]
51  /opt/conda/envs/gdf/bin/python(PyRun_SimpleStringFlags+0x3c) [0x55ab73d7b91c]
52  /opt/conda/envs/gdf/bin/python(Py_RunMain+0x3ba) [0x55ab73d7ab1a]
53  /opt/conda/envs/gdf/bin/python(Py_BytesMain+0x37) [0x55ab73d4b117]
54  /usr/lib/x86_64-linux-gnu/libc.so.6(__libc_start_main+0xf3) [0x7f0f7ee69083]
55  /opt/conda/envs/gdf/bin/python(+0x1c002e) [0x55ab73d4b02e]
=================================
[dgx13:84750:0:84750] Caught signal 11 (Segmentation fault: address not mapped to object at address 0x450)
[dgx13:84772:0:84772] Caught signal 11 (Segmentation fault: address not mapped to object at address 0x450)
==== backtrace (tid:  84750) ====
 0  /opt/conda/envs/gdf/lib/libucs.so.0(ucs_handle_error+0x305) [0x7f82d1961025]
 1  /opt/conda/envs/gdf/lib/libucs.so.0(+0x2f221) [0x7f82d1961221]
 2  /opt/conda/envs/gdf/lib/libucs.so.0(+0x2f3ea) [0x7f82d19613ea]
 3  /usr/lib/x86_64-linux-gnu/libpthread.so.0(+0x14420) [0x7f8320a0a420]
 4  /opt/conda/envs/gdf/lib/libucp.so.0(ucp_mem_type_unpack+0x17) [0x7f82d19e6197]
 5  /opt/conda/envs/gdf/lib/libucp.so.0(ucp_rndv_data_handler+0x5f5) [0x7f82d1a119e5]
 6  /opt/conda/envs/gdf/lib/./libuct.so.0(+0x21dd6) [0x7f82d1915dd6]
 7  /opt/conda/envs/gdf/lib/./libuct.so.0(+0x24f48) [0x7f82d1918f48]
 8  /opt/conda/envs/gdf/lib/libucs.so.0(ucs_event_set_wait+0xb1) [0x7f82d196a851]
 9  /opt/conda/envs/gdf/lib/./libuct.so.0(uct_tcp_iface_progress+0x7c) [0x7f82d1917fbc]
10  /opt/conda/envs/gdf/lib/libucp.so.0(ucp_worker_progress+0x5a) [0x7f82d19e2d5a]
11  /opt/conda/envs/gdf/lib/python3.10/site-packages/ucp/_libs/ucx_api.cpython-310-x86_64-linux-gnu.so(+0x31dca) [0x7f82d1aa6dca]
12  /opt/conda/envs/gdf/bin/python(_PyEval_EvalFrameDefault+0x2c3e) [0x558f719ac6de]
13  /opt/conda/envs/gdf/bin/python(_PyFunction_Vectorcall+0x6c) [0x558f719b9b7c]
14  /opt/conda/envs/gdf/bin/python(_PyEval_EvalFrameDefault+0x6fd) [0x558f719aa19d]
15  /opt/conda/envs/gdf/bin/python(+0x1d62c9) [0x558f71a542c9]
16  /opt/conda/envs/gdf/lib/python3.10/lib-dynload/_asyncio.cpython-310-x86_64-linux-gnu.so(+0x7782) [0x7f82ff2fe782]
17  /opt/conda/envs/gdf/bin/python(_PyObject_MakeTpCall+0x2d3) [0x558f719b2a03]
18  /opt/conda/envs/gdf/bin/python(+0xf745f) [0x558f7197545f]
19  /opt/conda/envs/gdf/bin/python(+0x1331b3) [0x558f719b11b3]
20  /opt/conda/envs/gdf/bin/python(_PyEval_EvalFrameDefault+0x593b) [0x558f719af3db]
21  /opt/conda/envs/gdf/bin/python(_PyFunction_Vectorcall+0x6c) [0x558f719b9b7c]
22  /opt/conda/envs/gdf/bin/python(_PyEval_EvalFrameDefault+0x6fd) [0x558f719aa19d]
23  /opt/conda/envs/gdf/bin/python(_PyFunction_Vectorcall+0x6c) [0x558f719b9b7c]
24  /opt/conda/envs/gdf/bin/python(_PyEval_EvalFrameDefault+0x6fd) [0x558f719aa19d]
25  /opt/conda/envs/gdf/bin/python(_PyFunction_Vectorcall+0x6c) [0x558f719b9b7c]
26  /opt/conda/envs/gdf/bin/python(_PyEval_EvalFrameDefault+0x6fd) [0x558f719aa19d]
27  /opt/conda/envs/gdf/bin/python(_PyFunction_Vectorcall+0x6c) [0x558f719b9b7c]
28  /opt/conda/envs/gdf/bin/python(_PyEval_EvalFrameDefault+0x6fd) [0x558f719aa19d]
29  /opt/conda/envs/gdf/bin/python(_PyFunction_Vectorcall+0x6c) [0x558f719b9b7c]
30  /opt/conda/envs/gdf/bin/python(_PyEval_EvalFrameDefault+0x1341) [0x558f719aade1]
31  /opt/conda/envs/gdf/bin/python(+0x146fb2) [0x558f719c4fb2]
32  /opt/conda/envs/gdf/bin/python(PyObject_Call+0xbc) [0x558f719c594c]
33  /opt/conda/envs/gdf/bin/python(+0x1ff72d) [0x558f71a7d72d]
34  /opt/conda/envs/gdf/bin/python(_PyObject_MakeTpCall+0x2d3) [0x558f719b2a03]
35  /opt/conda/envs/gdf/bin/python(_PyEval_EvalFrameDefault+0x2c3e) [0x558f719ac6de]
36  /opt/conda/envs/gdf/bin/python(+0x147108) [0x558f719c5108]
37  /opt/conda/envs/gdf/bin/python(_PyEval_EvalFrameDefault+0x2c3e) [0x558f719ac6de]
38  /opt/conda/envs/gdf/bin/python(_PyFunction_Vectorcall+0x6c) [0x558f719b9b7c]
39  /opt/conda/envs/gdf/bin/python(_PyEval_EvalFrameDefault+0x6fd) [0x558f719aa19d]
40  /opt/conda/envs/gdf/bin/python(_PyFunction_Vectorcall+0x6c) [0x558f719b9b7c]
41  /opt/conda/envs/gdf/bin/python(_PyEval_EvalFrameDefault+0x6fd) [0x558f719aa19d]
42  /opt/conda/envs/gdf/bin/python(_PyFunction_Vectorcall+0x6c) [0x558f719b9b7c]
43  /opt/conda/envs/gdf/bin/python(_PyEval_EvalFrameDefault+0x309) [0x558f719a9da9]
44  /opt/conda/envs/gdf/bin/python(_PyFunction_Vectorcall+0x6c) [0x558f719b9b7c]
45  /opt/conda/envs/gdf/bin/python(_PyEval_EvalFrameDefault+0x1341) [0x558f719aade1]
46  /opt/conda/envs/gdf/bin/python(+0x1cca8c) [0x558f71a4aa8c]
47  /opt/conda/envs/gdf/bin/python(PyEval_EvalCode+0x87) [0x558f71a4a9d7]
48  /opt/conda/envs/gdf/bin/python(+0x1fceba) [0x558f71a7aeba]
49  /opt/conda/envs/gdf/bin/python(+0x1f8343) [0x558f71a76343]
50  /opt/conda/envs/gdf/bin/python(PyRun_StringFlags+0x7d) [0x558f71a6eadd]
51  /opt/conda/envs/gdf/bin/python(PyRun_SimpleStringFlags+0x3c) [0x558f71a6e91c]
52  /opt/conda/envs/gdf/bin/python(Py_RunMain+0x3ba) [0x558f71a6db1a]
53  /opt/conda/envs/gdf/bin/python(Py_BytesMain+0x37) [0x558f71a3e117]
54  /usr/lib/x86_64-linux-gnu/libc.so.6(__libc_start_main+0xf3) [0x7f83206ce083]
55  /opt/conda/envs/gdf/bin/python(+0x1c002e) [0x558f71a3e02e]
=================================
==== backtrace (tid:  84772) ====
 0  /opt/conda/envs/gdf/lib/libucs.so.0(ucs_handle_error+0x305) [0x7fab9c8de025]
 1  /opt/conda/envs/gdf/lib/libucs.so.0(+0x2f221) [0x7fab9c8de221]
 2  /opt/conda/envs/gdf/lib/libucs.so.0(+0x2f3ea) [0x7fab9c8de3ea]
 3  /usr/lib/x86_64-linux-gnu/libpthread.so.0(+0x14420) [0x7fabe9960420]
 4  /opt/conda/envs/gdf/lib/libucp.so.0(ucp_mem_type_unpack+0x17) [0x7fab9c963197]
 5  /opt/conda/envs/gdf/lib/libucp.so.0(ucp_rndv_data_handler+0x5f5) [0x7fab9c98e9e5]
 6  /opt/conda/envs/gdf/lib/./libuct.so.0(+0x21dd6) [0x7fab9c892dd6]
 7  /opt/conda/envs/gdf/lib/./libuct.so.0(+0x24f48) [0x7fab9c895f48]
 8  /opt/conda/envs/gdf/lib/libucs.so.0(ucs_event_set_wait+0xb1) [0x7fab9c8e7851]
 9  /opt/conda/envs/gdf/lib/./libuct.so.0(uct_tcp_iface_progress+0x7c) [0x7fab9c894fbc]
10  /opt/conda/envs/gdf/lib/libucp.so.0(ucp_worker_progress+0x5a) [0x7fab9c95fd5a]
11  /opt/conda/envs/gdf/lib/python3.10/site-packages/ucp/_libs/ucx_api.cpython-310-x86_64-linux-gnu.so(+0x31dca) [0x7fab9ca23dca]
12  /opt/conda/envs/gdf/bin/python(_PyEval_EvalFrameDefault+0x2c3e) [0x55824523e6de]
13  /opt/conda/envs/gdf/bin/python(_PyFunction_Vectorcall+0x6c) [0x55824524bb7c]
14  /opt/conda/envs/gdf/bin/python(_PyEval_EvalFrameDefault+0x6fd) [0x55824523c19d]
15  /opt/conda/envs/gdf/bin/python(+0x147234) [0x558245257234]
16  /opt/conda/envs/gdf/bin/python(+0x252f7c) [0x558245362f7c]
17  /opt/conda/envs/gdf/bin/python(+0xf745f) [0x55824520745f]
18  /opt/conda/envs/gdf/bin/python(+0x1331b3) [0x5582452431b3]
19  /opt/conda/envs/gdf/bin/python(_PyEval_EvalFrameDefault+0x593b) [0x5582452413db]
20  /opt/conda/envs/gdf/bin/python(_PyFunction_Vectorcall+0x6c) [0x55824524bb7c]
21  /opt/conda/envs/gdf/bin/python(_PyEval_EvalFrameDefault+0x6fd) [0x55824523c19d]
22  /opt/conda/envs/gdf/bin/python(_PyFunction_Vectorcall+0x6c) [0x55824524bb7c]
23  /opt/conda/envs/gdf/bin/python(_PyEval_EvalFrameDefault+0x6fd) [0x55824523c19d]
24  /opt/conda/envs/gdf/bin/python(_PyFunction_Vectorcall+0x6c) [0x55824524bb7c]
25  /opt/conda/envs/gdf/bin/python(_PyEval_EvalFrameDefault+0x6fd) [0x55824523c19d]
26  /opt/conda/envs/gdf/bin/python(_PyFunction_Vectorcall+0x6c) [0x55824524bb7c]
27  /opt/conda/envs/gdf/bin/python(_PyEval_EvalFrameDefault+0x6fd) [0x55824523c19d]
28  /opt/conda/envs/gdf/bin/python(_PyFunction_Vectorcall+0x6c) [0x55824524bb7c]
29  /opt/conda/envs/gdf/bin/python(_PyEval_EvalFrameDefault+0x1341) [0x55824523cde1]
30  /opt/conda/envs/gdf/bin/python(+0x146fb2) [0x558245256fb2]
31  /opt/conda/envs/gdf/bin/python(PyObject_Call+0xbc) [0x55824525794c]
32  /opt/conda/envs/gdf/bin/python(+0x1ff72d) [0x55824530f72d]
33  /opt/conda/envs/gdf/bin/python(_PyObject_MakeTpCall+0x2d3) [0x558245244a03]
34  /opt/conda/envs/gdf/bin/python(_PyEval_EvalFrameDefault+0x2c3e) [0x55824523e6de]
35  /opt/conda/envs/gdf/bin/python(+0x147108) [0x558245257108]
36  /opt/conda/envs/gdf/bin/python(_PyEval_EvalFrameDefault+0x2c3e) [0x55824523e6de]
37  /opt/conda/envs/gdf/bin/python(_PyFunction_Vectorcall+0x6c) [0x55824524bb7c]
38  /opt/conda/envs/gdf/bin/python(_PyEval_EvalFrameDefault+0x6fd) [0x55824523c19d]
39  /opt/conda/envs/gdf/bin/python(_PyFunction_Vectorcall+0x6c) [0x55824524bb7c]
40  /opt/conda/envs/gdf/bin/python(_PyEval_EvalFrameDefault+0x6fd) [0x55824523c19d]
41  /opt/conda/envs/gdf/bin/python(_PyFunction_Vectorcall+0x6c) [0x55824524bb7c]
42  /opt/conda/envs/gdf/bin/python(_PyEval_EvalFrameDefault+0x309) [0x55824523bda9]
43  /opt/conda/envs/gdf/bin/python(_PyFunction_Vectorcall+0x6c) [0x55824524bb7c]
44  /opt/conda/envs/gdf/bin/python(_PyEval_EvalFrameDefault+0x1341) [0x55824523cde1]
45  /opt/conda/envs/gdf/bin/python(+0x1cca8c) [0x5582452dca8c]
46  /opt/conda/envs/gdf/bin/python(PyEval_EvalCode+0x87) [0x5582452dc9d7]
47  /opt/conda/envs/gdf/bin/python(+0x1fceba) [0x55824530ceba]
48  /opt/conda/envs/gdf/bin/python(+0x1f8343) [0x558245308343]
49  /opt/conda/envs/gdf/bin/python(PyRun_StringFlags+0x7d) [0x558245300add]
50  /opt/conda/envs/gdf/bin/python(PyRun_SimpleStringFlags+0x3c) [0x55824530091c]
51  /opt/conda/envs/gdf/bin/python(Py_RunMain+0x3ba) [0x5582452ffb1a]
52  /opt/conda/envs/gdf/bin/python(Py_BytesMain+0x37) [0x5582452d0117]
53  /usr/lib/x86_64-linux-gnu/libc.so.6(__libc_start_main+0xf3) [0x7fabe9624083]
54  /opt/conda/envs/gdf/bin/python(+0x1c002e) [0x5582452d002e]
=================================
[dgx13:84763:0:84763] Caught signal 11 (Segmentation fault: address not mapped to object at address 0x450)
==== backtrace (tid:  84763) ====
 0  /opt/conda/envs/gdf/lib/libucs.so.0(ucs_handle_error+0x305) [0x7fb3409b5025]
 1  /opt/conda/envs/gdf/lib/libucs.so.0(+0x2f221) [0x7fb3409b5221]
 2  /opt/conda/envs/gdf/lib/libucs.so.0(+0x2f3ea) [0x7fb3409b53ea]
 3  /usr/lib/x86_64-linux-gnu/libpthread.so.0(+0x14420) [0x7fb38d934420]
 4  /opt/conda/envs/gdf/lib/libucp.so.0(ucp_mem_type_unpack+0x17) [0x7fb340a3a197]
 5  /opt/conda/envs/gdf/lib/libucp.so.0(ucp_rndv_data_handler+0x5f5) [0x7fb340a659e5]
 6  /opt/conda/envs/gdf/lib/./libuct.so.0(+0x21dd6) [0x7fb340969dd6]
 7  /opt/conda/envs/gdf/lib/./libuct.so.0(+0x24f48) [0x7fb34096cf48]
 8  /opt/conda/envs/gdf/lib/libucs.so.0(ucs_event_set_wait+0xb1) [0x7fb3409be851]
 9  /opt/conda/envs/gdf/lib/./libuct.so.0(uct_tcp_iface_progress+0x7c) [0x7fb34096bfbc]
10  /opt/conda/envs/gdf/lib/libucp.so.0(ucp_worker_progress+0x5a) [0x7fb340a36d5a]
11  /opt/conda/envs/gdf/lib/python3.10/site-packages/ucp/_libs/ucx_api.cpython-310-x86_64-linux-gnu.so(+0x31dca) [0x7fb340afadca]
12  /opt/conda/envs/gdf/bin/python(_PyEval_EvalFrameDefault+0x2c3e) [0x55b4660926de]
13  /opt/conda/envs/gdf/bin/python(_PyFunction_Vectorcall+0x6c) [0x55b46609fb7c]
14  /opt/conda/envs/gdf/bin/python(_PyEval_EvalFrameDefault+0x6fd) [0x55b46609019d]
15  /opt/conda/envs/gdf/bin/python(+0x1d62c9) [0x55b46613a2c9]
16  /opt/conda/envs/gdf/lib/python3.10/lib-dynload/_asyncio.cpython-310-x86_64-linux-gnu.so(+0x7782) [0x7fb36c227782]
17  /opt/conda/envs/gdf/bin/python(_PyObject_MakeTpCall+0x2d3) [0x55b466098a03]
18  /opt/conda/envs/gdf/bin/python(+0xf745f) [0x55b46605b45f]
19  /opt/conda/envs/gdf/bin/python(+0x1331b3) [0x55b4660971b3]
20  /opt/conda/envs/gdf/bin/python(_PyEval_EvalFrameDefault+0x593b) [0x55b4660953db]
21  /opt/conda/envs/gdf/bin/python(_PyFunction_Vectorcall+0x6c) [0x55b46609fb7c]
22  /opt/conda/envs/gdf/bin/python(_PyEval_EvalFrameDefault+0x6fd) [0x55b46609019d]
23  /opt/conda/envs/gdf/bin/python(_PyFunction_Vectorcall+0x6c) [0x55b46609fb7c]
24  /opt/conda/envs/gdf/bin/python(_PyEval_EvalFrameDefault+0x6fd) [0x55b46609019d]
25  /opt/conda/envs/gdf/bin/python(_PyFunction_Vectorcall+0x6c) [0x55b46609fb7c]
26  /opt/conda/envs/gdf/bin/python(_PyEval_EvalFrameDefault+0x6fd) [0x55b46609019d]
27  /opt/conda/envs/gdf/bin/python(_PyFunction_Vectorcall+0x6c) [0x55b46609fb7c]
28  /opt/conda/envs/gdf/bin/python(_PyEval_EvalFrameDefault+0x6fd) [0x55b46609019d]
29  /opt/conda/envs/gdf/bin/python(_PyFunction_Vectorcall+0x6c) [0x55b46609fb7c]
30  /opt/conda/envs/gdf/bin/python(_PyEval_EvalFrameDefault+0x1341) [0x55b466090de1]
31  /opt/conda/envs/gdf/bin/python(+0x146fb2) [0x55b4660aafb2]
32  /opt/conda/envs/gdf/bin/python(PyObject_Call+0xbc) [0x55b4660ab94c]
33  /opt/conda/envs/gdf/bin/python(+0x1ff72d) [0x55b46616372d]
34  /opt/conda/envs/gdf/bin/python(_PyObject_MakeTpCall+0x2d3) [0x55b466098a03]
35  /opt/conda/envs/gdf/bin/python(_PyEval_EvalFrameDefault+0x2c3e) [0x55b4660926de]
36  /opt/conda/envs/gdf/bin/python(+0x147108) [0x55b4660ab108]
37  /opt/conda/envs/gdf/bin/python(_PyEval_EvalFrameDefault+0x2c3e) [0x55b4660926de]
38  /opt/conda/envs/gdf/bin/python(_PyFunction_Vectorcall+0x6c) [0x55b46609fb7c]
39  /opt/conda/envs/gdf/bin/python(_PyEval_EvalFrameDefault+0x6fd) [0x55b46609019d]
40  /opt/conda/envs/gdf/bin/python(_PyFunction_Vectorcall+0x6c) [0x55b46609fb7c]
41  /opt/conda/envs/gdf/bin/python(_PyEval_EvalFrameDefault+0x6fd) [0x55b46609019d]
42  /opt/conda/envs/gdf/bin/python(_PyFunction_Vectorcall+0x6c) [0x55b46609fb7c]
43  /opt/conda/envs/gdf/bin/python(_PyEval_EvalFrameDefault+0x309) [0x55b46608fda9]
44  /opt/conda/envs/gdf/bin/python(_PyFunction_Vectorcall+0x6c) [0x55b46609fb7c]
45  /opt/conda/envs/gdf/bin/python(_PyEval_EvalFrameDefault+0x1341) [0x55b466090de1]
46  /opt/conda/envs/gdf/bin/python(+0x1cca8c) [0x55b466130a8c]
47  /opt/conda/envs/gdf/bin/python(PyEval_EvalCode+0x87) [0x55b4661309d7]
48  /opt/conda/envs/gdf/bin/python(+0x1fceba) [0x55b466160eba]
49  /opt/conda/envs/gdf/bin/python(+0x1f8343) [0x55b46615c343]
50  /opt/conda/envs/gdf/bin/python(PyRun_StringFlags+0x7d) [0x55b466154add]
51  /opt/conda/envs/gdf/bin/python(PyRun_SimpleStringFlags+0x3c) [0x55b46615491c]
52  /opt/conda/envs/gdf/bin/python(Py_RunMain+0x3ba) [0x55b466153b1a]
53  /opt/conda/envs/gdf/bin/python(Py_BytesMain+0x37) [0x55b466124117]
54  /usr/lib/x86_64-linux-gnu/libc.so.6(__libc_start_main+0xf3) [0x7fb38d5f8083]
55  /opt/conda/envs/gdf/bin/python(+0x1c002e) [0x55b46612402e]
=================================
Task exception was never retrieved
future: <Task finished name='Task-238' coro=<_listener_handler_coroutine() done, defined at /opt/conda/envs/gdf/lib/python3.10/site-packages/ucp/core.py:142> exception=UCXError('<stream_recv>: Connection reset by remote peer')>
Traceback (most recent call last):
  File "/opt/conda/envs/gdf/lib/python3.10/site-packages/ucp/core.py", line 157, in _listener_handler_coroutine
    peer_info = await exchange_peer_info(
  File "/opt/conda/envs/gdf/lib/python3.10/site-packages/ucp/core.py", line 57, in exchange_peer_info
    await asyncio.wait_for(
  File "/opt/conda/envs/gdf/lib/python3.10/asyncio/tasks.py", line 445, in wait_for
    return fut.result()
ucp._libs.exceptions.UCXError: <stream_recv>: Connection reset by remote peer
2025-03-04 07:56:53,091 - distributed.scheduler - WARNING - Removing worker 'ucx://127.0.0.1:34373' caused the cluster to lose already computed task(s), which will be recomputed elsewhere: {('sum-7571411e1b0e44743227bf4750e4ab23', 1, 1), ('random_sample-22aa02c4e39cbbdc2fe693209dff0c66', 2, 5), ('random_sample-22aa02c4e39cbbdc2fe693209dff0c66', 3, 9), ('random_sample-22aa02c4e39cbbdc2fe693209dff0c66', 3, 5), ('random_sample-22aa02c4e39cbbdc2fe693209dff0c66', 8, 8), ('random_sample-22aa02c4e39cbbdc2fe693209dff0c66', 6, 1), ('random_sample-22aa02c4e39cbbdc2fe693209dff0c66', 1, 1), ('sum-7571411e1b0e44743227bf4750e4ab23', 8, 8)} (stimulus_id='handle-worker-cleanup-1741075013.0904071')
2025-03-04 07:56:53,090 - distributed.worker - ERROR - failed during get data with ucx://127.0.0.1:34839 -> ucx://127.0.0.1:34373
Traceback (most recent call last):
  File "/opt/conda/envs/gdf/lib/python3.10/site-packages/rapids_dask_dependency/patches/distributed/comm/__rdd_patch_ucx.py", line 337, in write
    await self.ep.send(each_frame)
  File "/opt/conda/envs/gdf/lib/python3.10/site-packages/ucp/core.py", line 673, in send
    return await comm.tag_send(self._ep, buffer, nbytes, tag, name=log)
ucp._libs.exceptions.UCXError: <[Send #007] ep: 0x7fd3025fa200, tag: 0xfc4da22e44e090fb, nbytes: 50000000, type: <class 'cupy.ndarray'>>: Connection reset by remote peer

During handling of the above exception, another exception occurred:

Traceback (most recent call last):
  File "/opt/conda/envs/gdf/lib/python3.10/site-packages/distributed/worker.py", line 1796, in get_data
    compressed = await comm.write(msg, serializers=serializers)
  File "/opt/conda/envs/gdf/lib/python3.10/site-packages/distributed/utils.py", line 805, in wrapper
    return await func(*args, **kwargs)
  File "/opt/conda/envs/gdf/lib/python3.10/site-packages/rapids_dask_dependency/patches/distributed/comm/__rdd_patch_ucx.py", line 341, in write
    raise CommClosedError("While writing, the connection was closed")
distributed.comm.core.CommClosedError: While writing, the connection was closed
2025-03-04 07:56:53,145 - distributed.worker - ERROR - Worker stream died during communication: ucx://127.0.0.1:33187
Traceback (most recent call last):
  File "/opt/conda/envs/gdf/lib/python3.10/site-packages/rapids_dask_dependency/patches/distributed/comm/__rdd_patch_ucx.py", line 395, in read
    await self.ep.recv(each_frame)
  File "/opt/conda/envs/gdf/lib/python3.10/site-packages/ucp/core.py", line 748, in recv
    ret = await comm.tag_recv(self._ep, buffer, nbytes, tag, name=log)
ucp._libs.exceptions.UCXError: <[Recv #007] ep: 0x7f5d1158d1c0, tag: 0x62f0c7d803fd45c3, nbytes: 50000000, type: <class 'rmm.pylibrmm.device_buffer.DeviceBuffer'>>: Connection reset by remote peer

During handling of the above exception, another exception occurred:

Traceback (most recent call last):
  File "/opt/conda/envs/gdf/lib/python3.10/site-packages/distributed/worker.py", line 2075, in gather_dep
    response = await get_data_from_worker(
  File "/opt/conda/envs/gdf/lib/python3.10/site-packages/distributed/worker.py", line 2881, in get_data_from_worker
    response = await send_recv(
  File "/opt/conda/envs/gdf/lib/python3.10/site-packages/distributed/core.py", line 1018, in send_recv
    response = await comm.read(deserializers=deserializers)
  File "/opt/conda/envs/gdf/lib/python3.10/site-packages/distributed/utils.py", line 805, in wrapper
    return await func(*args, **kwargs)
  File "/opt/conda/envs/gdf/lib/python3.10/site-packages/rapids_dask_dependency/patches/distributed/comm/__rdd_patch_ucx.py", line 401, in read
    raise CommClosedError(
distributed.comm.core.CommClosedError: Connection closed by writer.
Inner exception: UCXError("<[Recv #007] ep: 0x7f5d1158d1c0, tag: 0x62f0c7d803fd45c3, nbytes: 50000000, type: <class 'rmm.pylibrmm.device_buffer.DeviceBuffer'>>: Connection reset by remote peer")
2025-03-04 07:56:53,146 - distributed.scheduler - WARNING - Removing worker 'ucx://127.0.0.1:33187' caused the cluster to lose already computed task(s), which will be recomputed elsewhere: {('random_sample-22aa02c4e39cbbdc2fe693209dff0c66', 0, 0), ('random_sample-22aa02c4e39cbbdc2fe693209dff0c66', 2, 2), ('random_sample-22aa02c4e39cbbdc2fe693209dff0c66', 6, 6), ('random_sample-22aa02c4e39cbbdc2fe693209dff0c66', 5, 9), ('random_sample-22aa02c4e39cbbdc2fe693209dff0c66', 2, 8), ('sum-7571411e1b0e44743227bf4750e4ab23', 0, 0), ('random_sample-22aa02c4e39cbbdc2fe693209dff0c66', 3, 6), ('random_sample-22aa02c4e39cbbdc2fe693209dff0c66', 2, 1), ('sum-7571411e1b0e44743227bf4750e4ab23', 2, 2), ('random_sample-22aa02c4e39cbbdc2fe693209dff0c66', 1, 2), ('random_sample-22aa02c4e39cbbdc2fe693209dff0c66', 5, 1), ('random_sample-22aa02c4e39cbbdc2fe693209dff0c66', 0, 1), ('sum-7571411e1b0e44743227bf4750e4ab23', 1, 2), ('random_sample-22aa02c4e39cbbdc2fe693209dff0c66', 4, 0), ('random_sample-22aa02c4e39cbbdc2fe693209dff0c66', 8, 4), ('sum-7571411e1b0e44743227bf4750e4ab23', 6, 6)} (stimulus_id='handle-worker-cleanup-1741075013.1465852')
2025-03-04 07:56:53,146 - distributed.worker - ERROR - failed during get data with ucx://127.0.0.1:53169 -> ucx://127.0.0.1:33187
Traceback (most recent call last):
  File "/opt/conda/envs/gdf/lib/python3.10/site-packages/rapids_dask_dependency/patches/distributed/comm/__rdd_patch_ucx.py", line 337, in write
    await self.ep.send(each_frame)
  File "/opt/conda/envs/gdf/lib/python3.10/site-packages/ucp/core.py", line 673, in send
    return await comm.tag_send(self._ep, buffer, nbytes, tag, name=log)
ucp._libs.exceptions.UCXError: <[Send #007] ep: 0x7f5d1158d100, tag: 0x14eafe64170ac98b, nbytes: 50000000, type: <class 'cupy.ndarray'>>: Connection reset by remote peer

During handling of the above exception, another exception occurred:

Traceback (most recent call last):
  File "/opt/conda/envs/gdf/lib/python3.10/site-packages/distributed/worker.py", line 1796, in get_data
    compressed = await comm.write(msg, serializers=serializers)
  File "/opt/conda/envs/gdf/lib/python3.10/site-packages/distributed/utils.py", line 805, in wrapper
    return await func(*args, **kwargs)
  File "/opt/conda/envs/gdf/lib/python3.10/site-packages/rapids_dask_dependency/patches/distributed/comm/__rdd_patch_ucx.py", line 341, in write
    raise CommClosedError("While writing, the connection was closed")
distributed.comm.core.CommClosedError: While writing, the connection was closed
2025-03-04 07:56:53,162 - distributed.worker - ERROR - Worker stream died during communication: ucx://127.0.0.1:52557
Traceback (most recent call last):
  File "/opt/conda/envs/gdf/lib/python3.10/site-packages/rapids_dask_dependency/patches/distributed/comm/__rdd_patch_ucx.py", line 353, in read
    await self.ep.recv(msg)
  File "/opt/conda/envs/gdf/lib/python3.10/site-packages/ucp/core.py", line 748, in recv
    ret = await comm.tag_recv(self._ep, buffer, nbytes, tag, name=log)
ucp._libs.exceptions.UCXCanceled: <[Recv #008] ep: 0x7f5d1158d140, tag: 0x1e7afb99655d5a16, nbytes: 16, type: <class 'numpy.ndarray'>>: 

During handling of the above exception, another exception occurred:

Traceback (most recent call last):
  File "/opt/conda/envs/gdf/lib/python3.10/site-packages/distributed/worker.py", line 2075, in gather_dep
    response = await get_data_from_worker(
  File "/opt/conda/envs/gdf/lib/python3.10/site-packages/distributed/worker.py", line 2881, in get_data_from_worker
    response = await send_recv(
  File "/opt/conda/envs/gdf/lib/python3.10/site-packages/distributed/core.py", line 1018, in send_recv
    response = await comm.read(deserializers=deserializers)
  File "/opt/conda/envs/gdf/lib/python3.10/site-packages/distributed/utils.py", line 805, in wrapper
    return await func(*args, **kwargs)
  File "/opt/conda/envs/gdf/lib/python3.10/site-packages/rapids_dask_dependency/patches/distributed/comm/__rdd_patch_ucx.py", line 371, in read
    raise CommClosedError(
distributed.comm.core.CommClosedError: Connection closed by writer.
Inner exception: UCXCanceled("<[Recv #008] ep: 0x7f5d1158d140, tag: 0x1e7afb99655d5a16, nbytes: 16, type: <class 'numpy.ndarray'>>: ")
2025-03-04 07:56:53,162 - distributed.scheduler - WARNING - Removing worker 'ucx://127.0.0.1:52557' caused the cluster to lose already computed task(s), which will be recomputed elsewhere: {('random_sample-22aa02c4e39cbbdc2fe693209dff0c66', 6, 3), ('random_sample-22aa02c4e39cbbdc2fe693209dff0c66', 6, 0), ('sum-7571411e1b0e44743227bf4750e4ab23', 8, 1), ('random_sample-22aa02c4e39cbbdc2fe693209dff0c66', 8, 3), ('random_sample-22aa02c4e39cbbdc2fe693209dff0c66', 9, 8), ('random_sample-22aa02c4e39cbbdc2fe693209dff0c66', 4, 8), ('random_sample-22aa02c4e39cbbdc2fe693209dff0c66', 7, 9), ('sum-7571411e1b0e44743227bf4750e4ab23', 4, 6), ('random_sample-22aa02c4e39cbbdc2fe693209dff0c66', 1, 4), ('random_sample-22aa02c4e39cbbdc2fe693209dff0c66', 1, 8), ('sum-7571411e1b0e44743227bf4750e4ab23', 1, 8), ('random_sample-22aa02c4e39cbbdc2fe693209dff0c66', 8, 2), ('random_sample-22aa02c4e39cbbdc2fe693209dff0c66', 3, 2), ('random_sample-22aa02c4e39cbbdc2fe693209dff0c66', 8, 1), ('sum-7571411e1b0e44743227bf4750e4ab23', 7, 7), ('random_sample-22aa02c4e39cbbdc2fe693209dff0c66', 9, 0), ('random_sample-22aa02c4e39cbbdc2fe693209dff0c66', 4, 6), ('random_sample-22aa02c4e39cbbdc2fe693209dff0c66', 7, 7)} (stimulus_id='handle-worker-cleanup-1741075013.1624033')
2025-03-04 07:56:53,164 - distributed.worker - ERROR - failed during get data with ucx://127.0.0.1:37557 -> ucx://127.0.0.1:33187
Traceback (most recent call last):
  File "/opt/conda/envs/gdf/lib/python3.10/site-packages/rapids_dask_dependency/patches/distributed/comm/__rdd_patch_ucx.py", line 337, in write
    await self.ep.send(each_frame)
  File "/opt/conda/envs/gdf/lib/python3.10/site-packages/ucp/core.py", line 673, in send
    return await comm.tag_send(self._ep, buffer, nbytes, tag, name=log)
ucp._libs.exceptions.UCXError: <[Send #007] ep: 0x7f4dc5277300, tag: 0xd441abcf82b1ca9e, nbytes: 50000000, type: <class 'cupy.ndarray'>>: Connection reset by remote peer

During handling of the above exception, another exception occurred:

Traceback (most recent call last):
  File "/opt/conda/envs/gdf/lib/python3.10/site-packages/distributed/worker.py", line 1796, in get_data
    compressed = await comm.write(msg, serializers=serializers)
  File "/opt/conda/envs/gdf/lib/python3.10/site-packages/distributed/utils.py", line 805, in wrapper
    return await func(*args, **kwargs)
  File "/opt/conda/envs/gdf/lib/python3.10/site-packages/rapids_dask_dependency/patches/distributed/comm/__rdd_patch_ucx.py", line 341, in write
    raise CommClosedError("While writing, the connection was closed")
distributed.comm.core.CommClosedError: While writing, the connection was closed
2025-03-04 07:56:53,168 - distributed.worker - ERROR - Worker stream died during communication: ucx://127.0.0.1:52557
Traceback (most recent call last):
  File "/opt/conda/envs/gdf/lib/python3.10/site-packages/rapids_dask_dependency/patches/distributed/comm/__rdd_patch_ucx.py", line 353, in read
    await self.ep.recv(msg)
  File "/opt/conda/envs/gdf/lib/python3.10/site-packages/ucp/core.py", line 748, in recv
    ret = await comm.tag_recv(self._ep, buffer, nbytes, tag, name=log)
asyncio.exceptions.CancelledError

During handling of the above exception, another exception occurred:

Traceback (most recent call last):
  File "/opt/conda/envs/gdf/lib/python3.10/site-packages/distributed/worker.py", line 2075, in gather_dep
    response = await get_data_from_worker(
  File "/opt/conda/envs/gdf/lib/python3.10/site-packages/distributed/worker.py", line 2878, in get_data_from_worker
    comm = await rpc.connect(worker)
  File "/opt/conda/envs/gdf/lib/python3.10/site-packages/distributed/core.py", line 1539, in connect
    return connect_attempt.result()
  File "/opt/conda/envs/gdf/lib/python3.10/site-packages/distributed/core.py", line 1429, in _connect
    comm = await connect(
  File "/opt/conda/envs/gdf/lib/python3.10/site-packages/distributed/comm/core.py", line 377, in connect
    handshake = await comm.read()
  File "/opt/conda/envs/gdf/lib/python3.10/site-packages/distributed/utils.py", line 805, in wrapper
    return await func(*args, **kwargs)
  File "/opt/conda/envs/gdf/lib/python3.10/site-packages/rapids_dask_dependency/patches/distributed/comm/__rdd_patch_ucx.py", line 371, in read
    raise CommClosedError(
distributed.comm.core.CommClosedError: Connection closed by writer.
Inner exception: CancelledError()
2025-03-04 07:56:53,168 - distributed.worker - ERROR - Worker stream died during communication: ucx://127.0.0.1:33187
Traceback (most recent call last):
  File "/opt/conda/envs/gdf/lib/python3.10/site-packages/distributed/core.py", line 1429, in _connect
    comm = await connect(
  File "/opt/conda/envs/gdf/lib/python3.10/site-packages/distributed/comm/core.py", line 342, in connect
    comm = await wait_for(
  File "/opt/conda/envs/gdf/lib/python3.10/site-packages/distributed/utils.py", line 1915, in wait_for
    return await asyncio.wait_for(fut, timeout)
  File "/opt/conda/envs/gdf/lib/python3.10/asyncio/tasks.py", line 432, in wait_for
    await waiter
asyncio.exceptions.CancelledError

During handling of the above exception, another exception occurred:

Traceback (most recent call last):
  File "/opt/conda/envs/gdf/lib/python3.10/site-packages/distributed/core.py", line 1539, in connect
    return connect_attempt.result()
asyncio.exceptions.CancelledError

During handling of the above exception, another exception occurred:

Traceback (most recent call last):
  File "/opt/conda/envs/gdf/lib/python3.10/site-packages/distributed/worker.py", line 2075, in gather_dep
    response = await get_data_from_worker(
  File "/opt/conda/envs/gdf/lib/python3.10/site-packages/distributed/worker.py", line 2878, in get_data_from_worker
    comm = await rpc.connect(worker)
  File "/opt/conda/envs/gdf/lib/python3.10/site-packages/distributed/core.py", line 1542, in connect
    raise CommClosedError(reason)
distributed.comm.core.CommClosedError: Address removed.
2025-03-04 07:56:53,170 - distributed.worker - ERROR - Worker stream died during communication: ucx://127.0.0.1:52557
Traceback (most recent call last):
  File "/opt/conda/envs/gdf/lib/python3.10/site-packages/rapids_dask_dependency/patches/distributed/comm/__rdd_patch_ucx.py", line 470, in connect
    ep = await ucp.create_endpoint(ip, port)
  File "/opt/conda/envs/gdf/lib/python3.10/site-packages/ucp/core.py", line 1040, in create_endpoint
    return await _get_ctx().create_endpoint(
  File "/opt/conda/envs/gdf/lib/python3.10/site-packages/ucp/core.py", line 337, in create_endpoint
    peer_info = await exchange_peer_info(
  File "/opt/conda/envs/gdf/lib/python3.10/site-packages/ucp/core.py", line 62, in exchange_peer_info
    await asyncio.wait_for(
  File "/opt/conda/envs/gdf/lib/python3.10/asyncio/tasks.py", line 445, in wait_for
    return fut.result()
ucp._libs.exceptions.UCXError: <stream_recv>: Connection reset by remote peer

During handling of the above exception, another exception occurred:

Traceback (most recent call last):
  File "/opt/conda/envs/gdf/lib/python3.10/site-packages/distributed/comm/core.py", line 342, in connect
    comm = await wait_for(
  File "/opt/conda/envs/gdf/lib/python3.10/site-packages/distributed/utils.py", line 1915, in wait_for
    return await asyncio.wait_for(fut, timeout)
  File "/opt/conda/envs/gdf/lib/python3.10/asyncio/tasks.py", line 445, in wait_for
    return fut.result()
  File "/opt/conda/envs/gdf/lib/python3.10/site-packages/rapids_dask_dependency/patches/distributed/comm/__rdd_patch_ucx.py", line 472, in connect
    raise CommClosedError("Connection closed before handshake completed")
distributed.comm.core.CommClosedError: Connection closed before handshake completed

During handling of the above exception, another exception occurred:

Traceback (most recent call last):
  File "/opt/conda/envs/gdf/lib/python3.10/site-packages/distributed/core.py", line 1429, in _connect
    comm = await connect(
  File "/opt/conda/envs/gdf/lib/python3.10/site-packages/distributed/comm/core.py", line 366, in connect
    await asyncio.sleep(backoff)
  File "/opt/conda/envs/gdf/lib/python3.10/asyncio/tasks.py", line 605, in sleep
    return await future
asyncio.exceptions.CancelledError

During handling of the above exception, another exception occurred:

Traceback (most recent call last):
  File "/opt/conda/envs/gdf/lib/python3.10/site-packages/distributed/core.py", line 1539, in connect
    return connect_attempt.result()
asyncio.exceptions.CancelledError

During handling of the above exception, another exception occurred:

Traceback (most recent call last):
  File "/opt/conda/envs/gdf/lib/python3.10/site-packages/distributed/worker.py", line 2075, in gather_dep
    response = await get_data_from_worker(
  File "/opt/conda/envs/gdf/lib/python3.10/site-packages/distributed/worker.py", line 2878, in get_data_from_worker
    comm = await rpc.connect(worker)
  File "/opt/conda/envs/gdf/lib/python3.10/site-packages/distributed/core.py", line 1542, in connect
    raise CommClosedError(reason)
distributed.comm.core.CommClosedError: Address removed.
2025-03-04 07:56:53,176 - distributed.worker - ERROR - failed during get data with ucx://127.0.0.1:34839 -> ucx://127.0.0.1:52557
Traceback (most recent call last):
  File "/opt/conda/envs/gdf/lib/python3.10/site-packages/rapids_dask_dependency/patches/distributed/comm/__rdd_patch_ucx.py", line 353, in read
    await self.ep.recv(msg)
  File "/opt/conda/envs/gdf/lib/python3.10/site-packages/ucp/core.py", line 748, in recv
    ret = await comm.tag_recv(self._ep, buffer, nbytes, tag, name=log)
ucp._libs.exceptions.UCXCanceled: <[Recv #006] ep: 0x7fd3025fa0c0, tag: 0x341d16fbf9cb6bf1, nbytes: 16, type: <class 'numpy.ndarray'>>: 

During handling of the above exception, another exception occurred:

Traceback (most recent call last):
  File "/opt/conda/envs/gdf/lib/python3.10/site-packages/distributed/worker.py", line 1797, in get_data
    response = await comm.read(deserializers=serializers)
  File "/opt/conda/envs/gdf/lib/python3.10/site-packages/distributed/utils.py", line 805, in wrapper
    return await func(*args, **kwargs)
  File "/opt/conda/envs/gdf/lib/python3.10/site-packages/rapids_dask_dependency/patches/distributed/comm/__rdd_patch_ucx.py", line 371, in read
    raise CommClosedError(
distributed.comm.core.CommClosedError: Connection closed by writer.
Inner exception: UCXCanceled("<[Recv #006] ep: 0x7fd3025fa0c0, tag: 0x341d16fbf9cb6bf1, nbytes: 16, type: <class 'numpy.ndarray'>>: ")
2025-03-04 07:56:53,178 - distributed.worker - ERROR - Worker stream died during communication: ucx://127.0.0.1:33187
Traceback (most recent call last):
  File "/opt/conda/envs/gdf/lib/python3.10/site-packages/distributed/core.py", line 1429, in _connect
    comm = await connect(
  File "/opt/conda/envs/gdf/lib/python3.10/site-packages/distributed/comm/core.py", line 342, in connect
    comm = await wait_for(
  File "/opt/conda/envs/gdf/lib/python3.10/site-packages/distributed/utils.py", line 1915, in wait_for
    return await asyncio.wait_for(fut, timeout)
  File "/opt/conda/envs/gdf/lib/python3.10/asyncio/tasks.py", line 432, in wait_for
    await waiter
asyncio.exceptions.CancelledError

During handling of the above exception, another exception occurred:

Traceback (most recent call last):
  File "/opt/conda/envs/gdf/lib/python3.10/site-packages/distributed/core.py", line 1539, in connect
    return connect_attempt.result()
asyncio.exceptions.CancelledError

During handling of the above exception, another exception occurred:

Traceback (most recent call last):
  File "/opt/conda/envs/gdf/lib/python3.10/site-packages/distributed/worker.py", line 2075, in gather_dep
    response = await get_data_from_worker(
  File "/opt/conda/envs/gdf/lib/python3.10/site-packages/distributed/worker.py", line 2878, in get_data_from_worker
    comm = await rpc.connect(worker)
  File "/opt/conda/envs/gdf/lib/python3.10/site-packages/distributed/core.py", line 1542, in connect
    raise CommClosedError(reason)
distributed.comm.core.CommClosedError: Address removed.
2025-03-04 07:56:53,218 - distributed.nanny - WARNING - Restarting worker
2025-03-04 07:56:53,232 - distributed.worker - ERROR - failed during get data with ucx://127.0.0.1:34839 -> ucx://127.0.0.1:55119
Traceback (most recent call last):
  File "/opt/conda/envs/gdf/lib/python3.10/site-packages/rapids_dask_dependency/patches/distributed/comm/__rdd_patch_ucx.py", line 337, in write
    await self.ep.send(each_frame)
  File "/opt/conda/envs/gdf/lib/python3.10/site-packages/ucp/core.py", line 673, in send
    return await comm.tag_send(self._ep, buffer, nbytes, tag, name=log)
ucp._libs.exceptions.UCXError: <[Send #007] ep: 0x7fd3025fa240, tag: 0x239a2b4d1dfca104, nbytes: 50000000, type: <class 'cupy.ndarray'>>: Connection reset by remote peer

During handling of the above exception, another exception occurred:

Traceback (most recent call last):
  File "/opt/conda/envs/gdf/lib/python3.10/site-packages/distributed/worker.py", line 1796, in get_data
    compressed = await comm.write(msg, serializers=serializers)
  File "/opt/conda/envs/gdf/lib/python3.10/site-packages/distributed/utils.py", line 805, in wrapper
    return await func(*args, **kwargs)
  File "/opt/conda/envs/gdf/lib/python3.10/site-packages/rapids_dask_dependency/patches/distributed/comm/__rdd_patch_ucx.py", line 341, in write
    raise CommClosedError("While writing, the connection was closed")
distributed.comm.core.CommClosedError: While writing, the connection was closed
2025-03-04 07:56:53,233 - distributed.worker - ERROR - failed during get data with ucx://127.0.0.1:37557 -> ucx://127.0.0.1:55119
Traceback (most recent call last):
  File "/opt/conda/envs/gdf/lib/python3.10/site-packages/rapids_dask_dependency/patches/distributed/comm/__rdd_patch_ucx.py", line 337, in write
    await self.ep.send(each_frame)
  File "/opt/conda/envs/gdf/lib/python3.10/site-packages/ucp/core.py", line 673, in send
    return await comm.tag_send(self._ep, buffer, nbytes, tag, name=log)
ucp._libs.exceptions.UCXError: <[Send #007] ep: 0x7f4dc52772c0, tag: 0x366be5aa0d87d167, nbytes: 50000000, type: <class 'cupy.ndarray'>>: Connection reset by remote peer

During handling of the above exception, another exception occurred:

Traceback (most recent call last):
  File "/opt/conda/envs/gdf/lib/python3.10/site-packages/distributed/worker.py", line 1796, in get_data
    compressed = await comm.write(msg, serializers=serializers)
  File "/opt/conda/envs/gdf/lib/python3.10/site-packages/distributed/utils.py", line 805, in wrapper
    return await func(*args, **kwargs)
  File "/opt/conda/envs/gdf/lib/python3.10/site-packages/rapids_dask_dependency/patches/distributed/comm/__rdd_patch_ucx.py", line 341, in write
    raise CommClosedError("While writing, the connection was closed")
distributed.comm.core.CommClosedError: While writing, the connection was closed
2025-03-04 07:56:53,233 - distributed.worker - ERROR - Worker stream died during communication: ucx://127.0.0.1:55119
Traceback (most recent call last):
  File "/opt/conda/envs/gdf/lib/python3.10/site-packages/rapids_dask_dependency/patches/distributed/comm/__rdd_patch_ucx.py", line 395, in read
    await self.ep.recv(each_frame)
  File "/opt/conda/envs/gdf/lib/python3.10/site-packages/ucp/core.py", line 748, in recv
    ret = await comm.tag_recv(self._ep, buffer, nbytes, tag, name=log)
ucp._libs.exceptions.UCXError: <[Recv #007] ep: 0x7fd3025fa140, tag: 0x86ec5ea8a75a552d, nbytes: 50000000, type: <class 'rmm.pylibrmm.device_buffer.DeviceBuffer'>>: Connection reset by remote peer

During handling of the above exception, another exception occurred:

Traceback (most recent call last):
  File "/opt/conda/envs/gdf/lib/python3.10/site-packages/distributed/worker.py", line 2075, in gather_dep
    response = await get_data_from_worker(
  File "/opt/conda/envs/gdf/lib/python3.10/site-packages/distributed/worker.py", line 2881, in get_data_from_worker
    response = await send_recv(
  File "/opt/conda/envs/gdf/lib/python3.10/site-packages/distributed/core.py", line 1018, in send_recv
    response = await comm.read(deserializers=deserializers)
  File "/opt/conda/envs/gdf/lib/python3.10/site-packages/distributed/utils.py", line 805, in wrapper
    return await func(*args, **kwargs)
  File "/opt/conda/envs/gdf/lib/python3.10/site-packages/rapids_dask_dependency/patches/distributed/comm/__rdd_patch_ucx.py", line 401, in read
    raise CommClosedError(
distributed.comm.core.CommClosedError: Connection closed by writer.
Inner exception: UCXError("<[Recv #007] ep: 0x7fd3025fa140, tag: 0x86ec5ea8a75a552d, nbytes: 50000000, type: <class 'rmm.pylibrmm.device_buffer.DeviceBuffer'>>: Connection reset by remote peer")
2025-03-04 07:56:53,233 - distributed.worker - ERROR - Worker stream died during communication: ucx://127.0.0.1:55119
Traceback (most recent call last):
  File "/opt/conda/envs/gdf/lib/python3.10/site-packages/rapids_dask_dependency/patches/distributed/comm/__rdd_patch_ucx.py", line 395, in read
    await self.ep.recv(each_frame)
  File "/opt/conda/envs/gdf/lib/python3.10/site-packages/ucp/core.py", line 748, in recv
    ret = await comm.tag_recv(self._ep, buffer, nbytes, tag, name=log)
ucp._libs.exceptions.UCXError: <[Recv #007] ep: 0x7f4dc5277180, tag: 0xcda53c1b194e9cef, nbytes: 50000000, type: <class 'rmm.pylibrmm.device_buffer.DeviceBuffer'>>: Connection reset by remote peer

During handling of the above exception, another exception occurred:

Traceback (most recent call last):
  File "/opt/conda/envs/gdf/lib/python3.10/site-packages/distributed/worker.py", line 2075, in gather_dep
    response = await get_data_from_worker(
  File "/opt/conda/envs/gdf/lib/python3.10/site-packages/distributed/worker.py", line 2881, in get_data_from_worker
    response = await send_recv(
  File "/opt/conda/envs/gdf/lib/python3.10/site-packages/distributed/core.py", line 1018, in send_recv
    response = await comm.read(deserializers=deserializers)
  File "/opt/conda/envs/gdf/lib/python3.10/site-packages/distributed/utils.py", line 805, in wrapper
    return await func(*args, **kwargs)
  File "/opt/conda/envs/gdf/lib/python3.10/site-packages/rapids_dask_dependency/patches/distributed/comm/__rdd_patch_ucx.py", line 401, in read
    raise CommClosedError(
distributed.comm.core.CommClosedError: Connection closed by writer.
Inner exception: UCXError("<[Recv #007] ep: 0x7f4dc5277180, tag: 0xcda53c1b194e9cef, nbytes: 50000000, type: <class 'rmm.pylibrmm.device_buffer.DeviceBuffer'>>: Connection reset by remote peer")
2025-03-04 07:56:53,234 - distributed.scheduler - WARNING - Removing worker 'ucx://127.0.0.1:55119' caused the cluster to lose already computed task(s), which will be recomputed elsewhere: {('random_sample-22aa02c4e39cbbdc2fe693209dff0c66', 5, 6), ('random_sample-22aa02c4e39cbbdc2fe693209dff0c66', 1, 0), ('sum-7571411e1b0e44743227bf4750e4ab23', 6, 5), ('random_sample-22aa02c4e39cbbdc2fe693209dff0c66', 5, 2), ('random_sample-22aa02c4e39cbbdc2fe693209dff0c66', 6, 5), ('random_sample-22aa02c4e39cbbdc2fe693209dff0c66', 6, 2), ('random_sample-22aa02c4e39cbbdc2fe693209dff0c66', 2, 4), ('random_sample-22aa02c4e39cbbdc2fe693209dff0c66', 3, 8), ('sum-7571411e1b0e44743227bf4750e4ab23', 0, 2), ('sum-7571411e1b0e44743227bf4750e4ab23', 5, 8), ('random_sample-22aa02c4e39cbbdc2fe693209dff0c66', 2, 0), ('random_sample-22aa02c4e39cbbdc2fe693209dff0c66', 9, 3), ('sum-7571411e1b0e44743227bf4750e4ab23', 2, 0), ('random_sample-22aa02c4e39cbbdc2fe693209dff0c66', 3, 4)} (stimulus_id='handle-worker-cleanup-1741075013.2341652')
2025-03-04 07:56:53,282 - distributed.nanny - WARNING - Restarting worker
[dgx13:84767:0:84767] Caught signal 11 (Segmentation fault: address not mapped to object at address 0x450)
==== backtrace (tid:  84767) ====
 0  /opt/conda/envs/gdf/lib/libucs.so.0(ucs_handle_error+0x305) [0x7fd3032ab025]
 1  /opt/conda/envs/gdf/lib/libucs.so.0(+0x2f221) [0x7fd3032ab221]
 2  /opt/conda/envs/gdf/lib/libucs.so.0(+0x2f3ea) [0x7fd3032ab3ea]
 3  /usr/lib/x86_64-linux-gnu/libpthread.so.0(+0x14420) [0x7fd35034c420]
 4  /opt/conda/envs/gdf/lib/libucp.so.0(ucp_mem_type_unpack+0x17) [0x7fd303330197]
 5  /opt/conda/envs/gdf/lib/libucp.so.0(ucp_rndv_data_handler+0x5f5) [0x7fd30335b9e5]
 6  /opt/conda/envs/gdf/lib/./libuct.so.0(+0x21dd6) [0x7fd30325fdd6]
 7  /opt/conda/envs/gdf/lib/./libuct.so.0(+0x24f48) [0x7fd303262f48]
 8  /opt/conda/envs/gdf/lib/libucs.so.0(ucs_event_set_wait+0xb1) [0x7fd3032b4851]
 9  /opt/conda/envs/gdf/lib/./libuct.so.0(uct_tcp_iface_progress+0x7c) [0x7fd303261fbc]
10  /opt/conda/envs/gdf/lib/libucp.so.0(ucp_worker_progress+0x5a) [0x7fd30332cd5a]
11  /opt/conda/envs/gdf/lib/python3.10/site-packages/ucp/_libs/ucx_api.cpython-310-x86_64-linux-gnu.so(+0x31dca) [0x7fd3033f0dca]
12  /opt/conda/envs/gdf/bin/python(_PyEval_EvalFrameDefault+0x2c3e) [0x556edcdd86de]
13  /opt/conda/envs/gdf/bin/python(_PyFunction_Vectorcall+0x6c) [0x556edcde5b7c]
14  /opt/conda/envs/gdf/bin/python(_PyEval_EvalFrameDefault+0x6fd) [0x556edcdd619d]
15  /opt/conda/envs/gdf/bin/python(+0x147234) [0x556edcdf1234]
16  /opt/conda/envs/gdf/bin/python(+0x252f7c) [0x556edcefcf7c]
17  /opt/conda/envs/gdf/bin/python(+0xf745f) [0x556edcda145f]
18  /opt/conda/envs/gdf/bin/python(+0x1331b3) [0x556edcddd1b3]
19  /opt/conda/envs/gdf/bin/python(_PyEval_EvalFrameDefault+0x593b) [0x556edcddb3db]
20  /opt/conda/envs/gdf/bin/python(_PyFunction_Vectorcall+0x6c) [0x556edcde5b7c]
21  /opt/conda/envs/gdf/bin/python(_PyEval_EvalFrameDefault+0x6fd) [0x556edcdd619d]
22  /opt/conda/envs/gdf/bin/python(_PyFunction_Vectorcall+0x6c) [0x556edcde5b7c]
23  /opt/conda/envs/gdf/bin/python(_PyEval_EvalFrameDefault+0x6fd) [0x556edcdd619d]
24  /opt/conda/envs/gdf/bin/python(_PyFunction_Vectorcall+0x6c) [0x556edcde5b7c]
25  /opt/conda/envs/gdf/bin/python(_PyEval_EvalFrameDefault+0x6fd) [0x556edcdd619d]
26  /opt/conda/envs/gdf/bin/python(_PyFunction_Vectorcall+0x6c) [0x556edcde5b7c]
27  /opt/conda/envs/gdf/bin/python(_PyEval_EvalFrameDefault+0x6fd) [0x556edcdd619d]
28  /opt/conda/envs/gdf/bin/python(_PyFunction_Vectorcall+0x6c) [0x556edcde5b7c]
29  /opt/conda/envs/gdf/bin/python(_PyEval_EvalFrameDefault+0x1341) [0x556edcdd6de1]
30  /opt/conda/envs/gdf/bin/python(+0x146fb2) [0x556edcdf0fb2]
31  /opt/conda/envs/gdf/bin/python(PyObject_Call+0xbc) [0x556edcdf194c]
32  /opt/conda/envs/gdf/bin/python(+0x1ff72d) [0x556edcea972d]
33  /opt/conda/envs/gdf/bin/python(_PyObject_MakeTpCall+0x2d3) [0x556edcddea03]
34  /opt/conda/envs/gdf/bin/python(_PyEval_EvalFrameDefault+0x2c3e) [0x556edcdd86de]
35  /opt/conda/envs/gdf/bin/python(+0x147108) [0x556edcdf1108]
36  /opt/conda/envs/gdf/bin/python(_PyEval_EvalFrameDefault+0x2c3e) [0x556edcdd86de]
37  /opt/conda/envs/gdf/bin/python(_PyFunction_Vectorcall+0x6c) [0x556edcde5b7c]
38  /opt/conda/envs/gdf/bin/python(_PyEval_EvalFrameDefault+0x6fd) [0x556edcdd619d]
39  /opt/conda/envs/gdf/bin/python(_PyFunction_Vectorcall+0x6c) [0x556edcde5b7c]
40  /opt/conda/envs/gdf/bin/python(_PyEval_EvalFrameDefault+0x6fd) [0x556edcdd619d]
41  /opt/conda/envs/gdf/bin/python(_PyFunction_Vectorcall+0x6c) [0x556edcde5b7c]
42  /opt/conda/envs/gdf/bin/python(_PyEval_EvalFrameDefault+0x309) [0x556edcdd5da9]
43  /opt/conda/envs/gdf/bin/python(_PyFunction_Vectorcall+0x6c) [0x556edcde5b7c]
44  /opt/conda/envs/gdf/bin/python(_PyEval_EvalFrameDefault+0x1341) [0x556edcdd6de1]
45  /opt/conda/envs/gdf/bin/python(+0x1cca8c) [0x556edce76a8c]
46  /opt/conda/envs/gdf/bin/python(PyEval_EvalCode+0x87) [0x556edce769d7]
47  /opt/conda/envs/gdf/bin/python(+0x1fceba) [0x556edcea6eba]
48  /opt/conda/envs/gdf/bin/python(+0x1f8343) [0x556edcea2343]
49  /opt/conda/envs/gdf/bin/python(PyRun_StringFlags+0x7d) [0x556edce9aadd]
50  /opt/conda/envs/gdf/bin/python(PyRun_SimpleStringFlags+0x3c) [0x556edce9a91c]
51  /opt/conda/envs/gdf/bin/python(Py_RunMain+0x3ba) [0x556edce99b1a]
52  /opt/conda/envs/gdf/bin/python(Py_BytesMain+0x37) [0x556edce6a117]
53  /usr/lib/x86_64-linux-gnu/libc.so.6(__libc_start_main+0xf3) [0x7fd350010083]
54  /opt/conda/envs/gdf/bin/python(+0x1c002e) [0x556edce6a02e]
=================================
[dgx13:84755:0:84755] Caught signal 11 (Segmentation fault: address not mapped to object at address 0x450)
==== backtrace (tid:  84755) ====
 0  /opt/conda/envs/gdf/lib/libucs.so.0(ucs_handle_error+0x305) [0x7fa0b1af4025]
 1  /opt/conda/envs/gdf/lib/libucs.so.0(+0x2f221) [0x7fa0b1af4221]
 2  /opt/conda/envs/gdf/lib/libucs.so.0(+0x2f3ea) [0x7fa0b1af43ea]
 3  /usr/lib/x86_64-linux-gnu/libpthread.so.0(+0x14420) [0x7fa100ba2420]
 4  /opt/conda/envs/gdf/lib/libucp.so.0(ucp_mem_type_unpack+0x17) [0x7fa0b1b79197]
 5  /opt/conda/envs/gdf/lib/libucp.so.0(ucp_rndv_data_handler+0x5f5) [0x7fa0b1ba49e5]
 6  /opt/conda/envs/gdf/lib/./libuct.so.0(+0x21dd6) [0x7fa0b4027dd6]
 7  /opt/conda/envs/gdf/lib/./libuct.so.0(+0x24f48) [0x7fa0b402af48]
 8  /opt/conda/envs/gdf/lib/libucs.so.0(ucs_event_set_wait+0xb1) [0x7fa0b1afd851]
 9  /opt/conda/envs/gdf/lib/./libuct.so.0(uct_tcp_iface_progress+0x7c) [0x7fa0b4029fbc]
10  /opt/conda/envs/gdf/lib/libucp.so.0(ucp_worker_progress+0x5a) [0x7fa0b1b75d5a]
11  /opt/conda/envs/gdf/lib/python3.10/site-packages/ucp/_libs/ucx_api.cpython-310-x86_64-linux-gnu.so(+0x31dca) [0x7fa0b1c39dca]
12  /opt/conda/envs/gdf/bin/python(_PyEval_EvalFrameDefault+0x2c3e) [0x55edc91d46de]
13  /opt/conda/envs/gdf/bin/python(_PyFunction_Vectorcall+0x6c) [0x55edc91e1b7c]
14  /opt/conda/envs/gdf/bin/python(_PyEval_EvalFrameDefault+0x6fd) [0x55edc91d219d]
15  /opt/conda/envs/gdf/bin/python(+0x147234) [0x55edc91ed234]
16  /opt/conda/envs/gdf/bin/python(+0x252f7c) [0x55edc92f8f7c]
17  /opt/conda/envs/gdf/bin/python(+0xf745f) [0x55edc919d45f]
18  /opt/conda/envs/gdf/bin/python(+0x1331b3) [0x55edc91d91b3]
19  /opt/conda/envs/gdf/bin/python(_PyEval_EvalFrameDefault+0x593b) [0x55edc91d73db]
20  /opt/conda/envs/gdf/bin/python(_PyFunction_Vectorcall+0x6c) [0x55edc91e1b7c]
21  /opt/conda/envs/gdf/bin/python(_PyEval_EvalFrameDefault+0x6fd) [0x55edc91d219d]
22  /opt/conda/envs/gdf/bin/python(_PyFunction_Vectorcall+0x6c) [0x55edc91e1b7c]
23  /opt/conda/envs/gdf/bin/python(_PyEval_EvalFrameDefault+0x6fd) [0x55edc91d219d]
24  /opt/conda/envs/gdf/bin/python(_PyFunction_Vectorcall+0x6c) [0x55edc91e1b7c]
25  /opt/conda/envs/gdf/bin/python(_PyEval_EvalFrameDefault+0x6fd) [0x55edc91d219d]
26  /opt/conda/envs/gdf/bin/python(_PyFunction_Vectorcall+0x6c) [0x55edc91e1b7c]
27  /opt/conda/envs/gdf/bin/python(_PyEval_EvalFrameDefault+0x6fd) [0x55edc91d219d]
28  /opt/conda/envs/gdf/bin/python(_PyFunction_Vectorcall+0x6c) [0x55edc91e1b7c]
29  /opt/conda/envs/gdf/bin/python(_PyEval_EvalFrameDefault+0x1341) [0x55edc91d2de1]
30  /opt/conda/envs/gdf/bin/python(+0x146fb2) [0x55edc91ecfb2]
31  /opt/conda/envs/gdf/bin/python(PyObject_Call+0xbc) [0x55edc91ed94c]
32  /opt/conda/envs/gdf/bin/python(+0x1ff72d) [0x55edc92a572d]
33  /opt/conda/envs/gdf/bin/python(_PyObject_MakeTpCall+0x2d3) [0x55edc91daa03]
34  /opt/conda/envs/gdf/bin/python(_PyEval_EvalFrameDefault+0x2c3e) [0x55edc91d46de]
35  /opt/conda/envs/gdf/bin/python(+0x147108) [0x55edc91ed108]
36  /opt/conda/envs/gdf/bin/python(_PyEval_EvalFrameDefault+0x2c3e) [0x55edc91d46de]
37  /opt/conda/envs/gdf/bin/python(_PyFunction_Vectorcall+0x6c) [0x55edc91e1b7c]
38  /opt/conda/envs/gdf/bin/python(_PyEval_EvalFrameDefault+0x6fd) [0x55edc91d219d]
39  /opt/conda/envs/gdf/bin/python(_PyFunction_Vectorcall+0x6c) [0x55edc91e1b7c]
40  /opt/conda/envs/gdf/bin/python(_PyEval_EvalFrameDefault+0x6fd) [0x55edc91d219d]
41  /opt/conda/envs/gdf/bin/python(_PyFunction_Vectorcall+0x6c) [0x55edc91e1b7c]
42  /opt/conda/envs/gdf/bin/python(_PyEval_EvalFrameDefault+0x309) [0x55edc91d1da9]
43  /opt/conda/envs/gdf/bin/python(_PyFunction_Vectorcall+0x6c) [0x55edc91e1b7c]
44  /opt/conda/envs/gdf/bin/python(_PyEval_EvalFrameDefault+0x1341) [0x55edc91d2de1]
45  /opt/conda/envs/gdf/bin/python(+0x1cca8c) [0x55edc9272a8c]
46  /opt/conda/envs/gdf/bin/python(PyEval_EvalCode+0x87) [0x55edc92729d7]
47  /opt/conda/envs/gdf/bin/python(+0x1fceba) [0x55edc92a2eba]
48  /opt/conda/envs/gdf/bin/python(+0x1f8343) [0x55edc929e343]
49  /opt/conda/envs/gdf/bin/python(PyRun_StringFlags+0x7d) [0x55edc9296add]
50  /opt/conda/envs/gdf/bin/python(PyRun_SimpleStringFlags+0x3c) [0x55edc929691c]
51  /opt/conda/envs/gdf/bin/python(Py_RunMain+0x3ba) [0x55edc9295b1a]
52  /opt/conda/envs/gdf/bin/python(Py_BytesMain+0x37) [0x55edc9266117]
53  /usr/lib/x86_64-linux-gnu/libc.so.6(__libc_start_main+0xf3) [0x7fa100866083]
54  /opt/conda/envs/gdf/bin/python(+0x1c002e) [0x55edc926602e]
=================================
2025-03-04 07:56:53,441 - distributed.nanny - WARNING - Restarting worker
2025-03-04 07:56:53,448 - distributed.nanny - WARNING - Restarting worker
2025-03-04 07:56:53,593 - distributed.worker - ERROR - Worker stream died during communication: ucx://127.0.0.1:36809
Traceback (most recent call last):
  File "/opt/conda/envs/gdf/lib/python3.10/site-packages/rapids_dask_dependency/patches/distributed/comm/__rdd_patch_ucx.py", line 395, in read
    await self.ep.recv(each_frame)
  File "/opt/conda/envs/gdf/lib/python3.10/site-packages/ucp/core.py", line 748, in recv
    ret = await comm.tag_recv(self._ep, buffer, nbytes, tag, name=log)
ucp._libs.exceptions.UCXError: <[Recv #017] ep: 0x7f5d1158d0c0, tag: 0x3baa3da6a774784c, nbytes: 50000000, type: <class 'rmm.pylibrmm.device_buffer.DeviceBuffer'>>: Connection reset by remote peer

During handling of the above exception, another exception occurred:

Traceback (most recent call last):
  File "/opt/conda/envs/gdf/lib/python3.10/site-packages/distributed/worker.py", line 2075, in gather_dep
    response = await get_data_from_worker(
  File "/opt/conda/envs/gdf/lib/python3.10/site-packages/distributed/worker.py", line 2881, in get_data_from_worker
    response = await send_recv(
  File "/opt/conda/envs/gdf/lib/python3.10/site-packages/distributed/core.py", line 1018, in send_recv
    response = await comm.read(deserializers=deserializers)
  File "/opt/conda/envs/gdf/lib/python3.10/site-packages/distributed/utils.py", line 805, in wrapper
    return await func(*args, **kwargs)
  File "/opt/conda/envs/gdf/lib/python3.10/site-packages/rapids_dask_dependency/patches/distributed/comm/__rdd_patch_ucx.py", line 401, in read
    raise CommClosedError(
distributed.comm.core.CommClosedError: Connection closed by writer.
Inner exception: UCXError("<[Recv #017] ep: 0x7f5d1158d0c0, tag: 0x3baa3da6a774784c, nbytes: 50000000, type: <class 'rmm.pylibrmm.device_buffer.DeviceBuffer'>>: Connection reset by remote peer")
2025-03-04 07:56:53,593 - distributed.worker - ERROR - Worker stream died during communication: ucx://127.0.0.1:34839
Traceback (most recent call last):
  File "/opt/conda/envs/gdf/lib/python3.10/site-packages/rapids_dask_dependency/patches/distributed/comm/__rdd_patch_ucx.py", line 353, in read
    await self.ep.recv(msg)
  File "/opt/conda/envs/gdf/lib/python3.10/site-packages/ucp/core.py", line 748, in recv
    ret = await comm.tag_recv(self._ep, buffer, nbytes, tag, name=log)
ucp._libs.exceptions.UCXCanceled: <[Recv #025] ep: 0x7f4dc5277140, tag: 0x74a83393506f67c4, nbytes: 16, type: <class 'numpy.ndarray'>>: 

During handling of the above exception, another exception occurred:

Traceback (most recent call last):
  File "/opt/conda/envs/gdf/lib/python3.10/site-packages/distributed/worker.py", line 2075, in gather_dep
    response = await get_data_from_worker(
  File "/opt/conda/envs/gdf/lib/python3.10/site-packages/distributed/worker.py", line 2881, in get_data_from_worker
    response = await send_recv(
  File "/opt/conda/envs/gdf/lib/python3.10/site-packages/distributed/core.py", line 1018, in send_recv
    response = await comm.read(deserializers=deserializers)
  File "/opt/conda/envs/gdf/lib/python3.10/site-packages/distributed/utils.py", line 805, in wrapper
    return await func(*args, **kwargs)
  File "/opt/conda/envs/gdf/lib/python3.10/site-packages/rapids_dask_dependency/patches/distributed/comm/__rdd_patch_ucx.py", line 371, in read
    raise CommClosedError(
distributed.comm.core.CommClosedError: Connection closed by writer.
Inner exception: UCXCanceled("<[Recv #025] ep: 0x7f4dc5277140, tag: 0x74a83393506f67c4, nbytes: 16, type: <class 'numpy.ndarray'>>: ")
2025-03-04 07:56:53,593 - distributed.scheduler - WARNING - Removing worker 'ucx://127.0.0.1:34839' caused the cluster to lose already computed task(s), which will be recomputed elsewhere: {('sum-7571411e1b0e44743227bf4750e4ab23', 7, 0), ('random_sample-22aa02c4e39cbbdc2fe693209dff0c66', 4, 2), ('random_sample-22aa02c4e39cbbdc2fe693209dff0c66', 3, 0), ('sum-7571411e1b0e44743227bf4750e4ab23', 0, 3), ('random_sample-22aa02c4e39cbbdc2fe693209dff0c66', 9, 1), ('random_sample-22aa02c4e39cbbdc2fe693209dff0c66', 6, 2), ('sum-7571411e1b0e44743227bf4750e4ab23', 2, 6), ('sum-7571411e1b0e44743227bf4750e4ab23', 4, 3), ('random_sample-22aa02c4e39cbbdc2fe693209dff0c66', 7, 0), ('sum-7571411e1b0e44743227bf4750e4ab23', 8, 0), ('random_sample-22aa02c4e39cbbdc2fe693209dff0c66', 2, 4), ('random_sample-22aa02c4e39cbbdc2fe693209dff0c66', 4, 4), ('sum-7571411e1b0e44743227bf4750e4ab23', 0, 8), ('sum-7571411e1b0e44743227bf4750e4ab23', 5, 7), ('random_sample-22aa02c4e39cbbdc2fe693209dff0c66', 0, 3), ('random_sample-22aa02c4e39cbbdc2fe693209dff0c66', 9, 9), ('random_sample-22aa02c4e39cbbdc2fe693209dff0c66', 0, 6), ('random_sample-22aa02c4e39cbbdc2fe693209dff0c66', 5, 5), ('sum-7571411e1b0e44743227bf4750e4ab23', 4, 2), ('sum-7571411e1b0e44743227bf4750e4ab23', 1, 9), ('sum-7571411e1b0e44743227bf4750e4ab23', 9, 1), ('random_sample-22aa02c4e39cbbdc2fe693209dff0c66', 2, 6), ('sum-7571411e1b0e44743227bf4750e4ab23', 3, 0), ('sum-7571411e1b0e44743227bf4750e4ab23', 0, 7), ('random_sample-22aa02c4e39cbbdc2fe693209dff0c66', 8, 0), ('sum-7571411e1b0e44743227bf4750e4ab23', 6, 2), ('random_sample-22aa02c4e39cbbdc2fe693209dff0c66', 0, 8), ('sum-7571411e1b0e44743227bf4750e4ab23', 2, 4)} (stimulus_id='handle-worker-cleanup-1741075013.5931153')
2025-03-04 07:56:53,593 - distributed.worker - ERROR - Worker stream died during communication: ucx://127.0.0.1:36809
Traceback (most recent call last):
  File "/opt/conda/envs/gdf/lib/python3.10/site-packages/rapids_dask_dependency/patches/distributed/comm/__rdd_patch_ucx.py", line 353, in read
    await self.ep.recv(msg)
  File "/opt/conda/envs/gdf/lib/python3.10/site-packages/ucp/core.py", line 748, in recv
    ret = await comm.tag_recv(self._ep, buffer, nbytes, tag, name=log)
ucp._libs.exceptions.UCXCanceled: <[Recv #018] ep: 0x7f4dc5277100, tag: 0xa7518d1d79da96fc, nbytes: 16, type: <class 'numpy.ndarray'>>: 

During handling of the above exception, another exception occurred:

Traceback (most recent call last):
  File "/opt/conda/envs/gdf/lib/python3.10/site-packages/distributed/worker.py", line 2075, in gather_dep
    response = await get_data_from_worker(
  File "/opt/conda/envs/gdf/lib/python3.10/site-packages/distributed/worker.py", line 2881, in get_data_from_worker
    response = await send_recv(
  File "/opt/conda/envs/gdf/lib/python3.10/site-packages/distributed/core.py", line 1018, in send_recv
    response = await comm.read(deserializers=deserializers)
  File "/opt/conda/envs/gdf/lib/python3.10/site-packages/distributed/utils.py", line 805, in wrapper
    return await func(*args, **kwargs)
  File "/opt/conda/envs/gdf/lib/python3.10/site-packages/rapids_dask_dependency/patches/distributed/comm/__rdd_patch_ucx.py", line 371, in read
    raise CommClosedError(
distributed.comm.core.CommClosedError: Connection closed by writer.
Inner exception: UCXCanceled("<[Recv #018] ep: 0x7f4dc5277100, tag: 0xa7518d1d79da96fc, nbytes: 16, type: <class 'numpy.ndarray'>>: ")
2025-03-04 07:56:53,594 - distributed.worker - ERROR - failed during get data with ucx://127.0.0.1:53169 -> ucx://127.0.0.1:36809
Traceback (most recent call last):
  File "/opt/conda/envs/gdf/lib/python3.10/site-packages/rapids_dask_dependency/patches/distributed/comm/__rdd_patch_ucx.py", line 337, in write
    await self.ep.send(each_frame)
  File "/opt/conda/envs/gdf/lib/python3.10/site-packages/ucp/core.py", line 673, in send
    return await comm.tag_send(self._ep, buffer, nbytes, tag, name=log)
ucp._libs.exceptions.UCXError: <[Send #019] ep: 0x7f5d1158d140, tag: 0x112995862232216b, nbytes: 50000000, type: <class 'cupy.ndarray'>>: Connection reset by remote peer

During handling of the above exception, another exception occurred:

Traceback (most recent call last):
  File "/opt/conda/envs/gdf/lib/python3.10/site-packages/distributed/worker.py", line 1796, in get_data
    compressed = await comm.write(msg, serializers=serializers)
  File "/opt/conda/envs/gdf/lib/python3.10/site-packages/distributed/utils.py", line 805, in wrapper
    return await func(*args, **kwargs)
  File "/opt/conda/envs/gdf/lib/python3.10/site-packages/rapids_dask_dependency/patches/distributed/comm/__rdd_patch_ucx.py", line 341, in write
    raise CommClosedError("While writing, the connection was closed")
distributed.comm.core.CommClosedError: While writing, the connection was closed
2025-03-04 07:56:53,597 - distributed.scheduler - WARNING - Removing worker 'ucx://127.0.0.1:36809' caused the cluster to lose already computed task(s), which will be recomputed elsewhere: {('random_sample-22aa02c4e39cbbdc2fe693209dff0c66', 6, 5), ('random_sample-22aa02c4e39cbbdc2fe693209dff0c66', 8, 5), ('random_sample-22aa02c4e39cbbdc2fe693209dff0c66', 9, 7), ('sum-7571411e1b0e44743227bf4750e4ab23', 5, 8), ('random_sample-22aa02c4e39cbbdc2fe693209dff0c66', 5, 3), ('random_sample-22aa02c4e39cbbdc2fe693209dff0c66', 5, 0), ('random_sample-22aa02c4e39cbbdc2fe693209dff0c66', 5, 6), ('sum-7571411e1b0e44743227bf4750e4ab23', 4, 0), ('sum-7571411e1b0e44743227bf4750e4ab23', 2, 9), ('random_sample-22aa02c4e39cbbdc2fe693209dff0c66', 7, 9), ('random_sample-22aa02c4e39cbbdc2fe693209dff0c66', 4, 1), ('sum-7571411e1b0e44743227bf4750e4ab23', 9, 2), ('random_sample-22aa02c4e39cbbdc2fe693209dff0c66', 3, 5), ('sum-7571411e1b0e44743227bf4750e4ab23', 0, 5), ('sum-7571411e1b0e44743227bf4750e4ab23', 3, 7), ('sum-partial-664f9ff8a9d59a45f6b99b5334c4954b', 3, 4), ('sum-7571411e1b0e44743227bf4750e4ab23', 1, 3), ('random_sample-22aa02c4e39cbbdc2fe693209dff0c66', 5, 8), ('sum-partial-08a9789059ab099a16f56977d358c560', 1, 1), ('sum-7571411e1b0e44743227bf4750e4ab23', 8, 5), ('random_sample-22aa02c4e39cbbdc2fe693209dff0c66', 2, 3), ('random_sample-22aa02c4e39cbbdc2fe693209dff0c66', 2, 9), ('random_sample-22aa02c4e39cbbdc2fe693209dff0c66', 4, 0), ('sum-7571411e1b0e44743227bf4750e4ab23', 0, 4), ('random_sample-22aa02c4e39cbbdc2fe693209dff0c66', 3, 7), ('sum-7571411e1b0e44743227bf4750e4ab23', 5, 0), ('random_sample-22aa02c4e39cbbdc2fe693209dff0c66', 6, 0), ('sum-7571411e1b0e44743227bf4750e4ab23', 6, 5), ('random_sample-22aa02c4e39cbbdc2fe693209dff0c66', 9, 2), ('random_sample-22aa02c4e39cbbdc2fe693209dff0c66', 9, 8), ('sum-7571411e1b0e44743227bf4750e4ab23', 5, 6), ('random_sample-22aa02c4e39cbbdc2fe693209dff0c66', 0, 2), ('random_sample-22aa02c4e39cbbdc2fe693209dff0c66', 8, 9), ('random_sample-22aa02c4e39cbbdc2fe693209dff0c66', 0, 5), ('sum-7571411e1b0e44743227bf4750e4ab23', 7, 3), ('random_sample-22aa02c4e39cbbdc2fe693209dff0c66', 7, 7)} (stimulus_id='handle-worker-cleanup-1741075013.5967422')
2025-03-04 07:56:53,826 - distributed.nanny - WARNING - Restarting worker
2025-03-04 07:56:53,887 - distributed.nanny - WARNING - Restarting worker
[dgx13:84975:0:84975] Caught signal 11 (Segmentation fault: address not mapped to object at address 0x450)
==== backtrace (tid:  84975) ====
 0  /opt/conda/envs/gdf/lib/libucs.so.0(ucs_handle_error+0x305) [0x7febd5cf4025]
 1  /opt/conda/envs/gdf/lib/libucs.so.0(+0x2f221) [0x7febd5cf4221]
 2  /opt/conda/envs/gdf/lib/libucs.so.0(+0x2f3ea) [0x7febd5cf43ea]
 3  /usr/lib/x86_64-linux-gnu/libpthread.so.0(+0x14420) [0x7fec28ca3420]
 4  /opt/conda/envs/gdf/lib/libucp.so.0(ucp_mem_type_unpack+0x17) [0x7febd5d79197]
 5  /opt/conda/envs/gdf/lib/libucp.so.0(ucp_rndv_data_handler+0x5f5) [0x7febd5da49e5]
 6  /opt/conda/envs/gdf/lib/./libuct.so.0(+0x21dd6) [0x7febd5ca8dd6]
 7  /opt/conda/envs/gdf/lib/./libuct.so.0(+0x24f48) [0x7febd5cabf48]
 8  /opt/conda/envs/gdf/lib/libucs.so.0(ucs_event_set_wait+0xb1) [0x7febd5cfd851]
 9  /opt/conda/envs/gdf/lib/./libuct.so.0(uct_tcp_iface_progress+0x7c) [0x7febd5caafbc]
10  /opt/conda/envs/gdf/lib/libucp.so.0(ucp_worker_progress+0x5a) [0x7febd5d75d5a]
11  /opt/conda/envs/gdf/lib/python3.10/site-packages/ucp/_libs/ucx_api.cpython-310-x86_64-linux-gnu.so(+0x31dca) [0x7febd5e39dca]
12  /opt/conda/envs/gdf/bin/python(_PyEval_EvalFrameDefault+0x2c3e) [0x559990e186de]
13  /opt/conda/envs/gdf/bin/python(_PyFunction_Vectorcall+0x6c) [0x559990e25b7c]
14  /opt/conda/envs/gdf/bin/python(_PyEval_EvalFrameDefault+0x6fd) [0x559990e1619d]
15  /opt/conda/envs/gdf/bin/python(+0x147234) [0x559990e31234]
16  /opt/conda/envs/gdf/bin/python(+0x252f7c) [0x559990f3cf7c]
17  /opt/conda/envs/gdf/bin/python(+0xf745f) [0x559990de145f]
18  /opt/conda/envs/gdf/bin/python(+0x1331b3) [0x559990e1d1b3]
19  /opt/conda/envs/gdf/bin/python(_PyEval_EvalFrameDefault+0x593b) [0x559990e1b3db]
20  /opt/conda/envs/gdf/bin/python(_PyFunction_Vectorcall+0x6c) [0x559990e25b7c]
21  /opt/conda/envs/gdf/bin/python(_PyEval_EvalFrameDefault+0x6fd) [0x559990e1619d]
22  /opt/conda/envs/gdf/bin/python(_PyFunction_Vectorcall+0x6c) [0x559990e25b7c]
23  /opt/conda/envs/gdf/bin/python(_PyEval_EvalFrameDefault+0x6fd) [0x559990e1619d]
24  /opt/conda/envs/gdf/bin/python(_PyFunction_Vectorcall+0x6c) [0x559990e25b7c]
25  /opt/conda/envs/gdf/bin/python(_PyEval_EvalFrameDefault+0x6fd) [0x559990e1619d]
26  /opt/conda/envs/gdf/bin/python(_PyFunction_Vectorcall+0x6c) [0x559990e25b7c]
27  /opt/conda/envs/gdf/bin/python(_PyEval_EvalFrameDefault+0x6fd) [0x559990e1619d]
28  /opt/conda/envs/gdf/bin/python(_PyFunction_Vectorcall+0x6c) [0x559990e25b7c]
29  /opt/conda/envs/gdf/bin/python(_PyEval_EvalFrameDefault+0x1341) [0x559990e16de1]
30  /opt/conda/envs/gdf/bin/python(+0x146fb2) [0x559990e30fb2]
31  /opt/conda/envs/gdf/bin/python(PyObject_Call+0xbc) [0x559990e3194c]
32  /opt/conda/envs/gdf/bin/python(+0x1ff72d) [0x559990ee972d]
33  /opt/conda/envs/gdf/bin/python(_PyObject_MakeTpCall+0x2d3) [0x559990e1ea03]
34  /opt/conda/envs/gdf/bin/python(_PyEval_EvalFrameDefault+0x2c3e) [0x559990e186de]
35  /opt/conda/envs/gdf/bin/python(+0x147108) [0x559990e31108]
36  /opt/conda/envs/gdf/bin/python(_PyEval_EvalFrameDefault+0x2c3e) [0x559990e186de]
37  /opt/conda/envs/gdf/bin/python(_PyFunction_Vectorcall+0x6c) [0x559990e25b7c]
38  /opt/conda/envs/gdf/bin/python(_PyEval_EvalFrameDefault+0x6fd) [0x559990e1619d]
39  /opt/conda/envs/gdf/bin/python(_PyFunction_Vectorcall+0x6c) [0x559990e25b7c]
40  /opt/conda/envs/gdf/bin/python(_PyEval_EvalFrameDefault+0x6fd) [0x559990e1619d]
41  /opt/conda/envs/gdf/bin/python(_PyFunction_Vectorcall+0x6c) [0x559990e25b7c]
42  /opt/conda/envs/gdf/bin/python(_PyEval_EvalFrameDefault+0x309) [0x559990e15da9]
43  /opt/conda/envs/gdf/bin/python(_PyFunction_Vectorcall+0x6c) [0x559990e25b7c]
44  /opt/conda/envs/gdf/bin/python(_PyEval_EvalFrameDefault+0x1341) [0x559990e16de1]
45  /opt/conda/envs/gdf/bin/python(+0x1cca8c) [0x559990eb6a8c]
46  /opt/conda/envs/gdf/bin/python(PyEval_EvalCode+0x87) [0x559990eb69d7]
47  /opt/conda/envs/gdf/bin/python(+0x1fceba) [0x559990ee6eba]
48  /opt/conda/envs/gdf/bin/python(+0x1f8343) [0x559990ee2343]
49  /opt/conda/envs/gdf/bin/python(PyRun_StringFlags+0x7d) [0x559990edaadd]
50  /opt/conda/envs/gdf/bin/python(PyRun_SimpleStringFlags+0x3c) [0x559990eda91c]
51  /opt/conda/envs/gdf/bin/python(Py_RunMain+0x3ba) [0x559990ed9b1a]
52  /opt/conda/envs/gdf/bin/python(Py_BytesMain+0x37) [0x559990eaa117]
53  /usr/lib/x86_64-linux-gnu/libc.so.6(__libc_start_main+0xf3) [0x7fec28967083]
54  /opt/conda/envs/gdf/bin/python(+0x1c002e) [0x559990eaa02e]
=================================
2025-03-04 07:56:57,640 - distributed.scheduler - WARNING - Removing worker 'ucx://127.0.0.1:46145' caused the cluster to lose already computed task(s), which will be recomputed elsewhere: {('random_sample-343c4018e9a65c152a85f45f92ec5c29', 0, 4), ('random_sample-343c4018e9a65c152a85f45f92ec5c29', 0, 5)} (stimulus_id='handle-worker-cleanup-1741075017.6402743')
2025-03-04 07:56:57,640 - distributed.worker - ERROR - failed during get data with ucx://127.0.0.1:37557 -> ucx://127.0.0.1:46145
Traceback (most recent call last):
  File "/opt/conda/envs/gdf/lib/python3.10/site-packages/rapids_dask_dependency/patches/distributed/comm/__rdd_patch_ucx.py", line 337, in write
    await self.ep.send(each_frame)
  File "/opt/conda/envs/gdf/lib/python3.10/site-packages/ucp/core.py", line 673, in send
    return await comm.tag_send(self._ep, buffer, nbytes, tag, name=log)
ucp._libs.exceptions.UCXError: <[Send #007] ep: 0x7f4dc5277100, tag: 0x6b56f83cf0b05aaa, nbytes: 50000000, type: <class 'cupy.ndarray'>>: Connection reset by remote peer

During handling of the above exception, another exception occurred:

Traceback (most recent call last):
  File "/opt/conda/envs/gdf/lib/python3.10/site-packages/distributed/worker.py", line 1796, in get_data
    compressed = await comm.write(msg, serializers=serializers)
  File "/opt/conda/envs/gdf/lib/python3.10/site-packages/distributed/utils.py", line 805, in wrapper
    return await func(*args, **kwargs)
  File "/opt/conda/envs/gdf/lib/python3.10/site-packages/rapids_dask_dependency/patches/distributed/comm/__rdd_patch_ucx.py", line 341, in write
    raise CommClosedError("While writing, the connection was closed")
distributed.comm.core.CommClosedError: While writing, the connection was closed
2025-03-04 07:56:57,693 - distributed.nanny - WARNING - Restarting worker
Task exception was never retrieved
future: <Task finished name='Task-1451' coro=<_listener_handler_coroutine() done, defined at /opt/conda/envs/gdf/lib/python3.10/site-packages/ucp/core.py:142> exception=TimeoutError()>
Traceback (most recent call last):
  File "/opt/conda/envs/gdf/lib/python3.10/asyncio/tasks.py", line 456, in wait_for
    return fut.result()
asyncio.exceptions.CancelledError

The above exception was the direct cause of the following exception:

Traceback (most recent call last):
  File "/opt/conda/envs/gdf/lib/python3.10/site-packages/ucp/core.py", line 157, in _listener_handler_coroutine
    peer_info = await exchange_peer_info(
  File "/opt/conda/envs/gdf/lib/python3.10/site-packages/ucp/core.py", line 57, in exchange_peer_info
    await asyncio.wait_for(
  File "/opt/conda/envs/gdf/lib/python3.10/asyncio/tasks.py", line 458, in wait_for
    raise exceptions.TimeoutError() from exc
asyncio.exceptions.TimeoutError
[dgx13:84965:0:84965] Caught signal 11 (Segmentation fault: address not mapped to object at address 0x450)
==== backtrace (tid:  84965) ====
 0  /opt/conda/envs/gdf/lib/libucs.so.0(ucs_handle_error+0x305) [0x7fbd772bf025]
 1  /opt/conda/envs/gdf/lib/libucs.so.0(+0x2f221) [0x7fbd772bf221]
 2  /opt/conda/envs/gdf/lib/libucs.so.0(+0x2f3ea) [0x7fbd772bf3ea]
 3  /usr/lib/x86_64-linux-gnu/libpthread.so.0(+0x14420) [0x7fbdc8250420]
 4  /opt/conda/envs/gdf/lib/libucp.so.0(ucp_mem_type_unpack+0x17) [0x7fbd77344197]
 5  /opt/conda/envs/gdf/lib/libucp.so.0(ucp_rndv_data_handler+0x5f5) [0x7fbd7736f9e5]
 6  /opt/conda/envs/gdf/lib/./libuct.so.0(+0x21dd6) [0x7fbd77273dd6]
 7  /opt/conda/envs/gdf/lib/./libuct.so.0(+0x24f48) [0x7fbd77276f48]
 8  /opt/conda/envs/gdf/lib/libucs.so.0(ucs_event_set_wait+0xb1) [0x7fbd772c8851]
 9  /opt/conda/envs/gdf/lib/./libuct.so.0(uct_tcp_iface_progress+0x7c) [0x7fbd77275fbc]
10  /opt/conda/envs/gdf/lib/libucp.so.0(ucp_worker_progress+0x5a) [0x7fbd77340d5a]
11  /opt/conda/envs/gdf/lib/python3.10/site-packages/ucp/_libs/ucx_api.cpython-310-x86_64-linux-gnu.so(+0x31dca) [0x7fbd77404dca]
12  /opt/conda/envs/gdf/bin/python(_PyEval_EvalFrameDefault+0x2c3e) [0x5635fc00f6de]
13  /opt/conda/envs/gdf/bin/python(_PyFunction_Vectorcall+0x6c) [0x5635fc01cb7c]
14  /opt/conda/envs/gdf/bin/python(_PyEval_EvalFrameDefault+0x6fd) [0x5635fc00d19d]
15  /opt/conda/envs/gdf/bin/python(+0x147234) [0x5635fc028234]
16  /opt/conda/envs/gdf/bin/python(+0x252f7c) [0x5635fc133f7c]
17  /opt/conda/envs/gdf/bin/python(+0xf745f) [0x5635fbfd845f]
18  /opt/conda/envs/gdf/bin/python(+0x1331b3) [0x5635fc0141b3]
19  /opt/conda/envs/gdf/bin/python(_PyEval_EvalFrameDefault+0x593b) [0x5635fc0123db]
20  /opt/conda/envs/gdf/bin/python(_PyFunction_Vectorcall+0x6c) [0x5635fc01cb7c]
21  /opt/conda/envs/gdf/bin/python(_PyEval_EvalFrameDefault+0x6fd) [0x5635fc00d19d]
22  /opt/conda/envs/gdf/bin/python(_PyFunction_Vectorcall+0x6c) [0x5635fc01cb7c]
23  /opt/conda/envs/gdf/bin/python(_PyEval_EvalFrameDefault+0x6fd) [0x5635fc00d19d]
24  /opt/conda/envs/gdf/bin/python(_PyFunction_Vectorcall+0x6c) [0x5635fc01cb7c]
25  /opt/conda/envs/gdf/bin/python(_PyEval_EvalFrameDefault+0x6fd) [0x5635fc00d19d]
26  /opt/conda/envs/gdf/bin/python(_PyFunction_Vectorcall+0x6c) [0x5635fc01cb7c]
27  /opt/conda/envs/gdf/bin/python(_PyEval_EvalFrameDefault+0x6fd) [0x5635fc00d19d]
28  /opt/conda/envs/gdf/bin/python(_PyFunction_Vectorcall+0x6c) [0x5635fc01cb7c]
29  /opt/conda/envs/gdf/bin/python(_PyEval_EvalFrameDefault+0x1341) [0x5635fc00dde1]
30  /opt/conda/envs/gdf/bin/python(+0x146fb2) [0x5635fc027fb2]
31  /opt/conda/envs/gdf/bin/python(PyObject_Call+0xbc) [0x5635fc02894c]
32  /opt/conda/envs/gdf/bin/python(+0x1ff72d) [0x5635fc0e072d]
33  /opt/conda/envs/gdf/bin/python(_PyObject_MakeTpCall+0x2d3) [0x5635fc015a03]
34  /opt/conda/envs/gdf/bin/python(_PyEval_EvalFrameDefault+0x2c3e) [0x5635fc00f6de]
35  /opt/conda/envs/gdf/bin/python(+0x147108) [0x5635fc028108]
36  /opt/conda/envs/gdf/bin/python(_PyEval_EvalFrameDefault+0x2c3e) [0x5635fc00f6de]
37  /opt/conda/envs/gdf/bin/python(_PyFunction_Vectorcall+0x6c) [0x5635fc01cb7c]
38  /opt/conda/envs/gdf/bin/python(_PyEval_EvalFrameDefault+0x6fd) [0x5635fc00d19d]
39  /opt/conda/envs/gdf/bin/python(_PyFunction_Vectorcall+0x6c) [0x5635fc01cb7c]
40  /opt/conda/envs/gdf/bin/python(_PyEval_EvalFrameDefault+0x6fd) [0x5635fc00d19d]
41  /opt/conda/envs/gdf/bin/python(_PyFunction_Vectorcall+0x6c) [0x5635fc01cb7c]
42  /opt/conda/envs/gdf/bin/python(_PyEval_EvalFrameDefault+0x309) [0x5635fc00cda9]
43  /opt/conda/envs/gdf/bin/python(_PyFunction_Vectorcall+0x6c) [0x5635fc01cb7c]
44  /opt/conda/envs/gdf/bin/python(_PyEval_EvalFrameDefault+0x1341) [0x5635fc00dde1]
45  /opt/conda/envs/gdf/bin/python(+0x1cca8c) [0x5635fc0ada8c]
46  /opt/conda/envs/gdf/bin/python(PyEval_EvalCode+0x87) [0x5635fc0ad9d7]
47  /opt/conda/envs/gdf/bin/python(+0x1fceba) [0x5635fc0ddeba]
48  /opt/conda/envs/gdf/bin/python(+0x1f8343) [0x5635fc0d9343]
49  /opt/conda/envs/gdf/bin/python(PyRun_StringFlags+0x7d) [0x5635fc0d1add]
50  /opt/conda/envs/gdf/bin/python(PyRun_SimpleStringFlags+0x3c) [0x5635fc0d191c]
51  /opt/conda/envs/gdf/bin/python(Py_RunMain+0x3ba) [0x5635fc0d0b1a]
52  /opt/conda/envs/gdf/bin/python(Py_BytesMain+0x37) [0x5635fc0a1117]
53  /usr/lib/x86_64-linux-gnu/libc.so.6(__libc_start_main+0xf3) [0x7fbdc7f14083]
54  /opt/conda/envs/gdf/bin/python(+0x1c002e) [0x5635fc0a102e]
=================================
[dgx13:84960:0:84960] Caught signal 11 (Segmentation fault: address not mapped to object at address 0x450)
==== backtrace (tid:  84960) ====
 0  /opt/conda/envs/gdf/lib/libucs.so.0(ucs_handle_error+0x305) [0x7f9a8433e025]
 1  /opt/conda/envs/gdf/lib/libucs.so.0(+0x2f221) [0x7f9a8433e221]
 2  /opt/conda/envs/gdf/lib/libucs.so.0(+0x2f3ea) [0x7f9a8433e3ea]
 3  /usr/lib/x86_64-linux-gnu/libpthread.so.0(+0x14420) [0x7f9ad12df420]
 4  /opt/conda/envs/gdf/lib/libucp.so.0(ucp_mem_type_unpack+0x17) [0x7f9a843c3197]
 5  /opt/conda/envs/gdf/lib/libucp.so.0(ucp_rndv_data_handler+0x5f5) [0x7f9a843ee9e5]
 6  /opt/conda/envs/gdf/lib/./libuct.so.0(+0x21dd6) [0x7f9a842f2dd6]
 7  /opt/conda/envs/gdf/lib/./libuct.so.0(+0x24f48) [0x7f9a842f5f48]
 8  /opt/conda/envs/gdf/lib/libucs.so.0(ucs_event_set_wait+0xb1) [0x7f9a84347851]
 9  /opt/conda/envs/gdf/lib/./libuct.so.0(uct_tcp_iface_progress+0x7c) [0x7f9a842f4fbc]
10  /opt/conda/envs/gdf/lib/libucp.so.0(ucp_worker_progress+0x5a) [0x7f9a843bfd5a]
11  /opt/conda/envs/gdf/lib/python3.10/site-packages/ucp/_libs/ucx_api.cpython-310-x86_64-linux-gnu.so(+0x31dca) [0x7f9a84483dca]
12  /opt/conda/envs/gdf/bin/python(_PyEval_EvalFrameDefault+0x2c3e) [0x5629e1bc06de]
13  /opt/conda/envs/gdf/bin/python(_PyFunction_Vectorcall+0x6c) [0x5629e1bcdb7c]
14  /opt/conda/envs/gdf/bin/python(_PyEval_EvalFrameDefault+0x6fd) [0x5629e1bbe19d]
15  /opt/conda/envs/gdf/bin/python(+0x1d62c9) [0x5629e1c682c9]
16  /opt/conda/envs/gdf/lib/python3.10/lib-dynload/_asyncio.cpython-310-x86_64-linux-gnu.so(+0x7782) [0x7f9aafbd0782]
17  /opt/conda/envs/gdf/bin/python(_PyObject_MakeTpCall+0x2d3) [0x5629e1bc6a03]
18  /opt/conda/envs/gdf/bin/python(+0xf745f) [0x5629e1b8945f]
19  /opt/conda/envs/gdf/bin/python(+0x1331b3) [0x5629e1bc51b3]
20  /opt/conda/envs/gdf/bin/python(_PyEval_EvalFrameDefault+0x593b) [0x5629e1bc33db]
21  /opt/conda/envs/gdf/bin/python(_PyFunction_Vectorcall+0x6c) [0x5629e1bcdb7c]
22  /opt/conda/envs/gdf/bin/python(_PyEval_EvalFrameDefault+0x6fd) [0x5629e1bbe19d]
23  /opt/conda/envs/gdf/bin/python(_PyFunction_Vectorcall+0x6c) [0x5629e1bcdb7c]
24  /opt/conda/envs/gdf/bin/python(_PyEval_EvalFrameDefault+0x6fd) [0x5629e1bbe19d]
25  /opt/conda/envs/gdf/bin/python(_PyFunction_Vectorcall+0x6c) [0x5629e1bcdb7c]
26  /opt/conda/envs/gdf/bin/python(_PyEval_EvalFrameDefault+0x6fd) [0x5629e1bbe19d]
27  /opt/conda/envs/gdf/bin/python(_PyFunction_Vectorcall+0x6c) [0x5629e1bcdb7c]
28  /opt/conda/envs/gdf/bin/python(_PyEval_EvalFrameDefault+0x6fd) [0x5629e1bbe19d]
29  /opt/conda/envs/gdf/bin/python(_PyFunction_Vectorcall+0x6c) [0x5629e1bcdb7c]
30  /opt/conda/envs/gdf/bin/python(_PyEval_EvalFrameDefault+0x1341) [0x5629e1bbede1]
31  /opt/conda/envs/gdf/bin/python(+0x146fb2) [0x5629e1bd8fb2]
32  /opt/conda/envs/gdf/bin/python(PyObject_Call+0xbc) [0x5629e1bd994c]
33  /opt/conda/envs/gdf/bin/python(+0x1ff72d) [0x5629e1c9172d]
34  /opt/conda/envs/gdf/bin/python(_PyObject_MakeTpCall+0x2d3) [0x5629e1bc6a03]
35  /opt/conda/envs/gdf/bin/python(_PyEval_EvalFrameDefault+0x2c3e) [0x5629e1bc06de]
36  /opt/conda/envs/gdf/bin/python(+0x147108) [0x5629e1bd9108]
37  /opt/conda/envs/gdf/bin/python(_PyEval_EvalFrameDefault+0x2c3e) [0x5629e1bc06de]
38  /opt/conda/envs/gdf/bin/python(_PyFunction_Vectorcall+0x6c) [0x5629e1bcdb7c]
39  /opt/conda/envs/gdf/bin/python(_PyEval_EvalFrameDefault+0x6fd) [0x5629e1bbe19d]
40  /opt/conda/envs/gdf/bin/python(_PyFunction_Vectorcall+0x6c) [0x5629e1bcdb7c]
41  /opt/conda/envs/gdf/bin/python(_PyEval_EvalFrameDefault+0x6fd) [0x5629e1bbe19d]
42  /opt/conda/envs/gdf/bin/python(_PyFunction_Vectorcall+0x6c) [0x5629e1bcdb7c]
43  /opt/conda/envs/gdf/bin/python(_PyEval_EvalFrameDefault+0x309) [0x5629e1bbdda9]
44  /opt/conda/envs/gdf/bin/python(_PyFunction_Vectorcall+0x6c) [0x5629e1bcdb7c]
45  /opt/conda/envs/gdf/bin/python(_PyEval_EvalFrameDefault+0x1341) [0x5629e1bbede1]
46  /opt/conda/envs/gdf/bin/python(+0x1cca8c) [0x5629e1c5ea8c]
47  /opt/conda/envs/gdf/bin/python(PyEval_EvalCode+0x87) [0x5629e1c5e9d7]
48  /opt/conda/envs/gdf/bin/python(+0x1fceba) [0x5629e1c8eeba]
49  /opt/conda/envs/gdf/bin/python(+0x1f8343) [0x5629e1c8a343]
50  /opt/conda/envs/gdf/bin/python(PyRun_StringFlags+0x7d) [0x5629e1c82add]
51  /opt/conda/envs/gdf/bin/python(PyRun_SimpleStringFlags+0x3c) [0x5629e1c8291c]
52  /opt/conda/envs/gdf/bin/python(Py_RunMain+0x3ba) [0x5629e1c81b1a]
53  /opt/conda/envs/gdf/bin/python(Py_BytesMain+0x37) [0x5629e1c52117]
54  /usr/lib/x86_64-linux-gnu/libc.so.6(__libc_start_main+0xf3) [0x7f9ad0fa3083]
55  /opt/conda/envs/gdf/bin/python(+0x1c002e) [0x5629e1c5202e]
=================================
2025-03-04 07:56:58,387 - distributed.worker - ERROR - Worker stream died during communication: ucx://127.0.0.1:35041
Traceback (most recent call last):
  File "/opt/conda/envs/gdf/lib/python3.10/site-packages/rapids_dask_dependency/patches/distributed/comm/__rdd_patch_ucx.py", line 353, in read
    await self.ep.recv(msg)
  File "/opt/conda/envs/gdf/lib/python3.10/site-packages/ucp/core.py", line 748, in recv
    ret = await comm.tag_recv(self._ep, buffer, nbytes, tag, name=log)
ucp._libs.exceptions.UCXCanceled: <[Recv #003] ep: 0x7f4dc5277200, tag: 0xa6f108391d3bbb6d, nbytes: 16, type: <class 'numpy.ndarray'>>: 

During handling of the above exception, another exception occurred:

Traceback (most recent call last):
  File "/opt/conda/envs/gdf/lib/python3.10/site-packages/distributed/worker.py", line 2075, in gather_dep
    response = await get_data_from_worker(
  File "/opt/conda/envs/gdf/lib/python3.10/site-packages/distributed/worker.py", line 2881, in get_data_from_worker
    response = await send_recv(
  File "/opt/conda/envs/gdf/lib/python3.10/site-packages/distributed/core.py", line 1018, in send_recv
    response = await comm.read(deserializers=deserializers)
  File "/opt/conda/envs/gdf/lib/python3.10/site-packages/distributed/utils.py", line 805, in wrapper
    return await func(*args, **kwargs)
  File "/opt/conda/envs/gdf/lib/python3.10/site-packages/rapids_dask_dependency/patches/distributed/comm/__rdd_patch_ucx.py", line 371, in read
    raise CommClosedError(
distributed.comm.core.CommClosedError: Connection closed by writer.
Inner exception: UCXCanceled("<[Recv #003] ep: 0x7f4dc5277200, tag: 0xa6f108391d3bbb6d, nbytes: 16, type: <class 'numpy.ndarray'>>: ")
2025-03-04 07:56:58,387 - distributed.worker - ERROR - failed during get data with ucx://127.0.0.1:53169 -> ucx://127.0.0.1:35041
Traceback (most recent call last):
  File "/opt/conda/envs/gdf/lib/python3.10/site-packages/rapids_dask_dependency/patches/distributed/comm/__rdd_patch_ucx.py", line 337, in write
    await self.ep.send(each_frame)
  File "/opt/conda/envs/gdf/lib/python3.10/site-packages/ucp/core.py", line 673, in send
    return await comm.tag_send(self._ep, buffer, nbytes, tag, name=log)
ucp._libs.exceptions.UCXError: <[Send #007] ep: 0x7f5d1158d0c0, tag: 0xb7c919f31d81395, nbytes: 50000000, type: <class 'cupy.ndarray'>>: Connection reset by remote peer

During handling of the above exception, another exception occurred:

Traceback (most recent call last):
  File "/opt/conda/envs/gdf/lib/python3.10/site-packages/distributed/worker.py", line 1796, in get_data
    compressed = await comm.write(msg, serializers=serializers)
  File "/opt/conda/envs/gdf/lib/python3.10/site-packages/distributed/utils.py", line 805, in wrapper
    return await func(*args, **kwargs)
  File "/opt/conda/envs/gdf/lib/python3.10/site-packages/rapids_dask_dependency/patches/distributed/comm/__rdd_patch_ucx.py", line 341, in write
    raise CommClosedError("While writing, the connection was closed")
distributed.comm.core.CommClosedError: While writing, the connection was closed
2025-03-04 07:56:58,388 - distributed.scheduler - WARNING - Removing worker 'ucx://127.0.0.1:35041' caused the cluster to lose already computed task(s), which will be recomputed elsewhere: {('random_sample-254b02e99699f9e33df2e19202bec7c2', 2, 2), ('random_sample-254b02e99699f9e33df2e19202bec7c2', 2, 8), ('random_sample-254b02e99699f9e33df2e19202bec7c2', 4, 5), ('sum-83408f7f0a9c5bec85b67d3386556a6a', 2, 2), ('random_sample-254b02e99699f9e33df2e19202bec7c2', 1, 6), ('random_sample-254b02e99699f9e33df2e19202bec7c2', 0, 1), ('random_sample-254b02e99699f9e33df2e19202bec7c2', 2, 1), ('sum-83408f7f0a9c5bec85b67d3386556a6a', 5, 3), ('random_sample-254b02e99699f9e33df2e19202bec7c2', 0, 7), ('random_sample-254b02e99699f9e33df2e19202bec7c2', 5, 3), ('random_sample-254b02e99699f9e33df2e19202bec7c2', 4, 1), ('random_sample-254b02e99699f9e33df2e19202bec7c2', 3, 9), ('sum-83408f7f0a9c5bec85b67d3386556a6a', 1, 2), ('sum-83408f7f0a9c5bec85b67d3386556a6a', 2, 1), ('random_sample-254b02e99699f9e33df2e19202bec7c2', 1, 2), ('random_sample-254b02e99699f9e33df2e19202bec7c2', 9, 9), ('sum-83408f7f0a9c5bec85b67d3386556a6a', 3, 5), ('random_sample-254b02e99699f9e33df2e19202bec7c2', 3, 2), ('random_sample-254b02e99699f9e33df2e19202bec7c2', 3, 5), ('random_sample-254b02e99699f9e33df2e19202bec7c2', 4, 9), ('random_sample-254b02e99699f9e33df2e19202bec7c2', 9, 5)} (stimulus_id='handle-worker-cleanup-1741075018.3878314')
2025-03-04 07:56:58,388 - distributed.worker - ERROR - failed during get data with ucx://127.0.0.1:37557 -> ucx://127.0.0.1:35041
Traceback (most recent call last):
  File "/opt/conda/envs/gdf/lib/python3.10/site-packages/rapids_dask_dependency/patches/distributed/comm/__rdd_patch_ucx.py", line 337, in write
    await self.ep.send(each_frame)
  File "/opt/conda/envs/gdf/lib/python3.10/site-packages/ucp/core.py", line 673, in send
    return await comm.tag_send(self._ep, buffer, nbytes, tag, name=log)
ucp._libs.exceptions.UCXError: <[Send #007] ep: 0x7f4dc5277180, tag: 0xd99cbafadb5483a9, nbytes: 50000000, type: <class 'cupy.ndarray'>>: Connection reset by remote peer

During handling of the above exception, another exception occurred:

Traceback (most recent call last):
  File "/opt/conda/envs/gdf/lib/python3.10/site-packages/distributed/worker.py", line 1796, in get_data
    compressed = await comm.write(msg, serializers=serializers)
  File "/opt/conda/envs/gdf/lib/python3.10/site-packages/distributed/utils.py", line 805, in wrapper
    return await func(*args, **kwargs)
  File "/opt/conda/envs/gdf/lib/python3.10/site-packages/rapids_dask_dependency/patches/distributed/comm/__rdd_patch_ucx.py", line 341, in write
    raise CommClosedError("While writing, the connection was closed")
distributed.comm.core.CommClosedError: While writing, the connection was closed
2025-03-04 07:56:58,388 - distributed.worker - ERROR - Worker stream died during communication: ucx://127.0.0.1:35041
Traceback (most recent call last):
  File "/opt/conda/envs/gdf/lib/python3.10/site-packages/rapids_dask_dependency/patches/distributed/comm/__rdd_patch_ucx.py", line 353, in read
    await self.ep.recv(msg)
  File "/opt/conda/envs/gdf/lib/python3.10/site-packages/ucp/core.py", line 748, in recv
    ret = await comm.tag_recv(self._ep, buffer, nbytes, tag, name=log)
ucp._libs.exceptions.UCXCanceled: <[Recv #003] ep: 0x7f5d1158d140, tag: 0xbe64d22c44e25e67, nbytes: 16, type: <class 'numpy.ndarray'>>: 

During handling of the above exception, another exception occurred:

Traceback (most recent call last):
  File "/opt/conda/envs/gdf/lib/python3.10/site-packages/distributed/worker.py", line 2075, in gather_dep
    response = await get_data_from_worker(
  File "/opt/conda/envs/gdf/lib/python3.10/site-packages/distributed/worker.py", line 2881, in get_data_from_worker
    response = await send_recv(
  File "/opt/conda/envs/gdf/lib/python3.10/site-packages/distributed/core.py", line 1018, in send_recv
    response = await comm.read(deserializers=deserializers)
  File "/opt/conda/envs/gdf/lib/python3.10/site-packages/distributed/utils.py", line 805, in wrapper
    return await func(*args, **kwargs)
  File "/opt/conda/envs/gdf/lib/python3.10/site-packages/rapids_dask_dependency/patches/distributed/comm/__rdd_patch_ucx.py", line 371, in read
    raise CommClosedError(
distributed.comm.core.CommClosedError: Connection closed by writer.
Inner exception: UCXCanceled("<[Recv #003] ep: 0x7f5d1158d140, tag: 0xbe64d22c44e25e67, nbytes: 16, type: <class 'numpy.ndarray'>>: ")
2025-03-04 07:56:58,431 - distributed.nanny - WARNING - Restarting worker
2025-03-04 07:56:58,472 - distributed.worker - ERROR - Worker stream died during communication: ucx://127.0.0.1:42437
Traceback (most recent call last):
  File "/opt/conda/envs/gdf/lib/python3.10/site-packages/rapids_dask_dependency/patches/distributed/comm/__rdd_patch_ucx.py", line 353, in read
    await self.ep.recv(msg)
  File "/opt/conda/envs/gdf/lib/python3.10/site-packages/ucp/core.py", line 748, in recv
    ret = await comm.tag_recv(self._ep, buffer, nbytes, tag, name=log)
ucp._libs.exceptions.UCXCanceled: <[Recv #003] ep: 0x7f4dc5277140, tag: 0xdc30b7ce6387abd9, nbytes: 16, type: <class 'numpy.ndarray'>>: 

During handling of the above exception, another exception occurred:

Traceback (most recent call last):
  File "/opt/conda/envs/gdf/lib/python3.10/site-packages/distributed/worker.py", line 2075, in gather_dep
    response = await get_data_from_worker(
  File "/opt/conda/envs/gdf/lib/python3.10/site-packages/distributed/worker.py", line 2881, in get_data_from_worker
    response = await send_recv(
  File "/opt/conda/envs/gdf/lib/python3.10/site-packages/distributed/core.py", line 1018, in send_recv
    response = await comm.read(deserializers=deserializers)
  File "/opt/conda/envs/gdf/lib/python3.10/site-packages/distributed/utils.py", line 805, in wrapper
    return await func(*args, **kwargs)
  File "/opt/conda/envs/gdf/lib/python3.10/site-packages/rapids_dask_dependency/patches/distributed/comm/__rdd_patch_ucx.py", line 371, in read
    raise CommClosedError(
distributed.comm.core.CommClosedError: Connection closed by writer.
Inner exception: UCXCanceled("<[Recv #003] ep: 0x7f4dc5277140, tag: 0xdc30b7ce6387abd9, nbytes: 16, type: <class 'numpy.ndarray'>>: ")
2025-03-04 07:56:58,472 - distributed.worker - ERROR - failed during get data with ucx://127.0.0.1:53169 -> ucx://127.0.0.1:42437
Traceback (most recent call last):
  File "/opt/conda/envs/gdf/lib/python3.10/site-packages/rapids_dask_dependency/patches/distributed/comm/__rdd_patch_ucx.py", line 353, in read
    await self.ep.recv(msg)
  File "/opt/conda/envs/gdf/lib/python3.10/site-packages/ucp/core.py", line 748, in recv
    ret = await comm.tag_recv(self._ep, buffer, nbytes, tag, name=log)
ucp._libs.exceptions.UCXCanceled: <[Recv #006] ep: 0x7f5d1158d2c0, tag: 0x67383d777e51b12c, nbytes: 16, type: <class 'numpy.ndarray'>>: 

During handling of the above exception, another exception occurred:

Traceback (most recent call last):
  File "/opt/conda/envs/gdf/lib/python3.10/site-packages/distributed/worker.py", line 1797, in get_data
    response = await comm.read(deserializers=serializers)
  File "/opt/conda/envs/gdf/lib/python3.10/site-packages/distributed/utils.py", line 805, in wrapper
    return await func(*args, **kwargs)
  File "/opt/conda/envs/gdf/lib/python3.10/site-packages/rapids_dask_dependency/patches/distributed/comm/__rdd_patch_ucx.py", line 371, in read
    raise CommClosedError(
distributed.comm.core.CommClosedError: Connection closed by writer.
Inner exception: UCXCanceled("<[Recv #006] ep: 0x7f5d1158d2c0, tag: 0x67383d777e51b12c, nbytes: 16, type: <class 'numpy.ndarray'>>: ")
2025-03-04 07:56:58,473 - distributed.scheduler - WARNING - Removing worker 'ucx://127.0.0.1:42437' caused the cluster to lose already computed task(s), which will be recomputed elsewhere: {('random_sample-254b02e99699f9e33df2e19202bec7c2', 9, 8), ('random_sample-254b02e99699f9e33df2e19202bec7c2', 4, 8), ('random_sample-254b02e99699f9e33df2e19202bec7c2', 0, 4), ('random_sample-254b02e99699f9e33df2e19202bec7c2', 3, 0), ('random_sample-254b02e99699f9e33df2e19202bec7c2', 2, 4), ('random_sample-254b02e99699f9e33df2e19202bec7c2', 9, 4), ('random_sample-254b02e99699f9e33df2e19202bec7c2', 4, 4), ('random_sample-254b02e99699f9e33df2e19202bec7c2', 1, 3), ('sum-83408f7f0a9c5bec85b67d3386556a6a', 4, 4), ('random_sample-254b02e99699f9e33df2e19202bec7c2', 0, 9), ('random_sample-254b02e99699f9e33df2e19202bec7c2', 3, 8), ('random_sample-254b02e99699f9e33df2e19202bec7c2', 2, 0), ('sum-83408f7f0a9c5bec85b67d3386556a6a', 0, 4), ('random_sample-254b02e99699f9e33df2e19202bec7c2', 5, 2), ('random_sample-254b02e99699f9e33df2e19202bec7c2', 4, 0), ('sum-83408f7f0a9c5bec85b67d3386556a6a', 4, 0), ('random_sample-254b02e99699f9e33df2e19202bec7c2', 3, 4)} (stimulus_id='handle-worker-cleanup-1741075018.4730327')
2025-03-04 07:56:58,473 - distributed.worker - ERROR - failed during get data with ucx://127.0.0.1:37557 -> ucx://127.0.0.1:42437
Traceback (most recent call last):
  File "/opt/conda/envs/gdf/lib/python3.10/site-packages/rapids_dask_dependency/patches/distributed/comm/__rdd_patch_ucx.py", line 337, in write
    await self.ep.send(each_frame)
  File "/opt/conda/envs/gdf/lib/python3.10/site-packages/ucp/core.py", line 673, in send
    return await comm.tag_send(self._ep, buffer, nbytes, tag, name=log)
ucp._libs.exceptions.UCXError: <[Send #007] ep: 0x7f4dc52772c0, tag: 0xf91377a41d42333a, nbytes: 50000000, type: <class 'cupy.ndarray'>>: Connection reset by remote peer

During handling of the above exception, another exception occurred:

Traceback (most recent call last):
  File "/opt/conda/envs/gdf/lib/python3.10/site-packages/distributed/worker.py", line 1796, in get_data
    compressed = await comm.write(msg, serializers=serializers)
  File "/opt/conda/envs/gdf/lib/python3.10/site-packages/distributed/utils.py", line 805, in wrapper
    return await func(*args, **kwargs)
  File "/opt/conda/envs/gdf/lib/python3.10/site-packages/rapids_dask_dependency/patches/distributed/comm/__rdd_patch_ucx.py", line 341, in write
    raise CommClosedError("While writing, the connection was closed")
distributed.comm.core.CommClosedError: While writing, the connection was closed
2025-03-04 07:56:58,472 - distributed.worker - ERROR - Worker stream died during communication: ucx://127.0.0.1:42437
Traceback (most recent call last):
  File "/opt/conda/envs/gdf/lib/python3.10/site-packages/rapids_dask_dependency/patches/distributed/comm/__rdd_patch_ucx.py", line 353, in read
    await self.ep.recv(msg)
  File "/opt/conda/envs/gdf/lib/python3.10/site-packages/ucp/core.py", line 748, in recv
    ret = await comm.tag_recv(self._ep, buffer, nbytes, tag, name=log)
ucp._libs.exceptions.UCXCanceled: <[Recv #003] ep: 0x7fb5c220e100, tag: 0x4510c1c2c7a2a311, nbytes: 16, type: <class 'numpy.ndarray'>>: 

During handling of the above exception, another exception occurred:

Traceback (most recent call last):
  File "/opt/conda/envs/gdf/lib/python3.10/site-packages/distributed/worker.py", line 2075, in gather_dep
    response = await get_data_from_worker(
  File "/opt/conda/envs/gdf/lib/python3.10/site-packages/distributed/worker.py", line 2881, in get_data_from_worker
    response = await send_recv(
  File "/opt/conda/envs/gdf/lib/python3.10/site-packages/distributed/core.py", line 1018, in send_recv
    response = await comm.read(deserializers=deserializers)
  File "/opt/conda/envs/gdf/lib/python3.10/site-packages/distributed/utils.py", line 805, in wrapper
    return await func(*args, **kwargs)
  File "/opt/conda/envs/gdf/lib/python3.10/site-packages/rapids_dask_dependency/patches/distributed/comm/__rdd_patch_ucx.py", line 371, in read
    raise CommClosedError(
distributed.comm.core.CommClosedError: Connection closed by writer.
Inner exception: UCXCanceled("<[Recv #003] ep: 0x7fb5c220e100, tag: 0x4510c1c2c7a2a311, nbytes: 16, type: <class 'numpy.ndarray'>>: ")
2025-03-04 07:56:58,473 - distributed.worker - ERROR - Worker stream died during communication: ucx://127.0.0.1:42437
Traceback (most recent call last):
  File "/opt/conda/envs/gdf/lib/python3.10/site-packages/rapids_dask_dependency/patches/distributed/comm/__rdd_patch_ucx.py", line 353, in read
    await self.ep.recv(msg)
  File "/opt/conda/envs/gdf/lib/python3.10/site-packages/ucp/core.py", line 748, in recv
    ret = await comm.tag_recv(self._ep, buffer, nbytes, tag, name=log)
ucp._libs.exceptions.UCXCanceled: <[Recv #008] ep: 0x7f5d1158d240, tag: 0x82f24326d951ff78, nbytes: 16, type: <class 'numpy.ndarray'>>: 

During handling of the above exception, another exception occurred:

Traceback (most recent call last):
  File "/opt/conda/envs/gdf/lib/python3.10/site-packages/distributed/worker.py", line 2075, in gather_dep
    response = await get_data_from_worker(
  File "/opt/conda/envs/gdf/lib/python3.10/site-packages/distributed/worker.py", line 2881, in get_data_from_worker
    response = await send_recv(
  File "/opt/conda/envs/gdf/lib/python3.10/site-packages/distributed/core.py", line 1018, in send_recv
    response = await comm.read(deserializers=deserializers)
  File "/opt/conda/envs/gdf/lib/python3.10/site-packages/distributed/utils.py", line 805, in wrapper
    return await func(*args, **kwargs)
  File "/opt/conda/envs/gdf/lib/python3.10/site-packages/rapids_dask_dependency/patches/distributed/comm/__rdd_patch_ucx.py", line 371, in read
    raise CommClosedError(
distributed.comm.core.CommClosedError: Connection closed by writer.
Inner exception: UCXCanceled("<[Recv #008] ep: 0x7f5d1158d240, tag: 0x82f24326d951ff78, nbytes: 16, type: <class 'numpy.ndarray'>>: ")
Task exception was never retrieved
future: <Task finished name='Task-74' coro=<_listener_handler_coroutine() done, defined at /opt/conda/envs/gdf/lib/python3.10/site-packages/ucp/core.py:142> exception=UCXError('<stream_recv>: Connection reset by remote peer')>
Traceback (most recent call last):
  File "/opt/conda/envs/gdf/lib/python3.10/site-packages/ucp/core.py", line 157, in _listener_handler_coroutine
    peer_info = await exchange_peer_info(
  File "/opt/conda/envs/gdf/lib/python3.10/site-packages/ucp/core.py", line 57, in exchange_peer_info
    await asyncio.wait_for(
  File "/opt/conda/envs/gdf/lib/python3.10/asyncio/tasks.py", line 445, in wait_for
    return fut.result()
ucp._libs.exceptions.UCXError: <stream_recv>: Connection reset by remote peer
2025-03-04 07:56:58,585 - distributed.nanny - WARNING - Restarting worker
[dgx13:84971:0:84971] Caught signal 11 (Segmentation fault: address not mapped to object at address 0x450)
==== backtrace (tid:  84971) ====
 0  /opt/conda/envs/gdf/lib/libucs.so.0(ucs_handle_error+0x305) [0x7fb5c2dbf025]
 1  /opt/conda/envs/gdf/lib/libucs.so.0(+0x2f221) [0x7fb5c2dbf221]
 2  /opt/conda/envs/gdf/lib/libucs.so.0(+0x2f3ea) [0x7fb5c2dbf3ea]
 3  /usr/lib/x86_64-linux-gnu/libpthread.so.0(+0x14420) [0x7fb613f48420]
 4  /opt/conda/envs/gdf/lib/libucp.so.0(ucp_mem_type_unpack+0x17) [0x7fb5c2e44197]
 5  /opt/conda/envs/gdf/lib/libucp.so.0(ucp_rndv_data_handler+0x5f5) [0x7fb5c2e6f9e5]
 6  /opt/conda/envs/gdf/lib/./libuct.so.0(+0x21dd6) [0x7fb5c2d73dd6]
 7  /opt/conda/envs/gdf/lib/./libuct.so.0(+0x24f48) [0x7fb5c2d76f48]
 8  /opt/conda/envs/gdf/lib/libucs.so.0(ucs_event_set_wait+0xb1) [0x7fb5c2dc8851]
 9  /opt/conda/envs/gdf/lib/./libuct.so.0(uct_tcp_iface_progress+0x7c) [0x7fb5c2d75fbc]
10  /opt/conda/envs/gdf/lib/libucp.so.0(ucp_worker_progress+0x5a) [0x7fb5c2e40d5a]
11  /opt/conda/envs/gdf/lib/python3.10/site-packages/ucp/_libs/ucx_api.cpython-310-x86_64-linux-gnu.so(+0x31dca) [0x7fb5c2f04dca]
12  /opt/conda/envs/gdf/bin/python(_PyEval_EvalFrameDefault+0x2c3e) [0x556ce96cf6de]
13  /opt/conda/envs/gdf/bin/python(_PyFunction_Vectorcall+0x6c) [0x556ce96dcb7c]
14  /opt/conda/envs/gdf/bin/python(_PyEval_EvalFrameDefault+0x6fd) [0x556ce96cd19d]
15  /opt/conda/envs/gdf/bin/python(+0x147234) [0x556ce96e8234]
16  /opt/conda/envs/gdf/bin/python(+0x252f7c) [0x556ce97f3f7c]
17  /opt/conda/envs/gdf/bin/python(+0xf745f) [0x556ce969845f]
18  /opt/conda/envs/gdf/bin/python(+0x1331b3) [0x556ce96d41b3]
19  /opt/conda/envs/gdf/bin/python(_PyEval_EvalFrameDefault+0x593b) [0x556ce96d23db]
20  /opt/conda/envs/gdf/bin/python(_PyFunction_Vectorcall+0x6c) [0x556ce96dcb7c]
21  /opt/conda/envs/gdf/bin/python(_PyEval_EvalFrameDefault+0x6fd) [0x556ce96cd19d]
22  /opt/conda/envs/gdf/bin/python(_PyFunction_Vectorcall+0x6c) [0x556ce96dcb7c]
23  /opt/conda/envs/gdf/bin/python(_PyEval_EvalFrameDefault+0x6fd) [0x556ce96cd19d]
24  /opt/conda/envs/gdf/bin/python(_PyFunction_Vectorcall+0x6c) [0x556ce96dcb7c]
25  /opt/conda/envs/gdf/bin/python(_PyEval_EvalFrameDefault+0x6fd) [0x556ce96cd19d]
26  /opt/conda/envs/gdf/bin/python(_PyFunction_Vectorcall+0x6c) [0x556ce96dcb7c]
27  /opt/conda/envs/gdf/bin/python(_PyEval_EvalFrameDefault+0x6fd) [0x556ce96cd19d]
28  /opt/conda/envs/gdf/bin/python(_PyFunction_Vectorcall+0x6c) [0x556ce96dcb7c]
29  /opt/conda/envs/gdf/bin/python(_PyEval_EvalFrameDefault+0x1341) [0x556ce96cdde1]
30  /opt/conda/envs/gdf/bin/python(+0x146fb2) [0x556ce96e7fb2]
31  /opt/conda/envs/gdf/bin/python(PyObject_Call+0xbc) [0x556ce96e894c]
32  /opt/conda/envs/gdf/bin/python(+0x1ff72d) [0x556ce97a072d]
33  /opt/conda/envs/gdf/bin/python(_PyObject_MakeTpCall+0x2d3) [0x556ce96d5a03]
34  /opt/conda/envs/gdf/bin/python(_PyEval_EvalFrameDefault+0x2c3e) [0x556ce96cf6de]
35  /opt/conda/envs/gdf/bin/python(+0x147108) [0x556ce96e8108]
36  /opt/conda/envs/gdf/bin/python(_PyEval_EvalFrameDefault+0x2c3e) [0x556ce96cf6de]
37  /opt/conda/envs/gdf/bin/python(_PyFunction_Vectorcall+0x6c) [0x556ce96dcb7c]
38  /opt/conda/envs/gdf/bin/python(_PyEval_EvalFrameDefault+0x6fd) [0x556ce96cd19d]
39  /opt/conda/envs/gdf/bin/python(_PyFunction_Vectorcall+0x6c) [0x556ce96dcb7c]
40  /opt/conda/envs/gdf/bin/python(_PyEval_EvalFrameDefault+0x6fd) [0x556ce96cd19d]
41  /opt/conda/envs/gdf/bin/python(_PyFunction_Vectorcall+0x6c) [0x556ce96dcb7c]
42  /opt/conda/envs/gdf/bin/python(_PyEval_EvalFrameDefault+0x309) [0x556ce96ccda9]
43  /opt/conda/envs/gdf/bin/python(_PyFunction_Vectorcall+0x6c) [0x556ce96dcb7c]
44  /opt/conda/envs/gdf/bin/python(_PyEval_EvalFrameDefault+0x1341) [0x556ce96cdde1]
45  /opt/conda/envs/gdf/bin/python(+0x1cca8c) [0x556ce976da8c]
46  /opt/conda/envs/gdf/bin/python(PyEval_EvalCode+0x87) [0x556ce976d9d7]
47  /opt/conda/envs/gdf/bin/python(+0x1fceba) [0x556ce979deba]
48  /opt/conda/envs/gdf/bin/python(+0x1f8343) [0x556ce9799343]
49  /opt/conda/envs/gdf/bin/python(PyRun_StringFlags+0x7d) [0x556ce9791add]
50  /opt/conda/envs/gdf/bin/python(PyRun_SimpleStringFlags+0x3c) [0x556ce979191c]
51  /opt/conda/envs/gdf/bin/python(Py_RunMain+0x3ba) [0x556ce9790b1a]
52  /opt/conda/envs/gdf/bin/python(Py_BytesMain+0x37) [0x556ce9761117]
53  /usr/lib/x86_64-linux-gnu/libc.so.6(__libc_start_main+0xf3) [0x7fb613c0c083]
54  /opt/conda/envs/gdf/bin/python(+0x1c002e) [0x556ce976102e]
=================================
2025-03-04 07:56:59,091 - distributed.worker - ERROR - Worker stream died during communication: ucx://127.0.0.1:37287
Traceback (most recent call last):
  File "/opt/conda/envs/gdf/lib/python3.10/site-packages/rapids_dask_dependency/patches/distributed/comm/__rdd_patch_ucx.py", line 353, in read
    await self.ep.recv(msg)
  File "/opt/conda/envs/gdf/lib/python3.10/site-packages/ucp/core.py", line 748, in recv
    ret = await comm.tag_recv(self._ep, buffer, nbytes, tag, name=log)
ucp._libs.exceptions.UCXCanceled: <[Recv #053] ep: 0x7f4dc5277240, tag: 0x12cd6f965de14095, nbytes: 16, type: <class 'numpy.ndarray'>>: 

During handling of the above exception, another exception occurred:

Traceback (most recent call last):
  File "/opt/conda/envs/gdf/lib/python3.10/site-packages/distributed/worker.py", line 2075, in gather_dep
    response = await get_data_from_worker(
  File "/opt/conda/envs/gdf/lib/python3.10/site-packages/distributed/worker.py", line 2881, in get_data_from_worker
    response = await send_recv(
  File "/opt/conda/envs/gdf/lib/python3.10/site-packages/distributed/core.py", line 1018, in send_recv
    response = await comm.read(deserializers=deserializers)
  File "/opt/conda/envs/gdf/lib/python3.10/site-packages/distributed/utils.py", line 805, in wrapper
    return await func(*args, **kwargs)
  File "/opt/conda/envs/gdf/lib/python3.10/site-packages/rapids_dask_dependency/patches/distributed/comm/__rdd_patch_ucx.py", line 371, in read
    raise CommClosedError(
distributed.comm.core.CommClosedError: Connection closed by writer.
Inner exception: UCXCanceled("<[Recv #053] ep: 0x7f4dc5277240, tag: 0x12cd6f965de14095, nbytes: 16, type: <class 'numpy.ndarray'>>: ")
2025-03-04 07:56:59,090 - distributed.worker - ERROR - Worker stream died during communication: ucx://127.0.0.1:37287
Traceback (most recent call last):
  File "/opt/conda/envs/gdf/lib/python3.10/site-packages/rapids_dask_dependency/patches/distributed/comm/__rdd_patch_ucx.py", line 353, in read
    await self.ep.recv(msg)
  File "/opt/conda/envs/gdf/lib/python3.10/site-packages/ucp/core.py", line 748, in recv
    ret = await comm.tag_recv(self._ep, buffer, nbytes, tag, name=log)
ucp._libs.exceptions.UCXCanceled: <[Recv #013] ep: 0x7f7eb254f180, tag: 0x12dfbcec95be82, nbytes: 16, type: <class 'numpy.ndarray'>>: 

During handling of the above exception, another exception occurred:

Traceback (most recent call last):
  File "/opt/conda/envs/gdf/lib/python3.10/site-packages/distributed/worker.py", line 2075, in gather_dep
    response = await get_data_from_worker(
  File "/opt/conda/envs/gdf/lib/python3.10/site-packages/distributed/worker.py", line 2881, in get_data_from_worker
    response = await send_recv(
  File "/opt/conda/envs/gdf/lib/python3.10/site-packages/distributed/core.py", line 1018, in send_recv
    response = await comm.read(deserializers=deserializers)
  File "/opt/conda/envs/gdf/lib/python3.10/site-packages/distributed/utils.py", line 805, in wrapper
    return await func(*args, **kwargs)
  File "/opt/conda/envs/gdf/lib/python3.10/site-packages/rapids_dask_dependency/patches/distributed/comm/__rdd_patch_ucx.py", line 371, in read
    raise CommClosedError(
distributed.comm.core.CommClosedError: Connection closed by writer.
Inner exception: UCXCanceled("<[Recv #013] ep: 0x7f7eb254f180, tag: 0x12dfbcec95be82, nbytes: 16, type: <class 'numpy.ndarray'>>: ")
2025-03-04 07:56:59,091 - distributed.scheduler - WARNING - Removing worker 'ucx://127.0.0.1:37287' caused the cluster to lose already computed task(s), which will be recomputed elsewhere: {('sum-83408f7f0a9c5bec85b67d3386556a6a', 3, 4), ('random_sample-254b02e99699f9e33df2e19202bec7c2', 2, 8), ('random_sample-254b02e99699f9e33df2e19202bec7c2', 4, 8), ('sum-partial-c536ede13d2752bfce407bc35a5c2d2b', 1, 1), ('sum-83408f7f0a9c5bec85b67d3386556a6a', 0, 2), ('sum-partial-f90b3fcd45e76f7b25962c40e40bf70c', 2, 0), ('sum-83408f7f0a9c5bec85b67d3386556a6a', 3, 0), ('sum-partial-f90b3fcd45e76f7b25962c40e40bf70c', 1, 1), ('sum-83408f7f0a9c5bec85b67d3386556a6a', 4, 8), ('random_sample-254b02e99699f9e33df2e19202bec7c2', 2, 1), ('random_sample-254b02e99699f9e33df2e19202bec7c2', 3, 0), ('random_sample-254b02e99699f9e33df2e19202bec7c2', 3, 9), ('random_sample-254b02e99699f9e33df2e19202bec7c2', 4, 4), ('sum-partial-f90b3fcd45e76f7b25962c40e40bf70c', 0, 2), ('random_sample-254b02e99699f9e33df2e19202bec7c2', 0, 3), ('sum-partial-f90b3fcd45e76f7b25962c40e40bf70c', 1, 3), ('random_sample-254b02e99699f9e33df2e19202bec7c2', 0, 6), ('random_sample-254b02e99699f9e33df2e19202bec7c2', 3, 2), ('random_sample-254b02e99699f9e33df2e19202bec7c2', 4, 0), ('sum-83408f7f0a9c5bec85b67d3386556a6a', 0, 3)} (stimulus_id='handle-worker-cleanup-1741075019.0912192')
2025-03-04 07:56:59,090 - distributed.worker - ERROR - failed during get data with ucx://127.0.0.1:35965 -> ucx://127.0.0.1:37287
Traceback (most recent call last):
  File "/opt/conda/envs/gdf/lib/python3.10/site-packages/rapids_dask_dependency/patches/distributed/comm/__rdd_patch_ucx.py", line 337, in write
    await self.ep.send(each_frame)
  File "/opt/conda/envs/gdf/lib/python3.10/site-packages/ucp/core.py", line 673, in send
    return await comm.tag_send(self._ep, buffer, nbytes, tag, name=log)
ucp._libs.exceptions.UCXError: <[Send #007] ep: 0x7f9fb01b7180, tag: 0x232e6229df343a7c, nbytes: 50000000, type: <class 'cupy.ndarray'>>: Connection reset by remote peer

During handling of the above exception, another exception occurred:

Traceback (most recent call last):
  File "/opt/conda/envs/gdf/lib/python3.10/site-packages/distributed/worker.py", line 1796, in get_data
    compressed = await comm.write(msg, serializers=serializers)
  File "/opt/conda/envs/gdf/lib/python3.10/site-packages/distributed/utils.py", line 805, in wrapper
    return await func(*args, **kwargs)
  File "/opt/conda/envs/gdf/lib/python3.10/site-packages/rapids_dask_dependency/patches/distributed/comm/__rdd_patch_ucx.py", line 341, in write
    raise CommClosedError("While writing, the connection was closed")
distributed.comm.core.CommClosedError: While writing, the connection was closed
2025-03-04 07:56:59,100 - distributed.worker - ERROR - Worker stream died during communication: ucx://127.0.0.1:37287
Traceback (most recent call last):
  File "/opt/conda/envs/gdf/lib/python3.10/site-packages/rapids_dask_dependency/patches/distributed/comm/__rdd_patch_ucx.py", line 470, in connect
    ep = await ucp.create_endpoint(ip, port)
  File "/opt/conda/envs/gdf/lib/python3.10/site-packages/ucp/core.py", line 1040, in create_endpoint
    return await _get_ctx().create_endpoint(
  File "/opt/conda/envs/gdf/lib/python3.10/site-packages/ucp/core.py", line 337, in create_endpoint
    peer_info = await exchange_peer_info(
  File "/opt/conda/envs/gdf/lib/python3.10/site-packages/ucp/core.py", line 62, in exchange_peer_info
    await asyncio.wait_for(
  File "/opt/conda/envs/gdf/lib/python3.10/asyncio/tasks.py", line 445, in wait_for
    return fut.result()
ucp._libs.exceptions.UCXNotConnected: <stream_recv>: 

During handling of the above exception, another exception occurred:

Traceback (most recent call last):
  File "/opt/conda/envs/gdf/lib/python3.10/site-packages/distributed/comm/core.py", line 342, in connect
    comm = await wait_for(
  File "/opt/conda/envs/gdf/lib/python3.10/site-packages/distributed/utils.py", line 1915, in wait_for
    return await asyncio.wait_for(fut, timeout)
  File "/opt/conda/envs/gdf/lib/python3.10/asyncio/tasks.py", line 445, in wait_for
    return fut.result()
  File "/opt/conda/envs/gdf/lib/python3.10/site-packages/rapids_dask_dependency/patches/distributed/comm/__rdd_patch_ucx.py", line 472, in connect
    raise CommClosedError("Connection closed before handshake completed")
distributed.comm.core.CommClosedError: Connection closed before handshake completed

During handling of the above exception, another exception occurred:

Traceback (most recent call last):
  File "/opt/conda/envs/gdf/lib/python3.10/site-packages/distributed/core.py", line 1429, in _connect
    comm = await connect(
  File "/opt/conda/envs/gdf/lib/python3.10/site-packages/distributed/comm/core.py", line 366, in connect
    await asyncio.sleep(backoff)
  File "/opt/conda/envs/gdf/lib/python3.10/asyncio/tasks.py", line 605, in sleep
    return await future
asyncio.exceptions.CancelledError

During handling of the above exception, another exception occurred:

Traceback (most recent call last):
  File "/opt/conda/envs/gdf/lib/python3.10/site-packages/distributed/core.py", line 1539, in connect
    return connect_attempt.result()
asyncio.exceptions.CancelledError

During handling of the above exception, another exception occurred:

Traceback (most recent call last):
  File "/opt/conda/envs/gdf/lib/python3.10/site-packages/distributed/worker.py", line 2075, in gather_dep
    response = await get_data_from_worker(
  File "/opt/conda/envs/gdf/lib/python3.10/site-packages/distributed/worker.py", line 2878, in get_data_from_worker
    comm = await rpc.connect(worker)
  File "/opt/conda/envs/gdf/lib/python3.10/site-packages/distributed/core.py", line 1542, in connect
    raise CommClosedError(reason)
distributed.comm.core.CommClosedError: Address removed.
2025-03-04 07:56:59,256 - distributed.nanny - WARNING - Restarting worker
/opt/conda/envs/gdf/lib/python3.10/multiprocessing/resource_tracker.py:224: UserWarning: resource_tracker: There appear to be 48 leaked semaphore objects to clean up at shutdown
  warnings.warn('resource_tracker: There appear to be %d '
