[dgx13:92487:0:92487] Caught signal 11 (Segmentation fault: address not mapped to object at address 0x450)
==== backtrace (tid:  92487) ====
 0  /opt/conda/envs/gdf/lib/libucs.so.0(ucs_handle_error+0x2fd) [0x7f24316a4dad]
 1  /opt/conda/envs/gdf/lib/libucs.so.0(+0x2dfa4) [0x7f24316a4fa4]
 2  /opt/conda/envs/gdf/lib/libucs.so.0(+0x2e16a) [0x7f24316a516a]
 3  /usr/lib/x86_64-linux-gnu/libpthread.so.0(+0x14420) [0x7f246f34d420]
 4  /opt/conda/envs/gdf/lib/libucp.so.0(ucp_mem_type_unpack+0x17) [0x7f243172a147]
 5  /opt/conda/envs/gdf/lib/libucp.so.0(ucp_rndv_data_handler+0x66d) [0x7f2431754f1d]
 6  /opt/conda/envs/gdf/lib/libuct.so.0(+0x21c4f) [0x7f243165ac4f]
 7  /opt/conda/envs/gdf/lib/libuct.so.0(+0x24e68) [0x7f243165de68]
 8  /opt/conda/envs/gdf/lib/libucs.so.0(ucs_event_set_wait+0xb9) [0x7f24316ae619]
 9  /opt/conda/envs/gdf/lib/libuct.so.0(uct_tcp_iface_progress+0x7d) [0x7f243165cf6d]
10  /opt/conda/envs/gdf/lib/libucp.so.0(ucp_worker_progress+0x5a) [0x7f2431726e9a]
11  /opt/conda/envs/gdf/lib/python3.9/site-packages/ucp/_libs/ucx_api.cpython-39-x86_64-linux-gnu.so(+0x3206a) [0x7f24317e906a]
12  /opt/conda/envs/gdf/bin/python(_PyEval_EvalFrameDefault+0x45a6) [0x5654eab45516]
13  /opt/conda/envs/gdf/bin/python(+0x12e184) [0x5654eab40184]
14  /opt/conda/envs/gdf/bin/python(_PyFunction_Vectorcall+0xd9) [0x5654eab51559]
15  /opt/conda/envs/gdf/bin/python(_PyEval_EvalFrameDefault+0x696) [0x5654eab41606]
16  /opt/conda/envs/gdf/bin/python(+0x1e28a2) [0x5654eabf48a2]
17  /opt/conda/envs/gdf/lib/python3.9/lib-dynload/_asyncio.cpython-39-x86_64-linux-gnu.so(+0x81e9) [0x7f245979c1e9]
18  /opt/conda/envs/gdf/bin/python(_PyObject_MakeTpCall+0x2ec) [0x5654eab497ac]
19  /opt/conda/envs/gdf/bin/python(+0xf266c) [0x5654eab0466c]
20  /opt/conda/envs/gdf/bin/python(+0x136833) [0x5654eab48833]
21  /opt/conda/envs/gdf/bin/python(_PyEval_EvalFrameDefault+0x58b4) [0x5654eab46824]
22  /opt/conda/envs/gdf/bin/python(+0x13f802) [0x5654eab51802]
23  /opt/conda/envs/gdf/bin/python(_PyEval_EvalFrameDefault+0x696) [0x5654eab41606]
24  /opt/conda/envs/gdf/bin/python(+0x13f802) [0x5654eab51802]
25  /opt/conda/envs/gdf/bin/python(_PyEval_EvalFrameDefault+0x696) [0x5654eab41606]
26  /opt/conda/envs/gdf/bin/python(+0x13f802) [0x5654eab51802]
27  /opt/conda/envs/gdf/bin/python(_PyEval_EvalFrameDefault+0x696) [0x5654eab41606]
28  /opt/conda/envs/gdf/bin/python(+0x13f802) [0x5654eab51802]
29  /opt/conda/envs/gdf/bin/python(_PyEval_EvalFrameDefault+0x696) [0x5654eab41606]
30  /opt/conda/envs/gdf/bin/python(+0x12e184) [0x5654eab40184]
31  /opt/conda/envs/gdf/bin/python(_PyFunction_Vectorcall+0xd9) [0x5654eab51559]
32  /opt/conda/envs/gdf/bin/python(_PyEval_EvalFrameDefault+0x11f2) [0x5654eab42162]
33  /opt/conda/envs/gdf/bin/python(+0x12e184) [0x5654eab40184]
34  /opt/conda/envs/gdf/bin/python(+0x14c9fb) [0x5654eab5e9fb]
35  /opt/conda/envs/gdf/bin/python(PyObject_Call+0xbc) [0x5654eab5f17c]
36  /opt/conda/envs/gdf/bin/python(+0x2109ce) [0x5654eac229ce]
37  /opt/conda/envs/gdf/bin/python(_PyObject_MakeTpCall+0x2ec) [0x5654eab497ac]
38  /opt/conda/envs/gdf/bin/python(_PyEval_EvalFrameDefault+0x45a6) [0x5654eab45516]
39  /opt/conda/envs/gdf/bin/python(+0x13f802) [0x5654eab51802]
40  /opt/conda/envs/gdf/bin/python(+0x14cadc) [0x5654eab5eadc]
41  /opt/conda/envs/gdf/bin/python(_PyEval_EvalFrameDefault+0x45a6) [0x5654eab45516]
42  /opt/conda/envs/gdf/bin/python(+0x13f802) [0x5654eab51802]
43  /opt/conda/envs/gdf/bin/python(_PyEval_EvalFrameDefault+0x696) [0x5654eab41606]
44  /opt/conda/envs/gdf/bin/python(+0x12e184) [0x5654eab40184]
45  /opt/conda/envs/gdf/bin/python(_PyFunction_Vectorcall+0xd9) [0x5654eab51559]
46  /opt/conda/envs/gdf/bin/python(_PyEval_EvalFrameDefault+0x696) [0x5654eab41606]
47  /opt/conda/envs/gdf/bin/python(+0x13f802) [0x5654eab51802]
48  /opt/conda/envs/gdf/bin/python(_PyEval_EvalFrameDefault+0x3e2) [0x5654eab41352]
49  /opt/conda/envs/gdf/bin/python(+0x12e184) [0x5654eab40184]
50  /opt/conda/envs/gdf/bin/python(_PyFunction_Vectorcall+0xd9) [0x5654eab51559]
51  /opt/conda/envs/gdf/bin/python(_PyEval_EvalFrameDefault+0x11f2) [0x5654eab42162]
52  /opt/conda/envs/gdf/bin/python(+0x12e184) [0x5654eab40184]
53  /opt/conda/envs/gdf/bin/python(_PyEval_EvalCodeWithName+0x48) [0x5654eab3fe58]
54  /opt/conda/envs/gdf/bin/python(PyEval_EvalCodeEx+0x39) [0x5654eab3fe09]
55  /opt/conda/envs/gdf/bin/python(PyEval_EvalCode+0x1b) [0x5654eabed4ab]
56  /opt/conda/envs/gdf/bin/python(+0x20887a) [0x5654eac1a87a]
57  /opt/conda/envs/gdf/bin/python(+0x204c03) [0x5654eac16c03]
58  /opt/conda/envs/gdf/bin/python(PyRun_StringFlags+0x9a) [0x5654eac0ea1a]
59  /opt/conda/envs/gdf/bin/python(PyRun_SimpleStringFlags+0x3c) [0x5654eac0e90c]
60  /opt/conda/envs/gdf/bin/python(Py_RunMain+0x267) [0x5654eac0db47]
61  /opt/conda/envs/gdf/bin/python(Py_BytesMain+0x37) [0x5654eabe12e7]
=================================
[dgx13:92491:0:92491] Caught signal 11 (Segmentation fault: address not mapped to object at address 0x450)
==== backtrace (tid:  92491) ====
 0  /opt/conda/envs/gdf/lib/libucs.so.0(ucs_handle_error+0x2fd) [0x7fc7fdeeddad]
 1  /opt/conda/envs/gdf/lib/libucs.so.0(+0x2dfa4) [0x7fc7fdeedfa4]
 2  /opt/conda/envs/gdf/lib/libucs.so.0(+0x2e16a) [0x7fc7fdeee16a]
 3  /usr/lib/x86_64-linux-gnu/libpthread.so.0(+0x14420) [0x7fc83bbd5420]
 4  /opt/conda/envs/gdf/lib/libucp.so.0(ucp_mem_type_unpack+0x17) [0x7fc7fdf73147]
 5  /opt/conda/envs/gdf/lib/libucp.so.0(ucp_rndv_data_handler+0x66d) [0x7fc7fdf9df1d]
 6  /opt/conda/envs/gdf/lib/libuct.so.0(+0x21c4f) [0x7fc810033c4f]
 7  /opt/conda/envs/gdf/lib/libuct.so.0(+0x24e68) [0x7fc810036e68]
 8  /opt/conda/envs/gdf/lib/libucs.so.0(ucs_event_set_wait+0xb9) [0x7fc7fdef7619]
 9  /opt/conda/envs/gdf/lib/libuct.so.0(uct_tcp_iface_progress+0x7d) [0x7fc810035f6d]
10  /opt/conda/envs/gdf/lib/libucp.so.0(ucp_worker_progress+0x5a) [0x7fc7fdf6fe9a]
11  /opt/conda/envs/gdf/lib/python3.9/site-packages/ucp/_libs/ucx_api.cpython-39-x86_64-linux-gnu.so(+0x3206a) [0x7fc81008206a]
12  /opt/conda/envs/gdf/bin/python(_PyEval_EvalFrameDefault+0x45a6) [0x56463aece516]
13  /opt/conda/envs/gdf/bin/python(+0x12e184) [0x56463aec9184]
14  /opt/conda/envs/gdf/bin/python(_PyFunction_Vectorcall+0xd9) [0x56463aeda559]
15  /opt/conda/envs/gdf/bin/python(_PyEval_EvalFrameDefault+0x696) [0x56463aeca606]
16  /opt/conda/envs/gdf/bin/python(+0x13f802) [0x56463aeda802]
17  /opt/conda/envs/gdf/bin/python(+0x14cbb3) [0x56463aee7bb3]
18  /opt/conda/envs/gdf/bin/python(+0x25842c) [0x56463aff342c]
19  /opt/conda/envs/gdf/bin/python(+0xf266c) [0x56463ae8d66c]
20  /opt/conda/envs/gdf/bin/python(+0x136833) [0x56463aed1833]
21  /opt/conda/envs/gdf/bin/python(_PyEval_EvalFrameDefault+0x58b4) [0x56463aecf824]
22  /opt/conda/envs/gdf/bin/python(+0x13f802) [0x56463aeda802]
23  /opt/conda/envs/gdf/bin/python(_PyEval_EvalFrameDefault+0x696) [0x56463aeca606]
24  /opt/conda/envs/gdf/bin/python(+0x13f802) [0x56463aeda802]
25  /opt/conda/envs/gdf/bin/python(_PyEval_EvalFrameDefault+0x696) [0x56463aeca606]
26  /opt/conda/envs/gdf/bin/python(+0x13f802) [0x56463aeda802]
27  /opt/conda/envs/gdf/bin/python(_PyEval_EvalFrameDefault+0x696) [0x56463aeca606]
28  /opt/conda/envs/gdf/bin/python(+0x13f802) [0x56463aeda802]
29  /opt/conda/envs/gdf/bin/python(_PyEval_EvalFrameDefault+0x696) [0x56463aeca606]
30  /opt/conda/envs/gdf/bin/python(+0x12e184) [0x56463aec9184]
31  /opt/conda/envs/gdf/bin/python(_PyFunction_Vectorcall+0xd9) [0x56463aeda559]
32  /opt/conda/envs/gdf/bin/python(_PyEval_EvalFrameDefault+0x11f2) [0x56463aecb162]
33  /opt/conda/envs/gdf/bin/python(+0x12e184) [0x56463aec9184]
34  /opt/conda/envs/gdf/bin/python(+0x14c9fb) [0x56463aee79fb]
35  /opt/conda/envs/gdf/bin/python(PyObject_Call+0xbc) [0x56463aee817c]
36  /opt/conda/envs/gdf/bin/python(+0x2109ce) [0x56463afab9ce]
37  /opt/conda/envs/gdf/bin/python(_PyObject_MakeTpCall+0x2ec) [0x56463aed27ac]
38  /opt/conda/envs/gdf/bin/python(_PyEval_EvalFrameDefault+0x45a6) [0x56463aece516]
39  /opt/conda/envs/gdf/bin/python(+0x13f802) [0x56463aeda802]
40  /opt/conda/envs/gdf/bin/python(+0x14cadc) [0x56463aee7adc]
41  /opt/conda/envs/gdf/bin/python(_PyEval_EvalFrameDefault+0x45a6) [0x56463aece516]
42  /opt/conda/envs/gdf/bin/python(+0x13f802) [0x56463aeda802]
43  /opt/conda/envs/gdf/bin/python(_PyEval_EvalFrameDefault+0x696) [0x56463aeca606]
44  /opt/conda/envs/gdf/bin/python(+0x12e184) [0x56463aec9184]
45  /opt/conda/envs/gdf/bin/python(_PyFunction_Vectorcall+0xd9) [0x56463aeda559]
46  /opt/conda/envs/gdf/bin/python(_PyEval_EvalFrameDefault+0x696) [0x56463aeca606]
47  /opt/conda/envs/gdf/bin/python(+0x13f802) [0x56463aeda802]
48  /opt/conda/envs/gdf/bin/python(_PyEval_EvalFrameDefault+0x3e2) [0x56463aeca352]
49  /opt/conda/envs/gdf/bin/python(+0x12e184) [0x56463aec9184]
50  /opt/conda/envs/gdf/bin/python(_PyFunction_Vectorcall+0xd9) [0x56463aeda559]
51  /opt/conda/envs/gdf/bin/python(_PyEval_EvalFrameDefault+0x11f2) [0x56463aecb162]
52  /opt/conda/envs/gdf/bin/python(+0x12e184) [0x56463aec9184]
53  /opt/conda/envs/gdf/bin/python(_PyEval_EvalCodeWithName+0x48) [0x56463aec8e58]
54  /opt/conda/envs/gdf/bin/python(PyEval_EvalCodeEx+0x39) [0x56463aec8e09]
55  /opt/conda/envs/gdf/bin/python(PyEval_EvalCode+0x1b) [0x56463af764ab]
56  /opt/conda/envs/gdf/bin/python(+0x20887a) [0x56463afa387a]
57  /opt/conda/envs/gdf/bin/python(+0x204c03) [0x56463af9fc03]
58  /opt/conda/envs/gdf/bin/python(PyRun_StringFlags+0x9a) [0x56463af97a1a]
59  /opt/conda/envs/gdf/bin/python(PyRun_SimpleStringFlags+0x3c) [0x56463af9790c]
60  /opt/conda/envs/gdf/bin/python(Py_RunMain+0x267) [0x56463af96b47]
61  /opt/conda/envs/gdf/bin/python(Py_BytesMain+0x37) [0x56463af6a2e7]
=================================
[dgx13:92499:0:92499] Caught signal 11 (Segmentation fault: address not mapped to object at address 0x450)
[dgx13:92507:0:92507] Caught signal 11 (Segmentation fault: address not mapped to object at address 0x450)
==== backtrace (tid:  92499) ====
 0  /opt/conda/envs/gdf/lib/libucs.so.0(ucs_handle_error+0x2fd) [0x7fb3f1c21dad]
 1  /opt/conda/envs/gdf/lib/libucs.so.0(+0x2dfa4) [0x7fb3f1c21fa4]
 2  /opt/conda/envs/gdf/lib/libucs.so.0(+0x2e16a) [0x7fb3f1c2216a]
 3  /usr/lib/x86_64-linux-gnu/libpthread.so.0(+0x14420) [0x7fb4318fb420]
 4  /opt/conda/envs/gdf/lib/libucp.so.0(ucp_mem_type_unpack+0x17) [0x7fb3f1ca7147]
 5  /opt/conda/envs/gdf/lib/libucp.so.0(ucp_rndv_data_handler+0x66d) [0x7fb3f1cd1f1d]
 6  /opt/conda/envs/gdf/lib/libuct.so.0(+0x21c4f) [0x7fb3f1bd7c4f]
 7  /opt/conda/envs/gdf/lib/libuct.so.0(+0x24e68) [0x7fb3f1bdae68]
 8  /opt/conda/envs/gdf/lib/libucs.so.0(ucs_event_set_wait+0xb9) [0x7fb3f1c2b619]
 9  /opt/conda/envs/gdf/lib/libuct.so.0(uct_tcp_iface_progress+0x7d) [0x7fb3f1bd9f6d]
10  /opt/conda/envs/gdf/lib/libucp.so.0(ucp_worker_progress+0x5a) [0x7fb3f1ca3e9a]
11  /opt/conda/envs/gdf/lib/python3.9/site-packages/ucp/_libs/ucx_api.cpython-39-x86_64-linux-gnu.so(+0x3206a) [0x7fb3f1d6606a]
12  /opt/conda/envs/gdf/bin/python(_PyEval_EvalFrameDefault+0x45a6) [0x55a715143516]
13  /opt/conda/envs/gdf/bin/python(+0x12e184) [0x55a71513e184]
14  /opt/conda/envs/gdf/bin/python(_PyFunction_Vectorcall+0xd9) [0x55a71514f559]
15  /opt/conda/envs/gdf/bin/python(_PyEval_EvalFrameDefault+0x696) [0x55a71513f606]
16  /opt/conda/envs/gdf/bin/python(+0x1e28a2) [0x55a7151f28a2]
17  /opt/conda/envs/gdf/lib/python3.9/lib-dynload/_asyncio.cpython-39-x86_64-linux-gnu.so(+0x81e9) [0x7fb41bd4a1e9]
18  /opt/conda/envs/gdf/bin/python(_PyObject_MakeTpCall+0x2ec) [0x55a7151477ac]
19  /opt/conda/envs/gdf/bin/python(+0xf266c) [0x55a71510266c]
20  /opt/conda/envs/gdf/bin/python(+0x136833) [0x55a715146833]
21  /opt/conda/envs/gdf/bin/python(_PyEval_EvalFrameDefault+0x58b4) [0x55a715144824]
22  /opt/conda/envs/gdf/bin/python(+0x13f802) [0x55a71514f802]
23  /opt/conda/envs/gdf/bin/python(_PyEval_EvalFrameDefault+0x696) [0x55a71513f606]
24  /opt/conda/envs/gdf/bin/python(+0x13f802) [0x55a71514f802]
25  /opt/conda/envs/gdf/bin/python(_PyEval_EvalFrameDefault+0x696) [0x55a71513f606]
26  /opt/conda/envs/gdf/bin/python(+0x13f802) [0x55a71514f802]
27  /opt/conda/envs/gdf/bin/python(_PyEval_EvalFrameDefault+0x696) [0x55a71513f606]
28  /opt/conda/envs/gdf/bin/python(+0x13f802) [0x55a71514f802]
29  /opt/conda/envs/gdf/bin/python(_PyEval_EvalFrameDefault+0x696) [0x55a71513f606]
30  /opt/conda/envs/gdf/bin/python(+0x12e184) [0x55a71513e184]
31  /opt/conda/envs/gdf/bin/python(_PyFunction_Vectorcall+0xd9) [0x55a71514f559]
32  /opt/conda/envs/gdf/bin/python(_PyEval_EvalFrameDefault+0x11f2) [0x55a715140162]
33  /opt/conda/envs/gdf/bin/python(+0x12e184) [0x55a71513e184]
34  /opt/conda/envs/gdf/bin/python(+0x14c9fb) [0x55a71515c9fb]
35  /opt/conda/envs/gdf/bin/python(PyObject_Call+0xbc) [0x55a71515d17c]
36  /opt/conda/envs/gdf/bin/python(+0x2109ce) [0x55a7152209ce]
37  /opt/conda/envs/gdf/bin/python(_PyObject_MakeTpCall+0x2ec) [0x55a7151477ac]
38  /opt/conda/envs/gdf/bin/python(_PyEval_EvalFrameDefault+0x45a6) [0x55a715143516]
39  /opt/conda/envs/gdf/bin/python(+0x13f802) [0x55a71514f802]
40  /opt/conda/envs/gdf/bin/python(+0x14cadc) [0x55a71515cadc]
41  /opt/conda/envs/gdf/bin/python(_PyEval_EvalFrameDefault+0x45a6) [0x55a715143516]
42  /opt/conda/envs/gdf/bin/python(+0x13f802) [0x55a71514f802]
43  /opt/conda/envs/gdf/bin/python(_PyEval_EvalFrameDefault+0x696) [0x55a71513f606]
44  /opt/conda/envs/gdf/bin/python(+0x12e184) [0x55a71513e184]
45  /opt/conda/envs/gdf/bin/python(_PyFunction_Vectorcall+0xd9) [0x55a71514f559]
46  /opt/conda/envs/gdf/bin/python(_PyEval_EvalFrameDefault+0x696) [0x55a71513f606]
47  /opt/conda/envs/gdf/bin/python(+0x13f802) [0x55a71514f802]
48  /opt/conda/envs/gdf/bin/python(_PyEval_EvalFrameDefault+0x3e2) [0x55a71513f352]
49  /opt/conda/envs/gdf/bin/python(+0x12e184) [0x55a71513e184]
50  /opt/conda/envs/gdf/bin/python(_PyFunction_Vectorcall+0xd9) [0x55a71514f559]
51  /opt/conda/envs/gdf/bin/python(_PyEval_EvalFrameDefault+0x11f2) [0x55a715140162]
52  /opt/conda/envs/gdf/bin/python(+0x12e184) [0x55a71513e184]
53  /opt/conda/envs/gdf/bin/python(_PyEval_EvalCodeWithName+0x48) [0x55a71513de58]
54  /opt/conda/envs/gdf/bin/python(PyEval_EvalCodeEx+0x39) [0x55a71513de09]
55  /opt/conda/envs/gdf/bin/python(PyEval_EvalCode+0x1b) [0x55a7151eb4ab]
56  /opt/conda/envs/gdf/bin/python(+0x20887a) [0x55a71521887a]
57  /opt/conda/envs/gdf/bin/python(+0x204c03) [0x55a715214c03]
58  /opt/conda/envs/gdf/bin/python(PyRun_StringFlags+0x9a) [0x55a71520ca1a]
59  /opt/conda/envs/gdf/bin/python(PyRun_SimpleStringFlags+0x3c) [0x55a71520c90c]
60  /opt/conda/envs/gdf/bin/python(Py_RunMain+0x267) [0x55a71520bb47]
61  /opt/conda/envs/gdf/bin/python(Py_BytesMain+0x37) [0x55a7151df2e7]
=================================
==== backtrace (tid:  92507) ====
 0  /opt/conda/envs/gdf/lib/libucs.so.0(ucs_handle_error+0x2fd) [0x7f025007adad]
 1  /opt/conda/envs/gdf/lib/libucs.so.0(+0x2dfa4) [0x7f025007afa4]
 2  /opt/conda/envs/gdf/lib/libucs.so.0(+0x2e16a) [0x7f025007b16a]
 3  /usr/lib/x86_64-linux-gnu/libpthread.so.0(+0x14420) [0x7f0289c47420]
 4  /opt/conda/envs/gdf/lib/libucp.so.0(ucp_mem_type_unpack+0x17) [0x7f0223f73147]
 5  /opt/conda/envs/gdf/lib/libucp.so.0(ucp_rndv_data_handler+0x66d) [0x7f0223f9df1d]
 6  /opt/conda/envs/gdf/lib/libuct.so.0(+0x21c4f) [0x7f0250030c4f]
 7  /opt/conda/envs/gdf/lib/libuct.so.0(+0x24e68) [0x7f0250033e68]
 8  /opt/conda/envs/gdf/lib/libucs.so.0(ucs_event_set_wait+0xb9) [0x7f0250084619]
 9  /opt/conda/envs/gdf/lib/libuct.so.0(uct_tcp_iface_progress+0x7d) [0x7f0250032f6d]
10  /opt/conda/envs/gdf/lib/libucp.so.0(ucp_worker_progress+0x5a) [0x7f0223f6fe9a]
11  /opt/conda/envs/gdf/lib/python3.9/site-packages/ucp/_libs/ucx_api.cpython-39-x86_64-linux-gnu.so(+0x3206a) [0x7f02500e306a]
12  /opt/conda/envs/gdf/bin/python(_PyEval_EvalFrameDefault+0x45a6) [0x55801e7d6516]
13  /opt/conda/envs/gdf/bin/python(+0x12e184) [0x55801e7d1184]
14  /opt/conda/envs/gdf/bin/python(_PyFunction_Vectorcall+0xd9) [0x55801e7e2559]
15  /opt/conda/envs/gdf/bin/python(_PyEval_EvalFrameDefault+0x696) [0x55801e7d2606]
16  /opt/conda/envs/gdf/bin/python(+0x13f802) [0x55801e7e2802]
17  /opt/conda/envs/gdf/bin/python(+0x14cbb3) [0x55801e7efbb3]
18  /opt/conda/envs/gdf/bin/python(+0x25842c) [0x55801e8fb42c]
19  /opt/conda/envs/gdf/bin/python(+0xf266c) [0x55801e79566c]
20  /opt/conda/envs/gdf/bin/python(+0x136833) [0x55801e7d9833]
21  /opt/conda/envs/gdf/bin/python(_PyEval_EvalFrameDefault+0x58b4) [0x55801e7d7824]
22  /opt/conda/envs/gdf/bin/python(+0x13f802) [0x55801e7e2802]
23  /opt/conda/envs/gdf/bin/python(_PyEval_EvalFrameDefault+0x696) [0x55801e7d2606]
24  /opt/conda/envs/gdf/bin/python(+0x13f802) [0x55801e7e2802]
25  /opt/conda/envs/gdf/bin/python(_PyEval_EvalFrameDefault+0x696) [0x55801e7d2606]
26  /opt/conda/envs/gdf/bin/python(+0x13f802) [0x55801e7e2802]
27  /opt/conda/envs/gdf/bin/python(_PyEval_EvalFrameDefault+0x696) [0x55801e7d2606]
28  /opt/conda/envs/gdf/bin/python(+0x13f802) [0x55801e7e2802]
29  /opt/conda/envs/gdf/bin/python(_PyEval_EvalFrameDefault+0x696) [0x55801e7d2606]
30  /opt/conda/envs/gdf/bin/python(+0x12e184) [0x55801e7d1184]
31  /opt/conda/envs/gdf/bin/python(_PyFunction_Vectorcall+0xd9) [0x55801e7e2559]
32  /opt/conda/envs/gdf/bin/python(_PyEval_EvalFrameDefault+0x11f2) [0x55801e7d3162]
33  /opt/conda/envs/gdf/bin/python(+0x12e184) [0x55801e7d1184]
34  /opt/conda/envs/gdf/bin/python(+0x14c9fb) [0x55801e7ef9fb]
35  /opt/conda/envs/gdf/bin/python(PyObject_Call+0xbc) [0x55801e7f017c]
36  /opt/conda/envs/gdf/bin/python(+0x2109ce) [0x55801e8b39ce]
37  /opt/conda/envs/gdf/bin/python(_PyObject_MakeTpCall+0x2ec) [0x55801e7da7ac]
38  /opt/conda/envs/gdf/bin/python(_PyEval_EvalFrameDefault+0x45a6) [0x55801e7d6516]
39  /opt/conda/envs/gdf/bin/python(+0x13f802) [0x55801e7e2802]
40  /opt/conda/envs/gdf/bin/python(+0x14cadc) [0x55801e7efadc]
41  /opt/conda/envs/gdf/bin/python(_PyEval_EvalFrameDefault+0x45a6) [0x55801e7d6516]
42  /opt/conda/envs/gdf/bin/python(+0x13f802) [0x55801e7e2802]
43  /opt/conda/envs/gdf/bin/python(_PyEval_EvalFrameDefault+0x696) [0x55801e7d2606]
44  /opt/conda/envs/gdf/bin/python(+0x12e184) [0x55801e7d1184]
45  /opt/conda/envs/gdf/bin/python(_PyFunction_Vectorcall+0xd9) [0x55801e7e2559]
46  /opt/conda/envs/gdf/bin/python(_PyEval_EvalFrameDefault+0x696) [0x55801e7d2606]
47  /opt/conda/envs/gdf/bin/python(+0x13f802) [0x55801e7e2802]
48  /opt/conda/envs/gdf/bin/python(_PyEval_EvalFrameDefault+0x3e2) [0x55801e7d2352]
49  /opt/conda/envs/gdf/bin/python(+0x12e184) [0x55801e7d1184]
50  /opt/conda/envs/gdf/bin/python(_PyFunction_Vectorcall+0xd9) [0x55801e7e2559]
51  /opt/conda/envs/gdf/bin/python(_PyEval_EvalFrameDefault+0x11f2) [0x55801e7d3162]
52  /opt/conda/envs/gdf/bin/python(+0x12e184) [0x55801e7d1184]
53  /opt/conda/envs/gdf/bin/python(_PyEval_EvalCodeWithName+0x48) [0x55801e7d0e58]
54  /opt/conda/envs/gdf/bin/python(PyEval_EvalCodeEx+0x39) [0x55801e7d0e09]
55  /opt/conda/envs/gdf/bin/python(PyEval_EvalCode+0x1b) [0x55801e87e4ab]
56  /opt/conda/envs/gdf/bin/python(+0x20887a) [0x55801e8ab87a]
57  /opt/conda/envs/gdf/bin/python(+0x204c03) [0x55801e8a7c03]
58  /opt/conda/envs/gdf/bin/python(PyRun_StringFlags+0x9a) [0x55801e89fa1a]
59  /opt/conda/envs/gdf/bin/python(PyRun_SimpleStringFlags+0x3c) [0x55801e89f90c]
60  /opt/conda/envs/gdf/bin/python(Py_RunMain+0x267) [0x55801e89eb47]
61  /opt/conda/envs/gdf/bin/python(Py_BytesMain+0x37) [0x55801e8722e7]
=================================
[dgx13:92503:0:92503] Caught signal 11 (Segmentation fault: address not mapped to object at address 0x450)
==== backtrace (tid:  92503) ====
 0  /opt/conda/envs/gdf/lib/libucs.so.0(ucs_handle_error+0x2fd) [0x7f663d084dad]
 1  /opt/conda/envs/gdf/lib/libucs.so.0(+0x2dfa4) [0x7f663d084fa4]
 2  /opt/conda/envs/gdf/lib/libucs.so.0(+0x2e16a) [0x7f663d08516a]
 3  /usr/lib/x86_64-linux-gnu/libpthread.so.0(+0x14420) [0x7f667ad2b420]
 4  /opt/conda/envs/gdf/lib/libucp.so.0(ucp_mem_type_unpack+0x17) [0x7f663d10a147]
 5  /opt/conda/envs/gdf/lib/libucp.so.0(ucp_rndv_data_handler+0x66d) [0x7f663d134f1d]
 6  /opt/conda/envs/gdf/lib/libuct.so.0(+0x21c4f) [0x7f663d03ac4f]
 7  /opt/conda/envs/gdf/lib/libuct.so.0(+0x24e68) [0x7f663d03de68]
 8  /opt/conda/envs/gdf/lib/libucs.so.0(ucs_event_set_wait+0xb9) [0x7f663d08e619]
 9  /opt/conda/envs/gdf/lib/libuct.so.0(uct_tcp_iface_progress+0x7d) [0x7f663d03cf6d]
10  /opt/conda/envs/gdf/lib/libucp.so.0(ucp_worker_progress+0x5a) [0x7f663d106e9a]
11  /opt/conda/envs/gdf/lib/python3.9/site-packages/ucp/_libs/ucx_api.cpython-39-x86_64-linux-gnu.so(+0x3206a) [0x7f663d1c906a]
12  /opt/conda/envs/gdf/bin/python(_PyEval_EvalFrameDefault+0x45a6) [0x55b8c6186516]
13  /opt/conda/envs/gdf/bin/python(+0x12e184) [0x55b8c6181184]
14  /opt/conda/envs/gdf/bin/python(_PyFunction_Vectorcall+0xd9) [0x55b8c6192559]
15  /opt/conda/envs/gdf/bin/python(_PyEval_EvalFrameDefault+0x696) [0x55b8c6182606]
16  /opt/conda/envs/gdf/bin/python(+0x1e28a2) [0x55b8c62358a2]
17  /opt/conda/envs/gdf/lib/python3.9/lib-dynload/_asyncio.cpython-39-x86_64-linux-gnu.so(+0x81e9) [0x7f666517a1e9]
18  /opt/conda/envs/gdf/bin/python(_PyObject_MakeTpCall+0x2ec) [0x55b8c618a7ac]
19  /opt/conda/envs/gdf/bin/python(+0xf266c) [0x55b8c614566c]
20  /opt/conda/envs/gdf/bin/python(+0x136833) [0x55b8c6189833]
21  /opt/conda/envs/gdf/bin/python(_PyEval_EvalFrameDefault+0x58b4) [0x55b8c6187824]
22  /opt/conda/envs/gdf/bin/python(+0x13f802) [0x55b8c6192802]
23  /opt/conda/envs/gdf/bin/python(_PyEval_EvalFrameDefault+0x696) [0x55b8c6182606]
24  /opt/conda/envs/gdf/bin/python(+0x13f802) [0x55b8c6192802]
25  /opt/conda/envs/gdf/bin/python(_PyEval_EvalFrameDefault+0x696) [0x55b8c6182606]
26  /opt/conda/envs/gdf/bin/python(+0x13f802) [0x55b8c6192802]
27  /opt/conda/envs/gdf/bin/python(_PyEval_EvalFrameDefault+0x696) [0x55b8c6182606]
28  /opt/conda/envs/gdf/bin/python(+0x13f802) [0x55b8c6192802]
29  /opt/conda/envs/gdf/bin/python(_PyEval_EvalFrameDefault+0x696) [0x55b8c6182606]
30  /opt/conda/envs/gdf/bin/python(+0x12e184) [0x55b8c6181184]
31  /opt/conda/envs/gdf/bin/python(_PyFunction_Vectorcall+0xd9) [0x55b8c6192559]
32  /opt/conda/envs/gdf/bin/python(_PyEval_EvalFrameDefault+0x11f2) [0x55b8c6183162]
33  /opt/conda/envs/gdf/bin/python(+0x12e184) [0x55b8c6181184]
34  /opt/conda/envs/gdf/bin/python(+0x14c9fb) [0x55b8c619f9fb]
35  /opt/conda/envs/gdf/bin/python(PyObject_Call+0xbc) [0x55b8c61a017c]
36  /opt/conda/envs/gdf/bin/python(+0x2109ce) [0x55b8c62639ce]
37  /opt/conda/envs/gdf/bin/python(_PyObject_MakeTpCall+0x2ec) [0x55b8c618a7ac]
38  /opt/conda/envs/gdf/bin/python(_PyEval_EvalFrameDefault+0x45a6) [0x55b8c6186516]
39  /opt/conda/envs/gdf/bin/python(+0x13f802) [0x55b8c6192802]
40  /opt/conda/envs/gdf/bin/python(+0x14cadc) [0x55b8c619fadc]
41  /opt/conda/envs/gdf/bin/python(_PyEval_EvalFrameDefault+0x45a6) [0x55b8c6186516]
42  /opt/conda/envs/gdf/bin/python(+0x13f802) [0x55b8c6192802]
43  /opt/conda/envs/gdf/bin/python(_PyEval_EvalFrameDefault+0x696) [0x55b8c6182606]
44  /opt/conda/envs/gdf/bin/python(+0x12e184) [0x55b8c6181184]
45  /opt/conda/envs/gdf/bin/python(_PyFunction_Vectorcall+0xd9) [0x55b8c6192559]
46  /opt/conda/envs/gdf/bin/python(_PyEval_EvalFrameDefault+0x696) [0x55b8c6182606]
47  /opt/conda/envs/gdf/bin/python(+0x13f802) [0x55b8c6192802]
48  /opt/conda/envs/gdf/bin/python(_PyEval_EvalFrameDefault+0x3e2) [0x55b8c6182352]
49  /opt/conda/envs/gdf/bin/python(+0x12e184) [0x55b8c6181184]
50  /opt/conda/envs/gdf/bin/python(_PyFunction_Vectorcall+0xd9) [0x55b8c6192559]
51  /opt/conda/envs/gdf/bin/python(_PyEval_EvalFrameDefault+0x11f2) [0x55b8c6183162]
52  /opt/conda/envs/gdf/bin/python(+0x12e184) [0x55b8c6181184]
53  /opt/conda/envs/gdf/bin/python(_PyEval_EvalCodeWithName+0x48) [0x55b8c6180e58]
54  /opt/conda/envs/gdf/bin/python(PyEval_EvalCodeEx+0x39) [0x55b8c6180e09]
55  /opt/conda/envs/gdf/bin/python(PyEval_EvalCode+0x1b) [0x55b8c622e4ab]
56  /opt/conda/envs/gdf/bin/python(+0x20887a) [0x55b8c625b87a]
57  /opt/conda/envs/gdf/bin/python(+0x204c03) [0x55b8c6257c03]
58  /opt/conda/envs/gdf/bin/python(PyRun_StringFlags+0x9a) [0x55b8c624fa1a]
59  /opt/conda/envs/gdf/bin/python(PyRun_SimpleStringFlags+0x3c) [0x55b8c624f90c]
60  /opt/conda/envs/gdf/bin/python(Py_RunMain+0x267) [0x55b8c624eb47]
61  /opt/conda/envs/gdf/bin/python(Py_BytesMain+0x37) [0x55b8c62222e7]
=================================
Task exception was never retrieved
future: <Task finished name='Task-534' coro=<_listener_handler_coroutine() done, defined at /opt/conda/envs/gdf/lib/python3.9/site-packages/ucp/core.py:140> exception=UCXError('<stream_recv>: Connection reset by remote peer')>
Traceback (most recent call last):
  File "/opt/conda/envs/gdf/lib/python3.9/site-packages/ucp/core.py", line 155, in _listener_handler_coroutine
    peer_info = await exchange_peer_info(
  File "/opt/conda/envs/gdf/lib/python3.9/site-packages/ucp/core.py", line 55, in exchange_peer_info
    await asyncio.wait_for(
  File "/opt/conda/envs/gdf/lib/python3.9/asyncio/tasks.py", line 479, in wait_for
    return fut.result()
ucp._libs.exceptions.UCXError: <stream_recv>: Connection reset by remote peer
2024-06-10 05:55:56,077 - distributed.scheduler - WARNING - Removing worker 'ucx://127.0.0.1:48275' caused the cluster to lose already computed task(s), which will be recomputed elsewhere: {('split-taskshuffle-6069670213e233d5016755b29b3e54d4', 2, 4), ('generate_chunk-_to_string_dtype-26fc8ffd6cffe3bf06a052b526402c5c', 6), ('split-taskshuffle-6069670213e233d5016755b29b3e54d4', 4, 4), ('split-taskshuffle-6069670213e233d5016755b29b3e54d4', 5, 4), ('split-taskshuffle-6069670213e233d5016755b29b3e54d4', 0, 4), ('split-taskshuffle-6069670213e233d5016755b29b3e54d4', 3, 4), ('split-taskshuffle-6069670213e233d5016755b29b3e54d4', 6, 4), ('split-taskshuffle-6069670213e233d5016755b29b3e54d4', 1, 4), ('split-taskshuffle-6069670213e233d5016755b29b3e54d4', 7, 4)} (stimulus_id='handle-worker-cleanup-1717998956.076664')
2024-06-10 05:55:56,076 - distributed.worker - ERROR - Worker stream died during communication: ucx://127.0.0.1:48275
Traceback (most recent call last):
  File "/opt/conda/envs/gdf/lib/python3.9/site-packages/distributed/comm/ucx.py", line 350, in read
    await self.ep.recv(msg)
  File "/opt/conda/envs/gdf/lib/python3.9/site-packages/ucp/core.py", line 737, in recv
    ret = await comm.tag_recv(self._ep, buffer, nbytes, tag, name=log)
ucp._libs.exceptions.UCXCanceled: <[Recv #000] ep: 0x7ff1313841c0, tag: 0x74e1a078e1cb82f3, nbytes: 16, type: <class 'numpy.ndarray'>>: 

During handling of the above exception, another exception occurred:

Traceback (most recent call last):
  File "/opt/conda/envs/gdf/lib/python3.9/site-packages/distributed/worker.py", line 2059, in gather_dep
    response = await get_data_from_worker(
  File "/opt/conda/envs/gdf/lib/python3.9/site-packages/distributed/worker.py", line 2860, in get_data_from_worker
    comm = await rpc.connect(worker)
  File "/opt/conda/envs/gdf/lib/python3.9/site-packages/distributed/core.py", line 1674, in connect
    return connect_attempt.result()
  File "/opt/conda/envs/gdf/lib/python3.9/site-packages/distributed/core.py", line 1564, in _connect
    comm = await connect(
  File "/opt/conda/envs/gdf/lib/python3.9/site-packages/distributed/comm/core.py", line 377, in connect
    handshake = await comm.read()
  File "/opt/conda/envs/gdf/lib/python3.9/site-packages/distributed/utils.py", line 832, in wrapper
    return await func(*args, **kwargs)
  File "/opt/conda/envs/gdf/lib/python3.9/site-packages/distributed/comm/ucx.py", line 368, in read
    raise CommClosedError(
distributed.comm.core.CommClosedError: Connection closed by writer.
Inner exception: UCXCanceled("<[Recv #000] ep: 0x7ff1313841c0, tag: 0x74e1a078e1cb82f3, nbytes: 16, type: <class 'numpy.ndarray'>>: ")
2024-06-10 05:55:56,088 - distributed.scheduler - WARNING - Removing worker 'ucx://127.0.0.1:54145' caused the cluster to lose already computed task(s), which will be recomputed elsewhere: {('split-taskshuffle-6069670213e233d5016755b29b3e54d4', 7, 2), ('split-taskshuffle-6069670213e233d5016755b29b3e54d4', 4, 2), ('split-taskshuffle-6069670213e233d5016755b29b3e54d4', 3, 2), ('generate_chunk-_to_string_dtype-26fc8ffd6cffe3bf06a052b526402c5c', 2), ('split-taskshuffle-6069670213e233d5016755b29b3e54d4', 2, 2), ('split-taskshuffle-6069670213e233d5016755b29b3e54d4', 5, 2), ('split-taskshuffle-6069670213e233d5016755b29b3e54d4', 0, 2), ('split-taskshuffle-6069670213e233d5016755b29b3e54d4', 6, 2), ('split-taskshuffle-6069670213e233d5016755b29b3e54d4', 1, 2)} (stimulus_id='handle-worker-cleanup-1717998956.088595')
2024-06-10 05:55:56,101 - distributed.worker - ERROR - Worker stream died during communication: ucx://127.0.0.1:54145
Traceback (most recent call last):
  File "/opt/conda/envs/gdf/lib/python3.9/site-packages/distributed/comm/ucx.py", line 350, in read
    await self.ep.recv(msg)
  File "/opt/conda/envs/gdf/lib/python3.9/site-packages/ucp/core.py", line 737, in recv
    ret = await comm.tag_recv(self._ep, buffer, nbytes, tag, name=log)
ucp._libs.exceptions.UCXCanceled: <[Recv #003] ep: 0x7ff1313842c0, tag: 0x9c3262148eea2fe7, nbytes: 16, type: <class 'numpy.ndarray'>>: 

During handling of the above exception, another exception occurred:

Traceback (most recent call last):
  File "/opt/conda/envs/gdf/lib/python3.9/site-packages/distributed/worker.py", line 2059, in gather_dep
    response = await get_data_from_worker(
  File "/opt/conda/envs/gdf/lib/python3.9/site-packages/distributed/worker.py", line 2863, in get_data_from_worker
    response = await send_recv(
  File "/opt/conda/envs/gdf/lib/python3.9/site-packages/distributed/core.py", line 1154, in send_recv
    response = await comm.read(deserializers=deserializers)
  File "/opt/conda/envs/gdf/lib/python3.9/site-packages/distributed/utils.py", line 832, in wrapper
    return await func(*args, **kwargs)
  File "/opt/conda/envs/gdf/lib/python3.9/site-packages/distributed/comm/ucx.py", line 368, in read
    raise CommClosedError(
distributed.comm.core.CommClosedError: Connection closed by writer.
Inner exception: UCXCanceled("<[Recv #003] ep: 0x7ff1313842c0, tag: 0x9c3262148eea2fe7, nbytes: 16, type: <class 'numpy.ndarray'>>: ")
2024-06-10 05:55:56,163 - distributed.nanny - WARNING - Restarting worker
2024-06-10 05:55:56,165 - distributed.worker - ERROR - Worker stream died during communication: ucx://127.0.0.1:54145
Traceback (most recent call last):
  File "/opt/conda/envs/gdf/lib/python3.9/site-packages/distributed/comm/ucx.py", line 350, in read
    await self.ep.recv(msg)
  File "/opt/conda/envs/gdf/lib/python3.9/site-packages/ucp/core.py", line 737, in recv
    ret = await comm.tag_recv(self._ep, buffer, nbytes, tag, name=log)
ucp._libs.exceptions.UCXCanceled: <[Recv #003] ep: 0x7f3b20469200, tag: 0xd3824cc60c844eed, nbytes: 16, type: <class 'numpy.ndarray'>>: 

During handling of the above exception, another exception occurred:

Traceback (most recent call last):
  File "/opt/conda/envs/gdf/lib/python3.9/site-packages/distributed/worker.py", line 2059, in gather_dep
    response = await get_data_from_worker(
  File "/opt/conda/envs/gdf/lib/python3.9/site-packages/distributed/worker.py", line 2863, in get_data_from_worker
    response = await send_recv(
  File "/opt/conda/envs/gdf/lib/python3.9/site-packages/distributed/core.py", line 1154, in send_recv
    response = await comm.read(deserializers=deserializers)
  File "/opt/conda/envs/gdf/lib/python3.9/site-packages/distributed/utils.py", line 832, in wrapper
    return await func(*args, **kwargs)
  File "/opt/conda/envs/gdf/lib/python3.9/site-packages/distributed/comm/ucx.py", line 368, in read
    raise CommClosedError(
distributed.comm.core.CommClosedError: Connection closed by writer.
Inner exception: UCXCanceled("<[Recv #003] ep: 0x7f3b20469200, tag: 0xd3824cc60c844eed, nbytes: 16, type: <class 'numpy.ndarray'>>: ")
2024-06-10 05:55:56,176 - distributed.worker - ERROR - failed during get data with ucx://127.0.0.1:46387 -> ucx://127.0.0.1:54145
Traceback (most recent call last):
  File "/opt/conda/envs/gdf/lib/python3.9/site-packages/distributed/comm/ucx.py", line 316, in write
    await self.ep.send(struct.pack("?Q", False, nframes))
  File "/opt/conda/envs/gdf/lib/python3.9/site-packages/ucp/core.py", line 641, in send
    self._ep.raise_on_error()
  File "ucp/_libs/ucx_endpoint.pyx", line 353, in ucp._libs.ucx_api.UCXEndpoint.raise_on_error
ucp._libs.exceptions.UCXConnectionReset: Endpoint 0x7ff34262a300 error: Connection reset by remote peer

During handling of the above exception, another exception occurred:

Traceback (most recent call last):
  File "/opt/conda/envs/gdf/lib/python3.9/site-packages/distributed/worker.py", line 1782, in get_data
    compressed = await comm.write(msg, serializers=serializers)
  File "/opt/conda/envs/gdf/lib/python3.9/site-packages/distributed/utils.py", line 832, in wrapper
    return await func(*args, **kwargs)
  File "/opt/conda/envs/gdf/lib/python3.9/site-packages/distributed/comm/ucx.py", line 338, in write
    raise CommClosedError("While writing, the connection was closed")
distributed.comm.core.CommClosedError: While writing, the connection was closed
2024-06-10 05:55:56,178 - distributed.worker - ERROR - failed during get data with ucx://127.0.0.1:46387 -> ucx://127.0.0.1:48275
Traceback (most recent call last):
  File "/opt/conda/envs/gdf/lib/python3.9/site-packages/distributed/comm/ucx.py", line 334, in write
    await self.ep.send(each_frame)
  File "/opt/conda/envs/gdf/lib/python3.9/site-packages/ucp/core.py", line 662, in send
    return await comm.tag_send(self._ep, buffer, nbytes, tag, name=log)
ucp._libs.exceptions.UCXError: <[Send #007] ep: 0x7ff34262a380, tag: 0x87129f9369792699, nbytes: 100000000, type: <class 'cudf.core.buffer.buffer.Buffer'>>: Connection reset by remote peer

During handling of the above exception, another exception occurred:

Traceback (most recent call last):
  File "/opt/conda/envs/gdf/lib/python3.9/site-packages/distributed/worker.py", line 1782, in get_data
    compressed = await comm.write(msg, serializers=serializers)
  File "/opt/conda/envs/gdf/lib/python3.9/site-packages/distributed/utils.py", line 832, in wrapper
    return await func(*args, **kwargs)
  File "/opt/conda/envs/gdf/lib/python3.9/site-packages/distributed/comm/ucx.py", line 338, in write
    raise CommClosedError("While writing, the connection was closed")
distributed.comm.core.CommClosedError: While writing, the connection was closed
2024-06-10 05:55:56,179 - distributed.worker - ERROR - Worker stream died during communication: ucx://127.0.0.1:54145
Traceback (most recent call last):
  File "/opt/conda/envs/gdf/lib/python3.9/site-packages/distributed/comm/ucx.py", line 350, in read
    await self.ep.recv(msg)
  File "/opt/conda/envs/gdf/lib/python3.9/site-packages/ucp/core.py", line 737, in recv
    ret = await comm.tag_recv(self._ep, buffer, nbytes, tag, name=log)
ucp._libs.exceptions.UCXCanceled: <[Recv #003] ep: 0x7ff34262a200, tag: 0x5ea97976a316297f, nbytes: 16, type: <class 'numpy.ndarray'>>: 

During handling of the above exception, another exception occurred:

Traceback (most recent call last):
  File "/opt/conda/envs/gdf/lib/python3.9/site-packages/distributed/worker.py", line 2059, in gather_dep
    response = await get_data_from_worker(
  File "/opt/conda/envs/gdf/lib/python3.9/site-packages/distributed/worker.py", line 2863, in get_data_from_worker
    response = await send_recv(
  File "/opt/conda/envs/gdf/lib/python3.9/site-packages/distributed/core.py", line 1154, in send_recv
    response = await comm.read(deserializers=deserializers)
  File "/opt/conda/envs/gdf/lib/python3.9/site-packages/distributed/utils.py", line 832, in wrapper
    return await func(*args, **kwargs)
  File "/opt/conda/envs/gdf/lib/python3.9/site-packages/distributed/comm/ucx.py", line 368, in read
    raise CommClosedError(
distributed.comm.core.CommClosedError: Connection closed by writer.
Inner exception: UCXCanceled("<[Recv #003] ep: 0x7ff34262a200, tag: 0x5ea97976a316297f, nbytes: 16, type: <class 'numpy.ndarray'>>: ")
2024-06-10 05:55:56,180 - distributed.worker - ERROR - Worker stream died during communication: ucx://127.0.0.1:48275
Traceback (most recent call last):
  File "/opt/conda/envs/gdf/lib/python3.9/site-packages/distributed/comm/ucx.py", line 350, in read
    await self.ep.recv(msg)
  File "/opt/conda/envs/gdf/lib/python3.9/site-packages/ucp/core.py", line 737, in recv
    ret = await comm.tag_recv(self._ep, buffer, nbytes, tag, name=log)
ucp._libs.exceptions.UCXCanceled: <[Recv #003] ep: 0x7ff34262a140, tag: 0x856db1b3e5a2b093, nbytes: 16, type: <class 'numpy.ndarray'>>: 

During handling of the above exception, another exception occurred:

Traceback (most recent call last):
  File "/opt/conda/envs/gdf/lib/python3.9/site-packages/distributed/worker.py", line 2059, in gather_dep
    response = await get_data_from_worker(
  File "/opt/conda/envs/gdf/lib/python3.9/site-packages/distributed/worker.py", line 2863, in get_data_from_worker
    response = await send_recv(
  File "/opt/conda/envs/gdf/lib/python3.9/site-packages/distributed/core.py", line 1154, in send_recv
    response = await comm.read(deserializers=deserializers)
  File "/opt/conda/envs/gdf/lib/python3.9/site-packages/distributed/utils.py", line 832, in wrapper
    return await func(*args, **kwargs)
  File "/opt/conda/envs/gdf/lib/python3.9/site-packages/distributed/comm/ucx.py", line 368, in read
    raise CommClosedError(
distributed.comm.core.CommClosedError: Connection closed by writer.
Inner exception: UCXCanceled("<[Recv #003] ep: 0x7ff34262a140, tag: 0x856db1b3e5a2b093, nbytes: 16, type: <class 'numpy.ndarray'>>: ")
2024-06-10 05:55:56,191 - distributed.scheduler - WARNING - Removing worker 'ucx://127.0.0.1:50313' caused the cluster to lose already computed task(s), which will be recomputed elsewhere: {('generate_chunk-_to_string_dtype-26fc8ffd6cffe3bf06a052b526402c5c', 3), ('split-taskshuffle-6069670213e233d5016755b29b3e54d4', 2, 3), ('split-taskshuffle-6069670213e233d5016755b29b3e54d4', 4, 3), ('split-taskshuffle-6069670213e233d5016755b29b3e54d4', 5, 3), ('split-taskshuffle-6069670213e233d5016755b29b3e54d4', 0, 3), ('split-taskshuffle-6069670213e233d5016755b29b3e54d4', 6, 3), ('split-taskshuffle-6069670213e233d5016755b29b3e54d4', 1, 3), ('split-taskshuffle-6069670213e233d5016755b29b3e54d4', 7, 3), ('split-taskshuffle-6069670213e233d5016755b29b3e54d4', 3, 3)} (stimulus_id='handle-worker-cleanup-1717998956.1906207')
2024-06-10 05:55:56,193 - distributed.scheduler - WARNING - Removing worker 'ucx://127.0.0.1:58765' caused the cluster to lose already computed task(s), which will be recomputed elsewhere: {('split-taskshuffle-6069670213e233d5016755b29b3e54d4', 2, 0), ('split-taskshuffle-6069670213e233d5016755b29b3e54d4', 4, 0), ('split-taskshuffle-6069670213e233d5016755b29b3e54d4', 5, 0), ('split-taskshuffle-6069670213e233d5016755b29b3e54d4', 0, 0), ('split-taskshuffle-6069670213e233d5016755b29b3e54d4', 6, 0), ('split-taskshuffle-6069670213e233d5016755b29b3e54d4', 1, 0), ('split-taskshuffle-6069670213e233d5016755b29b3e54d4', 7, 0), ('generate_chunk-_to_string_dtype-26fc8ffd6cffe3bf06a052b526402c5c', 1), ('split-taskshuffle-6069670213e233d5016755b29b3e54d4', 3, 0)} (stimulus_id='handle-worker-cleanup-1717998956.1929862')
Task exception was never retrieved
future: <Task finished name='Task-439' coro=<_listener_handler_coroutine() done, defined at /opt/conda/envs/gdf/lib/python3.9/site-packages/ucp/core.py:140> exception=UCXError('<stream_recv>: Connection reset by remote peer')>
Traceback (most recent call last):
  File "/opt/conda/envs/gdf/lib/python3.9/site-packages/ucp/core.py", line 155, in _listener_handler_coroutine
    peer_info = await exchange_peer_info(
  File "/opt/conda/envs/gdf/lib/python3.9/site-packages/ucp/core.py", line 55, in exchange_peer_info
    await asyncio.wait_for(
  File "/opt/conda/envs/gdf/lib/python3.9/asyncio/tasks.py", line 479, in wait_for
    return fut.result()
ucp._libs.exceptions.UCXError: <stream_recv>: Connection reset by remote peer
2024-06-10 05:55:56,224 - distributed.nanny - WARNING - Restarting worker
2024-06-10 05:55:56,237 - distributed.worker - ERROR - Worker stream died during communication: ucx://127.0.0.1:58765
Traceback (most recent call last):
  File "/opt/conda/envs/gdf/lib/python3.9/site-packages/distributed/comm/ucx.py", line 392, in read
    await self.ep.recv(each_frame)
  File "/opt/conda/envs/gdf/lib/python3.9/site-packages/ucp/core.py", line 737, in recv
    ret = await comm.tag_recv(self._ep, buffer, nbytes, tag, name=log)
ucp._libs.exceptions.UCXCanceled: <[Recv #008] ep: 0x7ff34262a1c0, tag: 0xc993db49503fac13, nbytes: 100000000, type: <class 'rmm._lib.device_buffer.DeviceBuffer'>>: 

During handling of the above exception, another exception occurred:

Traceback (most recent call last):
  File "/opt/conda/envs/gdf/lib/python3.9/site-packages/distributed/worker.py", line 2059, in gather_dep
    response = await get_data_from_worker(
  File "/opt/conda/envs/gdf/lib/python3.9/site-packages/distributed/worker.py", line 2863, in get_data_from_worker
    response = await send_recv(
  File "/opt/conda/envs/gdf/lib/python3.9/site-packages/distributed/core.py", line 1154, in send_recv
    response = await comm.read(deserializers=deserializers)
  File "/opt/conda/envs/gdf/lib/python3.9/site-packages/distributed/utils.py", line 832, in wrapper
    return await func(*args, **kwargs)
  File "/opt/conda/envs/gdf/lib/python3.9/site-packages/distributed/comm/ucx.py", line 398, in read
    raise CommClosedError(
distributed.comm.core.CommClosedError: Connection closed by writer.
Inner exception: UCXCanceled("<[Recv #008] ep: 0x7ff34262a1c0, tag: 0xc993db49503fac13, nbytes: 100000000, type: <class 'rmm._lib.device_buffer.DeviceBuffer'>>: ")
2024-06-10 05:55:56,244 - distributed.worker - ERROR - failed during get data with ucx://127.0.0.1:48907 -> ucx://127.0.0.1:58765
Traceback (most recent call last):
  File "/opt/conda/envs/gdf/lib/python3.9/site-packages/distributed/comm/ucx.py", line 334, in write
    await self.ep.send(each_frame)
  File "/opt/conda/envs/gdf/lib/python3.9/site-packages/ucp/core.py", line 662, in send
    return await comm.tag_send(self._ep, buffer, nbytes, tag, name=log)
ucp._libs.exceptions.UCXError: <[Send #007] ep: 0x7f3b20469100, tag: 0x1230cdd5f7c14d95, nbytes: 100000000, type: <class 'cudf.core.buffer.buffer.Buffer'>>: Connection reset by remote peer

During handling of the above exception, another exception occurred:

Traceback (most recent call last):
  File "/opt/conda/envs/gdf/lib/python3.9/site-packages/distributed/worker.py", line 1782, in get_data
    compressed = await comm.write(msg, serializers=serializers)
  File "/opt/conda/envs/gdf/lib/python3.9/site-packages/distributed/utils.py", line 832, in wrapper
    return await func(*args, **kwargs)
  File "/opt/conda/envs/gdf/lib/python3.9/site-packages/distributed/comm/ucx.py", line 338, in write
    raise CommClosedError("While writing, the connection was closed")
distributed.comm.core.CommClosedError: While writing, the connection was closed
2024-06-10 05:55:56,247 - distributed.worker - ERROR - Worker stream died during communication: ucx://127.0.0.1:50313
Traceback (most recent call last):
  File "/opt/conda/envs/gdf/lib/python3.9/site-packages/distributed/comm/ucx.py", line 392, in read
    await self.ep.recv(each_frame)
  File "/opt/conda/envs/gdf/lib/python3.9/site-packages/ucp/core.py", line 737, in recv
    ret = await comm.tag_recv(self._ep, buffer, nbytes, tag, name=log)
ucp._libs.exceptions.UCXCanceled: <[Recv #008] ep: 0x7ff131384200, tag: 0xa5b8052626e511a2, nbytes: 100000000, type: <class 'rmm._lib.device_buffer.DeviceBuffer'>>: 

During handling of the above exception, another exception occurred:

Traceback (most recent call last):
  File "/opt/conda/envs/gdf/lib/python3.9/site-packages/distributed/worker.py", line 2059, in gather_dep
    response = await get_data_from_worker(
  File "/opt/conda/envs/gdf/lib/python3.9/site-packages/distributed/worker.py", line 2863, in get_data_from_worker
    response = await send_recv(
  File "/opt/conda/envs/gdf/lib/python3.9/site-packages/distributed/core.py", line 1154, in send_recv
    response = await comm.read(deserializers=deserializers)
  File "/opt/conda/envs/gdf/lib/python3.9/site-packages/distributed/utils.py", line 832, in wrapper
    return await func(*args, **kwargs)
  File "/opt/conda/envs/gdf/lib/python3.9/site-packages/distributed/comm/ucx.py", line 398, in read
    raise CommClosedError(
distributed.comm.core.CommClosedError: Connection closed by writer.
Inner exception: UCXCanceled("<[Recv #008] ep: 0x7ff131384200, tag: 0xa5b8052626e511a2, nbytes: 100000000, type: <class 'rmm._lib.device_buffer.DeviceBuffer'>>: ")
2024-06-10 05:55:56,242 - distributed.worker - ERROR - Worker stream died during communication: ucx://127.0.0.1:50313
Traceback (most recent call last):
  File "/opt/conda/envs/gdf/lib/python3.9/site-packages/distributed/comm/ucx.py", line 392, in read
    await self.ep.recv(each_frame)
  File "/opt/conda/envs/gdf/lib/python3.9/site-packages/ucp/core.py", line 737, in recv
    ret = await comm.tag_recv(self._ep, buffer, nbytes, tag, name=log)
ucp._libs.exceptions.UCXCanceled: <[Recv #008] ep: 0x7ff34262a100, tag: 0xe265cf86dd9d9b35, nbytes: 100000000, type: <class 'rmm._lib.device_buffer.DeviceBuffer'>>: 

During handling of the above exception, another exception occurred:

Traceback (most recent call last):
  File "/opt/conda/envs/gdf/lib/python3.9/site-packages/distributed/worker.py", line 2059, in gather_dep
    response = await get_data_from_worker(
  File "/opt/conda/envs/gdf/lib/python3.9/site-packages/distributed/worker.py", line 2863, in get_data_from_worker
    response = await send_recv(
  File "/opt/conda/envs/gdf/lib/python3.9/site-packages/distributed/core.py", line 1154, in send_recv
    response = await comm.read(deserializers=deserializers)
  File "/opt/conda/envs/gdf/lib/python3.9/site-packages/distributed/utils.py", line 832, in wrapper
    return await func(*args, **kwargs)
  File "/opt/conda/envs/gdf/lib/python3.9/site-packages/distributed/comm/ucx.py", line 398, in read
    raise CommClosedError(
distributed.comm.core.CommClosedError: Connection closed by writer.
Inner exception: UCXCanceled("<[Recv #008] ep: 0x7ff34262a100, tag: 0xe265cf86dd9d9b35, nbytes: 100000000, type: <class 'rmm._lib.device_buffer.DeviceBuffer'>>: ")
2024-06-10 05:55:56,266 - distributed.scheduler - WARNING - Removing worker 'ucx://127.0.0.1:48835' caused the cluster to lose already computed task(s), which will be recomputed elsewhere: {('split-taskshuffle-6069670213e233d5016755b29b3e54d4', 3, 6), ('generate_chunk-_to_string_dtype-26fc8ffd6cffe3bf06a052b526402c5c', 5), ('split-taskshuffle-6069670213e233d5016755b29b3e54d4', 2, 6), ('split-taskshuffle-6069670213e233d5016755b29b3e54d4', 4, 6), ('split-taskshuffle-6069670213e233d5016755b29b3e54d4', 5, 6), ('split-taskshuffle-6069670213e233d5016755b29b3e54d4', 0, 6), ('split-taskshuffle-6069670213e233d5016755b29b3e54d4', 6, 6), ('split-taskshuffle-6069670213e233d5016755b29b3e54d4', 1, 6), ('split-taskshuffle-6069670213e233d5016755b29b3e54d4', 7, 6)} (stimulus_id='handle-worker-cleanup-1717998956.265948')
2024-06-10 05:55:56,316 - distributed.nanny - WARNING - Restarting worker
2024-06-10 05:55:56,340 - distributed.worker - ERROR - Worker stream died during communication: ucx://127.0.0.1:48835
Traceback (most recent call last):
  File "/opt/conda/envs/gdf/lib/python3.9/site-packages/distributed/comm/ucx.py", line 392, in read
    await self.ep.recv(each_frame)
  File "/opt/conda/envs/gdf/lib/python3.9/site-packages/ucp/core.py", line 737, in recv
    ret = await comm.tag_recv(self._ep, buffer, nbytes, tag, name=log)
ucp._libs.exceptions.UCXCanceled: <[Recv #008] ep: 0x7ff34262a180, tag: 0x2ca7e76d89251b43, nbytes: 100000000, type: <class 'rmm._lib.device_buffer.DeviceBuffer'>>: 

During handling of the above exception, another exception occurred:

Traceback (most recent call last):
  File "/opt/conda/envs/gdf/lib/python3.9/site-packages/distributed/worker.py", line 2059, in gather_dep
    response = await get_data_from_worker(
  File "/opt/conda/envs/gdf/lib/python3.9/site-packages/distributed/worker.py", line 2863, in get_data_from_worker
    response = await send_recv(
  File "/opt/conda/envs/gdf/lib/python3.9/site-packages/distributed/core.py", line 1154, in send_recv
    response = await comm.read(deserializers=deserializers)
  File "/opt/conda/envs/gdf/lib/python3.9/site-packages/distributed/utils.py", line 832, in wrapper
    return await func(*args, **kwargs)
  File "/opt/conda/envs/gdf/lib/python3.9/site-packages/distributed/comm/ucx.py", line 398, in read
    raise CommClosedError(
distributed.comm.core.CommClosedError: Connection closed by writer.
Inner exception: UCXCanceled("<[Recv #008] ep: 0x7ff34262a180, tag: 0x2ca7e76d89251b43, nbytes: 100000000, type: <class 'rmm._lib.device_buffer.DeviceBuffer'>>: ")
2024-06-10 05:55:56,360 - distributed.nanny - WARNING - Restarting worker
2024-06-10 05:55:56,371 - distributed.worker - ERROR - Worker stream died during communication: ucx://127.0.0.1:50313
Traceback (most recent call last):
  File "/opt/conda/envs/gdf/lib/python3.9/site-packages/distributed/comm/ucx.py", line 392, in read
    await self.ep.recv(each_frame)
  File "/opt/conda/envs/gdf/lib/python3.9/site-packages/ucp/core.py", line 737, in recv
    ret = await comm.tag_recv(self._ep, buffer, nbytes, tag, name=log)
ucp._libs.exceptions.UCXCanceled: <[Recv #008] ep: 0x7f3b20469340, tag: 0xaee8b8dc7892ed6a, nbytes: 100000000, type: <class 'rmm._lib.device_buffer.DeviceBuffer'>>: 

During handling of the above exception, another exception occurred:

Traceback (most recent call last):
  File "/opt/conda/envs/gdf/lib/python3.9/site-packages/distributed/worker.py", line 2059, in gather_dep
    response = await get_data_from_worker(
  File "/opt/conda/envs/gdf/lib/python3.9/site-packages/distributed/worker.py", line 2863, in get_data_from_worker
    response = await send_recv(
  File "/opt/conda/envs/gdf/lib/python3.9/site-packages/distributed/core.py", line 1154, in send_recv
    response = await comm.read(deserializers=deserializers)
  File "/opt/conda/envs/gdf/lib/python3.9/site-packages/distributed/utils.py", line 832, in wrapper
    return await func(*args, **kwargs)
  File "/opt/conda/envs/gdf/lib/python3.9/site-packages/distributed/comm/ucx.py", line 398, in read
    raise CommClosedError(
distributed.comm.core.CommClosedError: Connection closed by writer.
Inner exception: UCXCanceled("<[Recv #008] ep: 0x7f3b20469340, tag: 0xaee8b8dc7892ed6a, nbytes: 100000000, type: <class 'rmm._lib.device_buffer.DeviceBuffer'>>: ")
2024-06-10 05:55:56,372 - distributed.worker - ERROR - Worker stream died during communication: ucx://127.0.0.1:48835
Traceback (most recent call last):
  File "/opt/conda/envs/gdf/lib/python3.9/site-packages/distributed/comm/ucx.py", line 392, in read
    await self.ep.recv(each_frame)
  File "/opt/conda/envs/gdf/lib/python3.9/site-packages/ucp/core.py", line 737, in recv
    ret = await comm.tag_recv(self._ep, buffer, nbytes, tag, name=log)
ucp._libs.exceptions.UCXCanceled: <[Recv #009] ep: 0x7f3b204691c0, tag: 0x72f3f33ed3874d14, nbytes: 100000000, type: <class 'rmm._lib.device_buffer.DeviceBuffer'>>: 

During handling of the above exception, another exception occurred:

Traceback (most recent call last):
  File "/opt/conda/envs/gdf/lib/python3.9/site-packages/distributed/worker.py", line 2059, in gather_dep
    response = await get_data_from_worker(
  File "/opt/conda/envs/gdf/lib/python3.9/site-packages/distributed/worker.py", line 2863, in get_data_from_worker
    response = await send_recv(
  File "/opt/conda/envs/gdf/lib/python3.9/site-packages/distributed/core.py", line 1154, in send_recv
    response = await comm.read(deserializers=deserializers)
  File "/opt/conda/envs/gdf/lib/python3.9/site-packages/distributed/utils.py", line 832, in wrapper
    return await func(*args, **kwargs)
  File "/opt/conda/envs/gdf/lib/python3.9/site-packages/distributed/comm/ucx.py", line 398, in read
    raise CommClosedError(
distributed.comm.core.CommClosedError: Connection closed by writer.
Inner exception: UCXCanceled("<[Recv #009] ep: 0x7f3b204691c0, tag: 0x72f3f33ed3874d14, nbytes: 100000000, type: <class 'rmm._lib.device_buffer.DeviceBuffer'>>: ")
2024-06-10 05:55:56,380 - distributed.worker - ERROR - failed during get data with ucx://127.0.0.1:59129 -> ucx://127.0.0.1:48835
Traceback (most recent call last):
  File "/opt/conda/envs/gdf/lib/python3.9/site-packages/distributed/comm/ucx.py", line 334, in write
    await self.ep.send(each_frame)
  File "/opt/conda/envs/gdf/lib/python3.9/site-packages/ucp/core.py", line 662, in send
    return await comm.tag_send(self._ep, buffer, nbytes, tag, name=log)
ucp._libs.exceptions.UCXError: <[Send #007] ep: 0x7ff131384100, tag: 0x9ace9d2f11ddcc90, nbytes: 100000000, type: <class 'cudf.core.buffer.buffer.Buffer'>>: Connection reset by remote peer

During handling of the above exception, another exception occurred:

Traceback (most recent call last):
  File "/opt/conda/envs/gdf/lib/python3.9/site-packages/distributed/worker.py", line 1782, in get_data
    compressed = await comm.write(msg, serializers=serializers)
  File "/opt/conda/envs/gdf/lib/python3.9/site-packages/distributed/utils.py", line 832, in wrapper
    return await func(*args, **kwargs)
  File "/opt/conda/envs/gdf/lib/python3.9/site-packages/distributed/comm/ucx.py", line 338, in write
    raise CommClosedError("While writing, the connection was closed")
distributed.comm.core.CommClosedError: While writing, the connection was closed
2024-06-10 05:55:56,382 - distributed.worker - ERROR - Worker stream died during communication: ucx://127.0.0.1:48835
Traceback (most recent call last):
  File "/opt/conda/envs/gdf/lib/python3.9/site-packages/distributed/comm/ucx.py", line 350, in read
    await self.ep.recv(msg)
  File "/opt/conda/envs/gdf/lib/python3.9/site-packages/ucp/core.py", line 737, in recv
    ret = await comm.tag_recv(self._ep, buffer, nbytes, tag, name=log)
ucp._libs.exceptions.UCXCanceled: <[Recv #003] ep: 0x7ff131384240, tag: 0x89caa3055d2ad2c4, nbytes: 16, type: <class 'numpy.ndarray'>>: 

During handling of the above exception, another exception occurred:

Traceback (most recent call last):
  File "/opt/conda/envs/gdf/lib/python3.9/site-packages/distributed/worker.py", line 2059, in gather_dep
    response = await get_data_from_worker(
  File "/opt/conda/envs/gdf/lib/python3.9/site-packages/distributed/worker.py", line 2863, in get_data_from_worker
    response = await send_recv(
  File "/opt/conda/envs/gdf/lib/python3.9/site-packages/distributed/core.py", line 1154, in send_recv
    response = await comm.read(deserializers=deserializers)
  File "/opt/conda/envs/gdf/lib/python3.9/site-packages/distributed/utils.py", line 832, in wrapper
    return await func(*args, **kwargs)
  File "/opt/conda/envs/gdf/lib/python3.9/site-packages/distributed/comm/ucx.py", line 368, in read
    raise CommClosedError(
distributed.comm.core.CommClosedError: Connection closed by writer.
Inner exception: UCXCanceled("<[Recv #003] ep: 0x7ff131384240, tag: 0x89caa3055d2ad2c4, nbytes: 16, type: <class 'numpy.ndarray'>>: ")
2024-06-10 05:55:56,376 - distributed.worker - ERROR - Worker stream died during communication: ucx://127.0.0.1:58765
Traceback (most recent call last):
  File "/opt/conda/envs/gdf/lib/python3.9/site-packages/distributed/core.py", line 1564, in _connect
    comm = await connect(
  File "/opt/conda/envs/gdf/lib/python3.9/site-packages/distributed/comm/core.py", line 342, in connect
    comm = await wait_for(
  File "/opt/conda/envs/gdf/lib/python3.9/site-packages/distributed/utils.py", line 1961, in wait_for
    return await asyncio.wait_for(fut, timeout)
  File "/opt/conda/envs/gdf/lib/python3.9/asyncio/tasks.py", line 466, in wait_for
    await waiter
asyncio.exceptions.CancelledError

During handling of the above exception, another exception occurred:

Traceback (most recent call last):
  File "/opt/conda/envs/gdf/lib/python3.9/site-packages/distributed/core.py", line 1674, in connect
    return connect_attempt.result()
asyncio.exceptions.CancelledError

During handling of the above exception, another exception occurred:

Traceback (most recent call last):
  File "/opt/conda/envs/gdf/lib/python3.9/site-packages/distributed/worker.py", line 2059, in gather_dep
    response = await get_data_from_worker(
  File "/opt/conda/envs/gdf/lib/python3.9/site-packages/distributed/worker.py", line 2860, in get_data_from_worker
    comm = await rpc.connect(worker)
  File "/opt/conda/envs/gdf/lib/python3.9/site-packages/distributed/core.py", line 1676, in connect
    raise CommClosedError(reason)
distributed.comm.core.CommClosedError: Address removed.
2024-06-10 05:55:56,426 - distributed.nanny - WARNING - Restarting worker
[dgx13:92511:0:92511] Caught signal 11 (Segmentation fault: address not mapped to object at address 0x450)
==== backtrace (tid:  92511) ====
 0  /opt/conda/envs/gdf/lib/libucs.so.0(ucs_handle_error+0x2fd) [0x7f3b207d5dad]
 1  /opt/conda/envs/gdf/lib/libucs.so.0(+0x2dfa4) [0x7f3b207d5fa4]
 2  /opt/conda/envs/gdf/lib/libucs.so.0(+0x2e16a) [0x7f3b207d616a]
 3  /usr/lib/x86_64-linux-gnu/libpthread.so.0(+0x14420) [0x7f3b4c490420]
 4  /opt/conda/envs/gdf/lib/libucp.so.0(ucp_mem_type_unpack+0x17) [0x7f3b2085b147]
 5  /opt/conda/envs/gdf/lib/libucp.so.0(ucp_rndv_data_handler+0x66d) [0x7f3b20885f1d]
 6  /opt/conda/envs/gdf/lib/libuct.so.0(+0x21c4f) [0x7f3b2078bc4f]
 7  /opt/conda/envs/gdf/lib/libuct.so.0(+0x24e68) [0x7f3b2078ee68]
 8  /opt/conda/envs/gdf/lib/libucs.so.0(ucs_event_set_wait+0xb9) [0x7f3b207df619]
 9  /opt/conda/envs/gdf/lib/libuct.so.0(uct_tcp_iface_progress+0x7d) [0x7f3b2078df6d]
10  /opt/conda/envs/gdf/lib/libucp.so.0(ucp_worker_progress+0x5a) [0x7f3b20857e9a]
11  /opt/conda/envs/gdf/lib/python3.9/site-packages/ucp/_libs/ucx_api.cpython-39-x86_64-linux-gnu.so(+0x3206a) [0x7f3b2091a06a]
12  /opt/conda/envs/gdf/bin/python(_PyEval_EvalFrameDefault+0x45a6) [0x55573ab64516]
13  /opt/conda/envs/gdf/bin/python(+0x12e184) [0x55573ab5f184]
14  /opt/conda/envs/gdf/bin/python(_PyFunction_Vectorcall+0xd9) [0x55573ab70559]
15  /opt/conda/envs/gdf/bin/python(_PyEval_EvalFrameDefault+0x696) [0x55573ab60606]
16  /opt/conda/envs/gdf/bin/python(+0x1e28a2) [0x55573ac138a2]
17  /opt/conda/envs/gdf/bin/python(_PyEval_EvalFrameDefault+0x6410) [0x55573ab66380]
18  /opt/conda/envs/gdf/bin/python(+0x1e28a2) [0x55573ac138a2]
19  /opt/conda/envs/gdf/bin/python(_PyEval_EvalFrameDefault+0x6410) [0x55573ab66380]
20  /opt/conda/envs/gdf/bin/python(+0x1e28a2) [0x55573ac138a2]
21  /opt/conda/envs/gdf/lib/python3.9/lib-dynload/_asyncio.cpython-39-x86_64-linux-gnu.so(+0x81e9) [0x7f3b400081e9]
22  /opt/conda/envs/gdf/bin/python(_PyObject_MakeTpCall+0x2ec) [0x55573ab687ac]
23  /opt/conda/envs/gdf/bin/python(+0xf266c) [0x55573ab2366c]
24  /opt/conda/envs/gdf/bin/python(+0x136833) [0x55573ab67833]
25  /opt/conda/envs/gdf/bin/python(_PyEval_EvalFrameDefault+0x58b4) [0x55573ab65824]
26  /opt/conda/envs/gdf/bin/python(+0x13f802) [0x55573ab70802]
27  /opt/conda/envs/gdf/bin/python(_PyEval_EvalFrameDefault+0x696) [0x55573ab60606]
28  /opt/conda/envs/gdf/bin/python(+0x13f802) [0x55573ab70802]
29  /opt/conda/envs/gdf/bin/python(_PyEval_EvalFrameDefault+0x696) [0x55573ab60606]
30  /opt/conda/envs/gdf/bin/python(+0x13f802) [0x55573ab70802]
31  /opt/conda/envs/gdf/bin/python(_PyEval_EvalFrameDefault+0x696) [0x55573ab60606]
32  /opt/conda/envs/gdf/bin/python(+0x13f802) [0x55573ab70802]
33  /opt/conda/envs/gdf/bin/python(_PyEval_EvalFrameDefault+0x696) [0x55573ab60606]
34  /opt/conda/envs/gdf/bin/python(+0x12e184) [0x55573ab5f184]
35  /opt/conda/envs/gdf/bin/python(_PyFunction_Vectorcall+0xd9) [0x55573ab70559]
36  /opt/conda/envs/gdf/bin/python(_PyEval_EvalFrameDefault+0x11f2) [0x55573ab61162]
37  /opt/conda/envs/gdf/bin/python(+0x12e184) [0x55573ab5f184]
38  /opt/conda/envs/gdf/bin/python(+0x14c9fb) [0x55573ab7d9fb]
39  /opt/conda/envs/gdf/bin/python(PyObject_Call+0xbc) [0x55573ab7e17c]
40  /opt/conda/envs/gdf/bin/python(+0x2109ce) [0x55573ac419ce]
41  /opt/conda/envs/gdf/bin/python(_PyObject_MakeTpCall+0x2ec) [0x55573ab687ac]
42  /opt/conda/envs/gdf/bin/python(_PyEval_EvalFrameDefault+0x45a6) [0x55573ab64516]
43  /opt/conda/envs/gdf/bin/python(+0x13f802) [0x55573ab70802]
44  /opt/conda/envs/gdf/bin/python(+0x14cadc) [0x55573ab7dadc]
45  /opt/conda/envs/gdf/bin/python(_PyEval_EvalFrameDefault+0x45a6) [0x55573ab64516]
46  /opt/conda/envs/gdf/bin/python(+0x13f802) [0x55573ab70802]
47  /opt/conda/envs/gdf/bin/python(_PyEval_EvalFrameDefault+0x696) [0x55573ab60606]
48  /opt/conda/envs/gdf/bin/python(+0x12e184) [0x55573ab5f184]
49  /opt/conda/envs/gdf/bin/python(_PyFunction_Vectorcall+0xd9) [0x55573ab70559]
50  /opt/conda/envs/gdf/bin/python(_PyEval_EvalFrameDefault+0x696) [0x55573ab60606]
51  /opt/conda/envs/gdf/bin/python(+0x13f802) [0x55573ab70802]
52  /opt/conda/envs/gdf/bin/python(_PyEval_EvalFrameDefault+0x3e2) [0x55573ab60352]
53  /opt/conda/envs/gdf/bin/python(+0x12e184) [0x55573ab5f184]
54  /opt/conda/envs/gdf/bin/python(_PyFunction_Vectorcall+0xd9) [0x55573ab70559]
55  /opt/conda/envs/gdf/bin/python(_PyEval_EvalFrameDefault+0x11f2) [0x55573ab61162]
56  /opt/conda/envs/gdf/bin/python(+0x12e184) [0x55573ab5f184]
57  /opt/conda/envs/gdf/bin/python(_PyEval_EvalCodeWithName+0x48) [0x55573ab5ee58]
58  /opt/conda/envs/gdf/bin/python(PyEval_EvalCodeEx+0x39) [0x55573ab5ee09]
59  /opt/conda/envs/gdf/bin/python(PyEval_EvalCode+0x1b) [0x55573ac0c4ab]
60  /opt/conda/envs/gdf/bin/python(+0x20887a) [0x55573ac3987a]
61  /opt/conda/envs/gdf/bin/python(+0x204c03) [0x55573ac35c03]
=================================
2024-06-10 05:55:56,836 - distributed.scheduler - WARNING - Removing worker 'ucx://127.0.0.1:48907' caused the cluster to lose already computed task(s), which will be recomputed elsewhere: {('split-taskshuffle-6069670213e233d5016755b29b3e54d4', 0, 5), ('split-taskshuffle-6069670213e233d5016755b29b3e54d4', 6, 5), ('split-taskshuffle-6069670213e233d5016755b29b3e54d4', 1, 5), ('split-taskshuffle-6069670213e233d5016755b29b3e54d4', 7, 5), ('split-taskshuffle-6069670213e233d5016755b29b3e54d4', 3, 5), ('generate_chunk-fused-assign-0a223786953ad6bedd2ff3e0e31bfc1b', 6), ('generate_chunk-fused-assign-0a223786953ad6bedd2ff3e0e31bfc1b', 2), ('split-taskshuffle-6069670213e233d5016755b29b3e54d4', 2, 5), ('generate_chunk-_to_string_dtype-26fc8ffd6cffe3bf06a052b526402c5c', 4), ('split-taskshuffle-6069670213e233d5016755b29b3e54d4', 4, 5), ('split-taskshuffle-6069670213e233d5016755b29b3e54d4', 5, 5)} (stimulus_id='handle-worker-cleanup-1717998956.8360806')
2024-06-10 05:55:56,841 - distributed.worker - ERROR - failed during get data with ucx://127.0.0.1:46387 -> ucx://127.0.0.1:58765
Traceback (most recent call last):
  File "/opt/conda/envs/gdf/lib/python3.9/site-packages/distributed/comm/ucx.py", line 334, in write
    await self.ep.send(each_frame)
  File "/opt/conda/envs/gdf/lib/python3.9/site-packages/ucp/core.py", line 662, in send
    return await comm.tag_send(self._ep, buffer, nbytes, tag, name=log)
ucp._libs.exceptions.UCXError: <[Send #008] ep: 0x7ff34262a340, tag: 0xc06906a5efda0223, nbytes: 100000000, type: <class 'cudf.core.buffer.buffer.Buffer'>>: Connection reset by remote peer

During handling of the above exception, another exception occurred:

Traceback (most recent call last):
  File "/opt/conda/envs/gdf/lib/python3.9/site-packages/distributed/worker.py", line 1782, in get_data
    compressed = await comm.write(msg, serializers=serializers)
  File "/opt/conda/envs/gdf/lib/python3.9/site-packages/distributed/utils.py", line 832, in wrapper
    return await func(*args, **kwargs)
  File "/opt/conda/envs/gdf/lib/python3.9/site-packages/distributed/comm/ucx.py", line 338, in write
    raise CommClosedError("While writing, the connection was closed")
distributed.comm.core.CommClosedError: While writing, the connection was closed
2024-06-10 05:55:56,842 - distributed.worker - ERROR - failed during get data with ucx://127.0.0.1:46387 -> ucx://127.0.0.1:48835
Traceback (most recent call last):
  File "/opt/conda/envs/gdf/lib/python3.9/site-packages/distributed/comm/ucx.py", line 334, in write
    await self.ep.send(each_frame)
  File "/opt/conda/envs/gdf/lib/python3.9/site-packages/ucp/core.py", line 662, in send
    return await comm.tag_send(self._ep, buffer, nbytes, tag, name=log)
ucp._libs.exceptions.UCXError: <[Send #008] ep: 0x7ff34262a440, tag: 0x37ec521ac3be251b, nbytes: 100000000, type: <class 'cudf.core.buffer.buffer.Buffer'>>: Connection reset by remote peer

During handling of the above exception, another exception occurred:

Traceback (most recent call last):
  File "/opt/conda/envs/gdf/lib/python3.9/site-packages/distributed/worker.py", line 1782, in get_data
    compressed = await comm.write(msg, serializers=serializers)
  File "/opt/conda/envs/gdf/lib/python3.9/site-packages/distributed/utils.py", line 832, in wrapper
    return await func(*args, **kwargs)
  File "/opt/conda/envs/gdf/lib/python3.9/site-packages/distributed/comm/ucx.py", line 338, in write
    raise CommClosedError("While writing, the connection was closed")
distributed.comm.core.CommClosedError: While writing, the connection was closed
2024-06-10 05:55:56,842 - distributed.worker - ERROR - failed during get data with ucx://127.0.0.1:46387 -> ucx://127.0.0.1:48907
Traceback (most recent call last):
  File "/opt/conda/envs/gdf/lib/python3.9/site-packages/distributed/comm/ucx.py", line 334, in write
    await self.ep.send(each_frame)
  File "/opt/conda/envs/gdf/lib/python3.9/site-packages/ucp/core.py", line 662, in send
    return await comm.tag_send(self._ep, buffer, nbytes, tag, name=log)
ucp._libs.exceptions.UCXError: <[Send #007] ep: 0x7ff34262a400, tag: 0x43d9c9c686697928, nbytes: 100000000, type: <class 'cudf.core.buffer.buffer.Buffer'>>: Connection reset by remote peer

During handling of the above exception, another exception occurred:

Traceback (most recent call last):
  File "/opt/conda/envs/gdf/lib/python3.9/site-packages/distributed/worker.py", line 1782, in get_data
    compressed = await comm.write(msg, serializers=serializers)
  File "/opt/conda/envs/gdf/lib/python3.9/site-packages/distributed/utils.py", line 832, in wrapper
    return await func(*args, **kwargs)
  File "/opt/conda/envs/gdf/lib/python3.9/site-packages/distributed/comm/ucx.py", line 338, in write
    raise CommClosedError("While writing, the connection was closed")
distributed.comm.core.CommClosedError: While writing, the connection was closed
2024-06-10 05:55:56,843 - distributed.worker - ERROR - Worker stream died during communication: ucx://127.0.0.1:48907
Traceback (most recent call last):
  File "/opt/conda/envs/gdf/lib/python3.9/site-packages/distributed/comm/ucx.py", line 392, in read
    await self.ep.recv(each_frame)
  File "/opt/conda/envs/gdf/lib/python3.9/site-packages/ucp/core.py", line 737, in recv
    ret = await comm.tag_recv(self._ep, buffer, nbytes, tag, name=log)
ucp._libs.exceptions.UCXError: <[Recv #007] ep: 0x7ff34262a280, tag: 0xd3ebd962664afdec, nbytes: 100000000, type: <class 'rmm._lib.device_buffer.DeviceBuffer'>>: Connection reset by remote peer

During handling of the above exception, another exception occurred:

Traceback (most recent call last):
  File "/opt/conda/envs/gdf/lib/python3.9/site-packages/distributed/worker.py", line 2059, in gather_dep
    response = await get_data_from_worker(
  File "/opt/conda/envs/gdf/lib/python3.9/site-packages/distributed/worker.py", line 2863, in get_data_from_worker
    response = await send_recv(
  File "/opt/conda/envs/gdf/lib/python3.9/site-packages/distributed/core.py", line 1154, in send_recv
    response = await comm.read(deserializers=deserializers)
  File "/opt/conda/envs/gdf/lib/python3.9/site-packages/distributed/utils.py", line 832, in wrapper
    return await func(*args, **kwargs)
  File "/opt/conda/envs/gdf/lib/python3.9/site-packages/distributed/comm/ucx.py", line 398, in read
    raise CommClosedError(
distributed.comm.core.CommClosedError: Connection closed by writer.
Inner exception: UCXError("<[Recv #007] ep: 0x7ff34262a280, tag: 0xd3ebd962664afdec, nbytes: 100000000, type: <class 'rmm._lib.device_buffer.DeviceBuffer'>>: Connection reset by remote peer")
2024-06-10 05:55:56,875 - distributed.worker - ERROR - failed during get data with ucx://127.0.0.1:59129 -> ucx://127.0.0.1:54145
Traceback (most recent call last):
  File "/opt/conda/envs/gdf/lib/python3.9/site-packages/distributed/comm/ucx.py", line 334, in write
    await self.ep.send(each_frame)
  File "/opt/conda/envs/gdf/lib/python3.9/site-packages/ucp/core.py", line 662, in send
    return await comm.tag_send(self._ep, buffer, nbytes, tag, name=log)
ucp._libs.exceptions.UCXError: <[Send #007] ep: 0x7ff131384400, tag: 0xc02c05feaad1999c, nbytes: 100000000, type: <class 'cudf.core.buffer.buffer.Buffer'>>: Connection reset by remote peer

During handling of the above exception, another exception occurred:

Traceback (most recent call last):
  File "/opt/conda/envs/gdf/lib/python3.9/site-packages/distributed/worker.py", line 1782, in get_data
    compressed = await comm.write(msg, serializers=serializers)
  File "/opt/conda/envs/gdf/lib/python3.9/site-packages/distributed/utils.py", line 832, in wrapper
    return await func(*args, **kwargs)
  File "/opt/conda/envs/gdf/lib/python3.9/site-packages/distributed/comm/ucx.py", line 338, in write
    raise CommClosedError("While writing, the connection was closed")
distributed.comm.core.CommClosedError: While writing, the connection was closed
2024-06-10 05:55:56,875 - distributed.worker - ERROR - failed during get data with ucx://127.0.0.1:59129 -> ucx://127.0.0.1:50313
Traceback (most recent call last):
  File "/opt/conda/envs/gdf/lib/python3.9/site-packages/distributed/comm/ucx.py", line 334, in write
    await self.ep.send(each_frame)
  File "/opt/conda/envs/gdf/lib/python3.9/site-packages/ucp/core.py", line 662, in send
    return await comm.tag_send(self._ep, buffer, nbytes, tag, name=log)
ucp._libs.exceptions.UCXError: <[Send #008] ep: 0x7ff131384380, tag: 0x769adb724ef157ab, nbytes: 100000000, type: <class 'cudf.core.buffer.buffer.Buffer'>>: Connection reset by remote peer

During handling of the above exception, another exception occurred:

Traceback (most recent call last):
  File "/opt/conda/envs/gdf/lib/python3.9/site-packages/distributed/worker.py", line 1782, in get_data
    compressed = await comm.write(msg, serializers=serializers)
  File "/opt/conda/envs/gdf/lib/python3.9/site-packages/distributed/utils.py", line 832, in wrapper
    return await func(*args, **kwargs)
  File "/opt/conda/envs/gdf/lib/python3.9/site-packages/distributed/comm/ucx.py", line 338, in write
    raise CommClosedError("While writing, the connection was closed")
distributed.comm.core.CommClosedError: While writing, the connection was closed
2024-06-10 05:55:57,045 - distributed.nanny - WARNING - Restarting worker
[dgx13:92707:0:92707] Caught signal 11 (Segmentation fault: address not mapped to object at address 0x450)
==== backtrace (tid:  92707) ====
 0  /opt/conda/envs/gdf/lib/libucs.so.0(ucs_handle_error+0x2fd) [0x7f21851dfdad]
 1  /opt/conda/envs/gdf/lib/libucs.so.0(+0x2dfa4) [0x7f21851dffa4]
 2  /opt/conda/envs/gdf/lib/libucs.so.0(+0x2e16a) [0x7f21851e016a]
 3  /usr/lib/x86_64-linux-gnu/libpthread.so.0(+0x14420) [0x7f21c2d11420]
 4  /opt/conda/envs/gdf/lib/libucp.so.0(ucp_mem_type_unpack+0x17) [0x7f2185265147]
 5  /opt/conda/envs/gdf/lib/libucp.so.0(ucp_rndv_data_handler+0x66d) [0x7f218528ff1d]
 6  /opt/conda/envs/gdf/lib/libuct.so.0(+0x21c4f) [0x7f2185195c4f]
 7  /opt/conda/envs/gdf/lib/libuct.so.0(+0x24e68) [0x7f2185198e68]
 8  /opt/conda/envs/gdf/lib/libucs.so.0(ucs_event_set_wait+0xb9) [0x7f21851e9619]
 9  /opt/conda/envs/gdf/lib/libuct.so.0(uct_tcp_iface_progress+0x7d) [0x7f2185197f6d]
10  /opt/conda/envs/gdf/lib/libucp.so.0(ucp_worker_progress+0x5a) [0x7f2185261e9a]
11  /opt/conda/envs/gdf/lib/python3.9/site-packages/ucp/_libs/ucx_api.cpython-39-x86_64-linux-gnu.so(+0x3206a) [0x7f218532406a]
12  /opt/conda/envs/gdf/bin/python(_PyEval_EvalFrameDefault+0x45a6) [0x5634c3133516]
13  /opt/conda/envs/gdf/bin/python(+0x12e184) [0x5634c312e184]
14  /opt/conda/envs/gdf/bin/python(_PyFunction_Vectorcall+0xd9) [0x5634c313f559]
15  /opt/conda/envs/gdf/bin/python(_PyEval_EvalFrameDefault+0x696) [0x5634c312f606]
16  /opt/conda/envs/gdf/bin/python(+0x13f802) [0x5634c313f802]
17  /opt/conda/envs/gdf/bin/python(+0x14cbb3) [0x5634c314cbb3]
18  /opt/conda/envs/gdf/bin/python(+0x25842c) [0x5634c325842c]
19  /opt/conda/envs/gdf/bin/python(+0xf266c) [0x5634c30f266c]
20  /opt/conda/envs/gdf/bin/python(+0x136833) [0x5634c3136833]
21  /opt/conda/envs/gdf/bin/python(_PyEval_EvalFrameDefault+0x58b4) [0x5634c3134824]
22  /opt/conda/envs/gdf/bin/python(+0x13f802) [0x5634c313f802]
23  /opt/conda/envs/gdf/bin/python(_PyEval_EvalFrameDefault+0x696) [0x5634c312f606]
24  /opt/conda/envs/gdf/bin/python(+0x13f802) [0x5634c313f802]
25  /opt/conda/envs/gdf/bin/python(_PyEval_EvalFrameDefault+0x696) [0x5634c312f606]
26  /opt/conda/envs/gdf/bin/python(+0x13f802) [0x5634c313f802]
27  /opt/conda/envs/gdf/bin/python(_PyEval_EvalFrameDefault+0x696) [0x5634c312f606]
28  /opt/conda/envs/gdf/bin/python(+0x13f802) [0x5634c313f802]
29  /opt/conda/envs/gdf/bin/python(_PyEval_EvalFrameDefault+0x696) [0x5634c312f606]
30  /opt/conda/envs/gdf/bin/python(+0x12e184) [0x5634c312e184]
31  /opt/conda/envs/gdf/bin/python(_PyFunction_Vectorcall+0xd9) [0x5634c313f559]
32  /opt/conda/envs/gdf/bin/python(_PyEval_EvalFrameDefault+0x11f2) [0x5634c3130162]
33  /opt/conda/envs/gdf/bin/python(+0x12e184) [0x5634c312e184]
34  /opt/conda/envs/gdf/bin/python(+0x14c9fb) [0x5634c314c9fb]
35  /opt/conda/envs/gdf/bin/python(PyObject_Call+0xbc) [0x5634c314d17c]
36  /opt/conda/envs/gdf/bin/python(+0x2109ce) [0x5634c32109ce]
37  /opt/conda/envs/gdf/bin/python(_PyObject_MakeTpCall+0x2ec) [0x5634c31377ac]
38  /opt/conda/envs/gdf/bin/python(_PyEval_EvalFrameDefault+0x45a6) [0x5634c3133516]
39  /opt/conda/envs/gdf/bin/python(+0x13f802) [0x5634c313f802]
40  /opt/conda/envs/gdf/bin/python(+0x14cadc) [0x5634c314cadc]
41  /opt/conda/envs/gdf/bin/python(_PyEval_EvalFrameDefault+0x45a6) [0x5634c3133516]
42  /opt/conda/envs/gdf/bin/python(+0x13f802) [0x5634c313f802]
43  /opt/conda/envs/gdf/bin/python(_PyEval_EvalFrameDefault+0x696) [0x5634c312f606]
44  /opt/conda/envs/gdf/bin/python(+0x12e184) [0x5634c312e184]
45  /opt/conda/envs/gdf/bin/python(_PyFunction_Vectorcall+0xd9) [0x5634c313f559]
46  /opt/conda/envs/gdf/bin/python(_PyEval_EvalFrameDefault+0x696) [0x5634c312f606]
47  /opt/conda/envs/gdf/bin/python(+0x13f802) [0x5634c313f802]
48  /opt/conda/envs/gdf/bin/python(_PyEval_EvalFrameDefault+0x3e2) [0x5634c312f352]
49  /opt/conda/envs/gdf/bin/python(+0x12e184) [0x5634c312e184]
50  /opt/conda/envs/gdf/bin/python(_PyFunction_Vectorcall+0xd9) [0x5634c313f559]
51  /opt/conda/envs/gdf/bin/python(_PyEval_EvalFrameDefault+0x11f2) [0x5634c3130162]
52  /opt/conda/envs/gdf/bin/python(+0x12e184) [0x5634c312e184]
53  /opt/conda/envs/gdf/bin/python(_PyEval_EvalCodeWithName+0x48) [0x5634c312de58]
54  /opt/conda/envs/gdf/bin/python(PyEval_EvalCodeEx+0x39) [0x5634c312de09]
55  /opt/conda/envs/gdf/bin/python(PyEval_EvalCode+0x1b) [0x5634c31db4ab]
56  /opt/conda/envs/gdf/bin/python(+0x20887a) [0x5634c320887a]
57  /opt/conda/envs/gdf/bin/python(+0x204c03) [0x5634c3204c03]
58  /opt/conda/envs/gdf/bin/python(PyRun_StringFlags+0x9a) [0x5634c31fca1a]
59  /opt/conda/envs/gdf/bin/python(PyRun_SimpleStringFlags+0x3c) [0x5634c31fc90c]
60  /opt/conda/envs/gdf/bin/python(Py_RunMain+0x267) [0x5634c31fbb47]
61  /opt/conda/envs/gdf/bin/python(Py_BytesMain+0x37) [0x5634c31cf2e7]
=================================
[dgx13:92711:0:92711] Caught signal 11 (Segmentation fault: address not mapped to object at address 0x450)
==== backtrace (tid:  92711) ====
 0  /opt/conda/envs/gdf/lib/libucs.so.0(ucs_handle_error+0x2fd) [0x7f14e45bfdad]
 1  /opt/conda/envs/gdf/lib/libucs.so.0(+0x2dfa4) [0x7f14e45bffa4]
 2  /opt/conda/envs/gdf/lib/libucs.so.0(+0x2e16a) [0x7f14e45c016a]
 3  /usr/lib/x86_64-linux-gnu/libpthread.so.0(+0x14420) [0x7f15100e9420]
 4  /opt/conda/envs/gdf/lib/libucp.so.0(ucp_mem_type_unpack+0x17) [0x7f14e4645147]
 5  /opt/conda/envs/gdf/lib/libucp.so.0(ucp_rndv_data_handler+0x66d) [0x7f14e466ff1d]
 6  /opt/conda/envs/gdf/lib/libuct.so.0(+0x21c4f) [0x7f14e4575c4f]
 7  /opt/conda/envs/gdf/lib/libuct.so.0(+0x24e68) [0x7f14e4578e68]
 8  /opt/conda/envs/gdf/lib/libucs.so.0(ucs_event_set_wait+0xb9) [0x7f14e45c9619]
 9  /opt/conda/envs/gdf/lib/libuct.so.0(uct_tcp_iface_progress+0x7d) [0x7f14e4577f6d]
10  /opt/conda/envs/gdf/lib/libucp.so.0(ucp_worker_progress+0x5a) [0x7f14e4641e9a]
11  /opt/conda/envs/gdf/lib/python3.9/site-packages/ucp/_libs/ucx_api.cpython-39-x86_64-linux-gnu.so(+0x3206a) [0x7f14e470406a]
12  /opt/conda/envs/gdf/bin/python(_PyEval_EvalFrameDefault+0x45a6) [0x561e72c6a516]
13  /opt/conda/envs/gdf/bin/python(+0x12e184) [0x561e72c65184]
14  /opt/conda/envs/gdf/bin/python(_PyFunction_Vectorcall+0xd9) [0x561e72c76559]
15  /opt/conda/envs/gdf/bin/python(_PyEval_EvalFrameDefault+0x696) [0x561e72c66606]
16  /opt/conda/envs/gdf/bin/python(+0x1e28a2) [0x561e72d198a2]
17  /opt/conda/envs/gdf/lib/python3.9/lib-dynload/_asyncio.cpython-39-x86_64-linux-gnu.so(+0x81e9) [0x7f14fa5241e9]
18  /opt/conda/envs/gdf/bin/python(_PyObject_MakeTpCall+0x2ec) [0x561e72c6e7ac]
19  /opt/conda/envs/gdf/bin/python(+0xf266c) [0x561e72c2966c]
20  /opt/conda/envs/gdf/bin/python(+0x136833) [0x561e72c6d833]
21  /opt/conda/envs/gdf/bin/python(_PyEval_EvalFrameDefault+0x58b4) [0x561e72c6b824]
22  /opt/conda/envs/gdf/bin/python(+0x13f802) [0x561e72c76802]
23  /opt/conda/envs/gdf/bin/python(_PyEval_EvalFrameDefault+0x696) [0x561e72c66606]
24  /opt/conda/envs/gdf/bin/python(+0x13f802) [0x561e72c76802]
25  /opt/conda/envs/gdf/bin/python(_PyEval_EvalFrameDefault+0x696) [0x561e72c66606]
26  /opt/conda/envs/gdf/bin/python(+0x13f802) [0x561e72c76802]
27  /opt/conda/envs/gdf/bin/python(_PyEval_EvalFrameDefault+0x696) [0x561e72c66606]
28  /opt/conda/envs/gdf/bin/python(+0x13f802) [0x561e72c76802]
29  /opt/conda/envs/gdf/bin/python(_PyEval_EvalFrameDefault+0x696) [0x561e72c66606]
30  /opt/conda/envs/gdf/bin/python(+0x12e184) [0x561e72c65184]
31  /opt/conda/envs/gdf/bin/python(_PyFunction_Vectorcall+0xd9) [0x561e72c76559]
32  /opt/conda/envs/gdf/bin/python(_PyEval_EvalFrameDefault+0x11f2) [0x561e72c67162]
33  /opt/conda/envs/gdf/bin/python(+0x12e184) [0x561e72c65184]
34  /opt/conda/envs/gdf/bin/python(+0x14c9fb) [0x561e72c839fb]
35  /opt/conda/envs/gdf/bin/python(PyObject_Call+0xbc) [0x561e72c8417c]
36  /opt/conda/envs/gdf/bin/python(+0x2109ce) [0x561e72d479ce]
37  /opt/conda/envs/gdf/bin/python(_PyObject_MakeTpCall+0x2ec) [0x561e72c6e7ac]
38  /opt/conda/envs/gdf/bin/python(_PyEval_EvalFrameDefault+0x45a6) [0x561e72c6a516]
39  /opt/conda/envs/gdf/bin/python(+0x13f802) [0x561e72c76802]
40  /opt/conda/envs/gdf/bin/python(+0x14cadc) [0x561e72c83adc]
41  /opt/conda/envs/gdf/bin/python(_PyEval_EvalFrameDefault+0x45a6) [0x561e72c6a516]
42  /opt/conda/envs/gdf/bin/python(+0x13f802) [0x561e72c76802]
43  /opt/conda/envs/gdf/bin/python(_PyEval_EvalFrameDefault+0x696) [0x561e72c66606]
44  /opt/conda/envs/gdf/bin/python(+0x12e184) [0x561e72c65184]
45  /opt/conda/envs/gdf/bin/python(_PyFunction_Vectorcall+0xd9) [0x561e72c76559]
46  /opt/conda/envs/gdf/bin/python(_PyEval_EvalFrameDefault+0x696) [0x561e72c66606]
47  /opt/conda/envs/gdf/bin/python(+0x13f802) [0x561e72c76802]
48  /opt/conda/envs/gdf/bin/python(_PyEval_EvalFrameDefault+0x3e2) [0x561e72c66352]
49  /opt/conda/envs/gdf/bin/python(+0x12e184) [0x561e72c65184]
50  /opt/conda/envs/gdf/bin/python(_PyFunction_Vectorcall+0xd9) [0x561e72c76559]
51  /opt/conda/envs/gdf/bin/python(_PyEval_EvalFrameDefault+0x11f2) [0x561e72c67162]
52  /opt/conda/envs/gdf/bin/python(+0x12e184) [0x561e72c65184]
53  /opt/conda/envs/gdf/bin/python(_PyEval_EvalCodeWithName+0x48) [0x561e72c64e58]
54  /opt/conda/envs/gdf/bin/python(PyEval_EvalCodeEx+0x39) [0x561e72c64e09]
55  /opt/conda/envs/gdf/bin/python(PyEval_EvalCode+0x1b) [0x561e72d124ab]
56  /opt/conda/envs/gdf/bin/python(+0x20887a) [0x561e72d3f87a]
57  /opt/conda/envs/gdf/bin/python(+0x204c03) [0x561e72d3bc03]
58  /opt/conda/envs/gdf/bin/python(PyRun_StringFlags+0x9a) [0x561e72d33a1a]
59  /opt/conda/envs/gdf/bin/python(PyRun_SimpleStringFlags+0x3c) [0x561e72d3390c]
60  /opt/conda/envs/gdf/bin/python(Py_RunMain+0x267) [0x561e72d32b47]
61  /opt/conda/envs/gdf/bin/python(Py_BytesMain+0x37) [0x561e72d062e7]
=================================
2024-06-10 05:55:59,809 - distributed.worker - ERROR - failed during get data with ucx://127.0.0.1:46387 -> ucx://127.0.0.1:59979
Traceback (most recent call last):
  File "/opt/conda/envs/gdf/lib/python3.9/site-packages/distributed/comm/ucx.py", line 334, in write
    await self.ep.send(each_frame)
  File "/opt/conda/envs/gdf/lib/python3.9/site-packages/ucp/core.py", line 662, in send
    return await comm.tag_send(self._ep, buffer, nbytes, tag, name=log)
ucp._libs.exceptions.UCXError: <[Send #007] ep: 0x7ff34262a400, tag: 0xb2b2f6eec7e68fd, nbytes: 100000000, type: <class 'cudf.core.buffer.buffer.Buffer'>>: Connection reset by remote peer

During handling of the above exception, another exception occurred:

Traceback (most recent call last):
  File "/opt/conda/envs/gdf/lib/python3.9/site-packages/distributed/worker.py", line 1782, in get_data
    compressed = await comm.write(msg, serializers=serializers)
  File "/opt/conda/envs/gdf/lib/python3.9/site-packages/distributed/utils.py", line 832, in wrapper
    return await func(*args, **kwargs)
  File "/opt/conda/envs/gdf/lib/python3.9/site-packages/distributed/comm/ucx.py", line 338, in write
    raise CommClosedError("While writing, the connection was closed")
distributed.comm.core.CommClosedError: While writing, the connection was closed
Task exception was never retrieved
future: <Task finished name='Task-1611' coro=<_listener_handler_coroutine() done, defined at /opt/conda/envs/gdf/lib/python3.9/site-packages/ucp/core.py:140> exception=UCXError('<stream_send>: Connection reset by remote peer')>
Traceback (most recent call last):
  File "/opt/conda/envs/gdf/lib/python3.9/site-packages/ucp/core.py", line 155, in _listener_handler_coroutine
    peer_info = await exchange_peer_info(
  File "/opt/conda/envs/gdf/lib/python3.9/site-packages/ucp/core.py", line 51, in exchange_peer_info
    await asyncio.wait_for(
  File "/opt/conda/envs/gdf/lib/python3.9/asyncio/tasks.py", line 479, in wait_for
    return fut.result()
ucp._libs.exceptions.UCXError: <stream_send>: Connection reset by remote peer
2024-06-10 05:55:59,872 - distributed.nanny - WARNING - Restarting worker
2024-06-10 05:55:59,935 - distributed.worker - ERROR - failed during get data with ucx://127.0.0.1:59129 -> ucx://127.0.0.1:41377
Traceback (most recent call last):
  File "/opt/conda/envs/gdf/lib/python3.9/site-packages/distributed/comm/ucx.py", line 334, in write
    await self.ep.send(each_frame)
  File "/opt/conda/envs/gdf/lib/python3.9/site-packages/ucp/core.py", line 662, in send
    return await comm.tag_send(self._ep, buffer, nbytes, tag, name=log)
ucp._libs.exceptions.UCXError: <[Send #007] ep: 0x7ff131384140, tag: 0x336a3eec29d59821, nbytes: 100000000, type: <class 'cudf.core.buffer.buffer.Buffer'>>: Connection reset by remote peer

During handling of the above exception, another exception occurred:

Traceback (most recent call last):
  File "/opt/conda/envs/gdf/lib/python3.9/site-packages/distributed/worker.py", line 1782, in get_data
    compressed = await comm.write(msg, serializers=serializers)
  File "/opt/conda/envs/gdf/lib/python3.9/site-packages/distributed/utils.py", line 832, in wrapper
    return await func(*args, **kwargs)
  File "/opt/conda/envs/gdf/lib/python3.9/site-packages/distributed/comm/ucx.py", line 338, in write
    raise CommClosedError("While writing, the connection was closed")
distributed.comm.core.CommClosedError: While writing, the connection was closed
2024-06-10 05:55:59,935 - distributed.worker - ERROR - failed during get data with ucx://127.0.0.1:46387 -> ucx://127.0.0.1:41377
Traceback (most recent call last):
  File "/opt/conda/envs/gdf/lib/python3.9/site-packages/distributed/comm/ucx.py", line 350, in read
    await self.ep.recv(msg)
  File "/opt/conda/envs/gdf/lib/python3.9/site-packages/ucp/core.py", line 737, in recv
    ret = await comm.tag_recv(self._ep, buffer, nbytes, tag, name=log)
ucp._libs.exceptions.UCXCanceled: <[Recv #006] ep: 0x7ff34262a280, tag: 0x580ac0b85c4b92da, nbytes: 16, type: <class 'numpy.ndarray'>>: 

During handling of the above exception, another exception occurred:

Traceback (most recent call last):
  File "/opt/conda/envs/gdf/lib/python3.9/site-packages/distributed/worker.py", line 1783, in get_data
    response = await comm.read(deserializers=serializers)
  File "/opt/conda/envs/gdf/lib/python3.9/site-packages/distributed/utils.py", line 832, in wrapper
    return await func(*args, **kwargs)
  File "/opt/conda/envs/gdf/lib/python3.9/site-packages/distributed/comm/ucx.py", line 368, in read
    raise CommClosedError(
distributed.comm.core.CommClosedError: Connection closed by writer.
Inner exception: UCXCanceled("<[Recv #006] ep: 0x7ff34262a280, tag: 0x580ac0b85c4b92da, nbytes: 16, type: <class 'numpy.ndarray'>>: ")
[dgx13:92725:0:92725] Caught signal 11 (Segmentation fault: address not mapped to object at address 0x450)
==== backtrace (tid:  92725) ====
 0  /opt/conda/envs/gdf/lib/libucs.so.0(ucs_handle_error+0x2fd) [0x7f4dc462fdad]
 1  /opt/conda/envs/gdf/lib/libucs.so.0(+0x2dfa4) [0x7f4dc462ffa4]
 2  /opt/conda/envs/gdf/lib/libucs.so.0(+0x2e16a) [0x7f4dc463016a]
 3  /usr/lib/x86_64-linux-gnu/libpthread.so.0(+0x14420) [0x7f4df0334420]
 4  /opt/conda/envs/gdf/lib/libucp.so.0(ucp_mem_type_unpack+0x17) [0x7f4dc46b5147]
 5  /opt/conda/envs/gdf/lib/libucp.so.0(ucp_rndv_data_handler+0x66d) [0x7f4dc46dff1d]
 6  /opt/conda/envs/gdf/lib/libuct.so.0(+0x21c4f) [0x7f4dc4896c4f]
 7  /opt/conda/envs/gdf/lib/libuct.so.0(+0x24e68) [0x7f4dc4899e68]
 8  /opt/conda/envs/gdf/lib/libucs.so.0(ucs_event_set_wait+0xb9) [0x7f4dc4639619]
 9  /opt/conda/envs/gdf/lib/libuct.so.0(uct_tcp_iface_progress+0x7d) [0x7f4dc4898f6d]
10  /opt/conda/envs/gdf/lib/libucp.so.0(ucp_worker_progress+0x5a) [0x7f4dc46b1e9a]
11  /opt/conda/envs/gdf/lib/python3.9/site-packages/ucp/_libs/ucx_api.cpython-39-x86_64-linux-gnu.so(+0x3206a) [0x7f4dc477406a]
12  /opt/conda/envs/gdf/bin/python(_PyEval_EvalFrameDefault+0x45a6) [0x562170853516]
13  /opt/conda/envs/gdf/bin/python(+0x12e184) [0x56217084e184]
14  /opt/conda/envs/gdf/bin/python(_PyFunction_Vectorcall+0xd9) [0x56217085f559]
15  /opt/conda/envs/gdf/bin/python(_PyEval_EvalFrameDefault+0x696) [0x56217084f606]
16  /opt/conda/envs/gdf/bin/python(+0x1e28a2) [0x5621709028a2]
17  /opt/conda/envs/gdf/lib/python3.9/lib-dynload/_asyncio.cpython-39-x86_64-linux-gnu.so(+0x81e9) [0x7f4de400b1e9]
18  /opt/conda/envs/gdf/bin/python(_PyObject_MakeTpCall+0x2ec) [0x5621708577ac]
19  /opt/conda/envs/gdf/bin/python(+0xf266c) [0x56217081266c]
20  /opt/conda/envs/gdf/bin/python(+0x136833) [0x562170856833]
21  /opt/conda/envs/gdf/bin/python(_PyEval_EvalFrameDefault+0x58b4) [0x562170854824]
22  /opt/conda/envs/gdf/bin/python(+0x13f802) [0x56217085f802]
23  /opt/conda/envs/gdf/bin/python(_PyEval_EvalFrameDefault+0x696) [0x56217084f606]
24  /opt/conda/envs/gdf/bin/python(+0x13f802) [0x56217085f802]
25  /opt/conda/envs/gdf/bin/python(_PyEval_EvalFrameDefault+0x696) [0x56217084f606]
26  /opt/conda/envs/gdf/bin/python(+0x13f802) [0x56217085f802]
27  /opt/conda/envs/gdf/bin/python(_PyEval_EvalFrameDefault+0x696) [0x56217084f606]
28  /opt/conda/envs/gdf/bin/python(+0x13f802) [0x56217085f802]
29  /opt/conda/envs/gdf/bin/python(_PyEval_EvalFrameDefault+0x696) [0x56217084f606]
30  /opt/conda/envs/gdf/bin/python(+0x12e184) [0x56217084e184]
31  /opt/conda/envs/gdf/bin/python(_PyFunction_Vectorcall+0xd9) [0x56217085f559]
32  /opt/conda/envs/gdf/bin/python(_PyEval_EvalFrameDefault+0x11f2) [0x562170850162]
33  /opt/conda/envs/gdf/bin/python(+0x12e184) [0x56217084e184]
34  /opt/conda/envs/gdf/bin/python(+0x14c9fb) [0x56217086c9fb]
35  /opt/conda/envs/gdf/bin/python(PyObject_Call+0xbc) [0x56217086d17c]
36  /opt/conda/envs/gdf/bin/python(+0x2109ce) [0x5621709309ce]
37  /opt/conda/envs/gdf/bin/python(_PyObject_MakeTpCall+0x2ec) [0x5621708577ac]
38  /opt/conda/envs/gdf/bin/python(_PyEval_EvalFrameDefault+0x45a6) [0x562170853516]
39  /opt/conda/envs/gdf/bin/python(+0x13f802) [0x56217085f802]
40  /opt/conda/envs/gdf/bin/python(+0x14cadc) [0x56217086cadc]
41  /opt/conda/envs/gdf/bin/python(_PyEval_EvalFrameDefault+0x45a6) [0x562170853516]
42  /opt/conda/envs/gdf/bin/python(+0x13f802) [0x56217085f802]
43  /opt/conda/envs/gdf/bin/python(_PyEval_EvalFrameDefault+0x696) [0x56217084f606]
44  /opt/conda/envs/gdf/bin/python(+0x12e184) [0x56217084e184]
45  /opt/conda/envs/gdf/bin/python(_PyFunction_Vectorcall+0xd9) [0x56217085f559]
46  /opt/conda/envs/gdf/bin/python(_PyEval_EvalFrameDefault+0x696) [0x56217084f606]
47  /opt/conda/envs/gdf/bin/python(+0x13f802) [0x56217085f802]
48  /opt/conda/envs/gdf/bin/python(_PyEval_EvalFrameDefault+0x3e2) [0x56217084f352]
49  /opt/conda/envs/gdf/bin/python(+0x12e184) [0x56217084e184]
50  /opt/conda/envs/gdf/bin/python(_PyFunction_Vectorcall+0xd9) [0x56217085f559]
51  /opt/conda/envs/gdf/bin/python(_PyEval_EvalFrameDefault+0x11f2) [0x562170850162]
52  /opt/conda/envs/gdf/bin/python(+0x12e184) [0x56217084e184]
53  /opt/conda/envs/gdf/bin/python(_PyEval_EvalCodeWithName+0x48) [0x56217084de58]
54  /opt/conda/envs/gdf/bin/python(PyEval_EvalCodeEx+0x39) [0x56217084de09]
55  /opt/conda/envs/gdf/bin/python(PyEval_EvalCode+0x1b) [0x5621708fb4ab]
56  /opt/conda/envs/gdf/bin/python(+0x20887a) [0x56217092887a]
57  /opt/conda/envs/gdf/bin/python(+0x204c03) [0x562170924c03]
58  /opt/conda/envs/gdf/bin/python(PyRun_StringFlags+0x9a) [0x56217091ca1a]
59  /opt/conda/envs/gdf/bin/python(PyRun_SimpleStringFlags+0x3c) [0x56217091c90c]
60  /opt/conda/envs/gdf/bin/python(Py_RunMain+0x267) [0x56217091bb47]
61  /opt/conda/envs/gdf/bin/python(Py_BytesMain+0x37) [0x5621708ef2e7]
=================================
2024-06-10 05:56:00,040 - distributed.nanny - WARNING - Restarting worker
2024-06-10 05:56:00,149 - distributed.worker - ERROR - failed during get data with ucx://127.0.0.1:59129 -> ucx://127.0.0.1:51793
Traceback (most recent call last):
  File "/opt/conda/envs/gdf/lib/python3.9/site-packages/distributed/comm/ucx.py", line 334, in write
    await self.ep.send(each_frame)
  File "/opt/conda/envs/gdf/lib/python3.9/site-packages/ucp/core.py", line 662, in send
    return await comm.tag_send(self._ep, buffer, nbytes, tag, name=log)
ucp._libs.exceptions.UCXError: <[Send #007] ep: 0x7ff131384400, tag: 0x5d1e197a17342b5c, nbytes: 100000000, type: <class 'cudf.core.buffer.buffer.Buffer'>>: Connection reset by remote peer

During handling of the above exception, another exception occurred:

Traceback (most recent call last):
  File "/opt/conda/envs/gdf/lib/python3.9/site-packages/distributed/worker.py", line 1782, in get_data
    compressed = await comm.write(msg, serializers=serializers)
  File "/opt/conda/envs/gdf/lib/python3.9/site-packages/distributed/utils.py", line 832, in wrapper
    return await func(*args, **kwargs)
  File "/opt/conda/envs/gdf/lib/python3.9/site-packages/distributed/comm/ucx.py", line 338, in write
    raise CommClosedError("While writing, the connection was closed")
distributed.comm.core.CommClosedError: While writing, the connection was closed
2024-06-10 05:56:00,247 - distributed.nanny - WARNING - Restarting worker
[dgx13:92734:0:92734] Caught signal 11 (Segmentation fault: address not mapped to object at address 0x450)
==== backtrace (tid:  92734) ====
 0  /opt/conda/envs/gdf/lib/libucs.so.0(ucs_handle_error+0x2fd) [0x7f8ca03e8dad]
 1  /opt/conda/envs/gdf/lib/libucs.so.0(+0x2dfa4) [0x7f8ca03e8fa4]
 2  /opt/conda/envs/gdf/lib/libucs.so.0(+0x2e16a) [0x7f8ca03e916a]
 3  /usr/lib/x86_64-linux-gnu/libpthread.so.0(+0x14420) [0x7f8cd9f05420]
 4  /opt/conda/envs/gdf/lib/libucp.so.0(ucp_mem_type_unpack+0x17) [0x7f8ca046e147]
 5  /opt/conda/envs/gdf/lib/libucp.so.0(ucp_rndv_data_handler+0x66d) [0x7f8ca0498f1d]
 6  /opt/conda/envs/gdf/lib/libuct.so.0(+0x21c4f) [0x7f8ca039ec4f]
 7  /opt/conda/envs/gdf/lib/libuct.so.0(+0x24e68) [0x7f8ca03a1e68]
 8  /opt/conda/envs/gdf/lib/libucs.so.0(ucs_event_set_wait+0xb9) [0x7f8ca03f2619]
 9  /opt/conda/envs/gdf/lib/libuct.so.0(uct_tcp_iface_progress+0x7d) [0x7f8ca03a0f6d]
10  /opt/conda/envs/gdf/lib/libucp.so.0(ucp_worker_progress+0x5a) [0x7f8ca046ae9a]
11  /opt/conda/envs/gdf/lib/python3.9/site-packages/ucp/_libs/ucx_api.cpython-39-x86_64-linux-gnu.so(+0x3206a) [0x7f8ca052d06a]
12  /opt/conda/envs/gdf/bin/python(_PyEval_EvalFrameDefault+0x45a6) [0x55e9add53516]
13  /opt/conda/envs/gdf/bin/python(+0x12e184) [0x55e9add4e184]
14  /opt/conda/envs/gdf/bin/python(_PyFunction_Vectorcall+0xd9) [0x55e9add5f559]
15  /opt/conda/envs/gdf/bin/python(_PyEval_EvalFrameDefault+0x696) [0x55e9add4f606]
16  /opt/conda/envs/gdf/bin/python(+0x13f802) [0x55e9add5f802]
17  /opt/conda/envs/gdf/bin/python(+0x14cbb3) [0x55e9add6cbb3]
18  /opt/conda/envs/gdf/bin/python(+0x25842c) [0x55e9ade7842c]
19  /opt/conda/envs/gdf/bin/python(+0xf266c) [0x55e9add1266c]
20  /opt/conda/envs/gdf/bin/python(+0x136833) [0x55e9add56833]
21  /opt/conda/envs/gdf/bin/python(_PyEval_EvalFrameDefault+0x58b4) [0x55e9add54824]
22  /opt/conda/envs/gdf/bin/python(+0x13f802) [0x55e9add5f802]
23  /opt/conda/envs/gdf/bin/python(_PyEval_EvalFrameDefault+0x696) [0x55e9add4f606]
24  /opt/conda/envs/gdf/bin/python(+0x13f802) [0x55e9add5f802]
25  /opt/conda/envs/gdf/bin/python(_PyEval_EvalFrameDefault+0x696) [0x55e9add4f606]
26  /opt/conda/envs/gdf/bin/python(+0x13f802) [0x55e9add5f802]
27  /opt/conda/envs/gdf/bin/python(_PyEval_EvalFrameDefault+0x696) [0x55e9add4f606]
28  /opt/conda/envs/gdf/bin/python(+0x13f802) [0x55e9add5f802]
29  /opt/conda/envs/gdf/bin/python(_PyEval_EvalFrameDefault+0x696) [0x55e9add4f606]
30  /opt/conda/envs/gdf/bin/python(+0x12e184) [0x55e9add4e184]
31  /opt/conda/envs/gdf/bin/python(_PyFunction_Vectorcall+0xd9) [0x55e9add5f559]
32  /opt/conda/envs/gdf/bin/python(_PyEval_EvalFrameDefault+0x11f2) [0x55e9add50162]
33  /opt/conda/envs/gdf/bin/python(+0x12e184) [0x55e9add4e184]
34  /opt/conda/envs/gdf/bin/python(+0x14c9fb) [0x55e9add6c9fb]
35  /opt/conda/envs/gdf/bin/python(PyObject_Call+0xbc) [0x55e9add6d17c]
36  /opt/conda/envs/gdf/bin/python(+0x2109ce) [0x55e9ade309ce]
37  /opt/conda/envs/gdf/bin/python(_PyObject_MakeTpCall+0x2ec) [0x55e9add577ac]
38  /opt/conda/envs/gdf/bin/python(_PyEval_EvalFrameDefault+0x45a6) [0x55e9add53516]
39  /opt/conda/envs/gdf/bin/python(+0x13f802) [0x55e9add5f802]
40  /opt/conda/envs/gdf/bin/python(+0x14cadc) [0x55e9add6cadc]
41  /opt/conda/envs/gdf/bin/python(_PyEval_EvalFrameDefault+0x45a6) [0x55e9add53516]
42  /opt/conda/envs/gdf/bin/python(+0x13f802) [0x55e9add5f802]
43  /opt/conda/envs/gdf/bin/python(_PyEval_EvalFrameDefault+0x696) [0x55e9add4f606]
44  /opt/conda/envs/gdf/bin/python(+0x12e184) [0x55e9add4e184]
45  /opt/conda/envs/gdf/bin/python(_PyFunction_Vectorcall+0xd9) [0x55e9add5f559]
46  /opt/conda/envs/gdf/bin/python(_PyEval_EvalFrameDefault+0x696) [0x55e9add4f606]
47  /opt/conda/envs/gdf/bin/python(+0x13f802) [0x55e9add5f802]
48  /opt/conda/envs/gdf/bin/python(_PyEval_EvalFrameDefault+0x3e2) [0x55e9add4f352]
49  /opt/conda/envs/gdf/bin/python(+0x12e184) [0x55e9add4e184]
50  /opt/conda/envs/gdf/bin/python(_PyFunction_Vectorcall+0xd9) [0x55e9add5f559]
51  /opt/conda/envs/gdf/bin/python(_PyEval_EvalFrameDefault+0x11f2) [0x55e9add50162]
52  /opt/conda/envs/gdf/bin/python(+0x12e184) [0x55e9add4e184]
53  /opt/conda/envs/gdf/bin/python(_PyEval_EvalCodeWithName+0x48) [0x55e9add4de58]
54  /opt/conda/envs/gdf/bin/python(PyEval_EvalCodeEx+0x39) [0x55e9add4de09]
55  /opt/conda/envs/gdf/bin/python(PyEval_EvalCode+0x1b) [0x55e9addfb4ab]
56  /opt/conda/envs/gdf/bin/python(+0x20887a) [0x55e9ade2887a]
57  /opt/conda/envs/gdf/bin/python(+0x204c03) [0x55e9ade24c03]
58  /opt/conda/envs/gdf/bin/python(PyRun_StringFlags+0x9a) [0x55e9ade1ca1a]
59  /opt/conda/envs/gdf/bin/python(PyRun_SimpleStringFlags+0x3c) [0x55e9ade1c90c]
60  /opt/conda/envs/gdf/bin/python(Py_RunMain+0x267) [0x55e9ade1bb47]
61  /opt/conda/envs/gdf/bin/python(Py_BytesMain+0x37) [0x55e9addef2e7]
=================================
2024-06-10 05:56:00,535 - distributed.worker - ERROR - failed during get data with ucx://127.0.0.1:46387 -> ucx://127.0.0.1:38313
Traceback (most recent call last):
  File "/opt/conda/envs/gdf/lib/python3.9/site-packages/distributed/comm/ucx.py", line 334, in write
    await self.ep.send(each_frame)
  File "/opt/conda/envs/gdf/lib/python3.9/site-packages/ucp/core.py", line 662, in send
    return await comm.tag_send(self._ep, buffer, nbytes, tag, name=log)
ucp._libs.exceptions.UCXError: <[Send #007] ep: 0x7ff34262a340, tag: 0xbbd4f4e2e056575f, nbytes: 100000000, type: <class 'cudf.core.buffer.buffer.Buffer'>>: Connection reset by remote peer

During handling of the above exception, another exception occurred:

Traceback (most recent call last):
  File "/opt/conda/envs/gdf/lib/python3.9/site-packages/distributed/worker.py", line 1782, in get_data
    compressed = await comm.write(msg, serializers=serializers)
  File "/opt/conda/envs/gdf/lib/python3.9/site-packages/distributed/utils.py", line 832, in wrapper
    return await func(*args, **kwargs)
  File "/opt/conda/envs/gdf/lib/python3.9/site-packages/distributed/comm/ucx.py", line 338, in write
    raise CommClosedError("While writing, the connection was closed")
distributed.comm.core.CommClosedError: While writing, the connection was closed
2024-06-10 05:56:00,628 - distributed.nanny - WARNING - Restarting worker
2024-06-10 05:56:25,690 - distributed.worker - ERROR - Worker stream died during communication: ucx://127.0.0.1:58765
Traceback (most recent call last):
  File "/opt/conda/envs/gdf/lib/python3.9/site-packages/distributed/comm/ucx.py", line 467, in connect
    ep = await ucp.create_endpoint(ip, port)
  File "/opt/conda/envs/gdf/lib/python3.9/site-packages/ucp/core.py", line 1016, in create_endpoint
    return await _get_ctx().create_endpoint(
  File "/opt/conda/envs/gdf/lib/python3.9/site-packages/ucp/core.py", line 328, in create_endpoint
    peer_info = await exchange_peer_info(
  File "/opt/conda/envs/gdf/lib/python3.9/site-packages/ucp/core.py", line 60, in exchange_peer_info
    await asyncio.wait_for(
  File "/opt/conda/envs/gdf/lib/python3.9/asyncio/tasks.py", line 466, in wait_for
    await waiter
asyncio.exceptions.CancelledError

During handling of the above exception, another exception occurred:

Traceback (most recent call last):
  File "/opt/conda/envs/gdf/lib/python3.9/asyncio/tasks.py", line 490, in wait_for
    return fut.result()
asyncio.exceptions.CancelledError

The above exception was the direct cause of the following exception:

Traceback (most recent call last):
  File "/opt/conda/envs/gdf/lib/python3.9/site-packages/distributed/comm/core.py", line 342, in connect
    comm = await wait_for(
  File "/opt/conda/envs/gdf/lib/python3.9/site-packages/distributed/utils.py", line 1961, in wait_for
    return await asyncio.wait_for(fut, timeout)
  File "/opt/conda/envs/gdf/lib/python3.9/asyncio/tasks.py", line 492, in wait_for
    raise exceptions.TimeoutError() from exc
asyncio.exceptions.TimeoutError

The above exception was the direct cause of the following exception:

Traceback (most recent call last):
  File "/opt/conda/envs/gdf/lib/python3.9/site-packages/distributed/worker.py", line 2059, in gather_dep
    response = await get_data_from_worker(
  File "/opt/conda/envs/gdf/lib/python3.9/site-packages/distributed/worker.py", line 2860, in get_data_from_worker
    comm = await rpc.connect(worker)
  File "/opt/conda/envs/gdf/lib/python3.9/site-packages/distributed/core.py", line 1674, in connect
    return connect_attempt.result()
  File "/opt/conda/envs/gdf/lib/python3.9/site-packages/distributed/core.py", line 1564, in _connect
    comm = await connect(
  File "/opt/conda/envs/gdf/lib/python3.9/site-packages/distributed/comm/core.py", line 368, in connect
    raise OSError(
OSError: Timed out trying to connect to ucx://127.0.0.1:58765 after 30 s
[dgx13:92845:0:92845] Caught signal 11 (Segmentation fault: address not mapped to object at address 0x450)
==== backtrace (tid:  92845) ====
 0  /opt/conda/envs/gdf/lib/libucs.so.0(ucs_handle_error+0x2fd) [0x7f149163ddad]
 1  /opt/conda/envs/gdf/lib/libucs.so.0(+0x2dfa4) [0x7f149163dfa4]
 2  /opt/conda/envs/gdf/lib/libucs.so.0(+0x2e16a) [0x7f149163e16a]
 3  /usr/lib/x86_64-linux-gnu/libpthread.so.0(+0x14420) [0x7f14cf18d420]
 4  /opt/conda/envs/gdf/lib/libucp.so.0(ucp_mem_type_unpack+0x17) [0x7f14916c3147]
 5  /opt/conda/envs/gdf/lib/libucp.so.0(ucp_rndv_data_handler+0x66d) [0x7f14916edf1d]
 6  /opt/conda/envs/gdf/lib/libuct.so.0(+0x21c4f) [0x7f14915f3c4f]
 7  /opt/conda/envs/gdf/lib/libuct.so.0(+0x24e68) [0x7f14915f6e68]
 8  /opt/conda/envs/gdf/lib/libucs.so.0(ucs_event_set_wait+0xb9) [0x7f1491647619]
 9  /opt/conda/envs/gdf/lib/libuct.so.0(uct_tcp_iface_progress+0x7d) [0x7f14915f5f6d]
10  /opt/conda/envs/gdf/lib/libucp.so.0(ucp_worker_progress+0x5a) [0x7f14916bfe9a]
11  /opt/conda/envs/gdf/lib/python3.9/site-packages/ucp/_libs/ucx_api.cpython-39-x86_64-linux-gnu.so(+0x3206a) [0x7f149178206a]
12  /opt/conda/envs/gdf/bin/python(_PyEval_EvalFrameDefault+0x45a6) [0x556baff4d516]
13  /opt/conda/envs/gdf/bin/python(+0x12e184) [0x556baff48184]
14  /opt/conda/envs/gdf/bin/python(_PyFunction_Vectorcall+0xd9) [0x556baff59559]
15  /opt/conda/envs/gdf/bin/python(_PyEval_EvalFrameDefault+0x696) [0x556baff49606]
16  /opt/conda/envs/gdf/bin/python(+0x13f802) [0x556baff59802]
17  /opt/conda/envs/gdf/bin/python(+0x14cbb3) [0x556baff66bb3]
18  /opt/conda/envs/gdf/bin/python(+0x25842c) [0x556bb007242c]
19  /opt/conda/envs/gdf/bin/python(+0xf266c) [0x556baff0c66c]
20  /opt/conda/envs/gdf/bin/python(+0x136833) [0x556baff50833]
21  /opt/conda/envs/gdf/bin/python(_PyEval_EvalFrameDefault+0x58b4) [0x556baff4e824]
22  /opt/conda/envs/gdf/bin/python(+0x13f802) [0x556baff59802]
23  /opt/conda/envs/gdf/bin/python(_PyEval_EvalFrameDefault+0x696) [0x556baff49606]
24  /opt/conda/envs/gdf/bin/python(+0x13f802) [0x556baff59802]
25  /opt/conda/envs/gdf/bin/python(_PyEval_EvalFrameDefault+0x696) [0x556baff49606]
26  /opt/conda/envs/gdf/bin/python(+0x13f802) [0x556baff59802]
27  /opt/conda/envs/gdf/bin/python(_PyEval_EvalFrameDefault+0x696) [0x556baff49606]
28  /opt/conda/envs/gdf/bin/python(+0x13f802) [0x556baff59802]
29  /opt/conda/envs/gdf/bin/python(_PyEval_EvalFrameDefault+0x696) [0x556baff49606]
30  /opt/conda/envs/gdf/bin/python(+0x12e184) [0x556baff48184]
31  /opt/conda/envs/gdf/bin/python(_PyFunction_Vectorcall+0xd9) [0x556baff59559]
32  /opt/conda/envs/gdf/bin/python(_PyEval_EvalFrameDefault+0x11f2) [0x556baff4a162]
33  /opt/conda/envs/gdf/bin/python(+0x12e184) [0x556baff48184]
34  /opt/conda/envs/gdf/bin/python(+0x14c9fb) [0x556baff669fb]
35  /opt/conda/envs/gdf/bin/python(PyObject_Call+0xbc) [0x556baff6717c]
36  /opt/conda/envs/gdf/bin/python(+0x2109ce) [0x556bb002a9ce]
37  /opt/conda/envs/gdf/bin/python(_PyObject_MakeTpCall+0x2ec) [0x556baff517ac]
38  /opt/conda/envs/gdf/bin/python(_PyEval_EvalFrameDefault+0x45a6) [0x556baff4d516]
39  /opt/conda/envs/gdf/bin/python(+0x13f802) [0x556baff59802]
40  /opt/conda/envs/gdf/bin/python(+0x14cadc) [0x556baff66adc]
41  /opt/conda/envs/gdf/bin/python(_PyEval_EvalFrameDefault+0x45a6) [0x556baff4d516]
42  /opt/conda/envs/gdf/bin/python(+0x13f802) [0x556baff59802]
43  /opt/conda/envs/gdf/bin/python(_PyEval_EvalFrameDefault+0x696) [0x556baff49606]
44  /opt/conda/envs/gdf/bin/python(+0x12e184) [0x556baff48184]
45  /opt/conda/envs/gdf/bin/python(_PyFunction_Vectorcall+0xd9) [0x556baff59559]
46  /opt/conda/envs/gdf/bin/python(_PyEval_EvalFrameDefault+0x696) [0x556baff49606]
47  /opt/conda/envs/gdf/bin/python(+0x13f802) [0x556baff59802]
48  /opt/conda/envs/gdf/bin/python(_PyEval_EvalFrameDefault+0x3e2) [0x556baff49352]
49  /opt/conda/envs/gdf/bin/python(+0x12e184) [0x556baff48184]
50  /opt/conda/envs/gdf/bin/python(_PyFunction_Vectorcall+0xd9) [0x556baff59559]
51  /opt/conda/envs/gdf/bin/python(_PyEval_EvalFrameDefault+0x11f2) [0x556baff4a162]
52  /opt/conda/envs/gdf/bin/python(+0x12e184) [0x556baff48184]
53  /opt/conda/envs/gdf/bin/python(_PyEval_EvalCodeWithName+0x48) [0x556baff47e58]
54  /opt/conda/envs/gdf/bin/python(PyEval_EvalCodeEx+0x39) [0x556baff47e09]
55  /opt/conda/envs/gdf/bin/python(PyEval_EvalCode+0x1b) [0x556bafff54ab]
56  /opt/conda/envs/gdf/bin/python(+0x20887a) [0x556bb002287a]
57  /opt/conda/envs/gdf/bin/python(+0x204c03) [0x556bb001ec03]
58  /opt/conda/envs/gdf/bin/python(PyRun_StringFlags+0x9a) [0x556bb0016a1a]
59  /opt/conda/envs/gdf/bin/python(PyRun_SimpleStringFlags+0x3c) [0x556bb001690c]
60  /opt/conda/envs/gdf/bin/python(Py_RunMain+0x267) [0x556bb0015b47]
61  /opt/conda/envs/gdf/bin/python(Py_BytesMain+0x37) [0x556baffe92e7]
=================================
2024-06-10 05:56:26,034 - distributed.worker - ERROR - failed during get data with ucx://127.0.0.1:59129 -> ucx://127.0.0.1:36805
Traceback (most recent call last):
  File "/opt/conda/envs/gdf/lib/python3.9/site-packages/distributed/comm/ucx.py", line 334, in write
    await self.ep.send(each_frame)
  File "/opt/conda/envs/gdf/lib/python3.9/site-packages/ucp/core.py", line 662, in send
    return await comm.tag_send(self._ep, buffer, nbytes, tag, name=log)
ucp._libs.exceptions.UCXError: <[Send #007] ep: 0x7ff131384440, tag: 0x4537832a25341d2c, nbytes: 100000000, type: <class 'cudf.core.buffer.buffer.Buffer'>>: Connection reset by remote peer

During handling of the above exception, another exception occurred:

Traceback (most recent call last):
  File "/opt/conda/envs/gdf/lib/python3.9/site-packages/distributed/worker.py", line 1782, in get_data
    compressed = await comm.write(msg, serializers=serializers)
  File "/opt/conda/envs/gdf/lib/python3.9/site-packages/distributed/utils.py", line 832, in wrapper
    return await func(*args, **kwargs)
  File "/opt/conda/envs/gdf/lib/python3.9/site-packages/distributed/comm/ucx.py", line 338, in write
    raise CommClosedError("While writing, the connection was closed")
distributed.comm.core.CommClosedError: While writing, the connection was closed
2024-06-10 05:56:26,034 - distributed.worker - ERROR - failed during get data with ucx://127.0.0.1:46387 -> ucx://127.0.0.1:36805
Traceback (most recent call last):
  File "/opt/conda/envs/gdf/lib/python3.9/site-packages/distributed/comm/ucx.py", line 334, in write
    await self.ep.send(each_frame)
  File "/opt/conda/envs/gdf/lib/python3.9/site-packages/ucp/core.py", line 662, in send
    return await comm.tag_send(self._ep, buffer, nbytes, tag, name=log)
ucp._libs.exceptions.UCXError: <[Send #007] ep: 0x7ff34262a340, tag: 0x7bdd4dea70ac22f3, nbytes: 100000000, type: <class 'cudf.core.buffer.buffer.Buffer'>>: Connection reset by remote peer

During handling of the above exception, another exception occurred:

Traceback (most recent call last):
  File "/opt/conda/envs/gdf/lib/python3.9/site-packages/distributed/worker.py", line 1782, in get_data
    compressed = await comm.write(msg, serializers=serializers)
  File "/opt/conda/envs/gdf/lib/python3.9/site-packages/distributed/utils.py", line 832, in wrapper
    return await func(*args, **kwargs)
  File "/opt/conda/envs/gdf/lib/python3.9/site-packages/distributed/comm/ucx.py", line 338, in write
    raise CommClosedError("While writing, the connection was closed")
distributed.comm.core.CommClosedError: While writing, the connection was closed
2024-06-10 05:56:26,098 - distributed.nanny - WARNING - Restarting worker
[dgx13:92855:0:92855] Caught signal 11 (Segmentation fault: address not mapped to object at address 0x450)
==== backtrace (tid:  92855) ====
 0  /opt/conda/envs/gdf/lib/libucs.so.0(ucs_handle_error+0x2fd) [0x7f45f14f3dad]
 1  /opt/conda/envs/gdf/lib/libucs.so.0(+0x2dfa4) [0x7f45f14f3fa4]
 2  /opt/conda/envs/gdf/lib/libucs.so.0(+0x2e16a) [0x7f45f14f416a]
 3  /usr/lib/x86_64-linux-gnu/libpthread.so.0(+0x14420) [0x7f462f06e420]
 4  /opt/conda/envs/gdf/lib/libucp.so.0(ucp_mem_type_unpack+0x17) [0x7f45f1579147]
 5  /opt/conda/envs/gdf/lib/libucp.so.0(ucp_rndv_data_handler+0x66d) [0x7f45f15a3f1d]
 6  /opt/conda/envs/gdf/lib/libuct.so.0(+0x21c4f) [0x7f45f14a9c4f]
 7  /opt/conda/envs/gdf/lib/libuct.so.0(+0x24e68) [0x7f45f14ace68]
 8  /opt/conda/envs/gdf/lib/libucs.so.0(ucs_event_set_wait+0xb9) [0x7f45f14fd619]
 9  /opt/conda/envs/gdf/lib/libuct.so.0(uct_tcp_iface_progress+0x7d) [0x7f45f14abf6d]
10  /opt/conda/envs/gdf/lib/libucp.so.0(ucp_worker_progress+0x5a) [0x7f45f1575e9a]
11  /opt/conda/envs/gdf/lib/python3.9/site-packages/ucp/_libs/ucx_api.cpython-39-x86_64-linux-gnu.so(+0x3206a) [0x7f45f163806a]
12  /opt/conda/envs/gdf/bin/python(_PyEval_EvalFrameDefault+0x45a6) [0x55d88809c516]
13  /opt/conda/envs/gdf/bin/python(+0x12e184) [0x55d888097184]
14  /opt/conda/envs/gdf/bin/python(_PyFunction_Vectorcall+0xd9) [0x55d8880a8559]
15  /opt/conda/envs/gdf/bin/python(_PyEval_EvalFrameDefault+0x696) [0x55d888098606]
16  /opt/conda/envs/gdf/bin/python(+0x1e28a2) [0x55d88814b8a2]
17  /opt/conda/envs/gdf/lib/python3.9/lib-dynload/_asyncio.cpython-39-x86_64-linux-gnu.so(+0x81e9) [0x7f46194b41e9]
18  /opt/conda/envs/gdf/bin/python(_PyObject_MakeTpCall+0x2ec) [0x55d8880a07ac]
19  /opt/conda/envs/gdf/bin/python(+0xf266c) [0x55d88805b66c]
20  /opt/conda/envs/gdf/bin/python(+0x136833) [0x55d88809f833]
21  /opt/conda/envs/gdf/bin/python(_PyEval_EvalFrameDefault+0x58b4) [0x55d88809d824]
22  /opt/conda/envs/gdf/bin/python(+0x13f802) [0x55d8880a8802]
23  /opt/conda/envs/gdf/bin/python(_PyEval_EvalFrameDefault+0x696) [0x55d888098606]
24  /opt/conda/envs/gdf/bin/python(+0x13f802) [0x55d8880a8802]
25  /opt/conda/envs/gdf/bin/python(_PyEval_EvalFrameDefault+0x696) [0x55d888098606]
26  /opt/conda/envs/gdf/bin/python(+0x13f802) [0x55d8880a8802]
27  /opt/conda/envs/gdf/bin/python(_PyEval_EvalFrameDefault+0x696) [0x55d888098606]
28  /opt/conda/envs/gdf/bin/python(+0x13f802) [0x55d8880a8802]
29  /opt/conda/envs/gdf/bin/python(_PyEval_EvalFrameDefault+0x696) [0x55d888098606]
30  /opt/conda/envs/gdf/bin/python(+0x12e184) [0x55d888097184]
31  /opt/conda/envs/gdf/bin/python(_PyFunction_Vectorcall+0xd9) [0x55d8880a8559]
32  /opt/conda/envs/gdf/bin/python(_PyEval_EvalFrameDefault+0x11f2) [0x55d888099162]
33  /opt/conda/envs/gdf/bin/python(+0x12e184) [0x55d888097184]
34  /opt/conda/envs/gdf/bin/python(+0x14c9fb) [0x55d8880b59fb]
35  /opt/conda/envs/gdf/bin/python(PyObject_Call+0xbc) [0x55d8880b617c]
36  /opt/conda/envs/gdf/bin/python(+0x2109ce) [0x55d8881799ce]
37  /opt/conda/envs/gdf/bin/python(_PyObject_MakeTpCall+0x2ec) [0x55d8880a07ac]
38  /opt/conda/envs/gdf/bin/python(_PyEval_EvalFrameDefault+0x45a6) [0x55d88809c516]
39  /opt/conda/envs/gdf/bin/python(+0x13f802) [0x55d8880a8802]
40  /opt/conda/envs/gdf/bin/python(+0x14cadc) [0x55d8880b5adc]
41  /opt/conda/envs/gdf/bin/python(_PyEval_EvalFrameDefault+0x45a6) [0x55d88809c516]
42  /opt/conda/envs/gdf/bin/python(+0x13f802) [0x55d8880a8802]
43  /opt/conda/envs/gdf/bin/python(_PyEval_EvalFrameDefault+0x696) [0x55d888098606]
44  /opt/conda/envs/gdf/bin/python(+0x12e184) [0x55d888097184]
45  /opt/conda/envs/gdf/bin/python(_PyFunction_Vectorcall+0xd9) [0x55d8880a8559]
46  /opt/conda/envs/gdf/bin/python(_PyEval_EvalFrameDefault+0x696) [0x55d888098606]
47  /opt/conda/envs/gdf/bin/python(+0x13f802) [0x55d8880a8802]
48  /opt/conda/envs/gdf/bin/python(_PyEval_EvalFrameDefault+0x3e2) [0x55d888098352]
49  /opt/conda/envs/gdf/bin/python(+0x12e184) [0x55d888097184]
50  /opt/conda/envs/gdf/bin/python(_PyFunction_Vectorcall+0xd9) [0x55d8880a8559]
51  /opt/conda/envs/gdf/bin/python(_PyEval_EvalFrameDefault+0x11f2) [0x55d888099162]
52  /opt/conda/envs/gdf/bin/python(+0x12e184) [0x55d888097184]
53  /opt/conda/envs/gdf/bin/python(_PyEval_EvalCodeWithName+0x48) [0x55d888096e58]
54  /opt/conda/envs/gdf/bin/python(PyEval_EvalCodeEx+0x39) [0x55d888096e09]
55  /opt/conda/envs/gdf/bin/python(PyEval_EvalCode+0x1b) [0x55d8881444ab]
56  /opt/conda/envs/gdf/bin/python(+0x20887a) [0x55d88817187a]
57  /opt/conda/envs/gdf/bin/python(+0x204c03) [0x55d88816dc03]
58  /opt/conda/envs/gdf/bin/python(PyRun_StringFlags+0x9a) [0x55d888165a1a]
59  /opt/conda/envs/gdf/bin/python(PyRun_SimpleStringFlags+0x3c) [0x55d88816590c]
60  /opt/conda/envs/gdf/bin/python(Py_RunMain+0x267) [0x55d888164b47]
61  /opt/conda/envs/gdf/bin/python(Py_BytesMain+0x37) [0x55d8881382e7]
=================================
2024-06-10 05:56:26,365 - distributed.worker - ERROR - failed during get data with ucx://127.0.0.1:59129 -> ucx://127.0.0.1:42907
Traceback (most recent call last):
  File "/opt/conda/envs/gdf/lib/python3.9/site-packages/distributed/comm/ucx.py", line 334, in write
    await self.ep.send(each_frame)
  File "/opt/conda/envs/gdf/lib/python3.9/site-packages/ucp/core.py", line 662, in send
    return await comm.tag_send(self._ep, buffer, nbytes, tag, name=log)
ucp._libs.exceptions.UCXError: <[Send #007] ep: 0x7ff131384440, tag: 0x225496746fc13ed9, nbytes: 100000000, type: <class 'cudf.core.buffer.buffer.Buffer'>>: Connection reset by remote peer

During handling of the above exception, another exception occurred:

Traceback (most recent call last):
  File "/opt/conda/envs/gdf/lib/python3.9/site-packages/distributed/worker.py", line 1782, in get_data
    compressed = await comm.write(msg, serializers=serializers)
  File "/opt/conda/envs/gdf/lib/python3.9/site-packages/distributed/utils.py", line 832, in wrapper
    return await func(*args, **kwargs)
  File "/opt/conda/envs/gdf/lib/python3.9/site-packages/distributed/comm/ucx.py", line 338, in write
    raise CommClosedError("While writing, the connection was closed")
distributed.comm.core.CommClosedError: While writing, the connection was closed
2024-06-10 05:56:26,365 - distributed.worker - ERROR - failed during get data with ucx://127.0.0.1:46387 -> ucx://127.0.0.1:42907
Traceback (most recent call last):
  File "/opt/conda/envs/gdf/lib/python3.9/site-packages/distributed/comm/ucx.py", line 334, in write
    await self.ep.send(each_frame)
  File "/opt/conda/envs/gdf/lib/python3.9/site-packages/ucp/core.py", line 662, in send
    return await comm.tag_send(self._ep, buffer, nbytes, tag, name=log)
ucp._libs.exceptions.UCXError: <[Send #007] ep: 0x7ff34262a340, tag: 0x478f03e8b9532ad4, nbytes: 100000000, type: <class 'cudf.core.buffer.buffer.Buffer'>>: Connection reset by remote peer

During handling of the above exception, another exception occurred:

Traceback (most recent call last):
  File "/opt/conda/envs/gdf/lib/python3.9/site-packages/distributed/worker.py", line 1782, in get_data
    compressed = await comm.write(msg, serializers=serializers)
  File "/opt/conda/envs/gdf/lib/python3.9/site-packages/distributed/utils.py", line 832, in wrapper
    return await func(*args, **kwargs)
  File "/opt/conda/envs/gdf/lib/python3.9/site-packages/distributed/comm/ucx.py", line 338, in write
    raise CommClosedError("While writing, the connection was closed")
distributed.comm.core.CommClosedError: While writing, the connection was closed
2024-06-10 05:56:26,407 - distributed.nanny - WARNING - Restarting worker
[dgx13:92871:0:92871] Caught signal 11 (Segmentation fault: address not mapped to object at address 0x450)
==== backtrace (tid:  92871) ====
 0  /opt/conda/envs/gdf/lib/libucs.so.0(ucs_handle_error+0x2fd) [0x7fea68a59dad]
 1  /opt/conda/envs/gdf/lib/libucs.so.0(+0x2dfa4) [0x7fea68a59fa4]
 2  /opt/conda/envs/gdf/lib/libucs.so.0(+0x2e16a) [0x7fea68a5a16a]
 3  /usr/lib/x86_64-linux-gnu/libpthread.so.0(+0x14420) [0x7fea9458e420]
 4  /opt/conda/envs/gdf/lib/libucp.so.0(ucp_mem_type_unpack+0x17) [0x7fea68adf147]
 5  /opt/conda/envs/gdf/lib/libucp.so.0(ucp_rndv_data_handler+0x66d) [0x7fea68b09f1d]
 6  /opt/conda/envs/gdf/lib/libuct.so.0(+0x21c4f) [0x7fea68a0fc4f]
 7  /opt/conda/envs/gdf/lib/libuct.so.0(+0x24e68) [0x7fea68a12e68]
 8  /opt/conda/envs/gdf/lib/libucs.so.0(ucs_event_set_wait+0xb9) [0x7fea68a63619]
 9  /opt/conda/envs/gdf/lib/libuct.so.0(uct_tcp_iface_progress+0x7d) [0x7fea68a11f6d]
10  /opt/conda/envs/gdf/lib/libucp.so.0(ucp_worker_progress+0x5a) [0x7fea68adbe9a]
11  /opt/conda/envs/gdf/lib/python3.9/site-packages/ucp/_libs/ucx_api.cpython-39-x86_64-linux-gnu.so(+0x3206a) [0x7fea68b9e06a]
12  /opt/conda/envs/gdf/bin/python(_PyEval_EvalFrameDefault+0x45a6) [0x556fc72f3516]
13  /opt/conda/envs/gdf/bin/python(+0x12e184) [0x556fc72ee184]
14  /opt/conda/envs/gdf/bin/python(_PyFunction_Vectorcall+0xd9) [0x556fc72ff559]
15  /opt/conda/envs/gdf/bin/python(_PyEval_EvalFrameDefault+0x696) [0x556fc72ef606]
16  /opt/conda/envs/gdf/bin/python(+0x1e28a2) [0x556fc73a28a2]
17  /opt/conda/envs/gdf/lib/python3.9/lib-dynload/_asyncio.cpython-39-x86_64-linux-gnu.so(+0x81e9) [0x7fea880311e9]
18  /opt/conda/envs/gdf/bin/python(_PyObject_MakeTpCall+0x2ec) [0x556fc72f77ac]
19  /opt/conda/envs/gdf/bin/python(+0xf266c) [0x556fc72b266c]
20  /opt/conda/envs/gdf/bin/python(+0x136833) [0x556fc72f6833]
21  /opt/conda/envs/gdf/bin/python(_PyEval_EvalFrameDefault+0x58b4) [0x556fc72f4824]
22  /opt/conda/envs/gdf/bin/python(+0x13f802) [0x556fc72ff802]
23  /opt/conda/envs/gdf/bin/python(_PyEval_EvalFrameDefault+0x696) [0x556fc72ef606]
24  /opt/conda/envs/gdf/bin/python(+0x13f802) [0x556fc72ff802]
25  /opt/conda/envs/gdf/bin/python(_PyEval_EvalFrameDefault+0x696) [0x556fc72ef606]
26  /opt/conda/envs/gdf/bin/python(+0x13f802) [0x556fc72ff802]
27  /opt/conda/envs/gdf/bin/python(_PyEval_EvalFrameDefault+0x696) [0x556fc72ef606]
28  /opt/conda/envs/gdf/bin/python(+0x13f802) [0x556fc72ff802]
29  /opt/conda/envs/gdf/bin/python(_PyEval_EvalFrameDefault+0x696) [0x556fc72ef606]
30  /opt/conda/envs/gdf/bin/python(+0x12e184) [0x556fc72ee184]
31  /opt/conda/envs/gdf/bin/python(_PyFunction_Vectorcall+0xd9) [0x556fc72ff559]
32  /opt/conda/envs/gdf/bin/python(_PyEval_EvalFrameDefault+0x11f2) [0x556fc72f0162]
33  /opt/conda/envs/gdf/bin/python(+0x12e184) [0x556fc72ee184]
34  /opt/conda/envs/gdf/bin/python(+0x14c9fb) [0x556fc730c9fb]
35  /opt/conda/envs/gdf/bin/python(PyObject_Call+0xbc) [0x556fc730d17c]
36  /opt/conda/envs/gdf/bin/python(+0x2109ce) [0x556fc73d09ce]
37  /opt/conda/envs/gdf/bin/python(_PyObject_MakeTpCall+0x2ec) [0x556fc72f77ac]
38  /opt/conda/envs/gdf/bin/python(_PyEval_EvalFrameDefault+0x45a6) [0x556fc72f3516]
39  /opt/conda/envs/gdf/bin/python(+0x13f802) [0x556fc72ff802]
40  /opt/conda/envs/gdf/bin/python(+0x14cadc) [0x556fc730cadc]
41  /opt/conda/envs/gdf/bin/python(_PyEval_EvalFrameDefault+0x45a6) [0x556fc72f3516]
42  /opt/conda/envs/gdf/bin/python(+0x13f802) [0x556fc72ff802]
43  /opt/conda/envs/gdf/bin/python(_PyEval_EvalFrameDefault+0x696) [0x556fc72ef606]
44  /opt/conda/envs/gdf/bin/python(+0x12e184) [0x556fc72ee184]
45  /opt/conda/envs/gdf/bin/python(_PyFunction_Vectorcall+0xd9) [0x556fc72ff559]
46  /opt/conda/envs/gdf/bin/python(_PyEval_EvalFrameDefault+0x696) [0x556fc72ef606]
47  /opt/conda/envs/gdf/bin/python(+0x13f802) [0x556fc72ff802]
48  /opt/conda/envs/gdf/bin/python(_PyEval_EvalFrameDefault+0x3e2) [0x556fc72ef352]
49  /opt/conda/envs/gdf/bin/python(+0x12e184) [0x556fc72ee184]
50  /opt/conda/envs/gdf/bin/python(_PyFunction_Vectorcall+0xd9) [0x556fc72ff559]
51  /opt/conda/envs/gdf/bin/python(_PyEval_EvalFrameDefault+0x11f2) [0x556fc72f0162]
52  /opt/conda/envs/gdf/bin/python(+0x12e184) [0x556fc72ee184]
53  /opt/conda/envs/gdf/bin/python(_PyEval_EvalCodeWithName+0x48) [0x556fc72ede58]
54  /opt/conda/envs/gdf/bin/python(PyEval_EvalCodeEx+0x39) [0x556fc72ede09]
55  /opt/conda/envs/gdf/bin/python(PyEval_EvalCode+0x1b) [0x556fc739b4ab]
56  /opt/conda/envs/gdf/bin/python(+0x20887a) [0x556fc73c887a]
57  /opt/conda/envs/gdf/bin/python(+0x204c03) [0x556fc73c4c03]
58  /opt/conda/envs/gdf/bin/python(PyRun_StringFlags+0x9a) [0x556fc73bca1a]
59  /opt/conda/envs/gdf/bin/python(PyRun_SimpleStringFlags+0x3c) [0x556fc73bc90c]
60  /opt/conda/envs/gdf/bin/python(Py_RunMain+0x267) [0x556fc73bbb47]
61  /opt/conda/envs/gdf/bin/python(Py_BytesMain+0x37) [0x556fc738f2e7]
=================================
2024-06-10 05:56:26,720 - distributed.worker - ERROR - failed during get data with ucx://127.0.0.1:59129 -> ucx://127.0.0.1:44373
Traceback (most recent call last):
  File "/opt/conda/envs/gdf/lib/python3.9/site-packages/distributed/comm/ucx.py", line 334, in write
    await self.ep.send(each_frame)
  File "/opt/conda/envs/gdf/lib/python3.9/site-packages/ucp/core.py", line 662, in send
    return await comm.tag_send(self._ep, buffer, nbytes, tag, name=log)
ucp._libs.exceptions.UCXError: <[Send #007] ep: 0x7ff131384440, tag: 0x721657a7904f66d, nbytes: 100000000, type: <class 'cudf.core.buffer.buffer.Buffer'>>: Connection reset by remote peer

During handling of the above exception, another exception occurred:

Traceback (most recent call last):
  File "/opt/conda/envs/gdf/lib/python3.9/site-packages/distributed/worker.py", line 1782, in get_data
    compressed = await comm.write(msg, serializers=serializers)
  File "/opt/conda/envs/gdf/lib/python3.9/site-packages/distributed/utils.py", line 832, in wrapper
    return await func(*args, **kwargs)
  File "/opt/conda/envs/gdf/lib/python3.9/site-packages/distributed/comm/ucx.py", line 338, in write
    raise CommClosedError("While writing, the connection was closed")
distributed.comm.core.CommClosedError: While writing, the connection was closed
2024-06-10 05:56:26,720 - distributed.worker - ERROR - failed during get data with ucx://127.0.0.1:46387 -> ucx://127.0.0.1:44373
Traceback (most recent call last):
  File "/opt/conda/envs/gdf/lib/python3.9/site-packages/distributed/comm/ucx.py", line 334, in write
    await self.ep.send(each_frame)
  File "/opt/conda/envs/gdf/lib/python3.9/site-packages/ucp/core.py", line 662, in send
    return await comm.tag_send(self._ep, buffer, nbytes, tag, name=log)
ucp._libs.exceptions.UCXError: <[Send #007] ep: 0x7ff34262a340, tag: 0x79ccf9b4d173d94e, nbytes: 100000000, type: <class 'cudf.core.buffer.buffer.Buffer'>>: Connection reset by remote peer

During handling of the above exception, another exception occurred:

Traceback (most recent call last):
  File "/opt/conda/envs/gdf/lib/python3.9/site-packages/distributed/worker.py", line 1782, in get_data
    compressed = await comm.write(msg, serializers=serializers)
  File "/opt/conda/envs/gdf/lib/python3.9/site-packages/distributed/utils.py", line 832, in wrapper
    return await func(*args, **kwargs)
  File "/opt/conda/envs/gdf/lib/python3.9/site-packages/distributed/comm/ucx.py", line 338, in write
    raise CommClosedError("While writing, the connection was closed")
distributed.comm.core.CommClosedError: While writing, the connection was closed
[dgx13:92863:0:92863] Caught signal 11 (Segmentation fault: address not mapped to object at address 0x450)
==== backtrace (tid:  92863) ====
 0  /opt/conda/envs/gdf/lib/libucs.so.0(ucs_handle_error+0x2fd) [0x7f3570af6dad]
 1  /opt/conda/envs/gdf/lib/libucs.so.0(+0x2dfa4) [0x7f3570af6fa4]
 2  /opt/conda/envs/gdf/lib/libucs.so.0(+0x2e16a) [0x7f3570af716a]
 3  /usr/lib/x86_64-linux-gnu/libpthread.so.0(+0x14420) [0x7f359c63a420]
 4  /opt/conda/envs/gdf/lib/libucp.so.0(ucp_mem_type_unpack+0x17) [0x7f3570b7c147]
 5  /opt/conda/envs/gdf/lib/libucp.so.0(ucp_rndv_data_handler+0x66d) [0x7f3570ba6f1d]
 6  /opt/conda/envs/gdf/lib/libuct.so.0(+0x21c4f) [0x7f3570aacc4f]
 7  /opt/conda/envs/gdf/lib/libuct.so.0(+0x24e68) [0x7f3570aafe68]
 8  /opt/conda/envs/gdf/lib/libucs.so.0(ucs_event_set_wait+0xb9) [0x7f3570b00619]
 9  /opt/conda/envs/gdf/lib/libuct.so.0(uct_tcp_iface_progress+0x7d) [0x7f3570aaef6d]
10  /opt/conda/envs/gdf/lib/libucp.so.0(ucp_worker_progress+0x5a) [0x7f3570b78e9a]
11  /opt/conda/envs/gdf/lib/python3.9/site-packages/ucp/_libs/ucx_api.cpython-39-x86_64-linux-gnu.so(+0x3206a) [0x7f3570c3b06a]
12  /opt/conda/envs/gdf/bin/python(_PyEval_EvalFrameDefault+0x45a6) [0x55f2aaeed516]
13  /opt/conda/envs/gdf/bin/python(+0x12e184) [0x55f2aaee8184]
14  /opt/conda/envs/gdf/bin/python(_PyFunction_Vectorcall+0xd9) [0x55f2aaef9559]
15  /opt/conda/envs/gdf/bin/python(_PyEval_EvalFrameDefault+0x696) [0x55f2aaee9606]
16  /opt/conda/envs/gdf/bin/python(+0x1e28a2) [0x55f2aaf9c8a2]
17  /opt/conda/envs/gdf/lib/python3.9/lib-dynload/_asyncio.cpython-39-x86_64-linux-gnu.so(+0x81e9) [0x7f359001b1e9]
18  /opt/conda/envs/gdf/bin/python(_PyObject_MakeTpCall+0x2ec) [0x55f2aaef17ac]
19  /opt/conda/envs/gdf/bin/python(+0xf266c) [0x55f2aaeac66c]
20  /opt/conda/envs/gdf/bin/python(+0x136833) [0x55f2aaef0833]
21  /opt/conda/envs/gdf/bin/python(_PyEval_EvalFrameDefault+0x58b4) [0x55f2aaeee824]
22  /opt/conda/envs/gdf/bin/python(+0x13f802) [0x55f2aaef9802]
23  /opt/conda/envs/gdf/bin/python(_PyEval_EvalFrameDefault+0x696) [0x55f2aaee9606]
24  /opt/conda/envs/gdf/bin/python(+0x13f802) [0x55f2aaef9802]
25  /opt/conda/envs/gdf/bin/python(_PyEval_EvalFrameDefault+0x696) [0x55f2aaee9606]
26  /opt/conda/envs/gdf/bin/python(+0x13f802) [0x55f2aaef9802]
27  /opt/conda/envs/gdf/bin/python(_PyEval_EvalFrameDefault+0x696) [0x55f2aaee9606]
28  /opt/conda/envs/gdf/bin/python(+0x13f802) [0x55f2aaef9802]
29  /opt/conda/envs/gdf/bin/python(_PyEval_EvalFrameDefault+0x696) [0x55f2aaee9606]
30  /opt/conda/envs/gdf/bin/python(+0x12e184) [0x55f2aaee8184]
31  /opt/conda/envs/gdf/bin/python(_PyFunction_Vectorcall+0xd9) [0x55f2aaef9559]
32  /opt/conda/envs/gdf/bin/python(_PyEval_EvalFrameDefault+0x11f2) [0x55f2aaeea162]
33  /opt/conda/envs/gdf/bin/python(+0x12e184) [0x55f2aaee8184]
34  /opt/conda/envs/gdf/bin/python(+0x14c9fb) [0x55f2aaf069fb]
35  /opt/conda/envs/gdf/bin/python(PyObject_Call+0xbc) [0x55f2aaf0717c]
36  /opt/conda/envs/gdf/bin/python(+0x2109ce) [0x55f2aafca9ce]
37  /opt/conda/envs/gdf/bin/python(_PyObject_MakeTpCall+0x2ec) [0x55f2aaef17ac]
38  /opt/conda/envs/gdf/bin/python(_PyEval_EvalFrameDefault+0x45a6) [0x55f2aaeed516]
39  /opt/conda/envs/gdf/bin/python(+0x13f802) [0x55f2aaef9802]
40  /opt/conda/envs/gdf/bin/python(+0x14cadc) [0x55f2aaf06adc]
41  /opt/conda/envs/gdf/bin/python(_PyEval_EvalFrameDefault+0x45a6) [0x55f2aaeed516]
42  /opt/conda/envs/gdf/bin/python(+0x13f802) [0x55f2aaef9802]
43  /opt/conda/envs/gdf/bin/python(_PyEval_EvalFrameDefault+0x696) [0x55f2aaee9606]
44  /opt/conda/envs/gdf/bin/python(+0x12e184) [0x55f2aaee8184]
45  /opt/conda/envs/gdf/bin/python(_PyFunction_Vectorcall+0xd9) [0x55f2aaef9559]
46  /opt/conda/envs/gdf/bin/python(_PyEval_EvalFrameDefault+0x696) [0x55f2aaee9606]
47  /opt/conda/envs/gdf/bin/python(+0x13f802) [0x55f2aaef9802]
48  /opt/conda/envs/gdf/bin/python(_PyEval_EvalFrameDefault+0x3e2) [0x55f2aaee9352]
49  /opt/conda/envs/gdf/bin/python(+0x12e184) [0x55f2aaee8184]
50  /opt/conda/envs/gdf/bin/python(_PyFunction_Vectorcall+0xd9) [0x55f2aaef9559]
51  /opt/conda/envs/gdf/bin/python(_PyEval_EvalFrameDefault+0x11f2) [0x55f2aaeea162]
52  /opt/conda/envs/gdf/bin/python(+0x12e184) [0x55f2aaee8184]
53  /opt/conda/envs/gdf/bin/python(_PyEval_EvalCodeWithName+0x48) [0x55f2aaee7e58]
54  /opt/conda/envs/gdf/bin/python(PyEval_EvalCodeEx+0x39) [0x55f2aaee7e09]
55  /opt/conda/envs/gdf/bin/python(PyEval_EvalCode+0x1b) [0x55f2aaf954ab]
56  /opt/conda/envs/gdf/bin/python(+0x20887a) [0x55f2aafc287a]
57  /opt/conda/envs/gdf/bin/python(+0x204c03) [0x55f2aafbec03]
58  /opt/conda/envs/gdf/bin/python(PyRun_StringFlags+0x9a) [0x55f2aafb6a1a]
59  /opt/conda/envs/gdf/bin/python(PyRun_SimpleStringFlags+0x3c) [0x55f2aafb690c]
60  /opt/conda/envs/gdf/bin/python(Py_RunMain+0x267) [0x55f2aafb5b47]
61  /opt/conda/envs/gdf/bin/python(Py_BytesMain+0x37) [0x55f2aaf892e7]
=================================
2024-06-10 05:56:26,816 - distributed.nanny - WARNING - Restarting worker
2024-06-10 05:56:26,983 - distributed.worker - ERROR - failed during get data with ucx://127.0.0.1:59129 -> ucx://127.0.0.1:43939
Traceback (most recent call last):
  File "/opt/conda/envs/gdf/lib/python3.9/site-packages/distributed/comm/ucx.py", line 334, in write
    await self.ep.send(each_frame)
  File "/opt/conda/envs/gdf/lib/python3.9/site-packages/ucp/core.py", line 662, in send
    return await comm.tag_send(self._ep, buffer, nbytes, tag, name=log)
ucp._libs.exceptions.UCXError: <[Send #007] ep: 0x7ff131384440, tag: 0x3d61709735c2d960, nbytes: 100000000, type: <class 'cudf.core.buffer.buffer.Buffer'>>: Connection reset by remote peer

During handling of the above exception, another exception occurred:

Traceback (most recent call last):
  File "/opt/conda/envs/gdf/lib/python3.9/site-packages/distributed/worker.py", line 1782, in get_data
    compressed = await comm.write(msg, serializers=serializers)
  File "/opt/conda/envs/gdf/lib/python3.9/site-packages/distributed/utils.py", line 832, in wrapper
    return await func(*args, **kwargs)
  File "/opt/conda/envs/gdf/lib/python3.9/site-packages/distributed/comm/ucx.py", line 338, in write
    raise CommClosedError("While writing, the connection was closed")
distributed.comm.core.CommClosedError: While writing, the connection was closed
2024-06-10 05:56:26,983 - distributed.worker - ERROR - failed during get data with ucx://127.0.0.1:46387 -> ucx://127.0.0.1:43939
Traceback (most recent call last):
  File "/opt/conda/envs/gdf/lib/python3.9/site-packages/distributed/comm/ucx.py", line 334, in write
    await self.ep.send(each_frame)
  File "/opt/conda/envs/gdf/lib/python3.9/site-packages/ucp/core.py", line 662, in send
    return await comm.tag_send(self._ep, buffer, nbytes, tag, name=log)
ucp._libs.exceptions.UCXError: <[Send #007] ep: 0x7ff34262a340, tag: 0x61a3e8ea70069b36, nbytes: 100000000, type: <class 'cudf.core.buffer.buffer.Buffer'>>: Connection reset by remote peer

During handling of the above exception, another exception occurred:

Traceback (most recent call last):
  File "/opt/conda/envs/gdf/lib/python3.9/site-packages/distributed/worker.py", line 1782, in get_data
    compressed = await comm.write(msg, serializers=serializers)
  File "/opt/conda/envs/gdf/lib/python3.9/site-packages/distributed/utils.py", line 832, in wrapper
    return await func(*args, **kwargs)
  File "/opt/conda/envs/gdf/lib/python3.9/site-packages/distributed/comm/ucx.py", line 338, in write
    raise CommClosedError("While writing, the connection was closed")
distributed.comm.core.CommClosedError: While writing, the connection was closed
2024-06-10 05:56:27,026 - distributed.nanny - WARNING - Restarting worker
/opt/conda/envs/gdf/lib/python3.9/multiprocessing/resource_tracker.py:216: UserWarning: resource_tracker: There appear to be 48 leaked semaphore objects to clean up at shutdown
  warnings.warn('resource_tracker: There appear to be %d '
