[dgx13:77635:0:77635] Caught signal 11 (Segmentation fault: address not mapped to object at address 0x450)
==== backtrace (tid:  77635) ====
 0  /opt/conda/envs/gdf/lib/libucs.so.0(ucs_handle_error+0x2fd) [0x7f12a005dc1d]
 1  /opt/conda/envs/gdf/lib/libucs.so.0(+0x2de11) [0x7f12a005de11]
 2  /opt/conda/envs/gdf/lib/libucs.so.0(+0x2dfda) [0x7f12a005dfda]
 3  /usr/lib/x86_64-linux-gnu/libpthread.so.0(+0x14420) [0x7f12da1a5420]
 4  /opt/conda/envs/gdf/lib/libucp.so.0(ucp_mem_type_unpack+0x14) [0x7f128deca2d4]
 5  /opt/conda/envs/gdf/lib/libucp.so.0(ucp_rndv_data_handler+0x605) [0x7f128def4495]
 6  /opt/conda/envs/gdf/lib/./libuct.so.0(+0x21a06) [0x7f128de61a06]
 7  /opt/conda/envs/gdf/lib/./libuct.so.0(+0x24ae8) [0x7f128de64ae8]
 8  /opt/conda/envs/gdf/lib/libucs.so.0(ucs_event_set_wait+0xb1) [0x7f12a0067411]
 9  /opt/conda/envs/gdf/lib/./libuct.so.0(uct_tcp_iface_progress+0x7d) [0x7f128de63bbd]
10  /opt/conda/envs/gdf/lib/libucp.so.0(ucp_worker_progress+0x5a) [0x7f128dec6f1a]
11  /opt/conda/envs/gdf/lib/python3.10/site-packages/ucp/_libs/ucx_api.cpython-310-x86_64-linux-gnu.so(+0x31dca) [0x7f128df86dca]
12  /opt/conda/envs/gdf/bin/python(_PyEval_EvalFrameDefault+0x2c3e) [0x55c8844c76de]
13  /opt/conda/envs/gdf/bin/python(_PyFunction_Vectorcall+0x6c) [0x55c8844d4b7c]
14  /opt/conda/envs/gdf/bin/python(_PyEval_EvalFrameDefault+0x6fd) [0x55c8844c519d]
15  /opt/conda/envs/gdf/bin/python(+0x147234) [0x55c8844e0234]
16  /opt/conda/envs/gdf/bin/python(+0x252f7c) [0x55c8845ebf7c]
17  /opt/conda/envs/gdf/bin/python(+0xf745f) [0x55c88449045f]
18  /opt/conda/envs/gdf/bin/python(+0x1331b3) [0x55c8844cc1b3]
19  /opt/conda/envs/gdf/bin/python(_PyEval_EvalFrameDefault+0x593b) [0x55c8844ca3db]
20  /opt/conda/envs/gdf/bin/python(_PyFunction_Vectorcall+0x6c) [0x55c8844d4b7c]
21  /opt/conda/envs/gdf/bin/python(_PyEval_EvalFrameDefault+0x6fd) [0x55c8844c519d]
22  /opt/conda/envs/gdf/bin/python(_PyFunction_Vectorcall+0x6c) [0x55c8844d4b7c]
23  /opt/conda/envs/gdf/bin/python(_PyEval_EvalFrameDefault+0x6fd) [0x55c8844c519d]
24  /opt/conda/envs/gdf/bin/python(_PyFunction_Vectorcall+0x6c) [0x55c8844d4b7c]
25  /opt/conda/envs/gdf/bin/python(_PyEval_EvalFrameDefault+0x6fd) [0x55c8844c519d]
26  /opt/conda/envs/gdf/bin/python(_PyFunction_Vectorcall+0x6c) [0x55c8844d4b7c]
27  /opt/conda/envs/gdf/bin/python(_PyEval_EvalFrameDefault+0x6fd) [0x55c8844c519d]
28  /opt/conda/envs/gdf/bin/python(_PyFunction_Vectorcall+0x6c) [0x55c8844d4b7c]
29  /opt/conda/envs/gdf/bin/python(_PyEval_EvalFrameDefault+0x1341) [0x55c8844c5de1]
30  /opt/conda/envs/gdf/bin/python(+0x146fb2) [0x55c8844dffb2]
31  /opt/conda/envs/gdf/bin/python(PyObject_Call+0xbc) [0x55c8844e094c]
32  /opt/conda/envs/gdf/bin/python(+0x1ff72d) [0x55c88459872d]
33  /opt/conda/envs/gdf/bin/python(_PyObject_MakeTpCall+0x2d3) [0x55c8844cda03]
34  /opt/conda/envs/gdf/bin/python(_PyEval_EvalFrameDefault+0x2c3e) [0x55c8844c76de]
35  /opt/conda/envs/gdf/bin/python(+0x147108) [0x55c8844e0108]
36  /opt/conda/envs/gdf/bin/python(_PyEval_EvalFrameDefault+0x2c3e) [0x55c8844c76de]
37  /opt/conda/envs/gdf/bin/python(_PyFunction_Vectorcall+0x6c) [0x55c8844d4b7c]
38  /opt/conda/envs/gdf/bin/python(_PyEval_EvalFrameDefault+0x6fd) [0x55c8844c519d]
39  /opt/conda/envs/gdf/bin/python(_PyFunction_Vectorcall+0x6c) [0x55c8844d4b7c]
40  /opt/conda/envs/gdf/bin/python(_PyEval_EvalFrameDefault+0x6fd) [0x55c8844c519d]
41  /opt/conda/envs/gdf/bin/python(_PyFunction_Vectorcall+0x6c) [0x55c8844d4b7c]
42  /opt/conda/envs/gdf/bin/python(_PyEval_EvalFrameDefault+0x309) [0x55c8844c4da9]
43  /opt/conda/envs/gdf/bin/python(_PyFunction_Vectorcall+0x6c) [0x55c8844d4b7c]
44  /opt/conda/envs/gdf/bin/python(_PyEval_EvalFrameDefault+0x1341) [0x55c8844c5de1]
45  /opt/conda/envs/gdf/bin/python(+0x1cca8c) [0x55c884565a8c]
46  /opt/conda/envs/gdf/bin/python(PyEval_EvalCode+0x87) [0x55c8845659d7]
47  /opt/conda/envs/gdf/bin/python(+0x1fceba) [0x55c884595eba]
48  /opt/conda/envs/gdf/bin/python(+0x1f8343) [0x55c884591343]
49  /opt/conda/envs/gdf/bin/python(PyRun_StringFlags+0x7d) [0x55c884589add]
50  /opt/conda/envs/gdf/bin/python(PyRun_SimpleStringFlags+0x3c) [0x55c88458991c]
51  /opt/conda/envs/gdf/bin/python(Py_RunMain+0x3ba) [0x55c884588b1a]
52  /opt/conda/envs/gdf/bin/python(Py_BytesMain+0x37) [0x55c884559117]
53  /usr/lib/x86_64-linux-gnu/libc.so.6(__libc_start_main+0xf3) [0x7f12d9e69083]
54  /opt/conda/envs/gdf/bin/python(+0x1c002e) [0x55c88455902e]
=================================
[dgx13:77646:0:77646] Caught signal 11 (Segmentation fault: address not mapped to object at address 0x450)
==== backtrace (tid:  77646) ====
 0  /opt/conda/envs/gdf/lib/libucs.so.0(ucs_handle_error+0x2fd) [0x7fb48c2ccc1d]
 1  /opt/conda/envs/gdf/lib/libucs.so.0(+0x2de11) [0x7fb48c2cce11]
 2  /opt/conda/envs/gdf/lib/libucs.so.0(+0x2dfda) [0x7fb48c2ccfda]
 3  /usr/lib/x86_64-linux-gnu/libpthread.so.0(+0x14420) [0x7fb4d465a420]
 4  /opt/conda/envs/gdf/lib/libucp.so.0(ucp_mem_type_unpack+0x14) [0x7fb48c3502d4]
 5  /opt/conda/envs/gdf/lib/libucp.so.0(ucp_rndv_data_handler+0x605) [0x7fb48c37a495]
 6  /opt/conda/envs/gdf/lib/./libuct.so.0(+0x21a06) [0x7fb48c283a06]
 7  /opt/conda/envs/gdf/lib/./libuct.so.0(+0x24ae8) [0x7fb48c286ae8]
 8  /opt/conda/envs/gdf/lib/libucs.so.0(ucs_event_set_wait+0xb1) [0x7fb48c2d6411]
 9  /opt/conda/envs/gdf/lib/./libuct.so.0(uct_tcp_iface_progress+0x7d) [0x7fb48c285bbd]
10  /opt/conda/envs/gdf/lib/libucp.so.0(ucp_worker_progress+0x5a) [0x7fb48c34cf1a]
11  /opt/conda/envs/gdf/lib/python3.10/site-packages/ucp/_libs/ucx_api.cpython-310-x86_64-linux-gnu.so(+0x31dca) [0x7fb48c40cdca]
12  /opt/conda/envs/gdf/bin/python(_PyEval_EvalFrameDefault+0x2c3e) [0x5634d64816de]
13  /opt/conda/envs/gdf/bin/python(_PyFunction_Vectorcall+0x6c) [0x5634d648eb7c]
14  /opt/conda/envs/gdf/bin/python(_PyEval_EvalFrameDefault+0x6fd) [0x5634d647f19d]
15  /opt/conda/envs/gdf/bin/python(+0x147234) [0x5634d649a234]
16  /opt/conda/envs/gdf/bin/python(+0x252f7c) [0x5634d65a5f7c]
17  /opt/conda/envs/gdf/bin/python(+0xf745f) [0x5634d644a45f]
18  /opt/conda/envs/gdf/bin/python(+0x1331b3) [0x5634d64861b3]
19  /opt/conda/envs/gdf/bin/python(_PyEval_EvalFrameDefault+0x593b) [0x5634d64843db]
20  /opt/conda/envs/gdf/bin/python(_PyFunction_Vectorcall+0x6c) [0x5634d648eb7c]
21  /opt/conda/envs/gdf/bin/python(_PyEval_EvalFrameDefault+0x6fd) [0x5634d647f19d]
22  /opt/conda/envs/gdf/bin/python(_PyFunction_Vectorcall+0x6c) [0x5634d648eb7c]
23  /opt/conda/envs/gdf/bin/python(_PyEval_EvalFrameDefault+0x6fd) [0x5634d647f19d]
24  /opt/conda/envs/gdf/bin/python(_PyFunction_Vectorcall+0x6c) [0x5634d648eb7c]
25  /opt/conda/envs/gdf/bin/python(_PyEval_EvalFrameDefault+0x6fd) [0x5634d647f19d]
26  /opt/conda/envs/gdf/bin/python(_PyFunction_Vectorcall+0x6c) [0x5634d648eb7c]
27  /opt/conda/envs/gdf/bin/python(_PyEval_EvalFrameDefault+0x6fd) [0x5634d647f19d]
28  /opt/conda/envs/gdf/bin/python(_PyFunction_Vectorcall+0x6c) [0x5634d648eb7c]
29  /opt/conda/envs/gdf/bin/python(_PyEval_EvalFrameDefault+0x1341) [0x5634d647fde1]
30  /opt/conda/envs/gdf/bin/python(+0x146fb2) [0x5634d6499fb2]
31  /opt/conda/envs/gdf/bin/python(PyObject_Call+0xbc) [0x5634d649a94c]
32  /opt/conda/envs/gdf/bin/python(+0x1ff72d) [0x5634d655272d]
33  /opt/conda/envs/gdf/bin/python(_PyObject_MakeTpCall+0x2d3) [0x5634d6487a03]
34  /opt/conda/envs/gdf/bin/python(_PyEval_EvalFrameDefault+0x2c3e) [0x5634d64816de]
35  /opt/conda/envs/gdf/bin/python(+0x147108) [0x5634d649a108]
36  /opt/conda/envs/gdf/bin/python(_PyEval_EvalFrameDefault+0x2c3e) [0x5634d64816de]
37  /opt/conda/envs/gdf/bin/python(_PyFunction_Vectorcall+0x6c) [0x5634d648eb7c]
38  /opt/conda/envs/gdf/bin/python(_PyEval_EvalFrameDefault+0x6fd) [0x5634d647f19d]
39  /opt/conda/envs/gdf/bin/python(_PyFunction_Vectorcall+0x6c) [0x5634d648eb7c]
40  /opt/conda/envs/gdf/bin/python(_PyEval_EvalFrameDefault+0x6fd) [0x5634d647f19d]
41  /opt/conda/envs/gdf/bin/python(_PyFunction_Vectorcall+0x6c) [0x5634d648eb7c]
42  /opt/conda/envs/gdf/bin/python(_PyEval_EvalFrameDefault+0x309) [0x5634d647eda9]
43  /opt/conda/envs/gdf/bin/python(_PyFunction_Vectorcall+0x6c) [0x5634d648eb7c]
44  /opt/conda/envs/gdf/bin/python(_PyEval_EvalFrameDefault+0x1341) [0x5634d647fde1]
45  /opt/conda/envs/gdf/bin/python(+0x1cca8c) [0x5634d651fa8c]
46  /opt/conda/envs/gdf/bin/python(PyEval_EvalCode+0x87) [0x5634d651f9d7]
47  /opt/conda/envs/gdf/bin/python(+0x1fceba) [0x5634d654feba]
48  /opt/conda/envs/gdf/bin/python(+0x1f8343) [0x5634d654b343]
49  /opt/conda/envs/gdf/bin/python(PyRun_StringFlags+0x7d) [0x5634d6543add]
50  /opt/conda/envs/gdf/bin/python(PyRun_SimpleStringFlags+0x3c) [0x5634d654391c]
51  /opt/conda/envs/gdf/bin/python(Py_RunMain+0x3ba) [0x5634d6542b1a]
52  /opt/conda/envs/gdf/bin/python(Py_BytesMain+0x37) [0x5634d6513117]
53  /usr/lib/x86_64-linux-gnu/libc.so.6(__libc_start_main+0xf3) [0x7fb4d431e083]
54  /opt/conda/envs/gdf/bin/python(+0x1c002e) [0x5634d651302e]
=================================
[dgx13:77642:0:77642] Caught signal 11 (Segmentation fault: address not mapped to object at address 0x450)
[dgx13:77618:0:77618] Caught signal 11 (Segmentation fault: address not mapped to object at address 0x450)
==== backtrace (tid:  77642) ====
 0  /opt/conda/envs/gdf/lib/libucs.so.0(ucs_handle_error+0x2fd) [0x7fbda066dc1d]
 1  /opt/conda/envs/gdf/lib/libucs.so.0(+0x2de11) [0x7fbda066de11]
 2  /opt/conda/envs/gdf/lib/libucs.so.0(+0x2dfda) [0x7fbda066dfda]
 3  /usr/lib/x86_64-linux-gnu/libpthread.so.0(+0x14420) [0x7fbdda932420]
 4  /opt/conda/envs/gdf/lib/libucp.so.0(ucp_mem_type_unpack+0x14) [0x7fbda06f12d4]
 5  /opt/conda/envs/gdf/lib/libucp.so.0(ucp_rndv_data_handler+0x605) [0x7fbda071b495]
 6  /opt/conda/envs/gdf/lib/./libuct.so.0(+0x21a06) [0x7fbda0624a06]
 7  /opt/conda/envs/gdf/lib/./libuct.so.0(+0x24ae8) [0x7fbda0627ae8]
 8  /opt/conda/envs/gdf/lib/libucs.so.0(ucs_event_set_wait+0xb1) [0x7fbda0677411]
 9  /opt/conda/envs/gdf/lib/./libuct.so.0(uct_tcp_iface_progress+0x7d) [0x7fbda0626bbd]
10  /opt/conda/envs/gdf/lib/libucp.so.0(ucp_worker_progress+0x5a) [0x7fbda06edf1a]
11  /opt/conda/envs/gdf/lib/python3.10/site-packages/ucp/_libs/ucx_api.cpython-310-x86_64-linux-gnu.so(+0x31dca) [0x7fbda07addca]
12  /opt/conda/envs/gdf/bin/python(_PyEval_EvalFrameDefault+0x2c3e) [0x559af30806de]
13  /opt/conda/envs/gdf/bin/python(_PyFunction_Vectorcall+0x6c) [0x559af308db7c]
14  /opt/conda/envs/gdf/bin/python(_PyEval_EvalFrameDefault+0x6fd) [0x559af307e19d]
15  /opt/conda/envs/gdf/bin/python(+0x147234) [0x559af3099234]
16  /opt/conda/envs/gdf/bin/python(+0x252f7c) [0x559af31a4f7c]
17  /opt/conda/envs/gdf/bin/python(+0xf745f) [0x559af304945f]
18  /opt/conda/envs/gdf/bin/python(+0x1331b3) [0x559af30851b3]
19  /opt/conda/envs/gdf/bin/python(_PyEval_EvalFrameDefault+0x593b) [0x559af30833db]
20  /opt/conda/envs/gdf/bin/python(_PyFunction_Vectorcall+0x6c) [0x559af308db7c]
21  /opt/conda/envs/gdf/bin/python(_PyEval_EvalFrameDefault+0x6fd) [0x559af307e19d]
22  /opt/conda/envs/gdf/bin/python(_PyFunction_Vectorcall+0x6c) [0x559af308db7c]
23  /opt/conda/envs/gdf/bin/python(_PyEval_EvalFrameDefault+0x6fd) [0x559af307e19d]
24  /opt/conda/envs/gdf/bin/python(_PyFunction_Vectorcall+0x6c) [0x559af308db7c]
25  /opt/conda/envs/gdf/bin/python(_PyEval_EvalFrameDefault+0x6fd) [0x559af307e19d]
26  /opt/conda/envs/gdf/bin/python(_PyFunction_Vectorcall+0x6c) [0x559af308db7c]
27  /opt/conda/envs/gdf/bin/python(_PyEval_EvalFrameDefault+0x6fd) [0x559af307e19d]
28  /opt/conda/envs/gdf/bin/python(_PyFunction_Vectorcall+0x6c) [0x559af308db7c]
29  /opt/conda/envs/gdf/bin/python(_PyEval_EvalFrameDefault+0x1341) [0x559af307ede1]
30  /opt/conda/envs/gdf/bin/python(+0x146fb2) [0x559af3098fb2]
31  /opt/conda/envs/gdf/bin/python(PyObject_Call+0xbc) [0x559af309994c]
32  /opt/conda/envs/gdf/bin/python(+0x1ff72d) [0x559af315172d]
33  /opt/conda/envs/gdf/bin/python(_PyObject_MakeTpCall+0x2d3) [0x559af3086a03]
34  /opt/conda/envs/gdf/bin/python(_PyEval_EvalFrameDefault+0x2c3e) [0x559af30806de]
35  /opt/conda/envs/gdf/bin/python(+0x147108) [0x559af3099108]
36  /opt/conda/envs/gdf/bin/python(_PyEval_EvalFrameDefault+0x2c3e) [0x559af30806de]
37  /opt/conda/envs/gdf/bin/python(_PyFunction_Vectorcall+0x6c) [0x559af308db7c]
38  /opt/conda/envs/gdf/bin/python(_PyEval_EvalFrameDefault+0x6fd) [0x559af307e19d]
39  /opt/conda/envs/gdf/bin/python(_PyFunction_Vectorcall+0x6c) [0x559af308db7c]
40  /opt/conda/envs/gdf/bin/python(_PyEval_EvalFrameDefault+0x6fd) [0x559af307e19d]
41  /opt/conda/envs/gdf/bin/python(_PyFunction_Vectorcall+0x6c) [0x559af308db7c]
42  /opt/conda/envs/gdf/bin/python(_PyEval_EvalFrameDefault+0x309) [0x559af307dda9]
43  /opt/conda/envs/gdf/bin/python(_PyFunction_Vectorcall+0x6c) [0x559af308db7c]
44  /opt/conda/envs/gdf/bin/python(_PyEval_EvalFrameDefault+0x1341) [0x559af307ede1]
45  /opt/conda/envs/gdf/bin/python(+0x1cca8c) [0x559af311ea8c]
46  /opt/conda/envs/gdf/bin/python(PyEval_EvalCode+0x87) [0x559af311e9d7]
47  /opt/conda/envs/gdf/bin/python(+0x1fceba) [0x559af314eeba]
48  /opt/conda/envs/gdf/bin/python(+0x1f8343) [0x559af314a343]
49  /opt/conda/envs/gdf/bin/python(PyRun_StringFlags+0x7d) [0x559af3142add]
50  /opt/conda/envs/gdf/bin/python(PyRun_SimpleStringFlags+0x3c) [0x559af314291c]
51  /opt/conda/envs/gdf/bin/python(Py_RunMain+0x3ba) [0x559af3141b1a]
52  /opt/conda/envs/gdf/bin/python(Py_BytesMain+0x37) [0x559af3112117]
53  /usr/lib/x86_64-linux-gnu/libc.so.6(__libc_start_main+0xf3) [0x7fbdda5f6083]
54  /opt/conda/envs/gdf/bin/python(+0x1c002e) [0x559af311202e]
=================================
==== backtrace (tid:  77618) ====
 0  /opt/conda/envs/gdf/lib/libucs.so.0(ucs_handle_error+0x2fd) [0x7f1c5c51ec1d]
 1  /opt/conda/envs/gdf/lib/libucs.so.0(+0x2de11) [0x7f1c5c51ee11]
 2  /opt/conda/envs/gdf/lib/libucs.so.0(+0x2dfda) [0x7f1c5c51efda]
 3  /usr/lib/x86_64-linux-gnu/libpthread.so.0(+0x14420) [0x7f1c967cd420]
 4  /opt/conda/envs/gdf/lib/libucp.so.0(ucp_mem_type_unpack+0x14) [0x7f1c5c5a22d4]
 5  /opt/conda/envs/gdf/lib/libucp.so.0(ucp_rndv_data_handler+0x605) [0x7f1c5c5cc495]
 6  /opt/conda/envs/gdf/lib/./libuct.so.0(+0x21a06) [0x7f1c5c4d5a06]
 7  /opt/conda/envs/gdf/lib/./libuct.so.0(+0x24ae8) [0x7f1c5c4d8ae8]
 8  /opt/conda/envs/gdf/lib/libucs.so.0(ucs_event_set_wait+0xb1) [0x7f1c5c528411]
 9  /opt/conda/envs/gdf/lib/./libuct.so.0(uct_tcp_iface_progress+0x7d) [0x7f1c5c4d7bbd]
10  /opt/conda/envs/gdf/lib/libucp.so.0(ucp_worker_progress+0x5a) [0x7f1c5c59ef1a]
11  /opt/conda/envs/gdf/lib/python3.10/site-packages/ucp/_libs/ucx_api.cpython-310-x86_64-linux-gnu.so(+0x31dca) [0x7f1c5c65edca]
12  /opt/conda/envs/gdf/bin/python(_PyEval_EvalFrameDefault+0x2c3e) [0x5638fcb456de]
13  /opt/conda/envs/gdf/bin/python(_PyFunction_Vectorcall+0x6c) [0x5638fcb52b7c]
14  /opt/conda/envs/gdf/bin/python(_PyEval_EvalFrameDefault+0x6fd) [0x5638fcb4319d]
15  /opt/conda/envs/gdf/bin/python(+0x147234) [0x5638fcb5e234]
16  /opt/conda/envs/gdf/bin/python(+0x252f7c) [0x5638fcc69f7c]
17  /opt/conda/envs/gdf/bin/python(+0xf745f) [0x5638fcb0e45f]
18  /opt/conda/envs/gdf/bin/python(+0x1331b3) [0x5638fcb4a1b3]
19  /opt/conda/envs/gdf/bin/python(_PyEval_EvalFrameDefault+0x593b) [0x5638fcb483db]
20  /opt/conda/envs/gdf/bin/python(_PyFunction_Vectorcall+0x6c) [0x5638fcb52b7c]
21  /opt/conda/envs/gdf/bin/python(_PyEval_EvalFrameDefault+0x6fd) [0x5638fcb4319d]
22  /opt/conda/envs/gdf/bin/python(_PyFunction_Vectorcall+0x6c) [0x5638fcb52b7c]
23  /opt/conda/envs/gdf/bin/python(_PyEval_EvalFrameDefault+0x6fd) [0x5638fcb4319d]
24  /opt/conda/envs/gdf/bin/python(_PyFunction_Vectorcall+0x6c) [0x5638fcb52b7c]
25  /opt/conda/envs/gdf/bin/python(_PyEval_EvalFrameDefault+0x6fd) [0x5638fcb4319d]
26  /opt/conda/envs/gdf/bin/python(_PyFunction_Vectorcall+0x6c) [0x5638fcb52b7c]
27  /opt/conda/envs/gdf/bin/python(_PyEval_EvalFrameDefault+0x6fd) [0x5638fcb4319d]
28  /opt/conda/envs/gdf/bin/python(_PyFunction_Vectorcall+0x6c) [0x5638fcb52b7c]
29  /opt/conda/envs/gdf/bin/python(_PyEval_EvalFrameDefault+0x1341) [0x5638fcb43de1]
30  /opt/conda/envs/gdf/bin/python(+0x146fb2) [0x5638fcb5dfb2]
31  /opt/conda/envs/gdf/bin/python(PyObject_Call+0xbc) [0x5638fcb5e94c]
32  /opt/conda/envs/gdf/bin/python(+0x1ff72d) [0x5638fcc1672d]
33  /opt/conda/envs/gdf/bin/python(_PyObject_MakeTpCall+0x2d3) [0x5638fcb4ba03]
34  /opt/conda/envs/gdf/bin/python(_PyEval_EvalFrameDefault+0x2c3e) [0x5638fcb456de]
35  /opt/conda/envs/gdf/bin/python(+0x147108) [0x5638fcb5e108]
36  /opt/conda/envs/gdf/bin/python(_PyEval_EvalFrameDefault+0x2c3e) [0x5638fcb456de]
37  /opt/conda/envs/gdf/bin/python(_PyFunction_Vectorcall+0x6c) [0x5638fcb52b7c]
38  /opt/conda/envs/gdf/bin/python(_PyEval_EvalFrameDefault+0x6fd) [0x5638fcb4319d]
39  /opt/conda/envs/gdf/bin/python(_PyFunction_Vectorcall+0x6c) [0x5638fcb52b7c]
40  /opt/conda/envs/gdf/bin/python(_PyEval_EvalFrameDefault+0x6fd) [0x5638fcb4319d]
41  /opt/conda/envs/gdf/bin/python(_PyFunction_Vectorcall+0x6c) [0x5638fcb52b7c]
42  /opt/conda/envs/gdf/bin/python(_PyEval_EvalFrameDefault+0x309) [0x5638fcb42da9]
43  /opt/conda/envs/gdf/bin/python(_PyFunction_Vectorcall+0x6c) [0x5638fcb52b7c]
44  /opt/conda/envs/gdf/bin/python(_PyEval_EvalFrameDefault+0x1341) [0x5638fcb43de1]
45  /opt/conda/envs/gdf/bin/python(+0x1cca8c) [0x5638fcbe3a8c]
46  /opt/conda/envs/gdf/bin/python(PyEval_EvalCode+0x87) [0x5638fcbe39d7]
47  /opt/conda/envs/gdf/bin/python(+0x1fceba) [0x5638fcc13eba]
48  /opt/conda/envs/gdf/bin/python(+0x1f8343) [0x5638fcc0f343]
49  /opt/conda/envs/gdf/bin/python(PyRun_StringFlags+0x7d) [0x5638fcc07add]
50  /opt/conda/envs/gdf/bin/python(PyRun_SimpleStringFlags+0x3c) [0x5638fcc0791c]
51  /opt/conda/envs/gdf/bin/python(Py_RunMain+0x3ba) [0x5638fcc06b1a]
52  /opt/conda/envs/gdf/bin/python(Py_BytesMain+0x37) [0x5638fcbd7117]
53  /usr/lib/x86_64-linux-gnu/libc.so.6(__libc_start_main+0xf3) [0x7f1c96491083]
54  /opt/conda/envs/gdf/bin/python(+0x1c002e) [0x5638fcbd702e]
=================================
[dgx13:77622:0:77622] Caught signal 11 (Segmentation fault: address not mapped to object at address 0x450)
==== backtrace (tid:  77622) ====
 0  /opt/conda/envs/gdf/lib/libucs.so.0(ucs_handle_error+0x2fd) [0x7fefc8839c1d]
 1  /opt/conda/envs/gdf/lib/libucs.so.0(+0x2de11) [0x7fefc8839e11]
 2  /opt/conda/envs/gdf/lib/libucs.so.0(+0x2dfda) [0x7fefc8839fda]
 3  /usr/lib/x86_64-linux-gnu/libpthread.so.0(+0x14420) [0x7ff0109de420]
 4  /opt/conda/envs/gdf/lib/libucp.so.0(ucp_mem_type_unpack+0x14) [0x7fefc88bd2d4]
 5  /opt/conda/envs/gdf/lib/libucp.so.0(ucp_rndv_data_handler+0x605) [0x7fefc88e7495]
 6  /opt/conda/envs/gdf/lib/./libuct.so.0(+0x21a06) [0x7fefc87f0a06]
 7  /opt/conda/envs/gdf/lib/./libuct.so.0(+0x24ae8) [0x7fefc87f3ae8]
 8  /opt/conda/envs/gdf/lib/libucs.so.0(ucs_event_set_wait+0xb1) [0x7fefc8843411]
 9  /opt/conda/envs/gdf/lib/./libuct.so.0(uct_tcp_iface_progress+0x7d) [0x7fefc87f2bbd]
10  /opt/conda/envs/gdf/lib/libucp.so.0(ucp_worker_progress+0x5a) [0x7fefc88b9f1a]
11  /opt/conda/envs/gdf/lib/python3.10/site-packages/ucp/_libs/ucx_api.cpython-310-x86_64-linux-gnu.so(+0x31dca) [0x7fefc8979dca]
12  /opt/conda/envs/gdf/bin/python(_PyEval_EvalFrameDefault+0x2c3e) [0x559106e246de]
13  /opt/conda/envs/gdf/bin/python(_PyFunction_Vectorcall+0x6c) [0x559106e31b7c]
14  /opt/conda/envs/gdf/bin/python(_PyEval_EvalFrameDefault+0x6fd) [0x559106e2219d]
15  /opt/conda/envs/gdf/bin/python(+0x1d62c9) [0x559106ecc2c9]
16  /opt/conda/envs/gdf/lib/python3.10/lib-dynload/_asyncio.cpython-310-x86_64-linux-gnu.so(+0x7782) [0x7feff0a07782]
17  /opt/conda/envs/gdf/bin/python(_PyObject_MakeTpCall+0x2d3) [0x559106e2aa03]
18  /opt/conda/envs/gdf/bin/python(+0xf745f) [0x559106ded45f]
19  /opt/conda/envs/gdf/bin/python(+0x1331b3) [0x559106e291b3]
20  /opt/conda/envs/gdf/bin/python(_PyEval_EvalFrameDefault+0x593b) [0x559106e273db]
21  /opt/conda/envs/gdf/bin/python(_PyFunction_Vectorcall+0x6c) [0x559106e31b7c]
22  /opt/conda/envs/gdf/bin/python(_PyEval_EvalFrameDefault+0x6fd) [0x559106e2219d]
23  /opt/conda/envs/gdf/bin/python(_PyFunction_Vectorcall+0x6c) [0x559106e31b7c]
24  /opt/conda/envs/gdf/bin/python(_PyEval_EvalFrameDefault+0x6fd) [0x559106e2219d]
25  /opt/conda/envs/gdf/bin/python(_PyFunction_Vectorcall+0x6c) [0x559106e31b7c]
26  /opt/conda/envs/gdf/bin/python(_PyEval_EvalFrameDefault+0x6fd) [0x559106e2219d]
27  /opt/conda/envs/gdf/bin/python(_PyFunction_Vectorcall+0x6c) [0x559106e31b7c]
28  /opt/conda/envs/gdf/bin/python(_PyEval_EvalFrameDefault+0x6fd) [0x559106e2219d]
29  /opt/conda/envs/gdf/bin/python(_PyFunction_Vectorcall+0x6c) [0x559106e31b7c]
30  /opt/conda/envs/gdf/bin/python(_PyEval_EvalFrameDefault+0x1341) [0x559106e22de1]
31  /opt/conda/envs/gdf/bin/python(+0x146fb2) [0x559106e3cfb2]
32  /opt/conda/envs/gdf/bin/python(PyObject_Call+0xbc) [0x559106e3d94c]
33  /opt/conda/envs/gdf/bin/python(+0x1ff72d) [0x559106ef572d]
34  /opt/conda/envs/gdf/bin/python(_PyObject_MakeTpCall+0x2d3) [0x559106e2aa03]
35  /opt/conda/envs/gdf/bin/python(_PyEval_EvalFrameDefault+0x2c3e) [0x559106e246de]
36  /opt/conda/envs/gdf/bin/python(+0x147108) [0x559106e3d108]
37  /opt/conda/envs/gdf/bin/python(_PyEval_EvalFrameDefault+0x2c3e) [0x559106e246de]
38  /opt/conda/envs/gdf/bin/python(_PyFunction_Vectorcall+0x6c) [0x559106e31b7c]
39  /opt/conda/envs/gdf/bin/python(_PyEval_EvalFrameDefault+0x6fd) [0x559106e2219d]
40  /opt/conda/envs/gdf/bin/python(_PyFunction_Vectorcall+0x6c) [0x559106e31b7c]
41  /opt/conda/envs/gdf/bin/python(_PyEval_EvalFrameDefault+0x6fd) [0x559106e2219d]
42  /opt/conda/envs/gdf/bin/python(_PyFunction_Vectorcall+0x6c) [0x559106e31b7c]
43  /opt/conda/envs/gdf/bin/python(_PyEval_EvalFrameDefault+0x309) [0x559106e21da9]
44  /opt/conda/envs/gdf/bin/python(_PyFunction_Vectorcall+0x6c) [0x559106e31b7c]
45  /opt/conda/envs/gdf/bin/python(_PyEval_EvalFrameDefault+0x1341) [0x559106e22de1]
46  /opt/conda/envs/gdf/bin/python(+0x1cca8c) [0x559106ec2a8c]
47  /opt/conda/envs/gdf/bin/python(PyEval_EvalCode+0x87) [0x559106ec29d7]
48  /opt/conda/envs/gdf/bin/python(+0x1fceba) [0x559106ef2eba]
49  /opt/conda/envs/gdf/bin/python(+0x1f8343) [0x559106eee343]
50  /opt/conda/envs/gdf/bin/python(PyRun_StringFlags+0x7d) [0x559106ee6add]
51  /opt/conda/envs/gdf/bin/python(PyRun_SimpleStringFlags+0x3c) [0x559106ee691c]
52  /opt/conda/envs/gdf/bin/python(Py_RunMain+0x3ba) [0x559106ee5b1a]
53  /opt/conda/envs/gdf/bin/python(Py_BytesMain+0x37) [0x559106eb6117]
54  /usr/lib/x86_64-linux-gnu/libc.so.6(__libc_start_main+0xf3) [0x7ff0106a2083]
55  /opt/conda/envs/gdf/bin/python(+0x1c002e) [0x559106eb602e]
=================================
2025-01-16 07:32:21,396 - distributed.worker - ERROR - Worker stream died during communication: ucx://127.0.0.1:48723
Traceback (most recent call last):
  File "/opt/conda/envs/gdf/lib/python3.10/site-packages/distributed/comm/ucx.py", line 351, in read
    await self.ep.recv(msg)
  File "/opt/conda/envs/gdf/lib/python3.10/site-packages/ucp/core.py", line 737, in recv
    ret = await comm.tag_recv(self._ep, buffer, nbytes, tag, name=log)
ucp._libs.exceptions.UCXCanceled: <[Recv #003] ep: 0x7f62603ce0c0, tag: 0xc948bc99fd4585d9, nbytes: 16, type: <class 'numpy.ndarray'>>: 

During handling of the above exception, another exception occurred:

Traceback (most recent call last):
  File "/opt/conda/envs/gdf/lib/python3.10/site-packages/distributed/worker.py", line 2075, in gather_dep
    response = await get_data_from_worker(
  File "/opt/conda/envs/gdf/lib/python3.10/site-packages/distributed/worker.py", line 2881, in get_data_from_worker
    response = await send_recv(
  File "/opt/conda/envs/gdf/lib/python3.10/site-packages/distributed/core.py", line 1018, in send_recv
    response = await comm.read(deserializers=deserializers)
  File "/opt/conda/envs/gdf/lib/python3.10/site-packages/distributed/utils.py", line 805, in wrapper
    return await func(*args, **kwargs)
  File "/opt/conda/envs/gdf/lib/python3.10/site-packages/distributed/comm/ucx.py", line 369, in read
    raise CommClosedError(
distributed.comm.core.CommClosedError: Connection closed by writer.
Inner exception: UCXCanceled("<[Recv #003] ep: 0x7f62603ce0c0, tag: 0xc948bc99fd4585d9, nbytes: 16, type: <class 'numpy.ndarray'>>: ")
2025-01-16 07:32:21,397 - distributed.scheduler - WARNING - Removing worker 'ucx://127.0.0.1:48723' caused the cluster to lose already computed task(s), which will be recomputed elsewhere: {('random_sample-e51a88cd86d58f6ff6a4f77d9e9bfb68', 9, 7), ('random_sample-e51a88cd86d58f6ff6a4f77d9e9bfb68', 7, 0), ('random_sample-e51a88cd86d58f6ff6a4f77d9e9bfb68', 3, 2), ('sum-11adf47811bd3a21029aa50c6ed43286', 9, 7), ('random_sample-e51a88cd86d58f6ff6a4f77d9e9bfb68', 7, 9), ('random_sample-e51a88cd86d58f6ff6a4f77d9e9bfb68', 8, 3), ('random_sample-e51a88cd86d58f6ff6a4f77d9e9bfb68', 8, 9), ('random_sample-e51a88cd86d58f6ff6a4f77d9e9bfb68', 5, 6), ('random_sample-e51a88cd86d58f6ff6a4f77d9e9bfb68', 4, 3), ('sum-11adf47811bd3a21029aa50c6ed43286', 1, 8), ('random_sample-e51a88cd86d58f6ff6a4f77d9e9bfb68', 1, 5), ('random_sample-e51a88cd86d58f6ff6a4f77d9e9bfb68', 7, 5), ('sum-11adf47811bd3a21029aa50c6ed43286', 8, 1), ('random_sample-e51a88cd86d58f6ff6a4f77d9e9bfb68', 1, 8), ('random_sample-e51a88cd86d58f6ff6a4f77d9e9bfb68', 8, 1), ('random_sample-e51a88cd86d58f6ff6a4f77d9e9bfb68', 0, 8), ('sum-11adf47811bd3a21029aa50c6ed43286', 7, 9)} (stimulus_id='handle-worker-cleanup-1737012741.3968668')
2025-01-16 07:32:21,396 - distributed.worker - ERROR - failed during get data with ucx://127.0.0.1:38111 -> ucx://127.0.0.1:48723
Traceback (most recent call last):
  File "/opt/conda/envs/gdf/lib/python3.10/site-packages/distributed/comm/ucx.py", line 335, in write
    await self.ep.send(each_frame)
  File "/opt/conda/envs/gdf/lib/python3.10/site-packages/ucp/core.py", line 662, in send
    return await comm.tag_send(self._ep, buffer, nbytes, tag, name=log)
ucp._libs.exceptions.UCXError: <[Send #007] ep: 0x7f3835749240, tag: 0x9567565664758b33, nbytes: 50000000, type: <class 'cupy.ndarray'>>: Connection reset by remote peer

During handling of the above exception, another exception occurred:

Traceback (most recent call last):
  File "/opt/conda/envs/gdf/lib/python3.10/site-packages/distributed/worker.py", line 1796, in get_data
    compressed = await comm.write(msg, serializers=serializers)
  File "/opt/conda/envs/gdf/lib/python3.10/site-packages/distributed/utils.py", line 805, in wrapper
    return await func(*args, **kwargs)
  File "/opt/conda/envs/gdf/lib/python3.10/site-packages/distributed/comm/ucx.py", line 339, in write
    raise CommClosedError("While writing, the connection was closed")
distributed.comm.core.CommClosedError: While writing, the connection was closed
2025-01-16 07:32:21,440 - distributed.worker - ERROR - Worker stream died during communication: ucx://127.0.0.1:48723
Traceback (most recent call last):
  File "/opt/conda/envs/gdf/lib/python3.10/site-packages/distributed/comm/ucx.py", line 351, in read
    await self.ep.recv(msg)
  File "/opt/conda/envs/gdf/lib/python3.10/site-packages/ucp/core.py", line 737, in recv
    ret = await comm.tag_recv(self._ep, buffer, nbytes, tag, name=log)
ucp._libs.exceptions.UCXCanceled: <[Recv #008] ep: 0x7fd4a84ed0c0, tag: 0xd46be208acaed3f1, nbytes: 16, type: <class 'numpy.ndarray'>>: 

During handling of the above exception, another exception occurred:

Traceback (most recent call last):
  File "/opt/conda/envs/gdf/lib/python3.10/site-packages/distributed/worker.py", line 2075, in gather_dep
    response = await get_data_from_worker(
  File "/opt/conda/envs/gdf/lib/python3.10/site-packages/distributed/worker.py", line 2881, in get_data_from_worker
    response = await send_recv(
  File "/opt/conda/envs/gdf/lib/python3.10/site-packages/distributed/core.py", line 1018, in send_recv
    response = await comm.read(deserializers=deserializers)
  File "/opt/conda/envs/gdf/lib/python3.10/site-packages/distributed/utils.py", line 805, in wrapper
    return await func(*args, **kwargs)
  File "/opt/conda/envs/gdf/lib/python3.10/site-packages/distributed/comm/ucx.py", line 369, in read
    raise CommClosedError(
distributed.comm.core.CommClosedError: Connection closed by writer.
Inner exception: UCXCanceled("<[Recv #008] ep: 0x7fd4a84ed0c0, tag: 0xd46be208acaed3f1, nbytes: 16, type: <class 'numpy.ndarray'>>: ")
2025-01-16 07:32:21,468 - distributed.worker - ERROR - failed during get data with ucx://127.0.0.1:38111 -> ucx://127.0.0.1:60751
Traceback (most recent call last):
  File "/opt/conda/envs/gdf/lib/python3.10/site-packages/distributed/comm/ucx.py", line 335, in write
    await self.ep.send(each_frame)
  File "/opt/conda/envs/gdf/lib/python3.10/site-packages/ucp/core.py", line 662, in send
    return await comm.tag_send(self._ep, buffer, nbytes, tag, name=log)
ucp._libs.exceptions.UCXError: <[Send #012] ep: 0x7f38357490c0, tag: 0x31c37a31c81e54d2, nbytes: 50000000, type: <class 'cupy.ndarray'>>: Connection reset by remote peer

During handling of the above exception, another exception occurred:

Traceback (most recent call last):
  File "/opt/conda/envs/gdf/lib/python3.10/site-packages/distributed/worker.py", line 1796, in get_data
    compressed = await comm.write(msg, serializers=serializers)
  File "/opt/conda/envs/gdf/lib/python3.10/site-packages/distributed/utils.py", line 805, in wrapper
    return await func(*args, **kwargs)
  File "/opt/conda/envs/gdf/lib/python3.10/site-packages/distributed/comm/ucx.py", line 339, in write
    raise CommClosedError("While writing, the connection was closed")
distributed.comm.core.CommClosedError: While writing, the connection was closed
2025-01-16 07:32:21,469 - distributed.worker - ERROR - Worker stream died during communication: ucx://127.0.0.1:60751
Traceback (most recent call last):
  File "/opt/conda/envs/gdf/lib/python3.10/site-packages/distributed/comm/ucx.py", line 351, in read
    await self.ep.recv(msg)
  File "/opt/conda/envs/gdf/lib/python3.10/site-packages/ucp/core.py", line 737, in recv
    ret = await comm.tag_recv(self._ep, buffer, nbytes, tag, name=log)
ucp._libs.exceptions.UCXCanceled: <[Recv #008] ep: 0x7f3835749180, tag: 0xc24976f29f4b51cc, nbytes: 16, type: <class 'numpy.ndarray'>>: 

During handling of the above exception, another exception occurred:

Traceback (most recent call last):
  File "/opt/conda/envs/gdf/lib/python3.10/site-packages/distributed/worker.py", line 2075, in gather_dep
    response = await get_data_from_worker(
  File "/opt/conda/envs/gdf/lib/python3.10/site-packages/distributed/worker.py", line 2881, in get_data_from_worker
    response = await send_recv(
  File "/opt/conda/envs/gdf/lib/python3.10/site-packages/distributed/core.py", line 1018, in send_recv
    response = await comm.read(deserializers=deserializers)
  File "/opt/conda/envs/gdf/lib/python3.10/site-packages/distributed/utils.py", line 805, in wrapper
    return await func(*args, **kwargs)
  File "/opt/conda/envs/gdf/lib/python3.10/site-packages/distributed/comm/ucx.py", line 369, in read
    raise CommClosedError(
distributed.comm.core.CommClosedError: Connection closed by writer.
Inner exception: UCXCanceled("<[Recv #008] ep: 0x7f3835749180, tag: 0xc24976f29f4b51cc, nbytes: 16, type: <class 'numpy.ndarray'>>: ")
2025-01-16 07:32:21,470 - distributed.worker - ERROR - failed during get data with ucx://127.0.0.1:38111 -> ucx://127.0.0.1:40963
Traceback (most recent call last):
  File "/opt/conda/envs/gdf/lib/python3.10/site-packages/distributed/comm/ucx.py", line 351, in read
    await self.ep.recv(msg)
  File "/opt/conda/envs/gdf/lib/python3.10/site-packages/ucp/core.py", line 737, in recv
    ret = await comm.tag_recv(self._ep, buffer, nbytes, tag, name=log)
ucp._libs.exceptions.UCXCanceled: <[Recv #006] ep: 0x7f3835749280, tag: 0x371c68e01bbbb8b5, nbytes: 16, type: <class 'numpy.ndarray'>>: 

During handling of the above exception, another exception occurred:

Traceback (most recent call last):
  File "/opt/conda/envs/gdf/lib/python3.10/site-packages/distributed/worker.py", line 1797, in get_data
    response = await comm.read(deserializers=serializers)
  File "/opt/conda/envs/gdf/lib/python3.10/site-packages/distributed/utils.py", line 805, in wrapper
    return await func(*args, **kwargs)
  File "/opt/conda/envs/gdf/lib/python3.10/site-packages/distributed/comm/ucx.py", line 369, in read
    raise CommClosedError(
distributed.comm.core.CommClosedError: Connection closed by writer.
Inner exception: UCXCanceled("<[Recv #006] ep: 0x7f3835749280, tag: 0x371c68e01bbbb8b5, nbytes: 16, type: <class 'numpy.ndarray'>>: ")
2025-01-16 07:32:21,560 - distributed.scheduler - WARNING - Removing worker 'ucx://127.0.0.1:40963' caused the cluster to lose already computed task(s), which will be recomputed elsewhere: {('random_sample-e51a88cd86d58f6ff6a4f77d9e9bfb68', 6, 0), ('random_sample-e51a88cd86d58f6ff6a4f77d9e9bfb68', 6, 6), ('sum-11adf47811bd3a21029aa50c6ed43286', 2, 2), ('sum-11adf47811bd3a21029aa50c6ed43286', 6, 6), ('random_sample-e51a88cd86d58f6ff6a4f77d9e9bfb68', 2, 0), ('sum-11adf47811bd3a21029aa50c6ed43286', 9, 4), ('random_sample-e51a88cd86d58f6ff6a4f77d9e9bfb68', 8, 6), ('random_sample-e51a88cd86d58f6ff6a4f77d9e9bfb68', 7, 3), ('sum-11adf47811bd3a21029aa50c6ed43286', 4, 9), ('random_sample-e51a88cd86d58f6ff6a4f77d9e9bfb68', 4, 9), ('random_sample-e51a88cd86d58f6ff6a4f77d9e9bfb68', 3, 4), ('random_sample-e51a88cd86d58f6ff6a4f77d9e9bfb68', 2, 2), ('random_sample-e51a88cd86d58f6ff6a4f77d9e9bfb68', 4, 1), ('random_sample-e51a88cd86d58f6ff6a4f77d9e9bfb68', 0, 5), ('random_sample-e51a88cd86d58f6ff6a4f77d9e9bfb68', 9, 4)} (stimulus_id='handle-worker-cleanup-1737012741.5604882')
2025-01-16 07:32:21,562 - distributed.scheduler - WARNING - Removing worker 'ucx://127.0.0.1:60751' caused the cluster to lose already computed task(s), which will be recomputed elsewhere: {('random_sample-e51a88cd86d58f6ff6a4f77d9e9bfb68', 8, 7), ('random_sample-e51a88cd86d58f6ff6a4f77d9e9bfb68', 7, 6), ('random_sample-e51a88cd86d58f6ff6a4f77d9e9bfb68', 0, 7), ('sum-11adf47811bd3a21029aa50c6ed43286', 1, 3), ('random_sample-e51a88cd86d58f6ff6a4f77d9e9bfb68', 6, 2), ('random_sample-e51a88cd86d58f6ff6a4f77d9e9bfb68', 1, 2), ('random_sample-e51a88cd86d58f6ff6a4f77d9e9bfb68', 6, 8), ('random_sample-e51a88cd86d58f6ff6a4f77d9e9bfb68', 4, 8), ('random_sample-e51a88cd86d58f6ff6a4f77d9e9bfb68', 2, 4), ('random_sample-e51a88cd86d58f6ff6a4f77d9e9bfb68', 5, 1)} (stimulus_id='handle-worker-cleanup-1737012741.5627093')
2025-01-16 07:32:21,564 - distributed.scheduler - WARNING - Removing worker 'ucx://127.0.0.1:53869' caused the cluster to lose already computed task(s), which will be recomputed elsewhere: {('random_sample-e51a88cd86d58f6ff6a4f77d9e9bfb68', 2, 3), ('sum-11adf47811bd3a21029aa50c6ed43286', 1, 9), ('random_sample-e51a88cd86d58f6ff6a4f77d9e9bfb68', 5, 0), ('random_sample-e51a88cd86d58f6ff6a4f77d9e9bfb68', 9, 9), ('random_sample-e51a88cd86d58f6ff6a4f77d9e9bfb68', 0, 6), ('sum-11adf47811bd3a21029aa50c6ed43286', 7, 4), ('random_sample-e51a88cd86d58f6ff6a4f77d9e9bfb68', 1, 1), ('sum-11adf47811bd3a21029aa50c6ed43286', 9, 9), ('random_sample-e51a88cd86d58f6ff6a4f77d9e9bfb68', 4, 2), ('sum-11adf47811bd3a21029aa50c6ed43286', 1, 1), ('random_sample-e51a88cd86d58f6ff6a4f77d9e9bfb68', 2, 1), ('sum-11adf47811bd3a21029aa50c6ed43286', 6, 1), ('random_sample-e51a88cd86d58f6ff6a4f77d9e9bfb68', 6, 7)} (stimulus_id='handle-worker-cleanup-1737012741.564736')
2025-01-16 07:32:21,592 - distributed.worker - ERROR - failed during get data with ucx://127.0.0.1:36361 -> ucx://127.0.0.1:40963
Traceback (most recent call last):
  File "/opt/conda/envs/gdf/lib/python3.10/site-packages/distributed/comm/ucx.py", line 335, in write
    await self.ep.send(each_frame)
  File "/opt/conda/envs/gdf/lib/python3.10/site-packages/ucp/core.py", line 662, in send
    return await comm.tag_send(self._ep, buffer, nbytes, tag, name=log)
ucp._libs.exceptions.UCXError: <[Send #007] ep: 0x7fd4a84ed2c0, tag: 0x2ceb28a7c16e8736, nbytes: 50000000, type: <class 'cupy.ndarray'>>: Connection reset by remote peer

During handling of the above exception, another exception occurred:

Traceback (most recent call last):
  File "/opt/conda/envs/gdf/lib/python3.10/site-packages/distributed/worker.py", line 1796, in get_data
    compressed = await comm.write(msg, serializers=serializers)
  File "/opt/conda/envs/gdf/lib/python3.10/site-packages/distributed/utils.py", line 805, in wrapper
    return await func(*args, **kwargs)
  File "/opt/conda/envs/gdf/lib/python3.10/site-packages/distributed/comm/ucx.py", line 339, in write
    raise CommClosedError("While writing, the connection was closed")
distributed.comm.core.CommClosedError: While writing, the connection was closed
2025-01-16 07:32:21,593 - distributed.worker - ERROR - failed during get data with ucx://127.0.0.1:36361 -> ucx://127.0.0.1:48723
Traceback (most recent call last):
  File "/opt/conda/envs/gdf/lib/python3.10/site-packages/distributed/comm/ucx.py", line 335, in write
    await self.ep.send(each_frame)
  File "/opt/conda/envs/gdf/lib/python3.10/site-packages/ucp/core.py", line 662, in send
    return await comm.tag_send(self._ep, buffer, nbytes, tag, name=log)
ucp._libs.exceptions.UCXError: <[Send #007] ep: 0x7fd4a84ed280, tag: 0x7ac6e7b68b2c754a, nbytes: 50000000, type: <class 'cupy.ndarray'>>: Connection reset by remote peer

During handling of the above exception, another exception occurred:

Traceback (most recent call last):
  File "/opt/conda/envs/gdf/lib/python3.10/site-packages/distributed/worker.py", line 1796, in get_data
    compressed = await comm.write(msg, serializers=serializers)
  File "/opt/conda/envs/gdf/lib/python3.10/site-packages/distributed/utils.py", line 805, in wrapper
    return await func(*args, **kwargs)
  File "/opt/conda/envs/gdf/lib/python3.10/site-packages/distributed/comm/ucx.py", line 339, in write
    raise CommClosedError("While writing, the connection was closed")
distributed.comm.core.CommClosedError: While writing, the connection was closed
2025-01-16 07:32:21,595 - distributed.worker - ERROR - Worker stream died during communication: ucx://127.0.0.1:60751
Traceback (most recent call last):
  File "/opt/conda/envs/gdf/lib/python3.10/site-packages/distributed/comm/ucx.py", line 351, in read
    await self.ep.recv(msg)
  File "/opt/conda/envs/gdf/lib/python3.10/site-packages/ucp/core.py", line 737, in recv
    ret = await comm.tag_recv(self._ep, buffer, nbytes, tag, name=log)
asyncio.exceptions.CancelledError

During handling of the above exception, another exception occurred:

Traceback (most recent call last):
  File "/opt/conda/envs/gdf/lib/python3.10/site-packages/distributed/worker.py", line 2075, in gather_dep
    response = await get_data_from_worker(
  File "/opt/conda/envs/gdf/lib/python3.10/site-packages/distributed/worker.py", line 2878, in get_data_from_worker
    comm = await rpc.connect(worker)
  File "/opt/conda/envs/gdf/lib/python3.10/site-packages/distributed/core.py", line 1539, in connect
    return connect_attempt.result()
  File "/opt/conda/envs/gdf/lib/python3.10/site-packages/distributed/core.py", line 1429, in _connect
    comm = await connect(
  File "/opt/conda/envs/gdf/lib/python3.10/site-packages/distributed/comm/core.py", line 377, in connect
    handshake = await comm.read()
  File "/opt/conda/envs/gdf/lib/python3.10/site-packages/distributed/utils.py", line 805, in wrapper
    return await func(*args, **kwargs)
  File "/opt/conda/envs/gdf/lib/python3.10/site-packages/distributed/comm/ucx.py", line 369, in read
    raise CommClosedError(
distributed.comm.core.CommClosedError: Connection closed by writer.
Inner exception: CancelledError()
2025-01-16 07:32:21,599 - distributed.worker - ERROR - failed during get data with ucx://127.0.0.1:58065 -> ucx://127.0.0.1:40279
Traceback (most recent call last):
  File "/opt/conda/envs/gdf/lib/python3.10/site-packages/distributed/comm/ucx.py", line 335, in write
    await self.ep.send(each_frame)
  File "/opt/conda/envs/gdf/lib/python3.10/site-packages/ucp/core.py", line 662, in send
    return await comm.tag_send(self._ep, buffer, nbytes, tag, name=log)
ucp._libs.exceptions.UCXError: <[Send #007] ep: 0x7f62603ce1c0, tag: 0xc387289472d766b9, nbytes: 50000000, type: <class 'cupy.ndarray'>>: Connection reset by remote peer

During handling of the above exception, another exception occurred:

Traceback (most recent call last):
  File "/opt/conda/envs/gdf/lib/python3.10/site-packages/distributed/worker.py", line 1796, in get_data
    compressed = await comm.write(msg, serializers=serializers)
  File "/opt/conda/envs/gdf/lib/python3.10/site-packages/distributed/utils.py", line 805, in wrapper
    return await func(*args, **kwargs)
  File "/opt/conda/envs/gdf/lib/python3.10/site-packages/distributed/comm/ucx.py", line 339, in write
    raise CommClosedError("While writing, the connection was closed")
distributed.comm.core.CommClosedError: While writing, the connection was closed
2025-01-16 07:32:21,600 - distributed.scheduler - WARNING - Removing worker 'ucx://127.0.0.1:40279' caused the cluster to lose already computed task(s), which will be recomputed elsewhere: {('random_sample-e51a88cd86d58f6ff6a4f77d9e9bfb68', 0, 2), ('random_sample-e51a88cd86d58f6ff6a4f77d9e9bfb68', 1, 3), ('random_sample-e51a88cd86d58f6ff6a4f77d9e9bfb68', 3, 5), ('random_sample-e51a88cd86d58f6ff6a4f77d9e9bfb68', 9, 0), ('random_sample-e51a88cd86d58f6ff6a4f77d9e9bfb68', 5, 3), ('random_sample-e51a88cd86d58f6ff6a4f77d9e9bfb68', 5, 9), ('random_sample-e51a88cd86d58f6ff6a4f77d9e9bfb68', 3, 7), ('random_sample-e51a88cd86d58f6ff6a4f77d9e9bfb68', 3, 1), ('random_sample-e51a88cd86d58f6ff6a4f77d9e9bfb68', 9, 8), ('sum-11adf47811bd3a21029aa50c6ed43286', 3, 1), ('random_sample-e51a88cd86d58f6ff6a4f77d9e9bfb68', 9, 5), ('random_sample-e51a88cd86d58f6ff6a4f77d9e9bfb68', 5, 8), ('random_sample-e51a88cd86d58f6ff6a4f77d9e9bfb68', 3, 9), ('random_sample-e51a88cd86d58f6ff6a4f77d9e9bfb68', 2, 7)} (stimulus_id='handle-worker-cleanup-1737012741.5999737')
2025-01-16 07:32:21,600 - distributed.worker - ERROR - Worker stream died during communication: ucx://127.0.0.1:40279
Traceback (most recent call last):
  File "/opt/conda/envs/gdf/lib/python3.10/site-packages/distributed/comm/ucx.py", line 393, in read
    await self.ep.recv(each_frame)
  File "/opt/conda/envs/gdf/lib/python3.10/site-packages/ucp/core.py", line 737, in recv
    ret = await comm.tag_recv(self._ep, buffer, nbytes, tag, name=log)
ucp._libs.exceptions.UCXError: <[Recv #007] ep: 0x7f62603ce140, tag: 0x7e557d38971eece4, nbytes: 50000000, type: <class 'rmm.pylibrmm.device_buffer.DeviceBuffer'>>: Connection reset by remote peer

During handling of the above exception, another exception occurred:

Traceback (most recent call last):
  File "/opt/conda/envs/gdf/lib/python3.10/site-packages/distributed/worker.py", line 2075, in gather_dep
    response = await get_data_from_worker(
  File "/opt/conda/envs/gdf/lib/python3.10/site-packages/distributed/worker.py", line 2881, in get_data_from_worker
    response = await send_recv(
  File "/opt/conda/envs/gdf/lib/python3.10/site-packages/distributed/core.py", line 1018, in send_recv
    response = await comm.read(deserializers=deserializers)
  File "/opt/conda/envs/gdf/lib/python3.10/site-packages/distributed/utils.py", line 805, in wrapper
    return await func(*args, **kwargs)
  File "/opt/conda/envs/gdf/lib/python3.10/site-packages/distributed/comm/ucx.py", line 399, in read
    raise CommClosedError(
distributed.comm.core.CommClosedError: Connection closed by writer.
Inner exception: UCXError("<[Recv #007] ep: 0x7f62603ce140, tag: 0x7e557d38971eece4, nbytes: 50000000, type: <class 'rmm.pylibrmm.device_buffer.DeviceBuffer'>>: Connection reset by remote peer")
2025-01-16 07:32:21,604 - distributed.worker - ERROR - Worker stream died during communication: ucx://127.0.0.1:40279
Traceback (most recent call last):
  File "/opt/conda/envs/gdf/lib/python3.10/site-packages/distributed/comm/ucx.py", line 468, in connect
    ep = await ucp.create_endpoint(ip, port)
  File "/opt/conda/envs/gdf/lib/python3.10/site-packages/ucp/core.py", line 1016, in create_endpoint
    return await _get_ctx().create_endpoint(
  File "/opt/conda/envs/gdf/lib/python3.10/site-packages/ucp/core.py", line 328, in create_endpoint
    peer_info = await exchange_peer_info(
  File "/opt/conda/envs/gdf/lib/python3.10/site-packages/ucp/core.py", line 60, in exchange_peer_info
    await asyncio.wait_for(
  File "/opt/conda/envs/gdf/lib/python3.10/asyncio/tasks.py", line 445, in wait_for
    return fut.result()
ucp._libs.exceptions.UCXError: <stream_recv>: Connection reset by remote peer

During handling of the above exception, another exception occurred:

Traceback (most recent call last):
  File "/opt/conda/envs/gdf/lib/python3.10/site-packages/distributed/comm/core.py", line 342, in connect
    comm = await wait_for(
  File "/opt/conda/envs/gdf/lib/python3.10/site-packages/distributed/utils.py", line 1915, in wait_for
    return await asyncio.wait_for(fut, timeout)
  File "/opt/conda/envs/gdf/lib/python3.10/asyncio/tasks.py", line 445, in wait_for
    return fut.result()
  File "/opt/conda/envs/gdf/lib/python3.10/site-packages/distributed/comm/ucx.py", line 470, in connect
    raise CommClosedError("Connection closed before handshake completed")
distributed.comm.core.CommClosedError: Connection closed before handshake completed

During handling of the above exception, another exception occurred:

Traceback (most recent call last):
  File "/opt/conda/envs/gdf/lib/python3.10/site-packages/distributed/core.py", line 1429, in _connect
    comm = await connect(
  File "/opt/conda/envs/gdf/lib/python3.10/site-packages/distributed/comm/core.py", line 366, in connect
    await asyncio.sleep(backoff)
  File "/opt/conda/envs/gdf/lib/python3.10/asyncio/tasks.py", line 605, in sleep
    return await future
asyncio.exceptions.CancelledError

During handling of the above exception, another exception occurred:

Traceback (most recent call last):
  File "/opt/conda/envs/gdf/lib/python3.10/site-packages/distributed/core.py", line 1539, in connect
    return connect_attempt.result()
asyncio.exceptions.CancelledError

During handling of the above exception, another exception occurred:

Traceback (most recent call last):
  File "/opt/conda/envs/gdf/lib/python3.10/site-packages/distributed/worker.py", line 2075, in gather_dep
    response = await get_data_from_worker(
  File "/opt/conda/envs/gdf/lib/python3.10/site-packages/distributed/worker.py", line 2878, in get_data_from_worker
    comm = await rpc.connect(worker)
  File "/opt/conda/envs/gdf/lib/python3.10/site-packages/distributed/core.py", line 1542, in connect
    raise CommClosedError(reason)
distributed.comm.core.CommClosedError: Address removed.
[dgx13:77627:0:77627] Caught signal 11 (Segmentation fault: address not mapped to object at address 0x450)
==== backtrace (tid:  77627) ====
 0  /opt/conda/envs/gdf/lib/libucs.so.0(ucs_handle_error+0x2fd) [0x7f62606e1c1d]
 1  /opt/conda/envs/gdf/lib/libucs.so.0(+0x2de11) [0x7f62606e1e11]
 2  /opt/conda/envs/gdf/lib/libucs.so.0(+0x2dfda) [0x7f62606e1fda]
 3  /usr/lib/x86_64-linux-gnu/libpthread.so.0(+0x14420) [0x7f62a89a9420]
 4  /opt/conda/envs/gdf/lib/libucp.so.0(ucp_mem_type_unpack+0x14) [0x7f62607652d4]
 5  /opt/conda/envs/gdf/lib/libucp.so.0(ucp_rndv_data_handler+0x605) [0x7f626078f495]
 6  /opt/conda/envs/gdf/lib/./libuct.so.0(+0x21a06) [0x7f6260698a06]
 7  /opt/conda/envs/gdf/lib/./libuct.so.0(+0x24ae8) [0x7f626069bae8]
 8  /opt/conda/envs/gdf/lib/libucs.so.0(ucs_event_set_wait+0xb1) [0x7f62606eb411]
 9  /opt/conda/envs/gdf/lib/./libuct.so.0(uct_tcp_iface_progress+0x7d) [0x7f626069abbd]
10  /opt/conda/envs/gdf/lib/libucp.so.0(ucp_worker_progress+0x5a) [0x7f6260761f1a]
11  /opt/conda/envs/gdf/lib/python3.10/site-packages/ucp/_libs/ucx_api.cpython-310-x86_64-linux-gnu.so(+0x31dca) [0x7f6260821dca]
12  /opt/conda/envs/gdf/bin/python(_PyEval_EvalFrameDefault+0x2c3e) [0x5635342546de]
13  /opt/conda/envs/gdf/bin/python(_PyFunction_Vectorcall+0x6c) [0x563534261b7c]
14  /opt/conda/envs/gdf/bin/python(_PyEval_EvalFrameDefault+0x6fd) [0x56353425219d]
15  /opt/conda/envs/gdf/bin/python(+0x1d62c9) [0x5635342fc2c9]
16  /opt/conda/envs/gdf/lib/python3.10/lib-dynload/_asyncio.cpython-310-x86_64-linux-gnu.so(+0x7782) [0x7f62889cb782]
17  /opt/conda/envs/gdf/bin/python(_PyObject_MakeTpCall+0x2d3) [0x56353425aa03]
18  /opt/conda/envs/gdf/bin/python(+0xf745f) [0x56353421d45f]
19  /opt/conda/envs/gdf/bin/python(+0x1331b3) [0x5635342591b3]
20  /opt/conda/envs/gdf/bin/python(_PyEval_EvalFrameDefault+0x593b) [0x5635342573db]
21  /opt/conda/envs/gdf/bin/python(_PyFunction_Vectorcall+0x6c) [0x563534261b7c]
22  /opt/conda/envs/gdf/bin/python(_PyEval_EvalFrameDefault+0x6fd) [0x56353425219d]
23  /opt/conda/envs/gdf/bin/python(_PyFunction_Vectorcall+0x6c) [0x563534261b7c]
24  /opt/conda/envs/gdf/bin/python(_PyEval_EvalFrameDefault+0x6fd) [0x56353425219d]
25  /opt/conda/envs/gdf/bin/python(_PyFunction_Vectorcall+0x6c) [0x563534261b7c]
26  /opt/conda/envs/gdf/bin/python(_PyEval_EvalFrameDefault+0x6fd) [0x56353425219d]
27  /opt/conda/envs/gdf/bin/python(_PyFunction_Vectorcall+0x6c) [0x563534261b7c]
28  /opt/conda/envs/gdf/bin/python(_PyEval_EvalFrameDefault+0x6fd) [0x56353425219d]
29  /opt/conda/envs/gdf/bin/python(_PyFunction_Vectorcall+0x6c) [0x563534261b7c]
30  /opt/conda/envs/gdf/bin/python(_PyEval_EvalFrameDefault+0x1341) [0x563534252de1]
31  /opt/conda/envs/gdf/bin/python(+0x146fb2) [0x56353426cfb2]
32  /opt/conda/envs/gdf/bin/python(PyObject_Call+0xbc) [0x56353426d94c]
33  /opt/conda/envs/gdf/bin/python(+0x1ff72d) [0x56353432572d]
34  /opt/conda/envs/gdf/bin/python(_PyObject_MakeTpCall+0x2d3) [0x56353425aa03]
35  /opt/conda/envs/gdf/bin/python(_PyEval_EvalFrameDefault+0x2c3e) [0x5635342546de]
36  /opt/conda/envs/gdf/bin/python(+0x147108) [0x56353426d108]
37  /opt/conda/envs/gdf/bin/python(_PyEval_EvalFrameDefault+0x2c3e) [0x5635342546de]
38  /opt/conda/envs/gdf/bin/python(_PyFunction_Vectorcall+0x6c) [0x563534261b7c]
39  /opt/conda/envs/gdf/bin/python(_PyEval_EvalFrameDefault+0x6fd) [0x56353425219d]
40  /opt/conda/envs/gdf/bin/python(_PyFunction_Vectorcall+0x6c) [0x563534261b7c]
41  /opt/conda/envs/gdf/bin/python(_PyEval_EvalFrameDefault+0x6fd) [0x56353425219d]
42  /opt/conda/envs/gdf/bin/python(_PyFunction_Vectorcall+0x6c) [0x563534261b7c]
43  /opt/conda/envs/gdf/bin/python(_PyEval_EvalFrameDefault+0x309) [0x563534251da9]
44  /opt/conda/envs/gdf/bin/python(_PyFunction_Vectorcall+0x6c) [0x563534261b7c]
45  /opt/conda/envs/gdf/bin/python(_PyEval_EvalFrameDefault+0x1341) [0x563534252de1]
46  /opt/conda/envs/gdf/bin/python(+0x1cca8c) [0x5635342f2a8c]
47  /opt/conda/envs/gdf/bin/python(PyEval_EvalCode+0x87) [0x5635342f29d7]
48  /opt/conda/envs/gdf/bin/python(+0x1fceba) [0x563534322eba]
49  /opt/conda/envs/gdf/bin/python(+0x1f8343) [0x56353431e343]
50  /opt/conda/envs/gdf/bin/python(PyRun_StringFlags+0x7d) [0x563534316add]
51  /opt/conda/envs/gdf/bin/python(PyRun_SimpleStringFlags+0x3c) [0x56353431691c]
52  /opt/conda/envs/gdf/bin/python(Py_RunMain+0x3ba) [0x563534315b1a]
53  /opt/conda/envs/gdf/bin/python(Py_BytesMain+0x37) [0x5635342e6117]
54  /usr/lib/x86_64-linux-gnu/libc.so.6(__libc_start_main+0xf3) [0x7f62a866d083]
55  /opt/conda/envs/gdf/bin/python(+0x1c002e) [0x5635342e602e]
=================================
2025-01-16 07:32:21,815 - distributed.nanny - WARNING - Restarting worker
2025-01-16 07:32:21,841 - distributed.nanny - WARNING - Restarting worker
2025-01-16 07:32:21,879 - distributed.nanny - WARNING - Restarting worker
2025-01-16 07:32:21,937 - distributed.nanny - WARNING - Restarting worker
2025-01-16 07:32:21,985 - distributed.worker - ERROR - failed during get data with ucx://127.0.0.1:38111 -> ucx://127.0.0.1:58065
Traceback (most recent call last):
  File "/opt/conda/envs/gdf/lib/python3.10/site-packages/distributed/comm/ucx.py", line 335, in write
    await self.ep.send(each_frame)
  File "/opt/conda/envs/gdf/lib/python3.10/site-packages/ucp/core.py", line 662, in send
    return await comm.tag_send(self._ep, buffer, nbytes, tag, name=log)
ucp._libs.exceptions.UCXError: <[Send #014] ep: 0x7f38357492c0, tag: 0xe88e3917f81ab489, nbytes: 50000000, type: <class 'cupy.ndarray'>>: Connection reset by remote peer

During handling of the above exception, another exception occurred:

Traceback (most recent call last):
  File "/opt/conda/envs/gdf/lib/python3.10/site-packages/distributed/worker.py", line 1796, in get_data
    compressed = await comm.write(msg, serializers=serializers)
  File "/opt/conda/envs/gdf/lib/python3.10/site-packages/distributed/utils.py", line 805, in wrapper
    return await func(*args, **kwargs)
  File "/opt/conda/envs/gdf/lib/python3.10/site-packages/distributed/comm/ucx.py", line 339, in write
    raise CommClosedError("While writing, the connection was closed")
distributed.comm.core.CommClosedError: While writing, the connection was closed
2025-01-16 07:32:21,987 - distributed.scheduler - WARNING - Removing worker 'ucx://127.0.0.1:58065' caused the cluster to lose already computed task(s), which will be recomputed elsewhere: {('sum-partial-e6e279bcb6f4e5f8ca4e575b29e88709', 2, 2), ('random_sample-e51a88cd86d58f6ff6a4f77d9e9bfb68', 5, 7), ('random_sample-e51a88cd86d58f6ff6a4f77d9e9bfb68', 8, 6), ('sum-11adf47811bd3a21029aa50c6ed43286', 9, 0), ('sum-11adf47811bd3a21029aa50c6ed43286', 0, 9), ('random_sample-e51a88cd86d58f6ff6a4f77d9e9bfb68', 7, 4), ('random_sample-e51a88cd86d58f6ff6a4f77d9e9bfb68', 9, 1), ('random_sample-e51a88cd86d58f6ff6a4f77d9e9bfb68', 9, 4), ('random_sample-e51a88cd86d58f6ff6a4f77d9e9bfb68', 1, 6), ('random_sample-e51a88cd86d58f6ff6a4f77d9e9bfb68', 1, 9), ('random_sample-e51a88cd86d58f6ff6a4f77d9e9bfb68', 6, 5), ('random_sample-e51a88cd86d58f6ff6a4f77d9e9bfb68', 8, 5), ('random_sample-e51a88cd86d58f6ff6a4f77d9e9bfb68', 3, 3), ('random_sample-e51a88cd86d58f6ff6a4f77d9e9bfb68', 4, 4), ('random_sample-e51a88cd86d58f6ff6a4f77d9e9bfb68', 4, 7), ('sum-11adf47811bd3a21029aa50c6ed43286', 1, 6), ('sum-11adf47811bd3a21029aa50c6ed43286', 1, 9), ('random_sample-e51a88cd86d58f6ff6a4f77d9e9bfb68', 9, 0), ('random_sample-e51a88cd86d58f6ff6a4f77d9e9bfb68', 9, 3), ('sum-11adf47811bd3a21029aa50c6ed43286', 7, 4), ('random_sample-e51a88cd86d58f6ff6a4f77d9e9bfb68', 0, 9), ('random_sample-e51a88cd86d58f6ff6a4f77d9e9bfb68', 6, 1), ('sum-11adf47811bd3a21029aa50c6ed43286', 3, 3), ('random_sample-e51a88cd86d58f6ff6a4f77d9e9bfb68', 8, 7), ('sum-11adf47811bd3a21029aa50c6ed43286', 9, 1), ('random_sample-e51a88cd86d58f6ff6a4f77d9e9bfb68', 7, 2), ('sum-11adf47811bd3a21029aa50c6ed43286', 6, 1), ('sum-11adf47811bd3a21029aa50c6ed43286', 4, 7)} (stimulus_id='handle-worker-cleanup-1737012741.9867895')
2025-01-16 07:32:21,994 - distributed.worker - ERROR - Worker stream died during communication: ucx://127.0.0.1:58065
Traceback (most recent call last):
  File "/opt/conda/envs/gdf/lib/python3.10/site-packages/distributed/comm/ucx.py", line 468, in connect
    ep = await ucp.create_endpoint(ip, port)
  File "/opt/conda/envs/gdf/lib/python3.10/site-packages/ucp/core.py", line 1016, in create_endpoint
    return await _get_ctx().create_endpoint(
  File "/opt/conda/envs/gdf/lib/python3.10/site-packages/ucp/core.py", line 328, in create_endpoint
    peer_info = await exchange_peer_info(
  File "/opt/conda/envs/gdf/lib/python3.10/site-packages/ucp/core.py", line 60, in exchange_peer_info
    await asyncio.wait_for(
  File "/opt/conda/envs/gdf/lib/python3.10/asyncio/tasks.py", line 445, in wait_for
    return fut.result()
ucp._libs.exceptions.UCXError: <stream_recv>: Connection reset by remote peer

During handling of the above exception, another exception occurred:

Traceback (most recent call last):
  File "/opt/conda/envs/gdf/lib/python3.10/site-packages/distributed/comm/core.py", line 342, in connect
    comm = await wait_for(
  File "/opt/conda/envs/gdf/lib/python3.10/site-packages/distributed/utils.py", line 1915, in wait_for
    return await asyncio.wait_for(fut, timeout)
  File "/opt/conda/envs/gdf/lib/python3.10/asyncio/tasks.py", line 445, in wait_for
    return fut.result()
  File "/opt/conda/envs/gdf/lib/python3.10/site-packages/distributed/comm/ucx.py", line 470, in connect
    raise CommClosedError("Connection closed before handshake completed")
distributed.comm.core.CommClosedError: Connection closed before handshake completed

During handling of the above exception, another exception occurred:

Traceback (most recent call last):
  File "/opt/conda/envs/gdf/lib/python3.10/site-packages/distributed/core.py", line 1429, in _connect
    comm = await connect(
  File "/opt/conda/envs/gdf/lib/python3.10/site-packages/distributed/comm/core.py", line 366, in connect
    await asyncio.sleep(backoff)
  File "/opt/conda/envs/gdf/lib/python3.10/asyncio/tasks.py", line 605, in sleep
    return await future
asyncio.exceptions.CancelledError

During handling of the above exception, another exception occurred:

Traceback (most recent call last):
  File "/opt/conda/envs/gdf/lib/python3.10/site-packages/distributed/core.py", line 1539, in connect
    return connect_attempt.result()
asyncio.exceptions.CancelledError

During handling of the above exception, another exception occurred:

Traceback (most recent call last):
  File "/opt/conda/envs/gdf/lib/python3.10/site-packages/distributed/worker.py", line 2075, in gather_dep
    response = await get_data_from_worker(
  File "/opt/conda/envs/gdf/lib/python3.10/site-packages/distributed/worker.py", line 2878, in get_data_from_worker
    comm = await rpc.connect(worker)
  File "/opt/conda/envs/gdf/lib/python3.10/site-packages/distributed/core.py", line 1542, in connect
    raise CommClosedError(reason)
distributed.comm.core.CommClosedError: Address removed.
2025-01-16 07:32:21,997 - distributed.worker - ERROR - Worker stream died during communication: ucx://127.0.0.1:58065
Traceback (most recent call last):
  File "/opt/conda/envs/gdf/lib/python3.10/site-packages/distributed/core.py", line 1429, in _connect
    comm = await connect(
  File "/opt/conda/envs/gdf/lib/python3.10/site-packages/distributed/comm/core.py", line 342, in connect
    comm = await wait_for(
  File "/opt/conda/envs/gdf/lib/python3.10/site-packages/distributed/utils.py", line 1915, in wait_for
    return await asyncio.wait_for(fut, timeout)
  File "/opt/conda/envs/gdf/lib/python3.10/asyncio/tasks.py", line 432, in wait_for
    await waiter
asyncio.exceptions.CancelledError

During handling of the above exception, another exception occurred:

Traceback (most recent call last):
  File "/opt/conda/envs/gdf/lib/python3.10/site-packages/distributed/core.py", line 1539, in connect
    return connect_attempt.result()
asyncio.exceptions.CancelledError

During handling of the above exception, another exception occurred:

Traceback (most recent call last):
  File "/opt/conda/envs/gdf/lib/python3.10/site-packages/distributed/worker.py", line 2075, in gather_dep
    response = await get_data_from_worker(
  File "/opt/conda/envs/gdf/lib/python3.10/site-packages/distributed/worker.py", line 2878, in get_data_from_worker
    comm = await rpc.connect(worker)
  File "/opt/conda/envs/gdf/lib/python3.10/site-packages/distributed/core.py", line 1542, in connect
    raise CommClosedError(reason)
distributed.comm.core.CommClosedError: Address removed.
2025-01-16 07:32:22,021 - distributed.nanny - WARNING - Restarting worker
2025-01-16 07:32:22,127 - distributed.nanny - WARNING - Restarting worker
[dgx13:77841:0:77841] Caught signal 11 (Segmentation fault: address not mapped to object at address 0x450)
==== backtrace (tid:  77841) ====
 0  /opt/conda/envs/gdf/lib/libucs.so.0(ucs_handle_error+0x2fd) [0x7f6218adac1d]
 1  /opt/conda/envs/gdf/lib/libucs.so.0(+0x2de11) [0x7f6218adae11]
 2  /opt/conda/envs/gdf/lib/libucs.so.0(+0x2dfda) [0x7f6218adafda]
 3  /usr/lib/x86_64-linux-gnu/libpthread.so.0(+0x14420) [0x7f6252d85420]
 4  /opt/conda/envs/gdf/lib/libucp.so.0(ucp_mem_type_unpack+0x14) [0x7f6218b5e2d4]
 5  /opt/conda/envs/gdf/lib/libucp.so.0(ucp_rndv_data_handler+0x605) [0x7f6218b88495]
 6  /opt/conda/envs/gdf/lib/./libuct.so.0(+0x21a06) [0x7f6218a91a06]
 7  /opt/conda/envs/gdf/lib/./libuct.so.0(+0x24ae8) [0x7f6218a94ae8]
 8  /opt/conda/envs/gdf/lib/libucs.so.0(ucs_event_set_wait+0xb1) [0x7f6218ae4411]
 9  /opt/conda/envs/gdf/lib/./libuct.so.0(uct_tcp_iface_progress+0x7d) [0x7f6218a93bbd]
10  /opt/conda/envs/gdf/lib/libucp.so.0(ucp_worker_progress+0x5a) [0x7f6218b5af1a]
11  /opt/conda/envs/gdf/lib/python3.10/site-packages/ucp/_libs/ucx_api.cpython-310-x86_64-linux-gnu.so(+0x31dca) [0x7f6218c1adca]
12  /opt/conda/envs/gdf/bin/python(_PyEval_EvalFrameDefault+0x2c3e) [0x55e55364f6de]
13  /opt/conda/envs/gdf/bin/python(_PyFunction_Vectorcall+0x6c) [0x55e55365cb7c]
14  /opt/conda/envs/gdf/bin/python(_PyEval_EvalFrameDefault+0x6fd) [0x55e55364d19d]
15  /opt/conda/envs/gdf/bin/python(+0x147234) [0x55e553668234]
16  /opt/conda/envs/gdf/bin/python(+0x252f7c) [0x55e553773f7c]
17  /opt/conda/envs/gdf/bin/python(+0xf745f) [0x55e55361845f]
18  /opt/conda/envs/gdf/bin/python(+0x1331b3) [0x55e5536541b3]
19  /opt/conda/envs/gdf/bin/python(_PyEval_EvalFrameDefault+0x593b) [0x55e5536523db]
20  /opt/conda/envs/gdf/bin/python(_PyFunction_Vectorcall+0x6c) [0x55e55365cb7c]
21  /opt/conda/envs/gdf/bin/python(_PyEval_EvalFrameDefault+0x6fd) [0x55e55364d19d]
22  /opt/conda/envs/gdf/bin/python(_PyFunction_Vectorcall+0x6c) [0x55e55365cb7c]
23  /opt/conda/envs/gdf/bin/python(_PyEval_EvalFrameDefault+0x6fd) [0x55e55364d19d]
24  /opt/conda/envs/gdf/bin/python(_PyFunction_Vectorcall+0x6c) [0x55e55365cb7c]
25  /opt/conda/envs/gdf/bin/python(_PyEval_EvalFrameDefault+0x6fd) [0x55e55364d19d]
26  /opt/conda/envs/gdf/bin/python(_PyFunction_Vectorcall+0x6c) [0x55e55365cb7c]
27  /opt/conda/envs/gdf/bin/python(_PyEval_EvalFrameDefault+0x6fd) [0x55e55364d19d]
28  /opt/conda/envs/gdf/bin/python(_PyFunction_Vectorcall+0x6c) [0x55e55365cb7c]
29  /opt/conda/envs/gdf/bin/python(_PyEval_EvalFrameDefault+0x1341) [0x55e55364dde1]
30  /opt/conda/envs/gdf/bin/python(+0x146fb2) [0x55e553667fb2]
31  /opt/conda/envs/gdf/bin/python(PyObject_Call+0xbc) [0x55e55366894c]
32  /opt/conda/envs/gdf/bin/python(+0x1ff72d) [0x55e55372072d]
33  /opt/conda/envs/gdf/bin/python(_PyObject_MakeTpCall+0x2d3) [0x55e553655a03]
34  /opt/conda/envs/gdf/bin/python(_PyEval_EvalFrameDefault+0x2c3e) [0x55e55364f6de]
35  /opt/conda/envs/gdf/bin/python(+0x147108) [0x55e553668108]
36  /opt/conda/envs/gdf/bin/python(_PyEval_EvalFrameDefault+0x2c3e) [0x55e55364f6de]
37  /opt/conda/envs/gdf/bin/python(_PyFunction_Vectorcall+0x6c) [0x55e55365cb7c]
38  /opt/conda/envs/gdf/bin/python(_PyEval_EvalFrameDefault+0x6fd) [0x55e55364d19d]
39  /opt/conda/envs/gdf/bin/python(_PyFunction_Vectorcall+0x6c) [0x55e55365cb7c]
40  /opt/conda/envs/gdf/bin/python(_PyEval_EvalFrameDefault+0x6fd) [0x55e55364d19d]
41  /opt/conda/envs/gdf/bin/python(_PyFunction_Vectorcall+0x6c) [0x55e55365cb7c]
42  /opt/conda/envs/gdf/bin/python(_PyEval_EvalFrameDefault+0x309) [0x55e55364cda9]
43  /opt/conda/envs/gdf/bin/python(_PyFunction_Vectorcall+0x6c) [0x55e55365cb7c]
44  /opt/conda/envs/gdf/bin/python(_PyEval_EvalFrameDefault+0x1341) [0x55e55364dde1]
45  /opt/conda/envs/gdf/bin/python(+0x1cca8c) [0x55e5536eda8c]
46  /opt/conda/envs/gdf/bin/python(PyEval_EvalCode+0x87) [0x55e5536ed9d7]
47  /opt/conda/envs/gdf/bin/python(+0x1fceba) [0x55e55371deba]
48  /opt/conda/envs/gdf/bin/python(+0x1f8343) [0x55e553719343]
49  /opt/conda/envs/gdf/bin/python(PyRun_StringFlags+0x7d) [0x55e553711add]
50  /opt/conda/envs/gdf/bin/python(PyRun_SimpleStringFlags+0x3c) [0x55e55371191c]
51  /opt/conda/envs/gdf/bin/python(Py_RunMain+0x3ba) [0x55e553710b1a]
52  /opt/conda/envs/gdf/bin/python(Py_BytesMain+0x37) [0x55e5536e1117]
53  /usr/lib/x86_64-linux-gnu/libc.so.6(__libc_start_main+0xf3) [0x7f6252a49083]
54  /opt/conda/envs/gdf/bin/python(+0x1c002e) [0x55e5536e102e]
=================================
2025-01-16 07:32:27,134 - distributed.worker - ERROR - failed during get data with ucx://127.0.0.1:36361 -> ucx://127.0.0.1:37753
Traceback (most recent call last):
  File "/opt/conda/envs/gdf/lib/python3.10/site-packages/distributed/comm/ucx.py", line 335, in write
    await self.ep.send(each_frame)
  File "/opt/conda/envs/gdf/lib/python3.10/site-packages/ucp/core.py", line 662, in send
    return await comm.tag_send(self._ep, buffer, nbytes, tag, name=log)
ucp._libs.exceptions.UCXError: <[Send #007] ep: 0x7fd4a84ed0c0, tag: 0xd5dff4cbe1a5b965, nbytes: 50000000, type: <class 'cupy.ndarray'>>: Connection reset by remote peer

During handling of the above exception, another exception occurred:

Traceback (most recent call last):
  File "/opt/conda/envs/gdf/lib/python3.10/site-packages/distributed/worker.py", line 1796, in get_data
    compressed = await comm.write(msg, serializers=serializers)
  File "/opt/conda/envs/gdf/lib/python3.10/site-packages/distributed/utils.py", line 805, in wrapper
    return await func(*args, **kwargs)
  File "/opt/conda/envs/gdf/lib/python3.10/site-packages/distributed/comm/ucx.py", line 339, in write
    raise CommClosedError("While writing, the connection was closed")
distributed.comm.core.CommClosedError: While writing, the connection was closed
2025-01-16 07:32:27,134 - distributed.worker - ERROR - failed during get data with ucx://127.0.0.1:38111 -> ucx://127.0.0.1:37753
Traceback (most recent call last):
  File "/opt/conda/envs/gdf/lib/python3.10/site-packages/distributed/comm/ucx.py", line 335, in write
    await self.ep.send(each_frame)
  File "/opt/conda/envs/gdf/lib/python3.10/site-packages/ucp/core.py", line 662, in send
    return await comm.tag_send(self._ep, buffer, nbytes, tag, name=log)
ucp._libs.exceptions.UCXError: <[Send #007] ep: 0x7f3835749300, tag: 0xe15086faddc468dd, nbytes: 50000000, type: <class 'cupy.ndarray'>>: Connection reset by remote peer

During handling of the above exception, another exception occurred:

Traceback (most recent call last):
  File "/opt/conda/envs/gdf/lib/python3.10/site-packages/distributed/worker.py", line 1796, in get_data
    compressed = await comm.write(msg, serializers=serializers)
  File "/opt/conda/envs/gdf/lib/python3.10/site-packages/distributed/utils.py", line 805, in wrapper
    return await func(*args, **kwargs)
  File "/opt/conda/envs/gdf/lib/python3.10/site-packages/distributed/comm/ucx.py", line 339, in write
    raise CommClosedError("While writing, the connection was closed")
distributed.comm.core.CommClosedError: While writing, the connection was closed
Task exception was never retrieved
future: <Task finished name='Task-189' coro=<_listener_handler_coroutine() done, defined at /opt/conda/envs/gdf/lib/python3.10/site-packages/ucp/core.py:140> exception=UCXError('<stream_send>: Connection reset by remote peer')>
Traceback (most recent call last):
  File "/opt/conda/envs/gdf/lib/python3.10/site-packages/ucp/core.py", line 155, in _listener_handler_coroutine
    peer_info = await exchange_peer_info(
  File "/opt/conda/envs/gdf/lib/python3.10/site-packages/ucp/core.py", line 51, in exchange_peer_info
    await asyncio.wait_for(
  File "/opt/conda/envs/gdf/lib/python3.10/asyncio/tasks.py", line 445, in wait_for
    return fut.result()
ucp._libs.exceptions.UCXError: <stream_send>: Connection reset by remote peer
2025-01-16 07:32:27,279 - distributed.nanny - WARNING - Restarting worker
[dgx13:77851:0:77851] Caught signal 11 (Segmentation fault: address not mapped to object at address 0x450)
==== backtrace (tid:  77851) ====
 0  /opt/conda/envs/gdf/lib/libucs.so.0(ucs_handle_error+0x2fd) [0x7fa25c86dc1d]
 1  /opt/conda/envs/gdf/lib/libucs.so.0(+0x2de11) [0x7fa25c86de11]
 2  /opt/conda/envs/gdf/lib/libucs.so.0(+0x2dfda) [0x7fa25c86dfda]
 3  /usr/lib/x86_64-linux-gnu/libpthread.so.0(+0x14420) [0x7fa2a4918420]
 4  /opt/conda/envs/gdf/lib/libucp.so.0(ucp_mem_type_unpack+0x14) [0x7fa25c8f12d4]
 5  /opt/conda/envs/gdf/lib/libucp.so.0(ucp_rndv_data_handler+0x605) [0x7fa25c91b495]
 6  /opt/conda/envs/gdf/lib/./libuct.so.0(+0x21a06) [0x7fa25c824a06]
 7  /opt/conda/envs/gdf/lib/./libuct.so.0(+0x24ae8) [0x7fa25c827ae8]
 8  /opt/conda/envs/gdf/lib/libucs.so.0(ucs_event_set_wait+0xb1) [0x7fa25c877411]
 9  /opt/conda/envs/gdf/lib/./libuct.so.0(uct_tcp_iface_progress+0x7d) [0x7fa25c826bbd]
10  /opt/conda/envs/gdf/lib/libucp.so.0(ucp_worker_progress+0x5a) [0x7fa25c8edf1a]
11  /opt/conda/envs/gdf/lib/python3.10/site-packages/ucp/_libs/ucx_api.cpython-310-x86_64-linux-gnu.so(+0x31dca) [0x7fa25c9addca]
12  /opt/conda/envs/gdf/bin/python(_PyEval_EvalFrameDefault+0x2c3e) [0x55a1460fa6de]
13  /opt/conda/envs/gdf/bin/python(_PyFunction_Vectorcall+0x6c) [0x55a146107b7c]
14  /opt/conda/envs/gdf/bin/python(_PyEval_EvalFrameDefault+0x6fd) [0x55a1460f819d]
15  /opt/conda/envs/gdf/bin/python(+0x147234) [0x55a146113234]
16  /opt/conda/envs/gdf/bin/python(+0x252f7c) [0x55a14621ef7c]
17  /opt/conda/envs/gdf/bin/python(+0xf745f) [0x55a1460c345f]
18  /opt/conda/envs/gdf/bin/python(+0x1331b3) [0x55a1460ff1b3]
19  /opt/conda/envs/gdf/bin/python(_PyEval_EvalFrameDefault+0x593b) [0x55a1460fd3db]
20  /opt/conda/envs/gdf/bin/python(_PyFunction_Vectorcall+0x6c) [0x55a146107b7c]
21  /opt/conda/envs/gdf/bin/python(_PyEval_EvalFrameDefault+0x6fd) [0x55a1460f819d]
22  /opt/conda/envs/gdf/bin/python(_PyFunction_Vectorcall+0x6c) [0x55a146107b7c]
23  /opt/conda/envs/gdf/bin/python(_PyEval_EvalFrameDefault+0x6fd) [0x55a1460f819d]
24  /opt/conda/envs/gdf/bin/python(_PyFunction_Vectorcall+0x6c) [0x55a146107b7c]
25  /opt/conda/envs/gdf/bin/python(_PyEval_EvalFrameDefault+0x6fd) [0x55a1460f819d]
26  /opt/conda/envs/gdf/bin/python(_PyFunction_Vectorcall+0x6c) [0x55a146107b7c]
27  /opt/conda/envs/gdf/bin/python(_PyEval_EvalFrameDefault+0x6fd) [0x55a1460f819d]
28  /opt/conda/envs/gdf/bin/python(_PyFunction_Vectorcall+0x6c) [0x55a146107b7c]
29  /opt/conda/envs/gdf/bin/python(_PyEval_EvalFrameDefault+0x1341) [0x55a1460f8de1]
30  /opt/conda/envs/gdf/bin/python(+0x146fb2) [0x55a146112fb2]
31  /opt/conda/envs/gdf/bin/python(PyObject_Call+0xbc) [0x55a14611394c]
32  /opt/conda/envs/gdf/bin/python(+0x1ff72d) [0x55a1461cb72d]
33  /opt/conda/envs/gdf/bin/python(_PyObject_MakeTpCall+0x2d3) [0x55a146100a03]
34  /opt/conda/envs/gdf/bin/python(_PyEval_EvalFrameDefault+0x2c3e) [0x55a1460fa6de]
35  /opt/conda/envs/gdf/bin/python(+0x147108) [0x55a146113108]
36  /opt/conda/envs/gdf/bin/python(_PyEval_EvalFrameDefault+0x2c3e) [0x55a1460fa6de]
37  /opt/conda/envs/gdf/bin/python(_PyFunction_Vectorcall+0x6c) [0x55a146107b7c]
38  /opt/conda/envs/gdf/bin/python(_PyEval_EvalFrameDefault+0x6fd) [0x55a1460f819d]
39  /opt/conda/envs/gdf/bin/python(_PyFunction_Vectorcall+0x6c) [0x55a146107b7c]
40  /opt/conda/envs/gdf/bin/python(_PyEval_EvalFrameDefault+0x6fd) [0x55a1460f819d]
41  /opt/conda/envs/gdf/bin/python(_PyFunction_Vectorcall+0x6c) [0x55a146107b7c]
42  /opt/conda/envs/gdf/bin/python(_PyEval_EvalFrameDefault+0x309) [0x55a1460f7da9]
43  /opt/conda/envs/gdf/bin/python(_PyFunction_Vectorcall+0x6c) [0x55a146107b7c]
44  /opt/conda/envs/gdf/bin/python(_PyEval_EvalFrameDefault+0x1341) [0x55a1460f8de1]
45  /opt/conda/envs/gdf/bin/python(+0x1cca8c) [0x55a146198a8c]
46  /opt/conda/envs/gdf/bin/python(PyEval_EvalCode+0x87) [0x55a1461989d7]
47  /opt/conda/envs/gdf/bin/python(+0x1fceba) [0x55a1461c8eba]
48  /opt/conda/envs/gdf/bin/python(+0x1f8343) [0x55a1461c4343]
49  /opt/conda/envs/gdf/bin/python(PyRun_StringFlags+0x7d) [0x55a1461bcadd]
50  /opt/conda/envs/gdf/bin/python(PyRun_SimpleStringFlags+0x3c) [0x55a1461bc91c]
51  /opt/conda/envs/gdf/bin/python(Py_RunMain+0x3ba) [0x55a1461bbb1a]
52  /opt/conda/envs/gdf/bin/python(Py_BytesMain+0x37) [0x55a14618c117]
53  /usr/lib/x86_64-linux-gnu/libc.so.6(__libc_start_main+0xf3) [0x7fa2a45dc083]
54  /opt/conda/envs/gdf/bin/python(+0x1c002e) [0x55a14618c02e]
=================================
[dgx13:77857:0:77857] Caught signal 11 (Segmentation fault: address not mapped to object at address 0x450)
==== backtrace (tid:  77857) ====
 0  /opt/conda/envs/gdf/lib/libucs.so.0(ucs_handle_error+0x2fd) [0x7fed24affc1d]
 1  /opt/conda/envs/gdf/lib/libucs.so.0(+0x2de11) [0x7fed24affe11]
 2  /opt/conda/envs/gdf/lib/libucs.so.0(+0x2dfda) [0x7fed24afffda]
 3  /usr/lib/x86_64-linux-gnu/libpthread.so.0(+0x14420) [0x7fed5eda1420]
 4  /opt/conda/envs/gdf/lib/libucp.so.0(ucp_mem_type_unpack+0x14) [0x7fed24b832d4]
 5  /opt/conda/envs/gdf/lib/libucp.so.0(ucp_rndv_data_handler+0x605) [0x7fed24bad495]
 6  /opt/conda/envs/gdf/lib/./libuct.so.0(+0x21a06) [0x7fed24ab6a06]
 7  /opt/conda/envs/gdf/lib/./libuct.so.0(+0x24ae8) [0x7fed24ab9ae8]
 8  /opt/conda/envs/gdf/lib/libucs.so.0(ucs_event_set_wait+0xb1) [0x7fed24b09411]
 9  /opt/conda/envs/gdf/lib/./libuct.so.0(uct_tcp_iface_progress+0x7d) [0x7fed24ab8bbd]
10  /opt/conda/envs/gdf/lib/libucp.so.0(ucp_worker_progress+0x5a) [0x7fed24b7ff1a]
11  /opt/conda/envs/gdf/lib/python3.10/site-packages/ucp/_libs/ucx_api.cpython-310-x86_64-linux-gnu.so(+0x31dca) [0x7fed24c3fdca]
12  /opt/conda/envs/gdf/bin/python(_PyEval_EvalFrameDefault+0x2c3e) [0x55c8a876d6de]
13  /opt/conda/envs/gdf/bin/python(_PyFunction_Vectorcall+0x6c) [0x55c8a877ab7c]
14  /opt/conda/envs/gdf/bin/python(_PyEval_EvalFrameDefault+0x6fd) [0x55c8a876b19d]
15  /opt/conda/envs/gdf/bin/python(+0x147234) [0x55c8a8786234]
16  /opt/conda/envs/gdf/bin/python(+0x252f7c) [0x55c8a8891f7c]
17  /opt/conda/envs/gdf/bin/python(+0xf745f) [0x55c8a873645f]
18  /opt/conda/envs/gdf/bin/python(+0x1331b3) [0x55c8a87721b3]
19  /opt/conda/envs/gdf/bin/python(_PyEval_EvalFrameDefault+0x593b) [0x55c8a87703db]
20  /opt/conda/envs/gdf/bin/python(_PyFunction_Vectorcall+0x6c) [0x55c8a877ab7c]
21  /opt/conda/envs/gdf/bin/python(_PyEval_EvalFrameDefault+0x6fd) [0x55c8a876b19d]
22  /opt/conda/envs/gdf/bin/python(_PyFunction_Vectorcall+0x6c) [0x55c8a877ab7c]
23  /opt/conda/envs/gdf/bin/python(_PyEval_EvalFrameDefault+0x6fd) [0x55c8a876b19d]
24  /opt/conda/envs/gdf/bin/python(_PyFunction_Vectorcall+0x6c) [0x55c8a877ab7c]
25  /opt/conda/envs/gdf/bin/python(_PyEval_EvalFrameDefault+0x6fd) [0x55c8a876b19d]
26  /opt/conda/envs/gdf/bin/python(_PyFunction_Vectorcall+0x6c) [0x55c8a877ab7c]
27  /opt/conda/envs/gdf/bin/python(_PyEval_EvalFrameDefault+0x6fd) [0x55c8a876b19d]
28  /opt/conda/envs/gdf/bin/python(_PyFunction_Vectorcall+0x6c) [0x55c8a877ab7c]
29  /opt/conda/envs/gdf/bin/python(_PyEval_EvalFrameDefault+0x1341) [0x55c8a876bde1]
30  /opt/conda/envs/gdf/bin/python(+0x146fb2) [0x55c8a8785fb2]
31  /opt/conda/envs/gdf/bin/python(PyObject_Call+0xbc) [0x55c8a878694c]
32  /opt/conda/envs/gdf/bin/python(+0x1ff72d) [0x55c8a883e72d]
33  /opt/conda/envs/gdf/bin/python(_PyObject_MakeTpCall+0x2d3) [0x55c8a8773a03]
34  /opt/conda/envs/gdf/bin/python(_PyEval_EvalFrameDefault+0x2c3e) [0x55c8a876d6de]
35  /opt/conda/envs/gdf/bin/python(+0x147108) [0x55c8a8786108]
36  /opt/conda/envs/gdf/bin/python(_PyEval_EvalFrameDefault+0x2c3e) [0x55c8a876d6de]
37  /opt/conda/envs/gdf/bin/python(_PyFunction_Vectorcall+0x6c) [0x55c8a877ab7c]
38  /opt/conda/envs/gdf/bin/python(_PyEval_EvalFrameDefault+0x6fd) [0x55c8a876b19d]
39  /opt/conda/envs/gdf/bin/python(_PyFunction_Vectorcall+0x6c) [0x55c8a877ab7c]
40  /opt/conda/envs/gdf/bin/python(_PyEval_EvalFrameDefault+0x6fd) [0x55c8a876b19d]
41  /opt/conda/envs/gdf/bin/python(_PyFunction_Vectorcall+0x6c) [0x55c8a877ab7c]
42  /opt/conda/envs/gdf/bin/python(_PyEval_EvalFrameDefault+0x309) [0x55c8a876ada9]
43  /opt/conda/envs/gdf/bin/python(_PyFunction_Vectorcall+0x6c) [0x55c8a877ab7c]
44  /opt/conda/envs/gdf/bin/python(_PyEval_EvalFrameDefault+0x1341) [0x55c8a876bde1]
45  /opt/conda/envs/gdf/bin/python(+0x1cca8c) [0x55c8a880ba8c]
46  /opt/conda/envs/gdf/bin/python(PyEval_EvalCode+0x87) [0x55c8a880b9d7]
47  /opt/conda/envs/gdf/bin/python(+0x1fceba) [0x55c8a883beba]
48  /opt/conda/envs/gdf/bin/python(+0x1f8343) [0x55c8a8837343]
49  /opt/conda/envs/gdf/bin/python(PyRun_StringFlags+0x7d) [0x55c8a882fadd]
50  /opt/conda/envs/gdf/bin/python(PyRun_SimpleStringFlags+0x3c) [0x55c8a882f91c]
51  /opt/conda/envs/gdf/bin/python(Py_RunMain+0x3ba) [0x55c8a882eb1a]
52  /opt/conda/envs/gdf/bin/python(Py_BytesMain+0x37) [0x55c8a87ff117]
53  /usr/lib/x86_64-linux-gnu/libc.so.6(__libc_start_main+0xf3) [0x7fed5ea65083]
54  /opt/conda/envs/gdf/bin/python(+0x1c002e) [0x55c8a87ff02e]
=================================
2025-01-16 07:32:27,649 - distributed.worker - ERROR - failed during get data with ucx://127.0.0.1:48951 -> ucx://127.0.0.1:34369
Traceback (most recent call last):
  File "/opt/conda/envs/gdf/lib/python3.10/site-packages/distributed/comm/ucx.py", line 335, in write
    await self.ep.send(each_frame)
  File "/opt/conda/envs/gdf/lib/python3.10/site-packages/ucp/core.py", line 662, in send
    return await comm.tag_send(self._ep, buffer, nbytes, tag, name=log)
ucp._libs.exceptions.UCXError: <[Send #007] ep: 0x7f2d5c982200, tag: 0xd1b10cca5818f216, nbytes: 50000000, type: <class 'cupy.ndarray'>>: Connection reset by remote peer

During handling of the above exception, another exception occurred:

Traceback (most recent call last):
  File "/opt/conda/envs/gdf/lib/python3.10/site-packages/distributed/worker.py", line 1796, in get_data
    compressed = await comm.write(msg, serializers=serializers)
  File "/opt/conda/envs/gdf/lib/python3.10/site-packages/distributed/utils.py", line 805, in wrapper
    return await func(*args, **kwargs)
  File "/opt/conda/envs/gdf/lib/python3.10/site-packages/distributed/comm/ucx.py", line 339, in write
    raise CommClosedError("While writing, the connection was closed")
distributed.comm.core.CommClosedError: While writing, the connection was closed
2025-01-16 07:32:27,650 - distributed.scheduler - WARNING - Removing worker 'ucx://127.0.0.1:34369' caused the cluster to lose already computed task(s), which will be recomputed elsewhere: {('random_sample-eaf4a3f6bce3c2a15c362e166b120b81', 0, 4), ('random_sample-eaf4a3f6bce3c2a15c362e166b120b81', 2, 1), ('sum-7189ea1b859bba17dd31931d08efa5b1', 9, 0), ('sum-7189ea1b859bba17dd31931d08efa5b1', 0, 9), ('random_sample-eaf4a3f6bce3c2a15c362e166b120b81', 4, 1), ('random_sample-eaf4a3f6bce3c2a15c362e166b120b81', 4, 7), ('random_sample-eaf4a3f6bce3c2a15c362e166b120b81', 4, 4), ('sum-7189ea1b859bba17dd31931d08efa5b1', 4, 3), ('sum-7189ea1b859bba17dd31931d08efa5b1', 4, 0), ('random_sample-eaf4a3f6bce3c2a15c362e166b120b81', 2, 3), ('random_sample-eaf4a3f6bce3c2a15c362e166b120b81', 1, 1), ('random_sample-eaf4a3f6bce3c2a15c362e166b120b81', 1, 7), ('random_sample-eaf4a3f6bce3c2a15c362e166b120b81', 0, 9), ('sum-7189ea1b859bba17dd31931d08efa5b1', 9, 8), ('sum-7189ea1b859bba17dd31931d08efa5b1', 1, 7), ('random_sample-eaf4a3f6bce3c2a15c362e166b120b81', 9, 8), ('sum-7189ea1b859bba17dd31931d08efa5b1', 8, 9), ('sum-7189ea1b859bba17dd31931d08efa5b1', 3, 4), ('random_sample-eaf4a3f6bce3c2a15c362e166b120b81', 3, 4), ('sum-7189ea1b859bba17dd31931d08efa5b1', 2, 8), ('sum-7189ea1b859bba17dd31931d08efa5b1', 7, 1), ('random_sample-eaf4a3f6bce3c2a15c362e166b120b81', 2, 8), ('sum-7189ea1b859bba17dd31931d08efa5b1', 0, 4), ('random_sample-eaf4a3f6bce3c2a15c362e166b120b81', 9, 4), ('sum-7189ea1b859bba17dd31931d08efa5b1', 8, 2), ('random_sample-eaf4a3f6bce3c2a15c362e166b120b81', 3, 0), ('sum-7189ea1b859bba17dd31931d08efa5b1', 2, 1), ('sum-7189ea1b859bba17dd31931d08efa5b1', 3, 0)} (stimulus_id='handle-worker-cleanup-1737012747.6502783')
2025-01-16 07:32:27,650 - distributed.worker - ERROR - Worker stream died during communication: ucx://127.0.0.1:34369
Traceback (most recent call last):
  File "/opt/conda/envs/gdf/lib/python3.10/site-packages/distributed/comm/ucx.py", line 351, in read
    await self.ep.recv(msg)
  File "/opt/conda/envs/gdf/lib/python3.10/site-packages/ucp/core.py", line 737, in recv
    ret = await comm.tag_recv(self._ep, buffer, nbytes, tag, name=log)
ucp._libs.exceptions.UCXCanceled: <[Recv #025] ep: 0x7f3835749340, tag: 0x7c75b3c52542c524, nbytes: 16, type: <class 'numpy.ndarray'>>: 

During handling of the above exception, another exception occurred:

Traceback (most recent call last):
  File "/opt/conda/envs/gdf/lib/python3.10/site-packages/distributed/worker.py", line 2075, in gather_dep
    response = await get_data_from_worker(
  File "/opt/conda/envs/gdf/lib/python3.10/site-packages/distributed/worker.py", line 2881, in get_data_from_worker
    response = await send_recv(
  File "/opt/conda/envs/gdf/lib/python3.10/site-packages/distributed/core.py", line 1018, in send_recv
    response = await comm.read(deserializers=deserializers)
  File "/opt/conda/envs/gdf/lib/python3.10/site-packages/distributed/utils.py", line 805, in wrapper
    return await func(*args, **kwargs)
  File "/opt/conda/envs/gdf/lib/python3.10/site-packages/distributed/comm/ucx.py", line 369, in read
    raise CommClosedError(
distributed.comm.core.CommClosedError: Connection closed by writer.
Inner exception: UCXCanceled("<[Recv #025] ep: 0x7f3835749340, tag: 0x7c75b3c52542c524, nbytes: 16, type: <class 'numpy.ndarray'>>: ")
2025-01-16 07:32:27,650 - distributed.worker - ERROR - Worker stream died during communication: ucx://127.0.0.1:34369
Traceback (most recent call last):
  File "/opt/conda/envs/gdf/lib/python3.10/site-packages/distributed/comm/ucx.py", line 351, in read
    await self.ep.recv(msg)
  File "/opt/conda/envs/gdf/lib/python3.10/site-packages/ucp/core.py", line 737, in recv
    ret = await comm.tag_recv(self._ep, buffer, nbytes, tag, name=log)
ucp._libs.exceptions.UCXCanceled: <[Recv #003] ep: 0x7f2d5c9820c0, tag: 0xe98a97ada04af84b, nbytes: 16, type: <class 'numpy.ndarray'>>: 

During handling of the above exception, another exception occurred:

Traceback (most recent call last):
  File "/opt/conda/envs/gdf/lib/python3.10/site-packages/distributed/worker.py", line 2075, in gather_dep
    response = await get_data_from_worker(
  File "/opt/conda/envs/gdf/lib/python3.10/site-packages/distributed/worker.py", line 2881, in get_data_from_worker
    response = await send_recv(
  File "/opt/conda/envs/gdf/lib/python3.10/site-packages/distributed/core.py", line 1018, in send_recv
    response = await comm.read(deserializers=deserializers)
  File "/opt/conda/envs/gdf/lib/python3.10/site-packages/distributed/utils.py", line 805, in wrapper
    return await func(*args, **kwargs)
  File "/opt/conda/envs/gdf/lib/python3.10/site-packages/distributed/comm/ucx.py", line 369, in read
    raise CommClosedError(
distributed.comm.core.CommClosedError: Connection closed by writer.
Inner exception: UCXCanceled("<[Recv #003] ep: 0x7f2d5c9820c0, tag: 0xe98a97ada04af84b, nbytes: 16, type: <class 'numpy.ndarray'>>: ")
2025-01-16 07:32:27,687 - distributed.worker - ERROR - failed during get data with ucx://127.0.0.1:36361 -> ucx://127.0.0.1:59865
Traceback (most recent call last):
  File "/opt/conda/envs/gdf/lib/python3.10/site-packages/distributed/comm/ucx.py", line 335, in write
    await self.ep.send(each_frame)
  File "/opt/conda/envs/gdf/lib/python3.10/site-packages/ucp/core.py", line 662, in send
    return await comm.tag_send(self._ep, buffer, nbytes, tag, name=log)
ucp._libs.exceptions.UCXError: <[Send #007] ep: 0x7fd4a84ed380, tag: 0xde8bea1155007b1e, nbytes: 50000000, type: <class 'cupy.ndarray'>>: Connection reset by remote peer

During handling of the above exception, another exception occurred:

Traceback (most recent call last):
  File "/opt/conda/envs/gdf/lib/python3.10/site-packages/distributed/worker.py", line 1796, in get_data
    compressed = await comm.write(msg, serializers=serializers)
  File "/opt/conda/envs/gdf/lib/python3.10/site-packages/distributed/utils.py", line 805, in wrapper
    return await func(*args, **kwargs)
  File "/opt/conda/envs/gdf/lib/python3.10/site-packages/distributed/comm/ucx.py", line 339, in write
    raise CommClosedError("While writing, the connection was closed")
distributed.comm.core.CommClosedError: While writing, the connection was closed
Task exception was never retrieved
future: <Task finished name='Task-248' coro=<_listener_handler_coroutine() done, defined at /opt/conda/envs/gdf/lib/python3.10/site-packages/ucp/core.py:140> exception=UCXError('<stream_send>: Connection reset by remote peer')>
Traceback (most recent call last):
  File "/opt/conda/envs/gdf/lib/python3.10/site-packages/ucp/core.py", line 155, in _listener_handler_coroutine
    peer_info = await exchange_peer_info(
  File "/opt/conda/envs/gdf/lib/python3.10/site-packages/ucp/core.py", line 51, in exchange_peer_info
    await asyncio.wait_for(
  File "/opt/conda/envs/gdf/lib/python3.10/asyncio/tasks.py", line 445, in wait_for
    return fut.result()
ucp._libs.exceptions.UCXError: <stream_send>: Connection reset by remote peer
2025-01-16 07:32:27,747 - distributed.nanny - WARNING - Restarting worker
2025-01-16 07:32:27,826 - distributed.nanny - WARNING - Restarting worker
[dgx13:77986:0:77986] Caught signal 11 (Segmentation fault: address not mapped to object at address 0x450)
[dgx13:77994:0:77994] Caught signal 11 (Segmentation fault: address not mapped to object at address 0x450)
==== backtrace (tid:  77986) ====
 0  /opt/conda/envs/gdf/lib/libucs.so.0(ucs_handle_error+0x2fd) [0x7f9bf6e68c1d]
 1  /opt/conda/envs/gdf/lib/libucs.so.0(+0x2de11) [0x7f9bf6e68e11]
 2  /opt/conda/envs/gdf/lib/libucs.so.0(+0x2dfda) [0x7f9bf6e68fda]
 3  /usr/lib/x86_64-linux-gnu/libpthread.so.0(+0x14420) [0x7f9c4302e420]
 4  /opt/conda/envs/gdf/lib/libucp.so.0(ucp_mem_type_unpack+0x14) [0x7f9bf6eec2d4]
 5  /opt/conda/envs/gdf/lib/libucp.so.0(ucp_rndv_data_handler+0x605) [0x7f9bf6f16495]
 6  /opt/conda/envs/gdf/lib/./libuct.so.0(+0x21a06) [0x7f9bf6e1fa06]
 7  /opt/conda/envs/gdf/lib/./libuct.so.0(+0x24ae8) [0x7f9bf6e22ae8]
 8  /opt/conda/envs/gdf/lib/libucs.so.0(ucs_event_set_wait+0xb1) [0x7f9bf6e72411]
 9  /opt/conda/envs/gdf/lib/./libuct.so.0(uct_tcp_iface_progress+0x7d) [0x7f9bf6e21bbd]
10  /opt/conda/envs/gdf/lib/libucp.so.0(ucp_worker_progress+0x5a) [0x7f9bf6ee8f1a]
11  /opt/conda/envs/gdf/lib/python3.10/site-packages/ucp/_libs/ucx_api.cpython-310-x86_64-linux-gnu.so(+0x31dca) [0x7f9bf6fa8dca]
12  /opt/conda/envs/gdf/bin/python(_PyEval_EvalFrameDefault+0x2c3e) [0x55584fb476de]
13  /opt/conda/envs/gdf/bin/python(_PyFunction_Vectorcall+0x6c) [0x55584fb54b7c]
14  /opt/conda/envs/gdf/bin/python(_PyEval_EvalFrameDefault+0x6fd) [0x55584fb4519d]
15  /opt/conda/envs/gdf/bin/python(+0x147234) [0x55584fb60234]
16  /opt/conda/envs/gdf/bin/python(+0x252f7c) [0x55584fc6bf7c]
17  /opt/conda/envs/gdf/bin/python(+0xf745f) [0x55584fb1045f]
18  /opt/conda/envs/gdf/bin/python(+0x1331b3) [0x55584fb4c1b3]
19  /opt/conda/envs/gdf/bin/python(_PyEval_EvalFrameDefault+0x593b) [0x55584fb4a3db]
20  /opt/conda/envs/gdf/bin/python(_PyFunction_Vectorcall+0x6c) [0x55584fb54b7c]
21  /opt/conda/envs/gdf/bin/python(_PyEval_EvalFrameDefault+0x6fd) [0x55584fb4519d]
22  /opt/conda/envs/gdf/bin/python(_PyFunction_Vectorcall+0x6c) [0x55584fb54b7c]
23  /opt/conda/envs/gdf/bin/python(_PyEval_EvalFrameDefault+0x6fd) [0x55584fb4519d]
24  /opt/conda/envs/gdf/bin/python(_PyFunction_Vectorcall+0x6c) [0x55584fb54b7c]
25  /opt/conda/envs/gdf/bin/python(_PyEval_EvalFrameDefault+0x6fd) [0x55584fb4519d]
26  /opt/conda/envs/gdf/bin/python(_PyFunction_Vectorcall+0x6c) [0x55584fb54b7c]
27  /opt/conda/envs/gdf/bin/python(_PyEval_EvalFrameDefault+0x6fd) [0x55584fb4519d]
28  /opt/conda/envs/gdf/bin/python(_PyFunction_Vectorcall+0x6c) [0x55584fb54b7c]
29  /opt/conda/envs/gdf/bin/python(_PyEval_EvalFrameDefault+0x1341) [0x55584fb45de1]
30  /opt/conda/envs/gdf/bin/python(+0x146fb2) [0x55584fb5ffb2]
31  /opt/conda/envs/gdf/bin/python(PyObject_Call+0xbc) [0x55584fb6094c]
32  /opt/conda/envs/gdf/bin/python(+0x1ff72d) [0x55584fc1872d]
33  /opt/conda/envs/gdf/bin/python(_PyObject_MakeTpCall+0x2d3) [0x55584fb4da03]
34  /opt/conda/envs/gdf/bin/python(_PyEval_EvalFrameDefault+0x2c3e) [0x55584fb476de]
35  /opt/conda/envs/gdf/bin/python(+0x147108) [0x55584fb60108]
36  /opt/conda/envs/gdf/bin/python(_PyEval_EvalFrameDefault+0x2c3e) [0x55584fb476de]
37  /opt/conda/envs/gdf/bin/python(_PyFunction_Vectorcall+0x6c) [0x55584fb54b7c]
38  /opt/conda/envs/gdf/bin/python(_PyEval_EvalFrameDefault+0x6fd) [0x55584fb4519d]
39  /opt/conda/envs/gdf/bin/python(_PyFunction_Vectorcall+0x6c) [0x55584fb54b7c]
40  /opt/conda/envs/gdf/bin/python(_PyEval_EvalFrameDefault+0x6fd) [0x55584fb4519d]
41  /opt/conda/envs/gdf/bin/python(_PyFunction_Vectorcall+0x6c) [0x55584fb54b7c]
42  /opt/conda/envs/gdf/bin/python(_PyEval_EvalFrameDefault+0x309) [0x55584fb44da9]
43  /opt/conda/envs/gdf/bin/python(_PyFunction_Vectorcall+0x6c) [0x55584fb54b7c]
44  /opt/conda/envs/gdf/bin/python(_PyEval_EvalFrameDefault+0x1341) [0x55584fb45de1]
45  /opt/conda/envs/gdf/bin/python(+0x1cca8c) [0x55584fbe5a8c]
46  /opt/conda/envs/gdf/bin/python(PyEval_EvalCode+0x87) [0x55584fbe59d7]
47  /opt/conda/envs/gdf/bin/python(+0x1fceba) [0x55584fc15eba]
48  /opt/conda/envs/gdf/bin/python(+0x1f8343) [0x55584fc11343]
49  /opt/conda/envs/gdf/bin/python(PyRun_StringFlags+0x7d) [0x55584fc09add]
50  /opt/conda/envs/gdf/bin/python(PyRun_SimpleStringFlags+0x3c) [0x55584fc0991c]
51  /opt/conda/envs/gdf/bin/python(Py_RunMain+0x3ba) [0x55584fc08b1a]
52  /opt/conda/envs/gdf/bin/python(Py_BytesMain+0x37) [0x55584fbd9117]
53  /usr/lib/x86_64-linux-gnu/libc.so.6(__libc_start_main+0xf3) [0x7f9c42cf2083]
54  /opt/conda/envs/gdf/bin/python(+0x1c002e) [0x55584fbd902e]
=================================
==== backtrace (tid:  77994) ====
 0  /opt/conda/envs/gdf/lib/libucs.so.0(ucs_handle_error+0x2fd) [0x7f8da3678c1d]
 1  /opt/conda/envs/gdf/lib/libucs.so.0(+0x2de11) [0x7f8da3678e11]
 2  /opt/conda/envs/gdf/lib/libucs.so.0(+0x2dfda) [0x7f8da3678fda]
 3  /usr/lib/x86_64-linux-gnu/libpthread.so.0(+0x14420) [0x7f8def812420]
 4  /opt/conda/envs/gdf/lib/libucp.so.0(ucp_mem_type_unpack+0x14) [0x7f8da36fc2d4]
 5  /opt/conda/envs/gdf/lib/libucp.so.0(ucp_rndv_data_handler+0x605) [0x7f8da3726495]
 6  /opt/conda/envs/gdf/lib/./libuct.so.0(+0x21a06) [0x7f8da362fa06]
 7  /opt/conda/envs/gdf/lib/./libuct.so.0(+0x24ae8) [0x7f8da3632ae8]
 8  /opt/conda/envs/gdf/lib/libucs.so.0(ucs_event_set_wait+0xb1) [0x7f8da3682411]
 9  /opt/conda/envs/gdf/lib/./libuct.so.0(uct_tcp_iface_progress+0x7d) [0x7f8da3631bbd]
10  /opt/conda/envs/gdf/lib/libucp.so.0(ucp_worker_progress+0x5a) [0x7f8da36f8f1a]
11  /opt/conda/envs/gdf/lib/python3.10/site-packages/ucp/_libs/ucx_api.cpython-310-x86_64-linux-gnu.so(+0x31dca) [0x7f8da37b8dca]
12  /opt/conda/envs/gdf/bin/python(_PyEval_EvalFrameDefault+0x2c3e) [0x558f8483b6de]
13  /opt/conda/envs/gdf/bin/python(_PyFunction_Vectorcall+0x6c) [0x558f84848b7c]
14  /opt/conda/envs/gdf/bin/python(_PyEval_EvalFrameDefault+0x6fd) [0x558f8483919d]
15  /opt/conda/envs/gdf/bin/python(+0x147234) [0x558f84854234]
16  /opt/conda/envs/gdf/bin/python(+0x252f7c) [0x558f8495ff7c]
17  /opt/conda/envs/gdf/bin/python(+0xf745f) [0x558f8480445f]
18  /opt/conda/envs/gdf/bin/python(+0x1331b3) [0x558f848401b3]
19  /opt/conda/envs/gdf/bin/python(_PyEval_EvalFrameDefault+0x593b) [0x558f8483e3db]
20  /opt/conda/envs/gdf/bin/python(_PyFunction_Vectorcall+0x6c) [0x558f84848b7c]
21  /opt/conda/envs/gdf/bin/python(_PyEval_EvalFrameDefault+0x6fd) [0x558f8483919d]
22  /opt/conda/envs/gdf/bin/python(_PyFunction_Vectorcall+0x6c) [0x558f84848b7c]
23  /opt/conda/envs/gdf/bin/python(_PyEval_EvalFrameDefault+0x6fd) [0x558f8483919d]
24  /opt/conda/envs/gdf/bin/python(_PyFunction_Vectorcall+0x6c) [0x558f84848b7c]
25  /opt/conda/envs/gdf/bin/python(_PyEval_EvalFrameDefault+0x6fd) [0x558f8483919d]
26  /opt/conda/envs/gdf/bin/python(_PyFunction_Vectorcall+0x6c) [0x558f84848b7c]
27  /opt/conda/envs/gdf/bin/python(_PyEval_EvalFrameDefault+0x6fd) [0x558f8483919d]
28  /opt/conda/envs/gdf/bin/python(_PyFunction_Vectorcall+0x6c) [0x558f84848b7c]
29  /opt/conda/envs/gdf/bin/python(_PyEval_EvalFrameDefault+0x1341) [0x558f84839de1]
30  /opt/conda/envs/gdf/bin/python(+0x146fb2) [0x558f84853fb2]
31  /opt/conda/envs/gdf/bin/python(PyObject_Call+0xbc) [0x558f8485494c]
32  /opt/conda/envs/gdf/bin/python(+0x1ff72d) [0x558f8490c72d]
33  /opt/conda/envs/gdf/bin/python(_PyObject_MakeTpCall+0x2d3) [0x558f84841a03]
34  /opt/conda/envs/gdf/bin/python(_PyEval_EvalFrameDefault+0x2c3e) [0x558f8483b6de]
35  /opt/conda/envs/gdf/bin/python(+0x147108) [0x558f84854108]
36  /opt/conda/envs/gdf/bin/python(_PyEval_EvalFrameDefault+0x2c3e) [0x558f8483b6de]
37  /opt/conda/envs/gdf/bin/python(_PyFunction_Vectorcall+0x6c) [0x558f84848b7c]
38  /opt/conda/envs/gdf/bin/python(_PyEval_EvalFrameDefault+0x6fd) [0x558f8483919d]
39  /opt/conda/envs/gdf/bin/python(_PyFunction_Vectorcall+0x6c) [0x558f84848b7c]
40  /opt/conda/envs/gdf/bin/python(_PyEval_EvalFrameDefault+0x6fd) [0x558f8483919d]
41  /opt/conda/envs/gdf/bin/python(_PyFunction_Vectorcall+0x6c) [0x558f84848b7c]
42  /opt/conda/envs/gdf/bin/python(_PyEval_EvalFrameDefault+0x309) [0x558f84838da9]
43  /opt/conda/envs/gdf/bin/python(_PyFunction_Vectorcall+0x6c) [0x558f84848b7c]
44  /opt/conda/envs/gdf/bin/python(_PyEval_EvalFrameDefault+0x1341) [0x558f84839de1]
45  /opt/conda/envs/gdf/bin/python(+0x1cca8c) [0x558f848d9a8c]
46  /opt/conda/envs/gdf/bin/python(PyEval_EvalCode+0x87) [0x558f848d99d7]
47  /opt/conda/envs/gdf/bin/python(+0x1fceba) [0x558f84909eba]
48  /opt/conda/envs/gdf/bin/python(+0x1f8343) [0x558f84905343]
49  /opt/conda/envs/gdf/bin/python(PyRun_StringFlags+0x7d) [0x558f848fdadd]
50  /opt/conda/envs/gdf/bin/python(PyRun_SimpleStringFlags+0x3c) [0x558f848fd91c]
51  /opt/conda/envs/gdf/bin/python(Py_RunMain+0x3ba) [0x558f848fcb1a]
52  /opt/conda/envs/gdf/bin/python(Py_BytesMain+0x37) [0x558f848cd117]
53  /usr/lib/x86_64-linux-gnu/libc.so.6(__libc_start_main+0xf3) [0x7f8def4d6083]
54  /opt/conda/envs/gdf/bin/python(+0x1c002e) [0x558f848cd02e]
=================================
[dgx13:77998:0:77998] Caught signal 11 (Segmentation fault: address not mapped to object at address 0x450)
==== backtrace (tid:  77998) ====
 0  /opt/conda/envs/gdf/lib/libucs.so.0(ucs_handle_error+0x2fd) [0x7ff651b9cc1d]
 1  /opt/conda/envs/gdf/lib/libucs.so.0(+0x2de11) [0x7ff651b9ce11]
 2  /opt/conda/envs/gdf/lib/libucs.so.0(+0x2dfda) [0x7ff651b9cfda]
 3  /usr/lib/x86_64-linux-gnu/libpthread.so.0(+0x14420) [0x7ff69dd6d420]
 4  /opt/conda/envs/gdf/lib/libucp.so.0(ucp_mem_type_unpack+0x14) [0x7ff651c202d4]
 5  /opt/conda/envs/gdf/lib/libucp.so.0(ucp_rndv_data_handler+0x605) [0x7ff651c4a495]
 6  /opt/conda/envs/gdf/lib/./libuct.so.0(+0x21a06) [0x7ff651b53a06]
 7  /opt/conda/envs/gdf/lib/./libuct.so.0(+0x24ae8) [0x7ff651b56ae8]
 8  /opt/conda/envs/gdf/lib/libucs.so.0(ucs_event_set_wait+0xb1) [0x7ff651ba6411]
 9  /opt/conda/envs/gdf/lib/./libuct.so.0(uct_tcp_iface_progress+0x7d) [0x7ff651b55bbd]
10  /opt/conda/envs/gdf/lib/libucp.so.0(ucp_worker_progress+0x5a) [0x7ff651c1cf1a]
11  /opt/conda/envs/gdf/lib/python3.10/site-packages/ucp/_libs/ucx_api.cpython-310-x86_64-linux-gnu.so(+0x31dca) [0x7ff651cdcdca]
12  /opt/conda/envs/gdf/bin/python(_PyEval_EvalFrameDefault+0x2c3e) [0x55fd0d1446de]
13  /opt/conda/envs/gdf/bin/python(_PyFunction_Vectorcall+0x6c) [0x55fd0d151b7c]
14  /opt/conda/envs/gdf/bin/python(_PyEval_EvalFrameDefault+0x6fd) [0x55fd0d14219d]
15  /opt/conda/envs/gdf/bin/python(+0x147234) [0x55fd0d15d234]
16  /opt/conda/envs/gdf/bin/python(+0x252f7c) [0x55fd0d268f7c]
17  /opt/conda/envs/gdf/bin/python(+0xf745f) [0x55fd0d10d45f]
18  /opt/conda/envs/gdf/bin/python(+0x1331b3) [0x55fd0d1491b3]
19  /opt/conda/envs/gdf/bin/python(_PyEval_EvalFrameDefault+0x593b) [0x55fd0d1473db]
20  /opt/conda/envs/gdf/bin/python(_PyFunction_Vectorcall+0x6c) [0x55fd0d151b7c]
21  /opt/conda/envs/gdf/bin/python(_PyEval_EvalFrameDefault+0x6fd) [0x55fd0d14219d]
22  /opt/conda/envs/gdf/bin/python(_PyFunction_Vectorcall+0x6c) [0x55fd0d151b7c]
23  /opt/conda/envs/gdf/bin/python(_PyEval_EvalFrameDefault+0x6fd) [0x55fd0d14219d]
24  /opt/conda/envs/gdf/bin/python(_PyFunction_Vectorcall+0x6c) [0x55fd0d151b7c]
25  /opt/conda/envs/gdf/bin/python(_PyEval_EvalFrameDefault+0x6fd) [0x55fd0d14219d]
26  /opt/conda/envs/gdf/bin/python(_PyFunction_Vectorcall+0x6c) [0x55fd0d151b7c]
27  /opt/conda/envs/gdf/bin/python(_PyEval_EvalFrameDefault+0x6fd) [0x55fd0d14219d]
28  /opt/conda/envs/gdf/bin/python(_PyFunction_Vectorcall+0x6c) [0x55fd0d151b7c]
29  /opt/conda/envs/gdf/bin/python(_PyEval_EvalFrameDefault+0x1341) [0x55fd0d142de1]
30  /opt/conda/envs/gdf/bin/python(+0x146fb2) [0x55fd0d15cfb2]
31  /opt/conda/envs/gdf/bin/python(PyObject_Call+0xbc) [0x55fd0d15d94c]
32  /opt/conda/envs/gdf/bin/python(+0x1ff72d) [0x55fd0d21572d]
33  /opt/conda/envs/gdf/bin/python(_PyObject_MakeTpCall+0x2d3) [0x55fd0d14aa03]
34  /opt/conda/envs/gdf/bin/python(_PyEval_EvalFrameDefault+0x2c3e) [0x55fd0d1446de]
35  /opt/conda/envs/gdf/bin/python(+0x147108) [0x55fd0d15d108]
36  /opt/conda/envs/gdf/bin/python(_PyEval_EvalFrameDefault+0x2c3e) [0x55fd0d1446de]
37  /opt/conda/envs/gdf/bin/python(_PyFunction_Vectorcall+0x6c) [0x55fd0d151b7c]
38  /opt/conda/envs/gdf/bin/python(_PyEval_EvalFrameDefault+0x6fd) [0x55fd0d14219d]
39  /opt/conda/envs/gdf/bin/python(_PyFunction_Vectorcall+0x6c) [0x55fd0d151b7c]
40  /opt/conda/envs/gdf/bin/python(_PyEval_EvalFrameDefault+0x6fd) [0x55fd0d14219d]
41  /opt/conda/envs/gdf/bin/python(_PyFunction_Vectorcall+0x6c) [0x55fd0d151b7c]
42  /opt/conda/envs/gdf/bin/python(_PyEval_EvalFrameDefault+0x309) [0x55fd0d141da9]
43  /opt/conda/envs/gdf/bin/python(_PyFunction_Vectorcall+0x6c) [0x55fd0d151b7c]
44  /opt/conda/envs/gdf/bin/python(_PyEval_EvalFrameDefault+0x1341) [0x55fd0d142de1]
45  /opt/conda/envs/gdf/bin/python(+0x1cca8c) [0x55fd0d1e2a8c]
46  /opt/conda/envs/gdf/bin/python(PyEval_EvalCode+0x87) [0x55fd0d1e29d7]
47  /opt/conda/envs/gdf/bin/python(+0x1fceba) [0x55fd0d212eba]
48  /opt/conda/envs/gdf/bin/python(+0x1f8343) [0x55fd0d20e343]
49  /opt/conda/envs/gdf/bin/python(PyRun_StringFlags+0x7d) [0x55fd0d206add]
50  /opt/conda/envs/gdf/bin/python(PyRun_SimpleStringFlags+0x3c) [0x55fd0d20691c]
51  /opt/conda/envs/gdf/bin/python(Py_RunMain+0x3ba) [0x55fd0d205b1a]
52  /opt/conda/envs/gdf/bin/python(Py_BytesMain+0x37) [0x55fd0d1d6117]
53  /usr/lib/x86_64-linux-gnu/libc.so.6(__libc_start_main+0xf3) [0x7ff69da31083]
54  /opt/conda/envs/gdf/bin/python(+0x1c002e) [0x55fd0d1d602e]
=================================
2025-01-16 07:32:53,655 - distributed.worker - ERROR - failed during get data with ucx://127.0.0.1:48951 -> ucx://127.0.0.1:49197
Traceback (most recent call last):
  File "/opt/conda/envs/gdf/lib/python3.10/site-packages/distributed/comm/ucx.py", line 335, in write
    await self.ep.send(each_frame)
  File "/opt/conda/envs/gdf/lib/python3.10/site-packages/ucp/core.py", line 662, in send
    return await comm.tag_send(self._ep, buffer, nbytes, tag, name=log)
ucp._libs.exceptions.UCXError: <[Send #007] ep: 0x7f2d5c982380, tag: 0x59339dc0845c6a81, nbytes: 50000000, type: <class 'cupy.ndarray'>>: Connection reset by remote peer

During handling of the above exception, another exception occurred:

Traceback (most recent call last):
  File "/opt/conda/envs/gdf/lib/python3.10/site-packages/distributed/worker.py", line 1796, in get_data
    compressed = await comm.write(msg, serializers=serializers)
  File "/opt/conda/envs/gdf/lib/python3.10/site-packages/distributed/utils.py", line 805, in wrapper
    return await func(*args, **kwargs)
  File "/opt/conda/envs/gdf/lib/python3.10/site-packages/distributed/comm/ucx.py", line 339, in write
    raise CommClosedError("While writing, the connection was closed")
distributed.comm.core.CommClosedError: While writing, the connection was closed
2025-01-16 07:32:53,655 - distributed.worker - ERROR - failed during get data with ucx://127.0.0.1:38389 -> ucx://127.0.0.1:49197
Traceback (most recent call last):
  File "/opt/conda/envs/gdf/lib/python3.10/site-packages/distributed/comm/ucx.py", line 335, in write
    await self.ep.send(each_frame)
  File "/opt/conda/envs/gdf/lib/python3.10/site-packages/ucp/core.py", line 662, in send
    return await comm.tag_send(self._ep, buffer, nbytes, tag, name=log)
ucp._libs.exceptions.UCXError: <[Send #007] ep: 0x7f7ff2aae1c0, tag: 0x56ccf28cb9a3fae6, nbytes: 50000000, type: <class 'cupy.ndarray'>>: Connection reset by remote peer

During handling of the above exception, another exception occurred:

Traceback (most recent call last):
  File "/opt/conda/envs/gdf/lib/python3.10/site-packages/distributed/worker.py", line 1796, in get_data
    compressed = await comm.write(msg, serializers=serializers)
  File "/opt/conda/envs/gdf/lib/python3.10/site-packages/distributed/utils.py", line 805, in wrapper
    return await func(*args, **kwargs)
  File "/opt/conda/envs/gdf/lib/python3.10/site-packages/distributed/comm/ucx.py", line 339, in write
    raise CommClosedError("While writing, the connection was closed")
distributed.comm.core.CommClosedError: While writing, the connection was closed
2025-01-16 07:32:53,664 - distributed.worker - ERROR - failed during get data with ucx://127.0.0.1:48951 -> ucx://127.0.0.1:48229
Traceback (most recent call last):
  File "/opt/conda/envs/gdf/lib/python3.10/site-packages/distributed/comm/ucx.py", line 351, in read
    await self.ep.recv(msg)
  File "/opt/conda/envs/gdf/lib/python3.10/site-packages/ucp/core.py", line 737, in recv
    ret = await comm.tag_recv(self._ep, buffer, nbytes, tag, name=log)
ucp._libs.exceptions.UCXCanceled: <[Recv #006] ep: 0x7f2d5c9820c0, tag: 0x2e87220ac8793bb8, nbytes: 16, type: <class 'numpy.ndarray'>>: 

During handling of the above exception, another exception occurred:

Traceback (most recent call last):
  File "/opt/conda/envs/gdf/lib/python3.10/site-packages/distributed/worker.py", line 1797, in get_data
    response = await comm.read(deserializers=serializers)
  File "/opt/conda/envs/gdf/lib/python3.10/site-packages/distributed/utils.py", line 805, in wrapper
    return await func(*args, **kwargs)
  File "/opt/conda/envs/gdf/lib/python3.10/site-packages/distributed/comm/ucx.py", line 369, in read
    raise CommClosedError(
distributed.comm.core.CommClosedError: Connection closed by writer.
Inner exception: UCXCanceled("<[Recv #006] ep: 0x7f2d5c9820c0, tag: 0x2e87220ac8793bb8, nbytes: 16, type: <class 'numpy.ndarray'>>: ")
2025-01-16 07:32:53,665 - distributed.worker - ERROR - failed during get data with ucx://127.0.0.1:36361 -> ucx://127.0.0.1:48229
Traceback (most recent call last):
  File "/opt/conda/envs/gdf/lib/python3.10/site-packages/distributed/comm/ucx.py", line 335, in write
    await self.ep.send(each_frame)
  File "/opt/conda/envs/gdf/lib/python3.10/site-packages/ucp/core.py", line 662, in send
    return await comm.tag_send(self._ep, buffer, nbytes, tag, name=log)
ucp._libs.exceptions.UCXError: <[Send #007] ep: 0x7fd4a84ed0c0, tag: 0x54330d223bc4c6fb, nbytes: 50000000, type: <class 'cupy.ndarray'>>: Connection reset by remote peer

During handling of the above exception, another exception occurred:

Traceback (most recent call last):
  File "/opt/conda/envs/gdf/lib/python3.10/site-packages/distributed/worker.py", line 1796, in get_data
    compressed = await comm.write(msg, serializers=serializers)
  File "/opt/conda/envs/gdf/lib/python3.10/site-packages/distributed/utils.py", line 805, in wrapper
    return await func(*args, **kwargs)
  File "/opt/conda/envs/gdf/lib/python3.10/site-packages/distributed/comm/ucx.py", line 339, in write
    raise CommClosedError("While writing, the connection was closed")
distributed.comm.core.CommClosedError: While writing, the connection was closed
2025-01-16 07:32:53,696 - distributed.nanny - WARNING - Restarting worker
2025-01-16 07:32:53,727 - distributed.worker - ERROR - failed during get data with ucx://127.0.0.1:36361 -> ucx://127.0.0.1:39731
Traceback (most recent call last):
  File "/opt/conda/envs/gdf/lib/python3.10/site-packages/distributed/comm/ucx.py", line 335, in write
    await self.ep.send(each_frame)
  File "/opt/conda/envs/gdf/lib/python3.10/site-packages/ucp/core.py", line 662, in send
    return await comm.tag_send(self._ep, buffer, nbytes, tag, name=log)
ucp._libs.exceptions.UCXError: <[Send #007] ep: 0x7fd4a84ed380, tag: 0xfa99920a363effc, nbytes: 50000000, type: <class 'cupy.ndarray'>>: Connection reset by remote peer

During handling of the above exception, another exception occurred:

Traceback (most recent call last):
  File "/opt/conda/envs/gdf/lib/python3.10/site-packages/distributed/worker.py", line 1796, in get_data
    compressed = await comm.write(msg, serializers=serializers)
  File "/opt/conda/envs/gdf/lib/python3.10/site-packages/distributed/utils.py", line 805, in wrapper
    return await func(*args, **kwargs)
  File "/opt/conda/envs/gdf/lib/python3.10/site-packages/distributed/comm/ucx.py", line 339, in write
    raise CommClosedError("While writing, the connection was closed")
distributed.comm.core.CommClosedError: While writing, the connection was closed
2025-01-16 07:32:53,727 - distributed.worker - ERROR - failed during get data with ucx://127.0.0.1:48951 -> ucx://127.0.0.1:39731
Traceback (most recent call last):
  File "/opt/conda/envs/gdf/lib/python3.10/site-packages/distributed/comm/ucx.py", line 335, in write
    await self.ep.send(each_frame)
  File "/opt/conda/envs/gdf/lib/python3.10/site-packages/ucp/core.py", line 662, in send
    return await comm.tag_send(self._ep, buffer, nbytes, tag, name=log)
ucp._libs.exceptions.UCXError: <[Send #007] ep: 0x7f2d5c982200, tag: 0xe76d8406fcd234e8, nbytes: 50000000, type: <class 'cupy.ndarray'>>: Connection reset by remote peer

During handling of the above exception, another exception occurred:

Traceback (most recent call last):
  File "/opt/conda/envs/gdf/lib/python3.10/site-packages/distributed/worker.py", line 1796, in get_data
    compressed = await comm.write(msg, serializers=serializers)
  File "/opt/conda/envs/gdf/lib/python3.10/site-packages/distributed/utils.py", line 805, in wrapper
    return await func(*args, **kwargs)
  File "/opt/conda/envs/gdf/lib/python3.10/site-packages/distributed/comm/ucx.py", line 339, in write
    raise CommClosedError("While writing, the connection was closed")
distributed.comm.core.CommClosedError: While writing, the connection was closed
2025-01-16 07:32:53,733 - distributed.nanny - WARNING - Restarting worker
2025-01-16 07:32:53,826 - distributed.nanny - WARNING - Restarting worker
/opt/conda/envs/gdf/lib/python3.10/multiprocessing/resource_tracker.py:224: UserWarning: resource_tracker: There appear to be 48 leaked semaphore objects to clean up at shutdown
  warnings.warn('resource_tracker: There appear to be %d '
